entries	UNKNOWN STEP	﻿2026-08-31T11:49:01.8575109Z Current runner version: '2.337.0'
entries	UNKNOWN STEP	2026-08-31T11:49:01.8602531Z ##[group]Runner Image Provisioner
entries	UNKNOWN STEP	2026-08-31T11:49:01.8603819Z Hosted Compute Agent
entries	UNKNOWN STEP	2026-08-31T11:49:01.8604561Z Version: 20260819.586
entries	UNKNOWN STEP	2026-08-31T11:49:01.8605233Z Commit: 3cc4a88dfa507ef76119ad1bb3eccc6378bb2b76
entries	UNKNOWN STEP	2026-08-31T11:49:01.8606042Z Build Date: 2026-08-18T23:20:18Z
entries	UNKNOWN STEP	2026-08-31T11:49:01.8606759Z Worker ID: {90641553-476c-4a6f-9072-ea0c99fb0272}
entries	UNKNOWN STEP	2026-08-31T11:49:01.8607546Z Azure Region: eastus2
entries	UNKNOWN STEP	2026-08-31T11:49:01.8608247Z ##[endgroup]
entries	UNKNOWN STEP	2026-08-31T11:49:01.8609775Z ##[group]Operating System
entries	UNKNOWN STEP	2026-08-31T11:49:01.8610490Z Ubuntu
entries	UNKNOWN STEP	2026-08-31T11:49:01.8611065Z 24.04.4
entries	UNKNOWN STEP	2026-08-31T11:49:01.8611693Z LTS
entries	UNKNOWN STEP	2026-08-31T11:49:01.8612348Z ##[endgroup]
entries	UNKNOWN STEP	2026-08-31T11:49:01.8612937Z ##[group]Runner Image
entries	UNKNOWN STEP	2026-08-31T11:49:01.8613736Z Image: ubuntu-24.04
entries	UNKNOWN STEP	2026-08-31T11:49:01.8614358Z Version: 20260823.283.1
entries	UNKNOWN STEP	2026-08-31T11:49:01.8615776Z Included Software: https://github.com/actions/runner-images/blob/ubuntu24/20260823.283/images/ubuntu/Ubuntu2404-Readme.md
entries	UNKNOWN STEP	2026-08-31T11:49:01.8617408Z Image Release: https://github.com/actions/runner-images/releases/tag/ubuntu24%2F20260823.283
entries	UNKNOWN STEP	2026-08-31T11:49:01.8618439Z ##[endgroup]
entries	UNKNOWN STEP	2026-08-31T11:49:01.8619659Z ##[group]GITHUB_TOKEN Permissions
entries	UNKNOWN STEP	2026-08-31T11:49:01.8622173Z Contents: read
entries	UNKNOWN STEP	2026-08-31T11:49:01.8622882Z Metadata: read
entries	UNKNOWN STEP	2026-08-31T11:49:01.8623986Z ##[endgroup]
entries	UNKNOWN STEP	2026-08-31T11:49:01.8626614Z Secret source: Actions
entries	UNKNOWN STEP	2026-08-31T11:49:01.8627942Z Prepare workflow directory
entries	UNKNOWN STEP	2026-08-31T11:49:01.8974450Z Prepare all required actions
entries	UNKNOWN STEP	2026-08-31T11:49:01.9024481Z Getting action download info
entries	UNKNOWN STEP	2026-08-31T11:49:02.1305367Z Download action repository 'actions/checkout@v4' (SHA:11d5960a326750d5838078e36cf38b85af677262)
entries	UNKNOWN STEP	2026-08-31T11:49:02.2664538Z Download action repository 'actions/setup-python@v5' (SHA:a26af69be951a213d495a4c3e4e4022e16d87065)
entries	UNKNOWN STEP	2026-08-31T11:49:02.4564908Z Complete job name: entries
entries	UNKNOWN STEP	2026-08-31T11:49:02.5338579Z Node 20 is being deprecated. This workflow is running with Node 24 by default. If you need to temporarily use Node 20, you can set the ACTIONS_ALLOW_USE_UNSECURE_NODE_VERSION=true environment variable. For more information see: https://github.blog/changelog/2025-09-19-deprecation-of-node-20-on-github-actions-runners/
entries	UNKNOWN STEP	2026-08-31T11:49:02.5348223Z ##[group]Run actions/checkout@v4
entries	UNKNOWN STEP	2026-08-31T11:49:02.5348929Z with:
entries	UNKNOWN STEP	2026-08-31T11:49:02.5349383Z   repository: egnaro9/vac-protocol
entries	UNKNOWN STEP	2026-08-31T11:49:02.5353854Z   token: ***
entries	UNKNOWN STEP	2026-08-31T11:49:02.5354304Z   ssh-strict: true
entries	UNKNOWN STEP	2026-08-31T11:49:02.5354753Z   ssh-user: git
entries	UNKNOWN STEP	2026-08-31T11:49:02.5355213Z   persist-credentials: true
entries	UNKNOWN STEP	2026-08-31T11:49:02.5355712Z   clean: true
entries	UNKNOWN STEP	2026-08-31T11:49:02.5356176Z   sparse-checkout-cone-mode: true
entries	UNKNOWN STEP	2026-08-31T11:49:02.5356703Z   fetch-depth: 1
entries	UNKNOWN STEP	2026-08-31T11:49:02.5357143Z   fetch-tags: false
entries	UNKNOWN STEP	2026-08-31T11:49:02.5357593Z   show-progress: true
entries	UNKNOWN STEP	2026-08-31T11:49:02.5358048Z   lfs: false
entries	UNKNOWN STEP	2026-08-31T11:49:02.5358528Z   submodules: false
entries	UNKNOWN STEP	2026-08-31T11:49:02.5358987Z   set-safe-directory: true
entries	UNKNOWN STEP	2026-08-31T11:49:02.5359494Z   allow-unsafe-pr-checkout: false
entries	UNKNOWN STEP	2026-08-31T11:49:02.5360216Z ##[endgroup]
entries	UNKNOWN STEP	2026-08-31T11:49:02.6407653Z Syncing repository: egnaro9/vac-protocol
entries	UNKNOWN STEP	2026-08-31T11:49:02.6409907Z ##[group]Getting Git version info
entries	UNKNOWN STEP	2026-08-31T11:49:02.6410904Z Working directory is '/home/runner/work/vac-protocol/vac-protocol'
entries	UNKNOWN STEP	2026-08-31T11:49:02.6412126Z [command]/usr/bin/git version
entries	UNKNOWN STEP	2026-08-31T11:49:02.6468055Z git version 2.55.0
entries	UNKNOWN STEP	2026-08-31T11:49:02.6490745Z ##[endgroup]
entries	UNKNOWN STEP	2026-08-31T11:49:02.6507711Z Temporarily overriding HOME='/home/runner/work/_temp/baf0501e-6478-46c1-8fb4-38eed04d7590' before making global git config changes
entries	UNKNOWN STEP	2026-08-31T11:49:02.6509315Z Adding repository directory to the temporary git global config as a safe directory
entries	UNKNOWN STEP	2026-08-31T11:49:02.6515588Z [command]/usr/bin/git config --global --add safe.directory /home/runner/work/vac-protocol/vac-protocol
entries	UNKNOWN STEP	2026-08-31T11:49:02.6581289Z Deleting the contents of '/home/runner/work/vac-protocol/vac-protocol'
entries	UNKNOWN STEP	2026-08-31T11:49:02.6585120Z ##[group]Initializing the repository
entries	UNKNOWN STEP	2026-08-31T11:49:02.6591314Z [command]/usr/bin/git init /home/runner/work/vac-protocol/vac-protocol
entries	UNKNOWN STEP	2026-08-31T11:49:02.6705976Z hint: Using 'master' as the name for the initial branch. This default branch name
entries	UNKNOWN STEP	2026-08-31T11:49:02.6711348Z hint: will change to "main" in Git 3.0. To configure the initial branch name
entries	UNKNOWN STEP	2026-08-31T11:49:02.6712929Z hint: to use in all of your new repositories, which will suppress this warning,
entries	UNKNOWN STEP	2026-08-31T11:49:02.6714239Z hint: call:
entries	UNKNOWN STEP	2026-08-31T11:49:02.6714853Z hint:
entries	UNKNOWN STEP	2026-08-31T11:49:02.6715639Z hint: 	git config --global init.defaultBranch <name>
entries	UNKNOWN STEP	2026-08-31T11:49:02.6716629Z hint:
entries	UNKNOWN STEP	2026-08-31T11:49:02.6717552Z hint: Names commonly chosen instead of 'master' are 'main', 'trunk' and
entries	UNKNOWN STEP	2026-08-31T11:49:02.6719062Z hint: 'development'. The just-created branch can be renamed via this command:
entries	UNKNOWN STEP	2026-08-31T11:49:02.6720237Z hint:
entries	UNKNOWN STEP	2026-08-31T11:49:02.6720864Z hint: 	git branch -m <name>
entries	UNKNOWN STEP	2026-08-31T11:49:02.6721665Z hint:
entries	UNKNOWN STEP	2026-08-31T11:49:02.6722652Z hint: Disable this message with "git config set advice.defaultBranchName false"
entries	UNKNOWN STEP	2026-08-31T11:49:02.6724497Z Initialized empty Git repository in /home/runner/work/vac-protocol/vac-protocol/.git/
entries	UNKNOWN STEP	2026-08-31T11:49:02.6726564Z [command]/usr/bin/git remote add origin https://github.com/egnaro9/vac-protocol
entries	UNKNOWN STEP	2026-08-31T11:49:02.6780852Z ##[endgroup]
entries	UNKNOWN STEP	2026-08-31T11:49:02.6781726Z ##[group]Disabling automatic garbage collection
entries	UNKNOWN STEP	2026-08-31T11:49:02.6785817Z [command]/usr/bin/git config --local gc.auto 0
entries	UNKNOWN STEP	2026-08-31T11:49:02.6824082Z ##[endgroup]
entries	UNKNOWN STEP	2026-08-31T11:49:02.6825042Z ##[group]Setting up auth
entries	UNKNOWN STEP	2026-08-31T11:49:02.6832470Z [command]/usr/bin/git config --local --name-only --get-regexp core\.sshCommand
entries	UNKNOWN STEP	2026-08-31T11:49:02.6872556Z [command]/usr/bin/git submodule foreach --recursive sh -c "git config --local --name-only --get-regexp 'core\.sshCommand' && git config --local --unset-all 'core.sshCommand' || :"
entries	UNKNOWN STEP	2026-08-31T11:49:02.7285181Z [command]/usr/bin/git config --local --name-only --get-regexp http\.https\:\/\/github\.com\/\.extraheader
entries	UNKNOWN STEP	2026-08-31T11:49:02.7330765Z [command]/usr/bin/git submodule foreach --recursive sh -c "git config --local --name-only --get-regexp 'http\.https\:\/\/github\.com\/\.extraheader' && git config --local --unset-all 'http.https://github.com/.extraheader' || :"
entries	UNKNOWN STEP	2026-08-31T11:49:02.7595313Z [command]/usr/bin/git config --local --name-only --get-regexp ^includeIf\.gitdir:
entries	UNKNOWN STEP	2026-08-31T11:49:02.7635494Z [command]/usr/bin/git submodule foreach --recursive git config --local --show-origin --name-only --get-regexp remote.origin.url
entries	UNKNOWN STEP	2026-08-31T11:49:02.7885579Z [command]/usr/bin/git config --local http.https://github.com/.extraheader AUTHORIZATION: basic ***
entries	UNKNOWN STEP	2026-08-31T11:49:02.7928105Z ##[endgroup]
entries	UNKNOWN STEP	2026-08-31T11:49:02.7929015Z ##[group]Fetching the repository
entries	UNKNOWN STEP	2026-08-31T11:49:02.7938126Z [command]/usr/bin/git -c protocol.version=2 fetch --no-tags --prune --no-recurse-submodules --depth=1 origin +6a05245337cbbcebf1e06180e798ad568848ad2e:refs/remotes/origin/main
entries	UNKNOWN STEP	2026-08-31T11:49:03.1746274Z From https://github.com/egnaro9/vac-protocol
entries	UNKNOWN STEP	2026-08-31T11:49:03.1747760Z  * [new ref]         6a05245337cbbcebf1e06180e798ad568848ad2e -> origin/main
entries	UNKNOWN STEP	2026-08-31T11:49:03.1751917Z ##[endgroup]
entries	UNKNOWN STEP	2026-08-31T11:49:03.1753786Z ##[group]Determining the checkout info
entries	UNKNOWN STEP	2026-08-31T11:49:03.1755478Z ##[endgroup]
entries	UNKNOWN STEP	2026-08-31T11:49:03.1759937Z [command]/usr/bin/git sparse-checkout disable
entries	UNKNOWN STEP	2026-08-31T11:49:03.1816407Z [command]/usr/bin/git config --local --unset-all extensions.worktreeConfig
entries	UNKNOWN STEP	2026-08-31T11:49:03.1850806Z ##[group]Checking out the ref
entries	UNKNOWN STEP	2026-08-31T11:49:03.1856996Z [command]/usr/bin/git checkout --progress --force -B main refs/remotes/origin/main
entries	UNKNOWN STEP	2026-08-31T11:49:03.2165602Z Switched to a new branch 'main'
entries	UNKNOWN STEP	2026-08-31T11:49:03.2168550Z branch 'main' set up to track 'origin/main'.
entries	UNKNOWN STEP	2026-08-31T11:49:03.2176986Z ##[endgroup]
entries	UNKNOWN STEP	2026-08-31T11:49:03.2228193Z [command]/usr/bin/git log -1 --format=%H
entries	UNKNOWN STEP	2026-08-31T11:49:03.2259599Z 6a05245337cbbcebf1e06180e798ad568848ad2e
entries	UNKNOWN STEP	2026-08-31T11:49:03.2651335Z Node 20 is being deprecated. This workflow is running with Node 24 by default. If you need to temporarily use Node 20, you can set the ACTIONS_ALLOW_USE_UNSECURE_NODE_VERSION=true environment variable. For more information see: https://github.blog/changelog/2025-09-19-deprecation-of-node-20-on-github-actions-runners/
entries	UNKNOWN STEP	2026-08-31T11:49:03.2658277Z ##[group]Run actions/setup-python@v5
entries	UNKNOWN STEP	2026-08-31T11:49:03.2659502Z with:
entries	UNKNOWN STEP	2026-08-31T11:49:03.2660421Z   python-version: 3.12
entries	UNKNOWN STEP	2026-08-31T11:49:03.2661453Z   check-latest: false
entries	UNKNOWN STEP	2026-08-31T11:49:03.2672051Z   token: ***
entries	UNKNOWN STEP	2026-08-31T11:49:03.2673107Z   update-environment: true
entries	UNKNOWN STEP	2026-08-31T11:49:03.2674258Z   allow-prereleases: false
entries	UNKNOWN STEP	2026-08-31T11:49:03.2675334Z   freethreaded: false
entries	UNKNOWN STEP	2026-08-31T11:49:03.2676316Z ##[endgroup]
entries	UNKNOWN STEP	2026-08-31T11:49:03.4069975Z ##[group]Installed versions
entries	UNKNOWN STEP	2026-08-31T11:49:03.4177483Z (node:2241) [DEP0040] DeprecationWarning: The `punycode` module is deprecated. Please use a userland alternative instead.
entries	UNKNOWN STEP	2026-08-31T11:49:03.4181265Z (Use `node --trace-deprecation ...` to show where the warning was created)
entries	UNKNOWN STEP	2026-08-31T11:49:03.4183391Z Successfully set up CPython (3.12.14)
entries	UNKNOWN STEP	2026-08-31T11:49:03.4186079Z ##[endgroup]
entries	UNKNOWN STEP	2026-08-31T11:49:03.4396880Z ##[group]Run pip install -e .
entries	UNKNOWN STEP	2026-08-31T11:49:03.4398178Z ^[[36;1mpip install -e .^[[0m
entries	UNKNOWN STEP	2026-08-31T11:49:03.4462540Z shell: /usr/bin/bash -e {0}
entries	UNKNOWN STEP	2026-08-31T11:49:03.4464306Z env:
entries	UNKNOWN STEP	2026-08-31T11:49:03.4465904Z   pythonLocation: /opt/hostedtoolcache/Python/3.12.14/x64
entries	UNKNOWN STEP	2026-08-31T11:49:03.4468529Z   PKG_CONFIG_PATH: /opt/hostedtoolcache/Python/3.12.14/x64/lib/pkgconfig
entries	UNKNOWN STEP	2026-08-31T11:49:03.4471231Z   Python_ROOT_DIR: /opt/hostedtoolcache/Python/3.12.14/x64
entries	UNKNOWN STEP	2026-08-31T11:49:03.4473793Z   Python2_ROOT_DIR: /opt/hostedtoolcache/Python/3.12.14/x64
entries	UNKNOWN STEP	2026-08-31T11:49:03.4475784Z   Python3_ROOT_DIR: /opt/hostedtoolcache/Python/3.12.14/x64
entries	UNKNOWN STEP	2026-08-31T11:49:03.4477492Z   LD_LIBRARY_PATH: /opt/hostedtoolcache/Python/3.12.14/x64/lib
entries	UNKNOWN STEP	2026-08-31T11:49:03.4478914Z ##[endgroup]
entries	UNKNOWN STEP	2026-08-31T11:49:05.9637851Z Obtaining file:///home/runner/work/vac-protocol/vac-protocol
entries	UNKNOWN STEP	2026-08-31T11:49:05.9654344Z   Installing build dependencies: started
entries	UNKNOWN STEP	2026-08-31T11:49:06.8454966Z   Installing build dependencies: finished with status 'done'
entries	UNKNOWN STEP	2026-08-31T11:49:06.8462457Z   Checking if build backend supports build_editable: started
entries	UNKNOWN STEP	2026-08-31T11:49:07.2188260Z   Checking if build backend supports build_editable: finished with status 'done'
entries	UNKNOWN STEP	2026-08-31T11:49:07.2197173Z   Getting requirements to build editable: started
entries	UNKNOWN STEP	2026-08-31T11:49:07.5860672Z   Getting requirements to build editable: finished with status 'done'
entries	UNKNOWN STEP	2026-08-31T11:49:07.5870215Z   Preparing editable metadata (pyproject.toml): started
entries	UNKNOWN STEP	2026-08-31T11:49:07.7954590Z   Preparing editable metadata (pyproject.toml): finished with status 'done'
entries	UNKNOWN STEP	2026-08-31T11:49:07.8008561Z Building wheels for collected packages: vac-protocol
entries	UNKNOWN STEP	2026-08-31T11:49:07.8018210Z   Building editable for vac-protocol (pyproject.toml): started
entries	UNKNOWN STEP	2026-08-31T11:49:08.0318087Z   Building editable for vac-protocol (pyproject.toml): finished with status 'done'
entries	UNKNOWN STEP	2026-08-31T11:49:08.0325517Z   Created wheel for vac-protocol: filename=vac_protocol-0.1.0-0.editable-py3-none-any.whl size=8850 sha256=fdd666db5d4640aae5a0cd22211f4c01e47d9b5c2dd3ec9fe487ed7bbf89480e
entries	UNKNOWN STEP	2026-08-31T11:49:08.0327597Z   Stored in directory: /tmp/pip-ephem-wheel-cache-uglnz7r1/wheels/31/93/c0/4effb33ea68d4321a176d9cb097b94ea8b1be9d534ea861dec
entries	UNKNOWN STEP	2026-08-31T11:49:08.0354267Z Successfully built vac-protocol
entries	UNKNOWN STEP	2026-08-31T11:49:08.0501343Z Installing collected packages: vac-protocol
entries	UNKNOWN STEP	2026-08-31T11:49:08.0596924Z Successfully installed vac-protocol-0.1.0
entries	UNKNOWN STEP	2026-08-31T11:49:08.1374687Z ##[group]Run echo "matrix=$(python -m vac.registry --emit-matrix)" >> "$GITHUB_OUTPUT"
entries	UNKNOWN STEP	2026-08-31T11:49:08.1375358Z ^[[36;1mecho "matrix=$(python -m vac.registry --emit-matrix)" >> "$GITHUB_OUTPUT"^[[0m
entries	UNKNOWN STEP	2026-08-31T11:49:08.1419562Z shell: /usr/bin/bash -e {0}
entries	UNKNOWN STEP	2026-08-31T11:49:08.1419838Z env:
entries	UNKNOWN STEP	2026-08-31T11:49:08.1420129Z   pythonLocation: /opt/hostedtoolcache/Python/3.12.14/x64
entries	UNKNOWN STEP	2026-08-31T11:49:08.1420581Z   PKG_CONFIG_PATH: /opt/hostedtoolcache/Python/3.12.14/x64/lib/pkgconfig
entries	UNKNOWN STEP	2026-08-31T11:49:08.1421029Z   Python_ROOT_DIR: /opt/hostedtoolcache/Python/3.12.14/x64
entries	UNKNOWN STEP	2026-08-31T11:49:08.1421639Z   Python2_ROOT_DIR: /opt/hostedtoolcache/Python/3.12.14/x64
entries	UNKNOWN STEP	2026-08-31T11:49:08.1422024Z   Python3_ROOT_DIR: /opt/hostedtoolcache/Python/3.12.14/x64
entries	UNKNOWN STEP	2026-08-31T11:49:08.1422420Z   LD_LIBRARY_PATH: /opt/hostedtoolcache/Python/3.12.14/x64/lib
entries	UNKNOWN STEP	2026-08-31T11:49:08.1422756Z ##[endgroup]
entries	UNKNOWN STEP	2026-08-31T11:49:08.2871217Z Node 20 is being deprecated. This workflow is running with Node 24 by default. If you need to temporarily use Node 20, you can set the ACTIONS_ALLOW_USE_UNSECURE_NODE_VERSION=true environment variable. For more information see: https://github.blog/changelog/2025-09-19-deprecation-of-node-20-on-github-actions-runners/
entries	UNKNOWN STEP	2026-08-31T11:49:08.2872487Z Post job cleanup.
entries	UNKNOWN STEP	2026-08-31T11:49:08.4115775Z (node:2303) [DEP0040] DeprecationWarning: The `punycode` module is deprecated. Please use a userland alternative instead.
entries	UNKNOWN STEP	2026-08-31T11:49:08.4117023Z (Use `node --trace-deprecation ...` to show where the warning was created)
entries	UNKNOWN STEP	2026-08-31T11:49:08.4322468Z Node 20 is being deprecated. This workflow is running with Node 24 by default. If you need to temporarily use Node 20, you can set the ACTIONS_ALLOW_USE_UNSECURE_NODE_VERSION=true environment variable. For more information see: https://github.blog/changelog/2025-09-19-deprecation-of-node-20-on-github-actions-runners/
entries	UNKNOWN STEP	2026-08-31T11:49:08.4323854Z Post job cleanup.
entries	UNKNOWN STEP	2026-08-31T11:49:08.5231155Z [command]/usr/bin/git version
entries	UNKNOWN STEP	2026-08-31T11:49:08.5278594Z git version 2.55.0
entries	UNKNOWN STEP	2026-08-31T11:49:08.5319102Z Temporarily overriding HOME='/home/runner/work/_temp/363e2b2d-3d3e-4dd1-a4ef-dd16ee4d5bd3' before making global git config changes
entries	UNKNOWN STEP	2026-08-31T11:49:08.5320482Z Adding repository directory to the temporary git global config as a safe directory
entries	UNKNOWN STEP	2026-08-31T11:49:08.5327954Z [command]/usr/bin/git config --global --add safe.directory /home/runner/work/vac-protocol/vac-protocol
entries	UNKNOWN STEP	2026-08-31T11:49:08.5375384Z [command]/usr/bin/git config --local --name-only --get-regexp core\.sshCommand
entries	UNKNOWN STEP	2026-08-31T11:49:08.5417099Z [command]/usr/bin/git submodule foreach --recursive sh -c "git config --local --name-only --get-regexp 'core\.sshCommand' && git config --local --unset-all 'core.sshCommand' || :"
entries	UNKNOWN STEP	2026-08-31T11:49:08.5694958Z [command]/usr/bin/git config --local --name-only --get-regexp http\.https\:\/\/github\.com\/\.extraheader
entries	UNKNOWN STEP	2026-08-31T11:49:08.5730622Z http.https://github.com/.extraheader
entries	UNKNOWN STEP	2026-08-31T11:49:08.5742343Z [command]/usr/bin/git config --local --unset-all http.https://github.com/.extraheader
entries	UNKNOWN STEP	2026-08-31T11:49:08.5782794Z [command]/usr/bin/git submodule foreach --recursive sh -c "git config --local --name-only --get-regexp 'http\.https\:\/\/github\.com\/\.extraheader' && git config --local --unset-all 'http.https://github.com/.extraheader' || :"
entries	UNKNOWN STEP	2026-08-31T11:49:08.6053809Z [command]/usr/bin/git config --local --name-only --get-regexp ^includeIf\.gitdir:
entries	UNKNOWN STEP	2026-08-31T11:49:08.6098927Z [command]/usr/bin/git submodule foreach --recursive git config --local --show-origin --name-only --get-regexp remote.origin.url
entries	UNKNOWN STEP	2026-08-31T11:49:08.6546822Z Evaluate and set job outputs
entries	UNKNOWN STEP	2026-08-31T11:49:08.6561530Z Set output 'matrix'
entries	UNKNOWN STEP	2026-08-31T11:49:08.6563654Z Cleaning up orphan processes
entries	UNKNOWN STEP	2026-08-31T11:49:08.6863552Z ##[warning]Node.js 20 is deprecated. The following actions target Node.js 20 but are being forced to run on Node.js 24: actions/checkout@v4, actions/setup-python@v5. For more information see: https://github.blog/changelog/2025-09-19-deprecation-of-node-20-on-github-actions-runners/
pending	UNKNOWN STEP	﻿2026-08-31T11:49:01.8528237Z Current runner version: '2.336.0'
pending	UNKNOWN STEP	2026-08-31T11:49:01.8553940Z ##[group]Runner Image Provisioner
pending	UNKNOWN STEP	2026-08-31T11:49:01.8554821Z Hosted Compute Agent
pending	UNKNOWN STEP	2026-08-31T11:49:01.8555750Z Version: 20260819.586
pending	UNKNOWN STEP	2026-08-31T11:49:01.8556422Z Commit: 3cc4a88dfa507ef76119ad1bb3eccc6378bb2b76
pending	UNKNOWN STEP	2026-08-31T11:49:01.8557148Z Build Date: 2026-08-18T23:20:18Z
pending	UNKNOWN STEP	2026-08-31T11:49:01.8557914Z Worker ID: {88be9469-d156-4625-bd5a-9a31253d7945}
pending	UNKNOWN STEP	2026-08-31T11:49:01.8558649Z Azure Region: eastus
pending	UNKNOWN STEP	2026-08-31T11:49:01.8559245Z ##[endgroup]
pending	UNKNOWN STEP	2026-08-31T11:49:01.8560740Z ##[group]Operating System
pending	UNKNOWN STEP	2026-08-31T11:49:01.8561411Z Ubuntu
pending	UNKNOWN STEP	2026-08-31T11:49:01.8562020Z 24.04.4
pending	UNKNOWN STEP	2026-08-31T11:49:01.8562565Z LTS
pending	UNKNOWN STEP	2026-08-31T11:49:01.8563104Z ##[endgroup]
pending	UNKNOWN STEP	2026-08-31T11:49:01.8563667Z ##[group]Runner Image
pending	UNKNOWN STEP	2026-08-31T11:49:01.8564265Z Image: ubuntu-24.04
pending	UNKNOWN STEP	2026-08-31T11:49:01.8564873Z Version: 20260823.283.1
pending	UNKNOWN STEP	2026-08-31T11:49:01.8566419Z Included Software: https://github.com/actions/runner-images/blob/ubuntu24/20260823.283/images/ubuntu/Ubuntu2404-Readme.md
pending	UNKNOWN STEP	2026-08-31T11:49:01.8568031Z Image Release: https://github.com/actions/runner-images/releases/tag/ubuntu24%2F20260823.283
pending	UNKNOWN STEP	2026-08-31T11:49:01.8569046Z ##[endgroup]
pending	UNKNOWN STEP	2026-08-31T11:49:01.8570228Z ##[group]GITHUB_TOKEN Permissions
pending	UNKNOWN STEP	2026-08-31T11:49:01.8572429Z Contents: read
pending	UNKNOWN STEP	2026-08-31T11:49:01.8573137Z Metadata: read
pending	UNKNOWN STEP	2026-08-31T11:49:01.8573716Z ##[endgroup]
pending	UNKNOWN STEP	2026-08-31T11:49:01.8576221Z Secret source: Actions
pending	UNKNOWN STEP	2026-08-31T11:49:01.8577773Z Prepare workflow directory
pending	UNKNOWN STEP	2026-08-31T11:49:01.8910217Z Prepare all required actions
pending	UNKNOWN STEP	2026-08-31T11:49:01.8957924Z Getting action download info
pending	UNKNOWN STEP	2026-08-31T11:49:02.1201143Z Download action repository 'actions/checkout@v4' (SHA:11d5960a326750d5838078e36cf38b85af677262)
pending	UNKNOWN STEP	2026-08-31T11:49:02.2329639Z Download action repository 'actions/setup-python@v5' (SHA:a26af69be951a213d495a4c3e4e4022e16d87065)
pending	UNKNOWN STEP	2026-08-31T11:49:02.4156978Z Complete job name: pending
pending	UNKNOWN STEP	2026-08-31T11:49:02.5039725Z Node 20 is being deprecated. This workflow is running with Node 24 by default. If you need to temporarily use Node 20, you can set the ACTIONS_ALLOW_USE_UNSECURE_NODE_VERSION=true environment variable. For more information see: https://github.blog/changelog/2025-09-19-deprecation-of-node-20-on-github-actions-runners/
pending	UNKNOWN STEP	2026-08-31T11:49:02.5049054Z ##[group]Run actions/checkout@v4
pending	UNKNOWN STEP	2026-08-31T11:49:02.5049816Z with:
pending	UNKNOWN STEP	2026-08-31T11:49:02.5050285Z   repository: egnaro9/vac-protocol
pending	UNKNOWN STEP	2026-08-31T11:49:02.5053928Z   token: ***
pending	UNKNOWN STEP	2026-08-31T11:49:02.5054374Z   ssh-strict: true
pending	UNKNOWN STEP	2026-08-31T11:49:02.5054823Z   ssh-user: git
pending	UNKNOWN STEP	2026-08-31T11:49:02.5055577Z   persist-credentials: true
pending	UNKNOWN STEP	2026-08-31T11:49:02.5056078Z   clean: true
pending	UNKNOWN STEP	2026-08-31T11:49:02.5056538Z   sparse-checkout-cone-mode: true
pending	UNKNOWN STEP	2026-08-31T11:49:02.5057069Z   fetch-depth: 1
pending	UNKNOWN STEP	2026-08-31T11:49:02.5057504Z   fetch-tags: false
pending	UNKNOWN STEP	2026-08-31T11:49:02.5057946Z   show-progress: true
pending	UNKNOWN STEP	2026-08-31T11:49:02.5058402Z   lfs: false
pending	UNKNOWN STEP	2026-08-31T11:49:02.5058861Z   submodules: false
pending	UNKNOWN STEP	2026-08-31T11:49:02.5059311Z   set-safe-directory: true
pending	UNKNOWN STEP	2026-08-31T11:49:02.5059823Z   allow-unsafe-pr-checkout: false
pending	UNKNOWN STEP	2026-08-31T11:49:02.5060674Z ##[endgroup]
pending	UNKNOWN STEP	2026-08-31T11:49:02.6024763Z Syncing repository: egnaro9/vac-protocol
pending	UNKNOWN STEP	2026-08-31T11:49:02.6027257Z ##[group]Getting Git version info
pending	UNKNOWN STEP	2026-08-31T11:49:02.6028077Z Working directory is '/home/runner/work/vac-protocol/vac-protocol'
pending	UNKNOWN STEP	2026-08-31T11:49:02.6039547Z [command]/usr/bin/git version
pending	UNKNOWN STEP	2026-08-31T11:49:02.6193407Z git version 2.55.0
pending	UNKNOWN STEP	2026-08-31T11:49:02.6217511Z ##[endgroup]
pending	UNKNOWN STEP	2026-08-31T11:49:02.6233687Z Temporarily overriding HOME='/home/runner/work/_temp/c22383ab-fb16-48da-bcd6-13933a7aa04c' before making global git config changes
pending	UNKNOWN STEP	2026-08-31T11:49:02.6236406Z Adding repository directory to the temporary git global config as a safe directory
pending	UNKNOWN STEP	2026-08-31T11:49:02.6240305Z [command]/usr/bin/git config --global --add safe.directory /home/runner/work/vac-protocol/vac-protocol
pending	UNKNOWN STEP	2026-08-31T11:49:02.6295488Z Deleting the contents of '/home/runner/work/vac-protocol/vac-protocol'
pending	UNKNOWN STEP	2026-08-31T11:49:02.6300052Z ##[group]Initializing the repository
pending	UNKNOWN STEP	2026-08-31T11:49:02.6305324Z [command]/usr/bin/git init /home/runner/work/vac-protocol/vac-protocol
pending	UNKNOWN STEP	2026-08-31T11:49:02.6447384Z hint: Using 'master' as the name for the initial branch. This default branch name
pending	UNKNOWN STEP	2026-08-31T11:49:02.6449089Z hint: will change to "main" in Git 3.0. To configure the initial branch name
pending	UNKNOWN STEP	2026-08-31T11:49:02.6452357Z hint: to use in all of your new repositories, which will suppress this warning,
pending	UNKNOWN STEP	2026-08-31T11:49:02.6453583Z hint: call:
pending	UNKNOWN STEP	2026-08-31T11:49:02.6454293Z hint:
pending	UNKNOWN STEP	2026-08-31T11:49:02.6455470Z hint: 	git config --global init.defaultBranch <name>
pending	UNKNOWN STEP	2026-08-31T11:49:02.6456504Z hint:
pending	UNKNOWN STEP	2026-08-31T11:49:02.6457426Z hint: Names commonly chosen instead of 'master' are 'main', 'trunk' and
pending	UNKNOWN STEP	2026-08-31T11:49:02.6458959Z hint: 'development'. The just-created branch can be renamed via this command:
pending	UNKNOWN STEP	2026-08-31T11:49:02.6460362Z hint:
pending	UNKNOWN STEP	2026-08-31T11:49:02.6461142Z hint: 	git branch -m <name>
pending	UNKNOWN STEP	2026-08-31T11:49:02.6462029Z hint:
pending	UNKNOWN STEP	2026-08-31T11:49:02.6463123Z hint: Disable this message with "git config set advice.defaultBranchName false"
pending	UNKNOWN STEP	2026-08-31T11:49:02.6465192Z Initialized empty Git repository in /home/runner/work/vac-protocol/vac-protocol/.git/
pending	UNKNOWN STEP	2026-08-31T11:49:02.6467810Z [command]/usr/bin/git remote add origin https://github.com/egnaro9/vac-protocol
pending	UNKNOWN STEP	2026-08-31T11:49:02.6518179Z ##[endgroup]
pending	UNKNOWN STEP	2026-08-31T11:49:02.6519359Z ##[group]Disabling automatic garbage collection
pending	UNKNOWN STEP	2026-08-31T11:49:02.6522627Z [command]/usr/bin/git config --local gc.auto 0
pending	UNKNOWN STEP	2026-08-31T11:49:02.6558849Z ##[endgroup]
pending	UNKNOWN STEP	2026-08-31T11:49:02.6560429Z ##[group]Setting up auth
pending	UNKNOWN STEP	2026-08-31T11:49:02.6568405Z [command]/usr/bin/git config --local --name-only --get-regexp core\.sshCommand
pending	UNKNOWN STEP	2026-08-31T11:49:02.6607425Z [command]/usr/bin/git submodule foreach --recursive sh -c "git config --local --name-only --get-regexp 'core\.sshCommand' && git config --local --unset-all 'core.sshCommand' || :"
pending	UNKNOWN STEP	2026-08-31T11:49:02.7044921Z [command]/usr/bin/git config --local --name-only --get-regexp http\.https\:\/\/github\.com\/\.extraheader
pending	UNKNOWN STEP	2026-08-31T11:49:02.7081953Z [command]/usr/bin/git submodule foreach --recursive sh -c "git config --local --name-only --get-regexp 'http\.https\:\/\/github\.com\/\.extraheader' && git config --local --unset-all 'http.https://github.com/.extraheader' || :"
pending	UNKNOWN STEP	2026-08-31T11:49:02.7307272Z [command]/usr/bin/git config --local --name-only --get-regexp ^includeIf\.gitdir:
pending	UNKNOWN STEP	2026-08-31T11:49:02.7343382Z [command]/usr/bin/git submodule foreach --recursive git config --local --show-origin --name-only --get-regexp remote.origin.url
pending	UNKNOWN STEP	2026-08-31T11:49:02.7568256Z [command]/usr/bin/git config --local http.https://github.com/.extraheader AUTHORIZATION: basic ***
pending	UNKNOWN STEP	2026-08-31T11:49:02.7608099Z ##[endgroup]
pending	UNKNOWN STEP	2026-08-31T11:49:02.7609535Z ##[group]Fetching the repository
pending	UNKNOWN STEP	2026-08-31T11:49:02.7619718Z [command]/usr/bin/git -c protocol.version=2 fetch --no-tags --prune --no-recurse-submodules --depth=1 origin +6a05245337cbbcebf1e06180e798ad568848ad2e:refs/remotes/origin/main
pending	UNKNOWN STEP	2026-08-31T11:49:03.1361678Z From https://github.com/egnaro9/vac-protocol
pending	UNKNOWN STEP	2026-08-31T11:49:03.1363672Z  * [new ref]         6a05245337cbbcebf1e06180e798ad568848ad2e -> origin/main
pending	UNKNOWN STEP	2026-08-31T11:49:03.1371489Z ##[endgroup]
pending	UNKNOWN STEP	2026-08-31T11:49:03.1373156Z ##[group]Determining the checkout info
pending	UNKNOWN STEP	2026-08-31T11:49:03.1374832Z ##[endgroup]
pending	UNKNOWN STEP	2026-08-31T11:49:03.1387995Z [command]/usr/bin/git sparse-checkout disable
pending	UNKNOWN STEP	2026-08-31T11:49:03.1488445Z [command]/usr/bin/git config --local --unset-all extensions.worktreeConfig
pending	UNKNOWN STEP	2026-08-31T11:49:03.1527078Z ##[group]Checking out the ref
pending	UNKNOWN STEP	2026-08-31T11:49:03.1532134Z [command]/usr/bin/git checkout --progress --force -B main refs/remotes/origin/main
pending	UNKNOWN STEP	2026-08-31T11:49:03.1976244Z Switched to a new branch 'main'
pending	UNKNOWN STEP	2026-08-31T11:49:03.1983457Z branch 'main' set up to track 'origin/main'.
pending	UNKNOWN STEP	2026-08-31T11:49:03.1997125Z ##[endgroup]
pending	UNKNOWN STEP	2026-08-31T11:49:03.2043748Z [command]/usr/bin/git log -1 --format=%H
pending	UNKNOWN STEP	2026-08-31T11:49:03.2071559Z 6a05245337cbbcebf1e06180e798ad568848ad2e
pending	UNKNOWN STEP	2026-08-31T11:49:03.2356962Z Node 20 is being deprecated. This workflow is running with Node 24 by default. If you need to temporarily use Node 20, you can set the ACTIONS_ALLOW_USE_UNSECURE_NODE_VERSION=true environment variable. For more information see: https://github.blog/changelog/2025-09-19-deprecation-of-node-20-on-github-actions-runners/
pending	UNKNOWN STEP	2026-08-31T11:49:03.2360037Z ##[group]Run actions/setup-python@v5
pending	UNKNOWN STEP	2026-08-31T11:49:03.2360620Z with:
pending	UNKNOWN STEP	2026-08-31T11:49:03.2361056Z   python-version: 3.12
pending	UNKNOWN STEP	2026-08-31T11:49:03.2361523Z   check-latest: false
pending	UNKNOWN STEP	2026-08-31T11:49:03.2365218Z   token: ***
pending	UNKNOWN STEP	2026-08-31T11:49:03.2365666Z   update-environment: true
pending	UNKNOWN STEP	2026-08-31T11:49:03.2366167Z   allow-prereleases: false
pending	UNKNOWN STEP	2026-08-31T11:49:03.2366640Z   freethreaded: false
pending	UNKNOWN STEP	2026-08-31T11:49:03.2367075Z ##[endgroup]
pending	UNKNOWN STEP	2026-08-31T11:49:03.3692365Z ##[group]Installed versions
pending	UNKNOWN STEP	2026-08-31T11:49:03.3789216Z (node:2231) [DEP0040] DeprecationWarning: The `punycode` module is deprecated. Please use a userland alternative instead.
pending	UNKNOWN STEP	2026-08-31T11:49:03.3791588Z (Use `node --trace-deprecation ...` to show where the warning was created)
pending	UNKNOWN STEP	2026-08-31T11:49:03.3792978Z Successfully set up CPython (3.12.14)
pending	UNKNOWN STEP	2026-08-31T11:49:03.3794466Z ##[endgroup]
pending	UNKNOWN STEP	2026-08-31T11:49:03.3949828Z ##[group]Run pip install -e .
pending	UNKNOWN STEP	2026-08-31T11:49:03.3950470Z ^[[36;1mpip install -e .^[[0m
pending	UNKNOWN STEP	2026-08-31T11:49:03.4007864Z shell: /usr/bin/bash -e {0}
pending	UNKNOWN STEP	2026-08-31T11:49:03.4008398Z env:
pending	UNKNOWN STEP	2026-08-31T11:49:03.4008926Z   pythonLocation: /opt/hostedtoolcache/Python/3.12.14/x64
pending	UNKNOWN STEP	2026-08-31T11:49:03.4009778Z   PKG_CONFIG_PATH: /opt/hostedtoolcache/Python/3.12.14/x64/lib/pkgconfig
pending	UNKNOWN STEP	2026-08-31T11:49:03.4010616Z   Python_ROOT_DIR: /opt/hostedtoolcache/Python/3.12.14/x64
pending	UNKNOWN STEP	2026-08-31T11:49:03.4011375Z   Python2_ROOT_DIR: /opt/hostedtoolcache/Python/3.12.14/x64
pending	UNKNOWN STEP	2026-08-31T11:49:03.4012121Z   Python3_ROOT_DIR: /opt/hostedtoolcache/Python/3.12.14/x64
pending	UNKNOWN STEP	2026-08-31T11:49:03.4012878Z   LD_LIBRARY_PATH: /opt/hostedtoolcache/Python/3.12.14/x64/lib
pending	UNKNOWN STEP	2026-08-31T11:49:03.4013511Z ##[endgroup]
pending	UNKNOWN STEP	2026-08-31T11:49:04.2474565Z Obtaining file:///home/runner/work/vac-protocol/vac-protocol
pending	UNKNOWN STEP	2026-08-31T11:49:04.2491306Z   Installing build dependencies: started
pending	UNKNOWN STEP	2026-08-31T11:49:04.9654411Z   Installing build dependencies: finished with status 'done'
pending	UNKNOWN STEP	2026-08-31T11:49:04.9661486Z   Checking if build backend supports build_editable: started
pending	UNKNOWN STEP	2026-08-31T11:49:05.2794457Z   Checking if build backend supports build_editable: finished with status 'done'
pending	UNKNOWN STEP	2026-08-31T11:49:05.2803176Z   Getting requirements to build editable: started
pending	UNKNOWN STEP	2026-08-31T11:49:05.6632665Z   Getting requirements to build editable: finished with status 'done'
pending	UNKNOWN STEP	2026-08-31T11:49:05.6642169Z   Preparing editable metadata (pyproject.toml): started
pending	UNKNOWN STEP	2026-08-31T11:49:05.8570125Z   Preparing editable metadata (pyproject.toml): finished with status 'done'
pending	UNKNOWN STEP	2026-08-31T11:49:05.8609099Z Building wheels for collected packages: vac-protocol
pending	UNKNOWN STEP	2026-08-31T11:49:05.8618554Z   Building editable for vac-protocol (pyproject.toml): started
pending	UNKNOWN STEP	2026-08-31T11:49:06.0791535Z   Building editable for vac-protocol (pyproject.toml): finished with status 'done'
pending	UNKNOWN STEP	2026-08-31T11:49:06.0797568Z   Created wheel for vac-protocol: filename=vac_protocol-0.1.0-0.editable-py3-none-any.whl size=8850 sha256=1df0bd1bd8ad62fa066f680b41c65c95133f1f6d1513c4e38dc2602494cd177f
pending	UNKNOWN STEP	2026-08-31T11:49:06.0799717Z   Stored in directory: /tmp/pip-ephem-wheel-cache-rwm1f0nb/wheels/31/93/c0/4effb33ea68d4321a176d9cb097b94ea8b1be9d534ea861dec
pending	UNKNOWN STEP	2026-08-31T11:49:06.0825766Z Successfully built vac-protocol
pending	UNKNOWN STEP	2026-08-31T11:49:06.0961515Z Installing collected packages: vac-protocol
pending	UNKNOWN STEP	2026-08-31T11:49:06.1063099Z Successfully installed vac-protocol-0.1.0
pending	UNKNOWN STEP	2026-08-31T11:49:06.1614461Z ##[group]Run python -m vac.registry --list-pending
pending	UNKNOWN STEP	2026-08-31T11:49:06.1615310Z ^[[36;1mpython -m vac.registry --list-pending^[[0m
pending	UNKNOWN STEP	2026-08-31T11:49:06.1654496Z shell: /usr/bin/bash -e {0}
pending	UNKNOWN STEP	2026-08-31T11:49:06.1654805Z env:
pending	UNKNOWN STEP	2026-08-31T11:49:06.1655272Z   pythonLocation: /opt/hostedtoolcache/Python/3.12.14/x64
pending	UNKNOWN STEP	2026-08-31T11:49:06.1655786Z   PKG_CONFIG_PATH: /opt/hostedtoolcache/Python/3.12.14/x64/lib/pkgconfig
pending	UNKNOWN STEP	2026-08-31T11:49:06.1656293Z   Python_ROOT_DIR: /opt/hostedtoolcache/Python/3.12.14/x64
pending	UNKNOWN STEP	2026-08-31T11:49:06.1656724Z   Python2_ROOT_DIR: /opt/hostedtoolcache/Python/3.12.14/x64
pending	UNKNOWN STEP	2026-08-31T11:49:06.1657401Z   Python3_ROOT_DIR: /opt/hostedtoolcache/Python/3.12.14/x64
pending	UNKNOWN STEP	2026-08-31T11:49:06.1657842Z   LD_LIBRARY_PATH: /opt/hostedtoolcache/Python/3.12.14/x64/lib
pending	UNKNOWN STEP	2026-08-31T11:49:06.1658212Z ##[endgroup]
pending	UNKNOWN STEP	2026-08-31T11:49:06.2651595Z no pending entries
pending	UNKNOWN STEP	2026-08-31T11:49:06.2849540Z Node 20 is being deprecated. This workflow is running with Node 24 by default. If you need to temporarily use Node 20, you can set the ACTIONS_ALLOW_USE_UNSECURE_NODE_VERSION=true environment variable. For more information see: https://github.blog/changelog/2025-09-19-deprecation-of-node-20-on-github-actions-runners/
pending	UNKNOWN STEP	2026-08-31T11:49:06.2850972Z Post job cleanup.
pending	UNKNOWN STEP	2026-08-31T11:49:06.4052714Z (node:2294) [DEP0040] DeprecationWarning: The `punycode` module is deprecated. Please use a userland alternative instead.
pending	UNKNOWN STEP	2026-08-31T11:49:06.4053651Z (Use `node --trace-deprecation ...` to show where the warning was created)
pending	UNKNOWN STEP	2026-08-31T11:49:06.4236943Z Node 20 is being deprecated. This workflow is running with Node 24 by default. If you need to temporarily use Node 20, you can set the ACTIONS_ALLOW_USE_UNSECURE_NODE_VERSION=true environment variable. For more information see: https://github.blog/changelog/2025-09-19-deprecation-of-node-20-on-github-actions-runners/
pending	UNKNOWN STEP	2026-08-31T11:49:06.4238296Z Post job cleanup.
pending	UNKNOWN STEP	2026-08-31T11:49:06.5108361Z [command]/usr/bin/git version
pending	UNKNOWN STEP	2026-08-31T11:49:06.5155172Z git version 2.55.0
pending	UNKNOWN STEP	2026-08-31T11:49:06.5206904Z Temporarily overriding HOME='/home/runner/work/_temp/be4fd05a-481a-45ed-b1d2-36f9abaa89f6' before making global git config changes
pending	UNKNOWN STEP	2026-08-31T11:49:06.5208319Z Adding repository directory to the temporary git global config as a safe directory
pending	UNKNOWN STEP	2026-08-31T11:49:06.5214003Z [command]/usr/bin/git config --global --add safe.directory /home/runner/work/vac-protocol/vac-protocol
pending	UNKNOWN STEP	2026-08-31T11:49:06.5257585Z [command]/usr/bin/git config --local --name-only --get-regexp core\.sshCommand
pending	UNKNOWN STEP	2026-08-31T11:49:06.5299407Z [command]/usr/bin/git submodule foreach --recursive sh -c "git config --local --name-only --get-regexp 'core\.sshCommand' && git config --local --unset-all 'core.sshCommand' || :"
pending	UNKNOWN STEP	2026-08-31T11:49:06.5595927Z [command]/usr/bin/git config --local --name-only --get-regexp http\.https\:\/\/github\.com\/\.extraheader
pending	UNKNOWN STEP	2026-08-31T11:49:06.5626808Z http.https://github.com/.extraheader
pending	UNKNOWN STEP	2026-08-31T11:49:06.5639664Z [command]/usr/bin/git config --local --unset-all http.https://github.com/.extraheader
pending	UNKNOWN STEP	2026-08-31T11:49:06.5678055Z [command]/usr/bin/git submodule foreach --recursive sh -c "git config --local --name-only --get-regexp 'http\.https\:\/\/github\.com\/\.extraheader' && git config --local --unset-all 'http.https://github.com/.extraheader' || :"
pending	UNKNOWN STEP	2026-08-31T11:49:06.5943232Z [command]/usr/bin/git config --local --name-only --get-regexp ^includeIf\.gitdir:
pending	UNKNOWN STEP	2026-08-31T11:49:06.5985851Z [command]/usr/bin/git submodule foreach --recursive git config --local --show-origin --name-only --get-regexp remote.origin.url
pending	UNKNOWN STEP	2026-08-31T11:49:06.6365898Z Cleaning up orphan processes
pending	UNKNOWN STEP	2026-08-31T11:49:06.6711340Z ##[warning]Node.js 20 is deprecated. The following actions target Node.js 20 but are being forced to run on Node.js 24: actions/checkout@v4, actions/setup-python@v5. For more information see: https://github.blog/changelog/2025-09-19-deprecation-of-node-20-on-github-actions-runners/
agent-certlab/aider-ledger-2026-08-14	UNKNOWN STEP	﻿2026-08-31T11:49:13.8004092Z Current runner version: '2.337.0'
agent-certlab/aider-ledger-2026-08-14	UNKNOWN STEP	2026-08-31T11:49:13.8029795Z ##[group]Runner Image Provisioner
agent-certlab/aider-ledger-2026-08-14	UNKNOWN STEP	2026-08-31T11:49:13.8030684Z Hosted Compute Agent
agent-certlab/aider-ledger-2026-08-14	UNKNOWN STEP	2026-08-31T11:49:13.8031417Z Version: 20260819.586
agent-certlab/aider-ledger-2026-08-14	UNKNOWN STEP	2026-08-31T11:49:13.8032115Z Commit: 3cc4a88dfa507ef76119ad1bb3eccc6378bb2b76
agent-certlab/aider-ledger-2026-08-14	UNKNOWN STEP	2026-08-31T11:49:13.8032866Z Build Date: 2026-08-18T23:20:18Z
agent-certlab/aider-ledger-2026-08-14	UNKNOWN STEP	2026-08-31T11:49:13.8033715Z Worker ID: {7ae20bca-d15a-4ff0-a2f4-3cc1c6a1a4e0}
agent-certlab/aider-ledger-2026-08-14	UNKNOWN STEP	2026-08-31T11:49:13.8034482Z Azure Region: centralus
agent-certlab/aider-ledger-2026-08-14	UNKNOWN STEP	2026-08-31T11:49:13.8035172Z ##[endgroup]
agent-certlab/aider-ledger-2026-08-14	UNKNOWN STEP	2026-08-31T11:49:13.8036623Z ##[group]Operating System
agent-certlab/aider-ledger-2026-08-14	UNKNOWN STEP	2026-08-31T11:49:13.8037312Z Ubuntu
agent-certlab/aider-ledger-2026-08-14	UNKNOWN STEP	2026-08-31T11:49:13.8038002Z 24.04.4
agent-certlab/aider-ledger-2026-08-14	UNKNOWN STEP	2026-08-31T11:49:13.8038558Z LTS
agent-certlab/aider-ledger-2026-08-14	UNKNOWN STEP	2026-08-31T11:49:13.8039167Z ##[endgroup]
agent-certlab/aider-ledger-2026-08-14	UNKNOWN STEP	2026-08-31T11:49:13.8040093Z ##[group]Runner Image
agent-certlab/aider-ledger-2026-08-14	UNKNOWN STEP	2026-08-31T11:49:13.8040742Z Image: ubuntu-24.04
agent-certlab/aider-ledger-2026-08-14	UNKNOWN STEP	2026-08-31T11:49:13.8041468Z Version: 20260823.283.1
agent-certlab/aider-ledger-2026-08-14	UNKNOWN STEP	2026-08-31T11:49:13.8042792Z Included Software: https://github.com/actions/runner-images/blob/ubuntu24/20260823.283/images/ubuntu/Ubuntu2404-Readme.md
agent-certlab/aider-ledger-2026-08-14	UNKNOWN STEP	2026-08-31T11:49:13.8044461Z Image Release: https://github.com/actions/runner-images/releases/tag/ubuntu24%2F20260823.283
agent-certlab/aider-ledger-2026-08-14	UNKNOWN STEP	2026-08-31T11:49:13.8045466Z ##[endgroup]
agent-certlab/aider-ledger-2026-08-14	UNKNOWN STEP	2026-08-31T11:49:13.8046730Z ##[group]GITHUB_TOKEN Permissions
agent-certlab/aider-ledger-2026-08-14	UNKNOWN STEP	2026-08-31T11:49:13.8049499Z Contents: read
agent-certlab/aider-ledger-2026-08-14	UNKNOWN STEP	2026-08-31T11:49:13.8050240Z Metadata: read
agent-certlab/aider-ledger-2026-08-14	UNKNOWN STEP	2026-08-31T11:49:13.8050847Z ##[endgroup]
agent-certlab/aider-ledger-2026-08-14	UNKNOWN STEP	2026-08-31T11:49:13.8053106Z Secret source: Actions
agent-certlab/aider-ledger-2026-08-14	UNKNOWN STEP	2026-08-31T11:49:13.8054525Z Prepare workflow directory
agent-certlab/aider-ledger-2026-08-14	UNKNOWN STEP	2026-08-31T11:49:13.8394317Z Prepare all required actions
agent-certlab/aider-ledger-2026-08-14	UNKNOWN STEP	2026-08-31T11:49:13.8442424Z Getting action download info
agent-certlab/aider-ledger-2026-08-14	UNKNOWN STEP	2026-08-31T11:49:14.1085033Z Download action repository 'actions/checkout@v4' (SHA:11d5960a326750d5838078e36cf38b85af677262)
agent-certlab/aider-ledger-2026-08-14	UNKNOWN STEP	2026-08-31T11:49:14.2796338Z Download action repository 'actions/setup-python@v5' (SHA:a26af69be951a213d495a4c3e4e4022e16d87065)
agent-certlab/aider-ledger-2026-08-14	UNKNOWN STEP	2026-08-31T11:49:14.3691726Z Download action repository 'actions/setup-node@v4' (SHA:49933ea5288caeca8642d1e84afbd3f7d6820020)
agent-certlab/aider-ledger-2026-08-14	UNKNOWN STEP	2026-08-31T11:49:14.6256733Z Complete job name: agent-certlab/aider-ledger-2026-08-14
agent-certlab/aider-ledger-2026-08-14	UNKNOWN STEP	2026-08-31T11:49:14.7059659Z Node 20 is being deprecated. This workflow is running with Node 24 by default. If you need to temporarily use Node 20, you can set the ACTIONS_ALLOW_USE_UNSECURE_NODE_VERSION=true environment variable. For more information see: https://github.blog/changelog/2025-09-19-deprecation-of-node-20-on-github-actions-runners/
agent-certlab/aider-ledger-2026-08-14	UNKNOWN STEP	2026-08-31T11:49:14.7068624Z ##[group]Run actions/checkout@v4
agent-certlab/aider-ledger-2026-08-14	UNKNOWN STEP	2026-08-31T11:49:14.7069768Z with:
agent-certlab/aider-ledger-2026-08-14	UNKNOWN STEP	2026-08-31T11:49:14.7070230Z   repository: egnaro9/vac-protocol
agent-certlab/aider-ledger-2026-08-14	UNKNOWN STEP	2026-08-31T11:49:14.7074108Z   token: ***
agent-certlab/aider-ledger-2026-08-14	UNKNOWN STEP	2026-08-31T11:49:14.7074552Z   ssh-strict: true
agent-certlab/aider-ledger-2026-08-14	UNKNOWN STEP	2026-08-31T11:49:14.7074997Z   ssh-user: git
agent-certlab/aider-ledger-2026-08-14	UNKNOWN STEP	2026-08-31T11:49:14.7075439Z   persist-credentials: true
agent-certlab/aider-ledger-2026-08-14	UNKNOWN STEP	2026-08-31T11:49:14.7075922Z   clean: true
agent-certlab/aider-ledger-2026-08-14	UNKNOWN STEP	2026-08-31T11:49:14.7076369Z   sparse-checkout-cone-mode: true
agent-certlab/aider-ledger-2026-08-14	UNKNOWN STEP	2026-08-31T11:49:14.7076885Z   fetch-depth: 1
agent-certlab/aider-ledger-2026-08-14	UNKNOWN STEP	2026-08-31T11:49:14.7077311Z   fetch-tags: false
agent-certlab/aider-ledger-2026-08-14	UNKNOWN STEP	2026-08-31T11:49:14.7077755Z   show-progress: true
agent-certlab/aider-ledger-2026-08-14	UNKNOWN STEP	2026-08-31T11:49:14.7078215Z   lfs: false
agent-certlab/aider-ledger-2026-08-14	UNKNOWN STEP	2026-08-31T11:49:14.7078707Z   submodules: false
agent-certlab/aider-ledger-2026-08-14	UNKNOWN STEP	2026-08-31T11:49:14.7079160Z   set-safe-directory: true
agent-certlab/aider-ledger-2026-08-14	UNKNOWN STEP	2026-08-31T11:49:14.7079895Z   allow-unsafe-pr-checkout: false
agent-certlab/aider-ledger-2026-08-14	UNKNOWN STEP	2026-08-31T11:49:14.7080671Z ##[endgroup]
agent-certlab/aider-ledger-2026-08-14	UNKNOWN STEP	2026-08-31T11:49:14.8148837Z Syncing repository: egnaro9/vac-protocol
agent-certlab/aider-ledger-2026-08-14	UNKNOWN STEP	2026-08-31T11:49:14.8152051Z ##[group]Getting Git version info
agent-certlab/aider-ledger-2026-08-14	UNKNOWN STEP	2026-08-31T11:49:14.8153104Z Working directory is '/home/runner/work/vac-protocol/vac-protocol'
agent-certlab/aider-ledger-2026-08-14	UNKNOWN STEP	2026-08-31T11:49:14.8154228Z [command]/usr/bin/git version
agent-certlab/aider-ledger-2026-08-14	UNKNOWN STEP	2026-08-31T11:49:14.8240703Z git version 2.55.0
agent-certlab/aider-ledger-2026-08-14	UNKNOWN STEP	2026-08-31T11:49:14.8254619Z ##[endgroup]
agent-certlab/aider-ledger-2026-08-14	UNKNOWN STEP	2026-08-31T11:49:14.8300772Z Temporarily overriding HOME='/home/runner/work/_temp/c57fd854-3077-4a63-85fd-f8173ab62d9c' before making global git config changes
agent-certlab/aider-ledger-2026-08-14	UNKNOWN STEP	2026-08-31T11:49:14.8303475Z Adding repository directory to the temporary git global config as a safe directory
agent-certlab/aider-ledger-2026-08-14	UNKNOWN STEP	2026-08-31T11:49:14.8305636Z [command]/usr/bin/git config --global --add safe.directory /home/runner/work/vac-protocol/vac-protocol
agent-certlab/aider-ledger-2026-08-14	UNKNOWN STEP	2026-08-31T11:49:14.8367864Z Deleting the contents of '/home/runner/work/vac-protocol/vac-protocol'
agent-certlab/aider-ledger-2026-08-14	UNKNOWN STEP	2026-08-31T11:49:14.8383994Z ##[group]Initializing the repository
agent-certlab/aider-ledger-2026-08-14	UNKNOWN STEP	2026-08-31T11:49:14.8392220Z [command]/usr/bin/git init /home/runner/work/vac-protocol/vac-protocol
agent-certlab/aider-ledger-2026-08-14	UNKNOWN STEP	2026-08-31T11:49:14.8525716Z hint: Using 'master' as the name for the initial branch. This default branch name
agent-certlab/aider-ledger-2026-08-14	UNKNOWN STEP	2026-08-31T11:49:14.8527826Z hint: will change to "main" in Git 3.0. To configure the initial branch name
agent-certlab/aider-ledger-2026-08-14	UNKNOWN STEP	2026-08-31T11:49:14.8529869Z hint: to use in all of your new repositories, which will suppress this warning,
agent-certlab/aider-ledger-2026-08-14	UNKNOWN STEP	2026-08-31T11:49:14.8533078Z hint: call:
agent-certlab/aider-ledger-2026-08-14	UNKNOWN STEP	2026-08-31T11:49:14.8534006Z hint:
agent-certlab/aider-ledger-2026-08-14	UNKNOWN STEP	2026-08-31T11:49:14.8535046Z hint: 	git config --global init.defaultBranch <name>
agent-certlab/aider-ledger-2026-08-14	UNKNOWN STEP	2026-08-31T11:49:14.8536268Z hint:
agent-certlab/aider-ledger-2026-08-14	UNKNOWN STEP	2026-08-31T11:49:14.8537359Z hint: Names commonly chosen instead of 'master' are 'main', 'trunk' and
agent-certlab/aider-ledger-2026-08-14	UNKNOWN STEP	2026-08-31T11:49:14.8539144Z hint: 'development'. The just-created branch can be renamed via this command:
agent-certlab/aider-ledger-2026-08-14	UNKNOWN STEP	2026-08-31T11:49:14.8540808Z hint:
agent-certlab/aider-ledger-2026-08-14	UNKNOWN STEP	2026-08-31T11:49:14.8541641Z hint: 	git branch -m <name>
agent-certlab/aider-ledger-2026-08-14	UNKNOWN STEP	2026-08-31T11:49:14.8542722Z hint:
agent-certlab/aider-ledger-2026-08-14	UNKNOWN STEP	2026-08-31T11:49:14.8543955Z hint: Disable this message with "git config set advice.defaultBranchName false"
agent-certlab/aider-ledger-2026-08-14	UNKNOWN STEP	2026-08-31T11:49:14.8546058Z Initialized empty Git repository in /home/runner/work/vac-protocol/vac-protocol/.git/
agent-certlab/aider-ledger-2026-08-14	UNKNOWN STEP	2026-08-31T11:49:14.8551972Z [command]/usr/bin/git remote add origin https://github.com/egnaro9/vac-protocol
agent-certlab/aider-ledger-2026-08-14	UNKNOWN STEP	2026-08-31T11:49:14.8615781Z ##[endgroup]
agent-certlab/aider-ledger-2026-08-14	UNKNOWN STEP	2026-08-31T11:49:14.8617181Z ##[group]Disabling automatic garbage collection
agent-certlab/aider-ledger-2026-08-14	UNKNOWN STEP	2026-08-31T11:49:14.8620740Z [command]/usr/bin/git config --local gc.auto 0
agent-certlab/aider-ledger-2026-08-14	UNKNOWN STEP	2026-08-31T11:49:14.8672831Z ##[endgroup]
agent-certlab/aider-ledger-2026-08-14	UNKNOWN STEP	2026-08-31T11:49:14.8674125Z ##[group]Setting up auth
agent-certlab/aider-ledger-2026-08-14	UNKNOWN STEP	2026-08-31T11:49:14.8684593Z [command]/usr/bin/git config --local --name-only --get-regexp core\.sshCommand
agent-certlab/aider-ledger-2026-08-14	UNKNOWN STEP	2026-08-31T11:49:14.8732008Z [command]/usr/bin/git submodule foreach --recursive sh -c "git config --local --name-only --get-regexp 'core\.sshCommand' && git config --local --unset-all 'core.sshCommand' || :"
agent-certlab/aider-ledger-2026-08-14	UNKNOWN STEP	2026-08-31T11:49:14.9155943Z [command]/usr/bin/git config --local --name-only --get-regexp http\.https\:\/\/github\.com\/\.extraheader
agent-certlab/aider-ledger-2026-08-14	UNKNOWN STEP	2026-08-31T11:49:14.9204781Z [command]/usr/bin/git submodule foreach --recursive sh -c "git config --local --name-only --get-regexp 'http\.https\:\/\/github\.com\/\.extraheader' && git config --local --unset-all 'http.https://github.com/.extraheader' || :"
agent-certlab/aider-ledger-2026-08-14	UNKNOWN STEP	2026-08-31T11:49:14.9459734Z [command]/usr/bin/git config --local --name-only --get-regexp ^includeIf\.gitdir:
agent-certlab/aider-ledger-2026-08-14	UNKNOWN STEP	2026-08-31T11:49:14.9499753Z [command]/usr/bin/git submodule foreach --recursive git config --local --show-origin --name-only --get-regexp remote.origin.url
agent-certlab/aider-ledger-2026-08-14	UNKNOWN STEP	2026-08-31T11:49:14.9755902Z [command]/usr/bin/git config --local http.https://github.com/.extraheader AUTHORIZATION: basic ***
agent-certlab/aider-ledger-2026-08-14	UNKNOWN STEP	2026-08-31T11:49:14.9801474Z ##[endgroup]
agent-certlab/aider-ledger-2026-08-14	UNKNOWN STEP	2026-08-31T11:49:14.9802289Z ##[group]Fetching the repository
agent-certlab/aider-ledger-2026-08-14	UNKNOWN STEP	2026-08-31T11:49:14.9811990Z [command]/usr/bin/git -c protocol.version=2 fetch --no-tags --prune --no-recurse-submodules --depth=1 origin +6a05245337cbbcebf1e06180e798ad568848ad2e:refs/remotes/origin/main
agent-certlab/aider-ledger-2026-08-14	UNKNOWN STEP	2026-08-31T11:49:15.6833901Z From https://github.com/egnaro9/vac-protocol
agent-certlab/aider-ledger-2026-08-14	UNKNOWN STEP	2026-08-31T11:49:15.6835718Z  * [new ref]         6a05245337cbbcebf1e06180e798ad568848ad2e -> origin/main
agent-certlab/aider-ledger-2026-08-14	UNKNOWN STEP	2026-08-31T11:49:15.6839120Z ##[endgroup]
agent-certlab/aider-ledger-2026-08-14	UNKNOWN STEP	2026-08-31T11:49:15.6841532Z ##[group]Determining the checkout info
agent-certlab/aider-ledger-2026-08-14	UNKNOWN STEP	2026-08-31T11:49:15.6843227Z ##[endgroup]
agent-certlab/aider-ledger-2026-08-14	UNKNOWN STEP	2026-08-31T11:49:15.6850804Z [command]/usr/bin/git sparse-checkout disable
agent-certlab/aider-ledger-2026-08-14	UNKNOWN STEP	2026-08-31T11:49:15.6910651Z [command]/usr/bin/git config --local --unset-all extensions.worktreeConfig
agent-certlab/aider-ledger-2026-08-14	UNKNOWN STEP	2026-08-31T11:49:15.6943657Z ##[group]Checking out the ref
agent-certlab/aider-ledger-2026-08-14	UNKNOWN STEP	2026-08-31T11:49:15.6949377Z [command]/usr/bin/git checkout --progress --force -B main refs/remotes/origin/main
agent-certlab/aider-ledger-2026-08-14	UNKNOWN STEP	2026-08-31T11:49:15.7261814Z Switched to a new branch 'main'
agent-certlab/aider-ledger-2026-08-14	UNKNOWN STEP	2026-08-31T11:49:15.7271765Z branch 'main' set up to track 'origin/main'.
agent-certlab/aider-ledger-2026-08-14	UNKNOWN STEP	2026-08-31T11:49:15.7276834Z ##[endgroup]
agent-certlab/aider-ledger-2026-08-14	UNKNOWN STEP	2026-08-31T11:49:15.7330179Z [command]/usr/bin/git log -1 --format=%H
agent-certlab/aider-ledger-2026-08-14	UNKNOWN STEP	2026-08-31T11:49:15.7361970Z 6a05245337cbbcebf1e06180e798ad568848ad2e
agent-certlab/aider-ledger-2026-08-14	UNKNOWN STEP	2026-08-31T11:49:15.7819676Z Node 20 is being deprecated. This workflow is running with Node 24 by default. If you need to temporarily use Node 20, you can set the ACTIONS_ALLOW_USE_UNSECURE_NODE_VERSION=true environment variable. For more information see: https://github.blog/changelog/2025-09-19-deprecation-of-node-20-on-github-actions-runners/
agent-certlab/aider-ledger-2026-08-14	UNKNOWN STEP	2026-08-31T11:49:15.7824968Z ##[group]Run actions/setup-python@v5
agent-certlab/aider-ledger-2026-08-14	UNKNOWN STEP	2026-08-31T11:49:15.7826165Z with:
agent-certlab/aider-ledger-2026-08-14	UNKNOWN STEP	2026-08-31T11:49:15.7827106Z   python-version: 3.12
agent-certlab/aider-ledger-2026-08-14	UNKNOWN STEP	2026-08-31T11:49:15.7828195Z   check-latest: false
agent-certlab/aider-ledger-2026-08-14	UNKNOWN STEP	2026-08-31T11:49:15.7836157Z   token: ***
agent-certlab/aider-ledger-2026-08-14	UNKNOWN STEP	2026-08-31T11:49:15.7837173Z   update-environment: true
agent-certlab/aider-ledger-2026-08-14	UNKNOWN STEP	2026-08-31T11:49:15.7838302Z   allow-prereleases: false
agent-certlab/aider-ledger-2026-08-14	UNKNOWN STEP	2026-08-31T11:49:15.7839612Z   freethreaded: false
agent-certlab/aider-ledger-2026-08-14	UNKNOWN STEP	2026-08-31T11:49:15.7840628Z ##[endgroup]
agent-certlab/aider-ledger-2026-08-14	UNKNOWN STEP	2026-08-31T11:49:15.9210356Z ##[group]Installed versions
agent-certlab/aider-ledger-2026-08-14	UNKNOWN STEP	2026-08-31T11:49:15.9293243Z (node:2252) [DEP0040] DeprecationWarning: The `punycode` module is deprecated. Please use a userland alternative instead.
agent-certlab/aider-ledger-2026-08-14	UNKNOWN STEP	2026-08-31T11:49:15.9296916Z (Use `node --trace-deprecation ...` to show where the warning was created)
agent-certlab/aider-ledger-2026-08-14	UNKNOWN STEP	2026-08-31T11:49:15.9299389Z Successfully set up CPython (3.12.14)
agent-certlab/aider-ledger-2026-08-14	UNKNOWN STEP	2026-08-31T11:49:15.9301928Z ##[endgroup]
agent-certlab/aider-ledger-2026-08-14	UNKNOWN STEP	2026-08-31T11:49:15.9621206Z Node 20 is being deprecated. This workflow is running with Node 24 by default. If you need to temporarily use Node 20, you can set the ACTIONS_ALLOW_USE_UNSECURE_NODE_VERSION=true environment variable. For more information see: https://github.blog/changelog/2025-09-19-deprecation-of-node-20-on-github-actions-runners/
agent-certlab/aider-ledger-2026-08-14	UNKNOWN STEP	2026-08-31T11:49:15.9627988Z ##[group]Run actions/setup-node@v4
agent-certlab/aider-ledger-2026-08-14	UNKNOWN STEP	2026-08-31T11:49:15.9630568Z with:
agent-certlab/aider-ledger-2026-08-14	UNKNOWN STEP	2026-08-31T11:49:15.9632261Z   node-version: 22
agent-certlab/aider-ledger-2026-08-14	UNKNOWN STEP	2026-08-31T11:49:15.9634242Z   always-auth: false
agent-certlab/aider-ledger-2026-08-14	UNKNOWN STEP	2026-08-31T11:49:15.9635692Z   check-latest: false
agent-certlab/aider-ledger-2026-08-14	UNKNOWN STEP	2026-08-31T11:49:15.9650076Z   token: ***
agent-certlab/aider-ledger-2026-08-14	UNKNOWN STEP	2026-08-31T11:49:15.9651392Z env:
agent-certlab/aider-ledger-2026-08-14	UNKNOWN STEP	2026-08-31T11:49:15.9653012Z   pythonLocation: /opt/hostedtoolcache/Python/3.12.14/x64
agent-certlab/aider-ledger-2026-08-14	UNKNOWN STEP	2026-08-31T11:49:15.9655550Z   PKG_CONFIG_PATH: /opt/hostedtoolcache/Python/3.12.14/x64/lib/pkgconfig
agent-certlab/aider-ledger-2026-08-14	UNKNOWN STEP	2026-08-31T11:49:15.9657865Z   Python_ROOT_DIR: /opt/hostedtoolcache/Python/3.12.14/x64
agent-certlab/aider-ledger-2026-08-14	UNKNOWN STEP	2026-08-31T11:49:15.9659669Z   Python2_ROOT_DIR: /opt/hostedtoolcache/Python/3.12.14/x64
agent-certlab/aider-ledger-2026-08-14	UNKNOWN STEP	2026-08-31T11:49:15.9661152Z   Python3_ROOT_DIR: /opt/hostedtoolcache/Python/3.12.14/x64
agent-certlab/aider-ledger-2026-08-14	UNKNOWN STEP	2026-08-31T11:49:15.9662640Z   LD_LIBRARY_PATH: /opt/hostedtoolcache/Python/3.12.14/x64/lib
agent-certlab/aider-ledger-2026-08-14	UNKNOWN STEP	2026-08-31T11:49:15.9664025Z ##[endgroup]
agent-certlab/aider-ledger-2026-08-14	UNKNOWN STEP	2026-08-31T11:49:16.1186899Z Found in cache @ /opt/hostedtoolcache/node/22.23.2/x64
agent-certlab/aider-ledger-2026-08-14	UNKNOWN STEP	2026-08-31T11:49:16.1190461Z (node:2261) [DEP0040] DeprecationWarning: The `punycode` module is deprecated. Please use a userland alternative instead.
agent-certlab/aider-ledger-2026-08-14	UNKNOWN STEP	2026-08-31T11:49:16.1193006Z (Use `node --trace-deprecation ...` to show where the warning was created)
agent-certlab/aider-ledger-2026-08-14	UNKNOWN STEP	2026-08-31T11:49:16.1195388Z ##[group]Environment details
agent-certlab/aider-ledger-2026-08-14	UNKNOWN STEP	2026-08-31T11:49:18.8780417Z node: v22.23.2
agent-certlab/aider-ledger-2026-08-14	UNKNOWN STEP	2026-08-31T11:49:18.8780945Z npm: 10.9.8
agent-certlab/aider-ledger-2026-08-14	UNKNOWN STEP	2026-08-31T11:49:18.8781307Z yarn: 1.22.22
agent-certlab/aider-ledger-2026-08-14	UNKNOWN STEP	2026-08-31T11:49:18.8783142Z ##[endgroup]
agent-certlab/aider-ledger-2026-08-14	UNKNOWN STEP	2026-08-31T11:49:18.8938035Z ##[group]Run pip install -e .
agent-certlab/aider-ledger-2026-08-14	UNKNOWN STEP	2026-08-31T11:49:18.8938498Z ^[[36;1mpip install -e .^[[0m
agent-certlab/aider-ledger-2026-08-14	UNKNOWN STEP	2026-08-31T11:49:18.9059925Z shell: /usr/bin/bash -e {0}
agent-certlab/aider-ledger-2026-08-14	UNKNOWN STEP	2026-08-31T11:49:18.9060314Z env:
agent-certlab/aider-ledger-2026-08-14	UNKNOWN STEP	2026-08-31T11:49:18.9060690Z   pythonLocation: /opt/hostedtoolcache/Python/3.12.14/x64
agent-certlab/aider-ledger-2026-08-14	UNKNOWN STEP	2026-08-31T11:49:18.9061289Z   PKG_CONFIG_PATH: /opt/hostedtoolcache/Python/3.12.14/x64/lib/pkgconfig
agent-certlab/aider-ledger-2026-08-14	UNKNOWN STEP	2026-08-31T11:49:18.9061868Z   Python_ROOT_DIR: /opt/hostedtoolcache/Python/3.12.14/x64
agent-certlab/aider-ledger-2026-08-14	UNKNOWN STEP	2026-08-31T11:49:18.9062380Z   Python2_ROOT_DIR: /opt/hostedtoolcache/Python/3.12.14/x64
agent-certlab/aider-ledger-2026-08-14	UNKNOWN STEP	2026-08-31T11:49:18.9062902Z   Python3_ROOT_DIR: /opt/hostedtoolcache/Python/3.12.14/x64
agent-certlab/aider-ledger-2026-08-14	UNKNOWN STEP	2026-08-31T11:49:18.9063414Z   LD_LIBRARY_PATH: /opt/hostedtoolcache/Python/3.12.14/x64/lib
agent-certlab/aider-ledger-2026-08-14	UNKNOWN STEP	2026-08-31T11:49:18.9063863Z ##[endgroup]
agent-certlab/aider-ledger-2026-08-14	UNKNOWN STEP	2026-08-31T11:49:21.5609969Z Obtaining file:///home/runner/work/vac-protocol/vac-protocol
agent-certlab/aider-ledger-2026-08-14	UNKNOWN STEP	2026-08-31T11:49:21.5620486Z   Installing build dependencies: started
agent-certlab/aider-ledger-2026-08-14	UNKNOWN STEP	2026-08-31T11:49:22.9613061Z   Installing build dependencies: finished with status 'done'
agent-certlab/aider-ledger-2026-08-14	UNKNOWN STEP	2026-08-31T11:49:22.9618482Z   Checking if build backend supports build_editable: started
agent-certlab/aider-ledger-2026-08-14	UNKNOWN STEP	2026-08-31T11:49:23.3615735Z   Checking if build backend supports build_editable: finished with status 'done'
agent-certlab/aider-ledger-2026-08-14	UNKNOWN STEP	2026-08-31T11:49:23.3624128Z   Getting requirements to build editable: started
agent-certlab/aider-ledger-2026-08-14	UNKNOWN STEP	2026-08-31T11:49:23.7215491Z   Getting requirements to build editable: finished with status 'done'
agent-certlab/aider-ledger-2026-08-14	UNKNOWN STEP	2026-08-31T11:49:23.7225934Z   Preparing editable metadata (pyproject.toml): started
agent-certlab/aider-ledger-2026-08-14	UNKNOWN STEP	2026-08-31T11:49:23.9175993Z   Preparing editable metadata (pyproject.toml): finished with status 'done'
agent-certlab/aider-ledger-2026-08-14	UNKNOWN STEP	2026-08-31T11:49:23.9213275Z Building wheels for collected packages: vac-protocol
agent-certlab/aider-ledger-2026-08-14	UNKNOWN STEP	2026-08-31T11:49:23.9221131Z   Building editable for vac-protocol (pyproject.toml): started
agent-certlab/aider-ledger-2026-08-14	UNKNOWN STEP	2026-08-31T11:49:24.1412145Z   Building editable for vac-protocol (pyproject.toml): finished with status 'done'
agent-certlab/aider-ledger-2026-08-14	UNKNOWN STEP	2026-08-31T11:49:24.1418539Z   Created wheel for vac-protocol: filename=vac_protocol-0.1.0-0.editable-py3-none-any.whl size=8850 sha256=eed5599042c8be946d872ff305777613dabcc5bcba54bafca5fe6e3b2122d4f1
agent-certlab/aider-ledger-2026-08-14	UNKNOWN STEP	2026-08-31T11:49:24.1421009Z   Stored in directory: /tmp/pip-ephem-wheel-cache-tclemxmd/wheels/31/93/c0/4effb33ea68d4321a176d9cb097b94ea8b1be9d534ea861dec
agent-certlab/aider-ledger-2026-08-14	UNKNOWN STEP	2026-08-31T11:49:24.1447460Z Successfully built vac-protocol
agent-certlab/aider-ledger-2026-08-14	UNKNOWN STEP	2026-08-31T11:49:24.1603780Z Installing collected packages: vac-protocol
agent-certlab/aider-ledger-2026-08-14	UNKNOWN STEP	2026-08-31T11:49:24.1688863Z Successfully installed vac-protocol-0.1.0
agent-certlab/aider-ledger-2026-08-14	UNKNOWN STEP	2026-08-31T11:49:24.2327344Z ##[group]Run python -m vac.registry --fetch-bundle "agent-certlab/aider-ledger-2026-08-14" --dest bundle
agent-certlab/aider-ledger-2026-08-14	UNKNOWN STEP	2026-08-31T11:49:24.2328315Z ^[[36;1mpython -m vac.registry --fetch-bundle "agent-certlab/aider-ledger-2026-08-14" --dest bundle^[[0m
agent-certlab/aider-ledger-2026-08-14	UNKNOWN STEP	2026-08-31T11:49:24.2371765Z shell: /usr/bin/bash -e {0}
agent-certlab/aider-ledger-2026-08-14	UNKNOWN STEP	2026-08-31T11:49:24.2372053Z env:
agent-certlab/aider-ledger-2026-08-14	UNKNOWN STEP	2026-08-31T11:49:24.2372365Z   pythonLocation: /opt/hostedtoolcache/Python/3.12.14/x64
agent-certlab/aider-ledger-2026-08-14	UNKNOWN STEP	2026-08-31T11:49:24.2372912Z   PKG_CONFIG_PATH: /opt/hostedtoolcache/Python/3.12.14/x64/lib/pkgconfig
agent-certlab/aider-ledger-2026-08-14	UNKNOWN STEP	2026-08-31T11:49:24.2373435Z   Python_ROOT_DIR: /opt/hostedtoolcache/Python/3.12.14/x64
agent-certlab/aider-ledger-2026-08-14	UNKNOWN STEP	2026-08-31T11:49:24.2373915Z   Python2_ROOT_DIR: /opt/hostedtoolcache/Python/3.12.14/x64
agent-certlab/aider-ledger-2026-08-14	UNKNOWN STEP	2026-08-31T11:49:24.2374372Z   Python3_ROOT_DIR: /opt/hostedtoolcache/Python/3.12.14/x64
agent-certlab/aider-ledger-2026-08-14	UNKNOWN STEP	2026-08-31T11:49:24.2374829Z   LD_LIBRARY_PATH: /opt/hostedtoolcache/Python/3.12.14/x64/lib
agent-certlab/aider-ledger-2026-08-14	UNKNOWN STEP	2026-08-31T11:49:24.2375220Z ##[endgroup]
agent-certlab/aider-ledger-2026-08-14	UNKNOWN STEP	2026-08-31T11:49:24.8492197Z fetched agent-certlab/aider-ledger-2026-08-14 into bundle: every artifact sha256-verified against the registry
agent-certlab/aider-ledger-2026-08-14	UNKNOWN STEP	2026-08-31T11:49:24.8653527Z ##[group]Run python -m vac.verify bundle
agent-certlab/aider-ledger-2026-08-14	UNKNOWN STEP	2026-08-31T11:49:24.8653964Z ^[[36;1mpython -m vac.verify bundle^[[0m
agent-certlab/aider-ledger-2026-08-14	UNKNOWN STEP	2026-08-31T11:49:24.8696063Z shell: /usr/bin/bash -e {0}
agent-certlab/aider-ledger-2026-08-14	UNKNOWN STEP	2026-08-31T11:49:24.8696357Z env:
agent-certlab/aider-ledger-2026-08-14	UNKNOWN STEP	2026-08-31T11:49:24.8696659Z   pythonLocation: /opt/hostedtoolcache/Python/3.12.14/x64
agent-certlab/aider-ledger-2026-08-14	UNKNOWN STEP	2026-08-31T11:49:24.8697184Z   PKG_CONFIG_PATH: /opt/hostedtoolcache/Python/3.12.14/x64/lib/pkgconfig
agent-certlab/aider-ledger-2026-08-14	UNKNOWN STEP	2026-08-31T11:49:24.8697705Z   Python_ROOT_DIR: /opt/hostedtoolcache/Python/3.12.14/x64
agent-certlab/aider-ledger-2026-08-14	UNKNOWN STEP	2026-08-31T11:49:24.8698163Z   Python2_ROOT_DIR: /opt/hostedtoolcache/Python/3.12.14/x64
agent-certlab/aider-ledger-2026-08-14	UNKNOWN STEP	2026-08-31T11:49:24.8698640Z   Python3_ROOT_DIR: /opt/hostedtoolcache/Python/3.12.14/x64
agent-certlab/aider-ledger-2026-08-14	UNKNOWN STEP	2026-08-31T11:49:24.8699093Z   LD_LIBRARY_PATH: /opt/hostedtoolcache/Python/3.12.14/x64/lib
agent-certlab/aider-ledger-2026-08-14	UNKNOWN STEP	2026-08-31T11:49:24.8699656Z ##[endgroup]
agent-certlab/aider-ledger-2026-08-14	UNKNOWN STEP	2026-08-31T11:49:24.9157419Z structural verification: PASS (bundle)
agent-certlab/aider-ledger-2026-08-14	UNKNOWN STEP	2026-08-31T11:49:24.9158364Z   proved offline: manifest schema, artifact presence + sha256, bundle closure,
agent-certlab/aider-ledger-2026-08-14	UNKNOWN STEP	2026-08-31T11:49:24.9159872Z   stated limitations, stamp agreement, declared results recomputed from artifacts.
agent-certlab/aider-ledger-2026-08-14	UNKNOWN STEP	2026-08-31T11:49:24.9161042Z semantic replay: NOT run by this tool. A structural PASS means the bundle is
agent-certlab/aider-ledger-2026-08-14	UNKNOWN STEP	2026-08-31T11:49:24.9162098Z   internally honest, not that the issuer's grader agrees. To re-earn the
agent-certlab/aider-ledger-2026-08-14	UNKNOWN STEP	2026-08-31T11:49:24.9163145Z   verdicts, run the bundle's replay block at the pinned issuer_commit:
agent-certlab/aider-ledger-2026-08-14	UNKNOWN STEP	2026-08-31T11:49:24.9164053Z     $ git clone https://github.com/egnaro9/agent-certlab issuer
agent-certlab/aider-ledger-2026-08-14	UNKNOWN STEP	2026-08-31T11:49:24.9164747Z     $ git -C issuer checkout 7213f39
agent-certlab/aider-ledger-2026-08-14	UNKNOWN STEP	2026-08-31T11:49:24.9165731Z     $ python -m pip install -e './issuer[test]'
agent-certlab/aider-ledger-2026-08-14	UNKNOWN STEP	2026-08-31T11:49:24.9166330Z     $ python -m certlab.regrade bundle.json
agent-certlab/aider-ledger-2026-08-14	UNKNOWN STEP	2026-08-31T11:49:24.9167585Z     expected: exit 0; regrade reports 'consistent — 6/6 verdicts recomputed identical'
agent-certlab/aider-ledger-2026-08-14	UNKNOWN STEP	2026-08-31T11:49:24.9247309Z ##[group]Run jq -r '.replay.commands[]' bundle/vac.json > replay.sh
agent-certlab/aider-ledger-2026-08-14	UNKNOWN STEP	2026-08-31T11:49:24.9247800Z ^[[36;1mjq -r '.replay.commands[]' bundle/vac.json > replay.sh^[[0m
agent-certlab/aider-ledger-2026-08-14	UNKNOWN STEP	2026-08-31T11:49:24.9248231Z ^[[36;1mecho "--- replay block (sha256-pinned via the registry) ---"^[[0m
agent-certlab/aider-ledger-2026-08-14	UNKNOWN STEP	2026-08-31T11:49:24.9248593Z ^[[36;1mcat replay.sh^[[0m
agent-certlab/aider-ledger-2026-08-14	UNKNOWN STEP	2026-08-31T11:49:24.9248927Z ^[[36;1mecho "--- expected: $(jq -r '.replay.expected' bundle/vac.json)"^[[0m
agent-certlab/aider-ledger-2026-08-14	UNKNOWN STEP	2026-08-31T11:49:24.9249544Z ^[[36;1mcd bundle^[[0m
agent-certlab/aider-ledger-2026-08-14	UNKNOWN STEP	2026-08-31T11:49:24.9249856Z ^[[36;1mbash -euxo pipefail ../replay.sh 2>&1 | tee ../transcript.txt^[[0m
agent-certlab/aider-ledger-2026-08-14	UNKNOWN STEP	2026-08-31T11:49:24.9294214Z shell: /usr/bin/bash --noprofile --norc -e -o pipefail {0}
agent-certlab/aider-ledger-2026-08-14	UNKNOWN STEP	2026-08-31T11:49:24.9294562Z env:
agent-certlab/aider-ledger-2026-08-14	UNKNOWN STEP	2026-08-31T11:49:24.9294847Z   pythonLocation: /opt/hostedtoolcache/Python/3.12.14/x64
agent-certlab/aider-ledger-2026-08-14	UNKNOWN STEP	2026-08-31T11:49:24.9295323Z   PKG_CONFIG_PATH: /opt/hostedtoolcache/Python/3.12.14/x64/lib/pkgconfig
agent-certlab/aider-ledger-2026-08-14	UNKNOWN STEP	2026-08-31T11:49:24.9295753Z   Python_ROOT_DIR: /opt/hostedtoolcache/Python/3.12.14/x64
agent-certlab/aider-ledger-2026-08-14	UNKNOWN STEP	2026-08-31T11:49:24.9296185Z   Python2_ROOT_DIR: /opt/hostedtoolcache/Python/3.12.14/x64
agent-certlab/aider-ledger-2026-08-14	UNKNOWN STEP	2026-08-31T11:49:24.9296570Z   Python3_ROOT_DIR: /opt/hostedtoolcache/Python/3.12.14/x64
agent-certlab/aider-ledger-2026-08-14	UNKNOWN STEP	2026-08-31T11:49:24.9296955Z   LD_LIBRARY_PATH: /opt/hostedtoolcache/Python/3.12.14/x64/lib
agent-certlab/aider-ledger-2026-08-14	UNKNOWN STEP	2026-08-31T11:49:24.9297281Z ##[endgroup]
agent-certlab/aider-ledger-2026-08-14	UNKNOWN STEP	2026-08-31T11:49:24.9395035Z --- replay block (sha256-pinned via the registry) ---
agent-certlab/aider-ledger-2026-08-14	UNKNOWN STEP	2026-08-31T11:49:24.9405047Z git clone https://github.com/egnaro9/agent-certlab issuer
agent-certlab/aider-ledger-2026-08-14	UNKNOWN STEP	2026-08-31T11:49:24.9405793Z git -C issuer checkout 7213f39
agent-certlab/aider-ledger-2026-08-14	UNKNOWN STEP	2026-08-31T11:49:24.9406213Z python -m pip install -e './issuer[test]'
agent-certlab/aider-ledger-2026-08-14	UNKNOWN STEP	2026-08-31T11:49:24.9406625Z python -m certlab.regrade bundle.json
agent-certlab/aider-ledger-2026-08-14	UNKNOWN STEP	2026-08-31T11:49:24.9437542Z --- expected: exit 0; regrade reports 'consistent — 6/6 verdicts recomputed identical'
agent-certlab/aider-ledger-2026-08-14	UNKNOWN STEP	2026-08-31T11:49:24.9454098Z + git clone https://github.com/egnaro9/agent-certlab issuer
agent-certlab/aider-ledger-2026-08-14	UNKNOWN STEP	2026-08-31T11:49:24.9467964Z Cloning into 'issuer'...
agent-certlab/aider-ledger-2026-08-14	UNKNOWN STEP	2026-08-31T11:49:25.4388698Z + git -C issuer checkout 7213f39
agent-certlab/aider-ledger-2026-08-14	UNKNOWN STEP	2026-08-31T11:49:25.4455253Z Note: switching to '7213f39'.
agent-certlab/aider-ledger-2026-08-14	UNKNOWN STEP	2026-08-31T11:49:25.4455575Z 
agent-certlab/aider-ledger-2026-08-14	UNKNOWN STEP	2026-08-31T11:49:25.4456137Z You are in 'detached HEAD' state. You can look around, make experimental
agent-certlab/aider-ledger-2026-08-14	UNKNOWN STEP	2026-08-31T11:49:25.4457194Z changes and commit them, and you can discard any commits you make in this
agent-certlab/aider-ledger-2026-08-14	UNKNOWN STEP	2026-08-31T11:49:25.4458195Z state without impacting any branches by switching back to a branch.
agent-certlab/aider-ledger-2026-08-14	UNKNOWN STEP	2026-08-31T11:49:25.4458720Z 
agent-certlab/aider-ledger-2026-08-14	UNKNOWN STEP	2026-08-31T11:49:25.4459393Z If you want to create a new branch to retain commits you create, you may
agent-certlab/aider-ledger-2026-08-14	UNKNOWN STEP	2026-08-31T11:49:25.4460362Z do so (now or later) by using -c with the switch command. Example:
agent-certlab/aider-ledger-2026-08-14	UNKNOWN STEP	2026-08-31T11:49:25.4460829Z 
agent-certlab/aider-ledger-2026-08-14	UNKNOWN STEP	2026-08-31T11:49:25.4461054Z   git switch -c <new-branch-name>
agent-certlab/aider-ledger-2026-08-14	UNKNOWN STEP	2026-08-31T11:49:25.4461270Z 
agent-certlab/aider-ledger-2026-08-14	UNKNOWN STEP	2026-08-31T11:49:25.4461413Z Or undo this operation with:
agent-certlab/aider-ledger-2026-08-14	UNKNOWN STEP	2026-08-31T11:49:25.4461656Z 
agent-certlab/aider-ledger-2026-08-14	UNKNOWN STEP	2026-08-31T11:49:25.4461755Z   git switch -
agent-certlab/aider-ledger-2026-08-14	UNKNOWN STEP	2026-08-31T11:49:25.4461900Z 
agent-certlab/aider-ledger-2026-08-14	UNKNOWN STEP	2026-08-31T11:49:25.4462442Z Turn off this advice by setting config variable advice.detachedHead to false
agent-certlab/aider-ledger-2026-08-14	UNKNOWN STEP	2026-08-31T11:49:25.4462891Z 
agent-certlab/aider-ledger-2026-08-14	UNKNOWN STEP	2026-08-31T11:49:25.4463404Z HEAD is now at 7213f39 Aider adapter: read-only context and history files out of the graded tree
agent-certlab/aider-ledger-2026-08-14	UNKNOWN STEP	2026-08-31T11:49:25.4464818Z + python -m pip install -e './issuer[test]'
agent-certlab/aider-ledger-2026-08-14	UNKNOWN STEP	2026-08-31T11:49:26.0658207Z Obtaining file:///home/runner/work/vac-protocol/vac-protocol/bundle/issuer
agent-certlab/aider-ledger-2026-08-14	UNKNOWN STEP	2026-08-31T11:49:26.0675655Z   Installing build dependencies: started
agent-certlab/aider-ledger-2026-08-14	UNKNOWN STEP	2026-08-31T11:49:26.5811225Z   Installing build dependencies: finished with status 'done'
agent-certlab/aider-ledger-2026-08-14	UNKNOWN STEP	2026-08-31T11:49:26.5817745Z   Checking if build backend supports build_editable: started
agent-certlab/aider-ledger-2026-08-14	UNKNOWN STEP	2026-08-31T11:49:26.8818467Z   Checking if build backend supports build_editable: finished with status 'done'
agent-certlab/aider-ledger-2026-08-14	UNKNOWN STEP	2026-08-31T11:49:26.8826404Z   Getting requirements to build editable: started
agent-certlab/aider-ledger-2026-08-14	UNKNOWN STEP	2026-08-31T11:49:27.2330500Z   Getting requirements to build editable: finished with status 'done'
agent-certlab/aider-ledger-2026-08-14	UNKNOWN STEP	2026-08-31T11:49:27.2341075Z   Preparing editable metadata (pyproject.toml): started
agent-certlab/aider-ledger-2026-08-14	UNKNOWN STEP	2026-08-31T11:49:27.4262400Z   Preparing editable metadata (pyproject.toml): finished with status 'done'
agent-certlab/aider-ledger-2026-08-14	UNKNOWN STEP	2026-08-31T11:49:27.5550901Z Collecting pytest (from agent-certlab==0.0.1)
agent-certlab/aider-ledger-2026-08-14	UNKNOWN STEP	2026-08-31T11:49:27.6200077Z   Downloading pytest-9.1.1-py3-none-any.whl.metadata (7.6 kB)
agent-certlab/aider-ledger-2026-08-14	UNKNOWN STEP	2026-08-31T11:49:27.6446092Z Collecting iniconfig>=1.0.1 (from pytest->agent-certlab==0.0.1)
agent-certlab/aider-ledger-2026-08-14	UNKNOWN STEP	2026-08-31T11:49:27.6551575Z   Downloading iniconfig-2.3.0-py3-none-any.whl.metadata (2.5 kB)
agent-certlab/aider-ledger-2026-08-14	UNKNOWN STEP	2026-08-31T11:49:27.6827963Z Collecting packaging>=22 (from pytest->agent-certlab==0.0.1)
agent-certlab/aider-ledger-2026-08-14	UNKNOWN STEP	2026-08-31T11:49:27.6934177Z   Downloading packaging-26.3-py3-none-any.whl.metadata (3.5 kB)
agent-certlab/aider-ledger-2026-08-14	UNKNOWN STEP	2026-08-31T11:49:27.7168544Z Collecting pluggy<2,>=1.5 (from pytest->agent-certlab==0.0.1)
agent-certlab/aider-ledger-2026-08-14	UNKNOWN STEP	2026-08-31T11:49:27.7273833Z   Downloading pluggy-1.6.0-py3-none-any.whl.metadata (4.8 kB)
agent-certlab/aider-ledger-2026-08-14	UNKNOWN STEP	2026-08-31T11:49:27.7594954Z Collecting pygments>=2.7.2 (from pytest->agent-certlab==0.0.1)
agent-certlab/aider-ledger-2026-08-14	UNKNOWN STEP	2026-08-31T11:49:27.7700997Z   Downloading pygments-2.21.0-py3-none-any.whl.metadata (2.5 kB)
agent-certlab/aider-ledger-2026-08-14	UNKNOWN STEP	2026-08-31T11:49:27.7850324Z Downloading pytest-9.1.1-py3-none-any.whl (386 kB)
agent-certlab/aider-ledger-2026-08-14	UNKNOWN STEP	2026-08-31T11:49:27.8340560Z Downloading pluggy-1.6.0-py3-none-any.whl (20 kB)
agent-certlab/aider-ledger-2026-08-14	UNKNOWN STEP	2026-08-31T11:49:27.8464483Z Downloading iniconfig-2.3.0-py3-none-any.whl (7.5 kB)
agent-certlab/aider-ledger-2026-08-14	UNKNOWN STEP	2026-08-31T11:49:27.8588188Z Downloading packaging-26.3-py3-none-any.whl (129 kB)
agent-certlab/aider-ledger-2026-08-14	UNKNOWN STEP	2026-08-31T11:49:27.8722268Z Downloading pygments-2.21.0-py3-none-any.whl (1.3 MB)
agent-certlab/aider-ledger-2026-08-14	UNKNOWN STEP	2026-08-31T11:49:27.9037340Z    ━━━━━━━━━━━━━━━━━━━━━━━━━━━━━━━━━━━━━━━━ 1.3/1.3 MB 35.8 MB/s  0:00:00
agent-certlab/aider-ledger-2026-08-14	UNKNOWN STEP	2026-08-31T11:49:27.9193615Z Building wheels for collected packages: agent-certlab
agent-certlab/aider-ledger-2026-08-14	UNKNOWN STEP	2026-08-31T11:49:27.9201995Z   Building editable for agent-certlab (pyproject.toml): started
agent-certlab/aider-ledger-2026-08-14	UNKNOWN STEP	2026-08-31T11:49:28.1437025Z   Building editable for agent-certlab (pyproject.toml): finished with status 'done'
agent-certlab/aider-ledger-2026-08-14	UNKNOWN STEP	2026-08-31T11:49:28.1443794Z   Created wheel for agent-certlab: filename=agent_certlab-0.0.1-0.editable-py3-none-any.whl size=4941 sha256=927a94d5367789def820c8a6c9bd47a9ed9502d34560abd5d47a077fd229b510
agent-certlab/aider-ledger-2026-08-14	UNKNOWN STEP	2026-08-31T11:49:28.1445935Z   Stored in directory: /tmp/pip-ephem-wheel-cache-ofq16iah/wheels/9c/ec/1b/d9e190e220536733f4048d8fe227b840b2eca03c0a75ceaeaf
agent-certlab/aider-ledger-2026-08-14	UNKNOWN STEP	2026-08-31T11:49:28.1463134Z Successfully built agent-certlab
agent-certlab/aider-ledger-2026-08-14	UNKNOWN STEP	2026-08-31T11:49:28.1669807Z Installing collected packages: pygments, pluggy, packaging, iniconfig, agent-certlab, pytest
agent-certlab/aider-ledger-2026-08-14	UNKNOWN STEP	2026-08-31T11:49:29.3441364Z 
agent-certlab/aider-ledger-2026-08-14	UNKNOWN STEP	2026-08-31T11:49:29.3454544Z Successfully installed agent-certlab-0.0.1 iniconfig-2.3.0 packaging-26.3 pluggy-1.6.0 pygments-2.21.0 pytest-9.1.1
agent-certlab/aider-ledger-2026-08-14	UNKNOWN STEP	2026-08-31T11:49:29.4107573Z + python -m certlab.regrade bundle.json
agent-certlab/aider-ledger-2026-08-14	UNKNOWN STEP	2026-08-31T11:49:31.0630741Z : consistent — 6/6 verdicts recomputed identical
agent-certlab/aider-ledger-2026-08-14	UNKNOWN STEP	2026-08-31T11:49:31.0762440Z ##[group]Run if jq -e '[.results.checks[].profile] | index("certlab-bundle-v1")' bundle/vac.json > /dev/null; then
agent-certlab/aider-ledger-2026-08-14	UNKNOWN STEP	2026-08-31T11:49:31.0763411Z ^[[36;1mif jq -e '[.results.checks[].profile] | index("certlab-bundle-v1")' bundle/vac.json > /dev/null; then^[[0m
agent-certlab/aider-ledger-2026-08-14	UNKNOWN STEP	2026-08-31T11:49:31.0764128Z ^[[36;1m  if grep -Eq 'stale-code|cannot regrade' transcript.txt; then^[[0m
agent-certlab/aider-ledger-2026-08-14	UNKNOWN STEP	2026-08-31T11:49:31.0765007Z ^[[36;1m    echo "regrade REFUSED at the pinned commit — issuer_commit/replay commit does not regrade this bundle (drifted task set or wrong pin)"^[[0m
agent-certlab/aider-ledger-2026-08-14	UNKNOWN STEP	2026-08-31T11:49:31.0765766Z ^[[36;1m    exit 1^[[0m
agent-certlab/aider-ledger-2026-08-14	UNKNOWN STEP	2026-08-31T11:49:31.0766001Z ^[[36;1m  fi^[[0m
agent-certlab/aider-ledger-2026-08-14	UNKNOWN STEP	2026-08-31T11:49:31.0766296Z ^[[36;1m  if ! grep -q 'consistent' transcript.txt; then^[[0m
agent-certlab/aider-ledger-2026-08-14	UNKNOWN STEP	2026-08-31T11:49:31.0766860Z ^[[36;1m    echo "regrade never reported 'consistent' — the verdicts were not re-earned"^[[0m
agent-certlab/aider-ledger-2026-08-14	UNKNOWN STEP	2026-08-31T11:49:31.0767352Z ^[[36;1m    exit 1^[[0m
agent-certlab/aider-ledger-2026-08-14	UNKNOWN STEP	2026-08-31T11:49:31.0767582Z ^[[36;1m  fi^[[0m
agent-certlab/aider-ledger-2026-08-14	UNKNOWN STEP	2026-08-31T11:49:31.0767793Z ^[[36;1melse^[[0m
agent-certlab/aider-ledger-2026-08-14	UNKNOWN STEP	2026-08-31T11:49:31.0768227Z ^[[36;1m  echo "no certlab-bundle-v1 check in this bundle; predicate not applicable"^[[0m
agent-certlab/aider-ledger-2026-08-14	UNKNOWN STEP	2026-08-31T11:49:31.0768717Z ^[[36;1mfi^[[0m
agent-certlab/aider-ledger-2026-08-14	UNKNOWN STEP	2026-08-31T11:49:31.0810554Z shell: /usr/bin/bash -e {0}
agent-certlab/aider-ledger-2026-08-14	UNKNOWN STEP	2026-08-31T11:49:31.0810835Z env:
agent-certlab/aider-ledger-2026-08-14	UNKNOWN STEP	2026-08-31T11:49:31.0811326Z   pythonLocation: /opt/hostedtoolcache/Python/3.12.14/x64
agent-certlab/aider-ledger-2026-08-14	UNKNOWN STEP	2026-08-31T11:49:31.0811861Z   PKG_CONFIG_PATH: /opt/hostedtoolcache/Python/3.12.14/x64/lib/pkgconfig
agent-certlab/aider-ledger-2026-08-14	UNKNOWN STEP	2026-08-31T11:49:31.0812391Z   Python_ROOT_DIR: /opt/hostedtoolcache/Python/3.12.14/x64
agent-certlab/aider-ledger-2026-08-14	UNKNOWN STEP	2026-08-31T11:49:31.0812851Z   Python2_ROOT_DIR: /opt/hostedtoolcache/Python/3.12.14/x64
agent-certlab/aider-ledger-2026-08-14	UNKNOWN STEP	2026-08-31T11:49:31.0813304Z   Python3_ROOT_DIR: /opt/hostedtoolcache/Python/3.12.14/x64
agent-certlab/aider-ledger-2026-08-14	UNKNOWN STEP	2026-08-31T11:49:31.0813768Z   LD_LIBRARY_PATH: /opt/hostedtoolcache/Python/3.12.14/x64/lib
agent-certlab/aider-ledger-2026-08-14	UNKNOWN STEP	2026-08-31T11:49:31.0814154Z ##[endgroup]
agent-certlab/aider-ledger-2026-08-14	UNKNOWN STEP	2026-08-31T11:49:31.0967759Z ##[group]Run if jq -e '[.results.checks[].profile] | index("fleet-board-v1")' bundle/vac.json > /dev/null; then
agent-certlab/aider-ledger-2026-08-14	UNKNOWN STEP	2026-08-31T11:49:31.0968662Z ^[[36;1mif jq -e '[.results.checks[].profile] | index("fleet-board-v1")' bundle/vac.json > /dev/null; then^[[0m
agent-certlab/aider-ledger-2026-08-14	UNKNOWN STEP	2026-08-31T11:49:31.0969551Z ^[[36;1m  if ! grep -q '+ cmp ' transcript.txt; then^[[0m
agent-certlab/aider-ledger-2026-08-14	UNKNOWN STEP	2026-08-31T11:49:31.0970231Z ^[[36;1m    echo "fleet replay block executed no cmp — byte-identity with the downloaded results was never checked"^[[0m
agent-certlab/aider-ledger-2026-08-14	UNKNOWN STEP	2026-08-31T11:49:31.0970883Z ^[[36;1m    exit 1^[[0m
agent-certlab/aider-ledger-2026-08-14	UNKNOWN STEP	2026-08-31T11:49:31.0971130Z ^[[36;1m  fi^[[0m
agent-certlab/aider-ledger-2026-08-14	UNKNOWN STEP	2026-08-31T11:49:31.0971431Z ^[[36;1m  if grep -E 'differ|EOF on' transcript.txt; then^[[0m
agent-certlab/aider-ledger-2026-08-14	UNKNOWN STEP	2026-08-31T11:49:31.0972046Z ^[[36;1m    echo "a byte-compare FAILED — the pinned commit does not reproduce the registered bytes"^[[0m
agent-certlab/aider-ledger-2026-08-14	UNKNOWN STEP	2026-08-31T11:49:31.0972591Z ^[[36;1m    exit 1^[[0m
agent-certlab/aider-ledger-2026-08-14	UNKNOWN STEP	2026-08-31T11:49:31.0972824Z ^[[36;1m  fi^[[0m
agent-certlab/aider-ledger-2026-08-14	UNKNOWN STEP	2026-08-31T11:49:31.0973034Z ^[[36;1melse^[[0m
agent-certlab/aider-ledger-2026-08-14	UNKNOWN STEP	2026-08-31T11:49:31.0973462Z ^[[36;1m  echo "no fleet-board-v1 check in this bundle; predicate not applicable"^[[0m
agent-certlab/aider-ledger-2026-08-14	UNKNOWN STEP	2026-08-31T11:49:31.0973931Z ^[[36;1mfi^[[0m
agent-certlab/aider-ledger-2026-08-14	UNKNOWN STEP	2026-08-31T11:49:31.1010780Z shell: /usr/bin/bash -e {0}
agent-certlab/aider-ledger-2026-08-14	UNKNOWN STEP	2026-08-31T11:49:31.1011056Z env:
agent-certlab/aider-ledger-2026-08-14	UNKNOWN STEP	2026-08-31T11:49:31.1011351Z   pythonLocation: /opt/hostedtoolcache/Python/3.12.14/x64
agent-certlab/aider-ledger-2026-08-14	UNKNOWN STEP	2026-08-31T11:49:31.1011872Z   PKG_CONFIG_PATH: /opt/hostedtoolcache/Python/3.12.14/x64/lib/pkgconfig
agent-certlab/aider-ledger-2026-08-14	UNKNOWN STEP	2026-08-31T11:49:31.1012386Z   Python_ROOT_DIR: /opt/hostedtoolcache/Python/3.12.14/x64
agent-certlab/aider-ledger-2026-08-14	UNKNOWN STEP	2026-08-31T11:49:31.1012858Z   Python2_ROOT_DIR: /opt/hostedtoolcache/Python/3.12.14/x64
agent-certlab/aider-ledger-2026-08-14	UNKNOWN STEP	2026-08-31T11:49:31.1013311Z   Python3_ROOT_DIR: /opt/hostedtoolcache/Python/3.12.14/x64
agent-certlab/aider-ledger-2026-08-14	UNKNOWN STEP	2026-08-31T11:49:31.1013760Z   LD_LIBRARY_PATH: /opt/hostedtoolcache/Python/3.12.14/x64/lib
agent-certlab/aider-ledger-2026-08-14	UNKNOWN STEP	2026-08-31T11:49:31.1014145Z ##[endgroup]
agent-certlab/aider-ledger-2026-08-14	UNKNOWN STEP	2026-08-31T11:49:31.1104163Z no fleet-board-v1 check in this bundle; predicate not applicable
agent-certlab/aider-ledger-2026-08-14	UNKNOWN STEP	2026-08-31T11:49:31.1132177Z ##[group]Run if jq -e '[.results.checks[].profile] | index("evalmut-run-v1")' bundle/vac.json > /dev/null; then
agent-certlab/aider-ledger-2026-08-14	UNKNOWN STEP	2026-08-31T11:49:31.1132883Z ^[[36;1mif jq -e '[.results.checks[].profile] | index("evalmut-run-v1")' bundle/vac.json > /dev/null; then^[[0m
agent-certlab/aider-ledger-2026-08-14	UNKNOWN STEP	2026-08-31T11:49:31.1133379Z ^[[36;1m  if ! grep -q '+ cmp ' transcript.txt; then^[[0m
agent-certlab/aider-ledger-2026-08-14	UNKNOWN STEP	2026-08-31T11:49:31.1133934Z ^[[36;1m    echo "evalmut replay block executed no cmp — byte-identity with the downloaded payload was never checked"^[[0m
agent-certlab/aider-ledger-2026-08-14	UNKNOWN STEP	2026-08-31T11:49:31.1134452Z ^[[36;1m    exit 1^[[0m
agent-certlab/aider-ledger-2026-08-14	UNKNOWN STEP	2026-08-31T11:49:31.1134675Z ^[[36;1m  fi^[[0m
agent-certlab/aider-ledger-2026-08-14	UNKNOWN STEP	2026-08-31T11:49:31.1134955Z ^[[36;1m  if grep -E 'differ|EOF on' transcript.txt; then^[[0m
agent-certlab/aider-ledger-2026-08-14	UNKNOWN STEP	2026-08-31T11:49:31.1135466Z ^[[36;1m    echo "a byte-compare FAILED — the pinned commit does not reproduce the registered bytes"^[[0m
agent-certlab/aider-ledger-2026-08-14	UNKNOWN STEP	2026-08-31T11:49:31.1135901Z ^[[36;1m    exit 1^[[0m
agent-certlab/aider-ledger-2026-08-14	UNKNOWN STEP	2026-08-31T11:49:31.1136114Z ^[[36;1m  fi^[[0m
agent-certlab/aider-ledger-2026-08-14	UNKNOWN STEP	2026-08-31T11:49:31.1136311Z ^[[36;1melse^[[0m
agent-certlab/aider-ledger-2026-08-14	UNKNOWN STEP	2026-08-31T11:49:31.1136676Z ^[[36;1m  echo "no evalmut-run-v1 check in this bundle; predicate not applicable"^[[0m
agent-certlab/aider-ledger-2026-08-14	UNKNOWN STEP	2026-08-31T11:49:31.1137060Z ^[[36;1mfi^[[0m
agent-certlab/aider-ledger-2026-08-14	UNKNOWN STEP	2026-08-31T11:49:31.1173891Z shell: /usr/bin/bash -e {0}
agent-certlab/aider-ledger-2026-08-14	UNKNOWN STEP	2026-08-31T11:49:31.1174171Z env:
agent-certlab/aider-ledger-2026-08-14	UNKNOWN STEP	2026-08-31T11:49:31.1174476Z   pythonLocation: /opt/hostedtoolcache/Python/3.12.14/x64
agent-certlab/aider-ledger-2026-08-14	UNKNOWN STEP	2026-08-31T11:49:31.1174999Z   PKG_CONFIG_PATH: /opt/hostedtoolcache/Python/3.12.14/x64/lib/pkgconfig
agent-certlab/aider-ledger-2026-08-14	UNKNOWN STEP	2026-08-31T11:49:31.1175528Z   Python_ROOT_DIR: /opt/hostedtoolcache/Python/3.12.14/x64
agent-certlab/aider-ledger-2026-08-14	UNKNOWN STEP	2026-08-31T11:49:31.1175981Z   Python2_ROOT_DIR: /opt/hostedtoolcache/Python/3.12.14/x64
agent-certlab/aider-ledger-2026-08-14	UNKNOWN STEP	2026-08-31T11:49:31.1176467Z   Python3_ROOT_DIR: /opt/hostedtoolcache/Python/3.12.14/x64
agent-certlab/aider-ledger-2026-08-14	UNKNOWN STEP	2026-08-31T11:49:31.1177193Z   LD_LIBRARY_PATH: /opt/hostedtoolcache/Python/3.12.14/x64/lib
agent-certlab/aider-ledger-2026-08-14	UNKNOWN STEP	2026-08-31T11:49:31.1177579Z ##[endgroup]
agent-certlab/aider-ledger-2026-08-14	UNKNOWN STEP	2026-08-31T11:49:31.1270678Z no evalmut-run-v1 check in this bundle; predicate not applicable
agent-certlab/aider-ledger-2026-08-14	UNKNOWN STEP	2026-08-31T11:49:31.1299640Z ##[group]Run if jq -e '[.results.checks[].profile] | index("crashkit-battery-v1")' bundle/vac.json > /dev/null; then
agent-certlab/aider-ledger-2026-08-14	UNKNOWN STEP	2026-08-31T11:49:31.1300626Z ^[[36;1mif jq -e '[.results.checks[].profile] | index("crashkit-battery-v1")' bundle/vac.json > /dev/null; then^[[0m
agent-certlab/aider-ledger-2026-08-14	UNKNOWN STEP	2026-08-31T11:49:31.1301286Z ^[[36;1m  if ! grep -q '+ cmp ' transcript.txt; then^[[0m
agent-certlab/aider-ledger-2026-08-14	UNKNOWN STEP	2026-08-31T11:49:31.1301993Z ^[[36;1m    echo "crashkit replay block executed no cmp — byte-identity with the downloaded artifacts was never checked"^[[0m
agent-certlab/aider-ledger-2026-08-14	UNKNOWN STEP	2026-08-31T11:49:31.1302658Z ^[[36;1m    exit 1^[[0m
agent-certlab/aider-ledger-2026-08-14	UNKNOWN STEP	2026-08-31T11:49:31.1302890Z ^[[36;1m  fi^[[0m
agent-certlab/aider-ledger-2026-08-14	UNKNOWN STEP	2026-08-31T11:49:31.1303184Z ^[[36;1m  if grep -E 'differ|EOF on' transcript.txt; then^[[0m
agent-certlab/aider-ledger-2026-08-14	UNKNOWN STEP	2026-08-31T11:49:31.1303809Z ^[[36;1m    echo "a byte-compare FAILED — the pinned commit does not reproduce the registered bytes"^[[0m
agent-certlab/aider-ledger-2026-08-14	UNKNOWN STEP	2026-08-31T11:49:31.1304374Z ^[[36;1m    exit 1^[[0m
agent-certlab/aider-ledger-2026-08-14	UNKNOWN STEP	2026-08-31T11:49:31.1304601Z ^[[36;1m  fi^[[0m
agent-certlab/aider-ledger-2026-08-14	UNKNOWN STEP	2026-08-31T11:49:31.1304819Z ^[[36;1melse^[[0m
agent-certlab/aider-ledger-2026-08-14	UNKNOWN STEP	2026-08-31T11:49:31.1305263Z ^[[36;1m  echo "no crashkit-battery-v1 check in this bundle; predicate not applicable"^[[0m
agent-certlab/aider-ledger-2026-08-14	UNKNOWN STEP	2026-08-31T11:49:31.1305775Z ^[[36;1mfi^[[0m
agent-certlab/aider-ledger-2026-08-14	UNKNOWN STEP	2026-08-31T11:49:31.1342109Z shell: /usr/bin/bash -e {0}
agent-certlab/aider-ledger-2026-08-14	UNKNOWN STEP	2026-08-31T11:49:31.1342390Z env:
agent-certlab/aider-ledger-2026-08-14	UNKNOWN STEP	2026-08-31T11:49:31.1342697Z   pythonLocation: /opt/hostedtoolcache/Python/3.12.14/x64
agent-certlab/aider-ledger-2026-08-14	UNKNOWN STEP	2026-08-31T11:49:31.1343217Z   PKG_CONFIG_PATH: /opt/hostedtoolcache/Python/3.12.14/x64/lib/pkgconfig
agent-certlab/aider-ledger-2026-08-14	UNKNOWN STEP	2026-08-31T11:49:31.1343727Z   Python_ROOT_DIR: /opt/hostedtoolcache/Python/3.12.14/x64
agent-certlab/aider-ledger-2026-08-14	UNKNOWN STEP	2026-08-31T11:49:31.1344178Z   Python2_ROOT_DIR: /opt/hostedtoolcache/Python/3.12.14/x64
agent-certlab/aider-ledger-2026-08-14	UNKNOWN STEP	2026-08-31T11:49:31.1344625Z   Python3_ROOT_DIR: /opt/hostedtoolcache/Python/3.12.14/x64
agent-certlab/aider-ledger-2026-08-14	UNKNOWN STEP	2026-08-31T11:49:31.1345088Z   LD_LIBRARY_PATH: /opt/hostedtoolcache/Python/3.12.14/x64/lib
agent-certlab/aider-ledger-2026-08-14	UNKNOWN STEP	2026-08-31T11:49:31.1345478Z ##[endgroup]
agent-certlab/aider-ledger-2026-08-14	UNKNOWN STEP	2026-08-31T11:49:31.1434131Z no crashkit-battery-v1 check in this bundle; predicate not applicable
agent-certlab/aider-ledger-2026-08-14	UNKNOWN STEP	2026-08-31T11:49:31.1461983Z ##[group]Run if jq -e '[.results.checks[].profile] | index("modeldrift-board-v1")' bundle/vac.json > /dev/null; then
agent-certlab/aider-ledger-2026-08-14	UNKNOWN STEP	2026-08-31T11:49:31.1462941Z ^[[36;1mif jq -e '[.results.checks[].profile] | index("modeldrift-board-v1")' bundle/vac.json > /dev/null; then^[[0m
agent-certlab/aider-ledger-2026-08-14	UNKNOWN STEP	2026-08-31T11:49:31.1463609Z ^[[36;1m  if ! grep -q '+ cmp ' transcript.txt; then^[[0m
agent-certlab/aider-ledger-2026-08-14	UNKNOWN STEP	2026-08-31T11:49:31.1464325Z ^[[36;1m    echo "modeldrift replay block executed no cmp — byte-identity with the downloaded artifacts was never checked"^[[0m
agent-certlab/aider-ledger-2026-08-14	UNKNOWN STEP	2026-08-31T11:49:31.1464996Z ^[[36;1m    exit 1^[[0m
agent-certlab/aider-ledger-2026-08-14	UNKNOWN STEP	2026-08-31T11:49:31.1465241Z ^[[36;1m  fi^[[0m
agent-certlab/aider-ledger-2026-08-14	UNKNOWN STEP	2026-08-31T11:49:31.1465536Z ^[[36;1m  if grep -E 'differ|EOF on' transcript.txt; then^[[0m
agent-certlab/aider-ledger-2026-08-14	UNKNOWN STEP	2026-08-31T11:49:31.1466151Z ^[[36;1m    echo "a byte-compare FAILED — the pinned commit does not reproduce the registered bytes"^[[0m
agent-certlab/aider-ledger-2026-08-14	UNKNOWN STEP	2026-08-31T11:49:31.1466724Z ^[[36;1m    exit 1^[[0m
agent-certlab/aider-ledger-2026-08-14	UNKNOWN STEP	2026-08-31T11:49:31.1466960Z ^[[36;1m  fi^[[0m
agent-certlab/aider-ledger-2026-08-14	UNKNOWN STEP	2026-08-31T11:49:31.1467173Z ^[[36;1melse^[[0m
agent-certlab/aider-ledger-2026-08-14	UNKNOWN STEP	2026-08-31T11:49:31.1467626Z ^[[36;1m  echo "no modeldrift-board-v1 check in this bundle; predicate not applicable"^[[0m
agent-certlab/aider-ledger-2026-08-14	UNKNOWN STEP	2026-08-31T11:49:31.1468122Z ^[[36;1mfi^[[0m
agent-certlab/aider-ledger-2026-08-14	UNKNOWN STEP	2026-08-31T11:49:31.1503888Z shell: /usr/bin/bash -e {0}
agent-certlab/aider-ledger-2026-08-14	UNKNOWN STEP	2026-08-31T11:49:31.1504175Z env:
agent-certlab/aider-ledger-2026-08-14	UNKNOWN STEP	2026-08-31T11:49:31.1504480Z   pythonLocation: /opt/hostedtoolcache/Python/3.12.14/x64
agent-certlab/aider-ledger-2026-08-14	UNKNOWN STEP	2026-08-31T11:49:31.1505007Z   PKG_CONFIG_PATH: /opt/hostedtoolcache/Python/3.12.14/x64/lib/pkgconfig
agent-certlab/aider-ledger-2026-08-14	UNKNOWN STEP	2026-08-31T11:49:31.1505537Z   Python_ROOT_DIR: /opt/hostedtoolcache/Python/3.12.14/x64
agent-certlab/aider-ledger-2026-08-14	UNKNOWN STEP	2026-08-31T11:49:31.1505994Z   Python2_ROOT_DIR: /opt/hostedtoolcache/Python/3.12.14/x64
agent-certlab/aider-ledger-2026-08-14	UNKNOWN STEP	2026-08-31T11:49:31.1506449Z   Python3_ROOT_DIR: /opt/hostedtoolcache/Python/3.12.14/x64
agent-certlab/aider-ledger-2026-08-14	UNKNOWN STEP	2026-08-31T11:49:31.1506910Z   LD_LIBRARY_PATH: /opt/hostedtoolcache/Python/3.12.14/x64/lib
agent-certlab/aider-ledger-2026-08-14	UNKNOWN STEP	2026-08-31T11:49:31.1507297Z ##[endgroup]
agent-certlab/aider-ledger-2026-08-14	UNKNOWN STEP	2026-08-31T11:49:31.1596858Z no modeldrift-board-v1 check in this bundle; predicate not applicable
agent-certlab/aider-ledger-2026-08-14	UNKNOWN STEP	2026-08-31T11:49:31.1693138Z Node 20 is being deprecated. This workflow is running with Node 24 by default. If you need to temporarily use Node 20, you can set the ACTIONS_ALLOW_USE_UNSECURE_NODE_VERSION=true environment variable. For more information see: https://github.blog/changelog/2025-09-19-deprecation-of-node-20-on-github-actions-runners/
agent-certlab/aider-ledger-2026-08-14	UNKNOWN STEP	2026-08-31T11:49:31.1694311Z Post job cleanup.
agent-certlab/aider-ledger-2026-08-14	UNKNOWN STEP	2026-08-31T11:49:31.2971051Z (node:2436) [DEP0040] DeprecationWarning: The `punycode` module is deprecated. Please use a userland alternative instead.
agent-certlab/aider-ledger-2026-08-14	UNKNOWN STEP	2026-08-31T11:49:31.2972565Z (Use `node --trace-deprecation ...` to show where the warning was created)
agent-certlab/aider-ledger-2026-08-14	UNKNOWN STEP	2026-08-31T11:49:31.3234140Z Node 20 is being deprecated. This workflow is running with Node 24 by default. If you need to temporarily use Node 20, you can set the ACTIONS_ALLOW_USE_UNSECURE_NODE_VERSION=true environment variable. For more information see: https://github.blog/changelog/2025-09-19-deprecation-of-node-20-on-github-actions-runners/
agent-certlab/aider-ledger-2026-08-14	UNKNOWN STEP	2026-08-31T11:49:31.3235716Z Post job cleanup.
agent-certlab/aider-ledger-2026-08-14	UNKNOWN STEP	2026-08-31T11:49:31.4571954Z (node:2445) [DEP0040] DeprecationWarning: The `punycode` module is deprecated. Please use a userland alternative instead.
agent-certlab/aider-ledger-2026-08-14	UNKNOWN STEP	2026-08-31T11:49:31.4573510Z (Use `node --trace-deprecation ...` to show where the warning was created)
agent-certlab/aider-ledger-2026-08-14	UNKNOWN STEP	2026-08-31T11:49:31.4802237Z Node 20 is being deprecated. This workflow is running with Node 24 by default. If you need to temporarily use Node 20, you can set the ACTIONS_ALLOW_USE_UNSECURE_NODE_VERSION=true environment variable. For more information see: https://github.blog/changelog/2025-09-19-deprecation-of-node-20-on-github-actions-runners/
agent-certlab/aider-ledger-2026-08-14	UNKNOWN STEP	2026-08-31T11:49:31.4804697Z Post job cleanup.
agent-certlab/aider-ledger-2026-08-14	UNKNOWN STEP	2026-08-31T11:49:31.5731052Z [command]/usr/bin/git version
agent-certlab/aider-ledger-2026-08-14	UNKNOWN STEP	2026-08-31T11:49:31.5776163Z git version 2.55.0
agent-certlab/aider-ledger-2026-08-14	UNKNOWN STEP	2026-08-31T11:49:31.5813196Z Temporarily overriding HOME='/home/runner/work/_temp/60dc966b-7ba9-4ead-878c-97e64cca3350' before making global git config changes
agent-certlab/aider-ledger-2026-08-14	UNKNOWN STEP	2026-08-31T11:49:31.5814942Z Adding repository directory to the temporary git global config as a safe directory
agent-certlab/aider-ledger-2026-08-14	UNKNOWN STEP	2026-08-31T11:49:31.5817917Z [command]/usr/bin/git config --global --add safe.directory /home/runner/work/vac-protocol/vac-protocol
agent-certlab/aider-ledger-2026-08-14	UNKNOWN STEP	2026-08-31T11:49:31.5861874Z [command]/usr/bin/git config --local --name-only --get-regexp core\.sshCommand
agent-certlab/aider-ledger-2026-08-14	UNKNOWN STEP	2026-08-31T11:49:31.5899362Z [command]/usr/bin/git submodule foreach --recursive sh -c "git config --local --name-only --get-regexp 'core\.sshCommand' && git config --local --unset-all 'core.sshCommand' || :"
agent-certlab/aider-ledger-2026-08-14	UNKNOWN STEP	2026-08-31T11:49:31.6169422Z [command]/usr/bin/git config --local --name-only --get-regexp http\.https\:\/\/github\.com\/\.extraheader
agent-certlab/aider-ledger-2026-08-14	UNKNOWN STEP	2026-08-31T11:49:31.6200853Z http.https://github.com/.extraheader
agent-certlab/aider-ledger-2026-08-14	UNKNOWN STEP	2026-08-31T11:49:31.6213863Z [command]/usr/bin/git config --local --unset-all http.https://github.com/.extraheader
agent-certlab/aider-ledger-2026-08-14	UNKNOWN STEP	2026-08-31T11:49:31.6253669Z [command]/usr/bin/git submodule foreach --recursive sh -c "git config --local --name-only --get-regexp 'http\.https\:\/\/github\.com\/\.extraheader' && git config --local --unset-all 'http.https://github.com/.extraheader' || :"
agent-certlab/aider-ledger-2026-08-14	UNKNOWN STEP	2026-08-31T11:49:31.6522355Z [command]/usr/bin/git config --local --name-only --get-regexp ^includeIf\.gitdir:
agent-certlab/aider-ledger-2026-08-14	UNKNOWN STEP	2026-08-31T11:49:31.6565627Z [command]/usr/bin/git submodule foreach --recursive git config --local --show-origin --name-only --get-regexp remote.origin.url
agent-certlab/aider-ledger-2026-08-14	UNKNOWN STEP	2026-08-31T11:49:31.6980631Z Cleaning up orphan processes
agent-certlab/aider-ledger-2026-08-14	UNKNOWN STEP	2026-08-31T11:49:31.7287657Z ##[warning]Node.js 20 is deprecated. The following actions target Node.js 20 but are being forced to run on Node.js 24: actions/checkout@v4, actions/setup-node@v4, actions/setup-python@v5. For more information see: https://github.blog/changelog/2025-09-19-deprecation-of-node-20-on-github-actions-runners/
agent-certlab/claude-code-ledger-2026-08-14	UNKNOWN STEP	﻿2026-08-31T11:49:13.8341538Z Current runner version: '2.337.0'
agent-certlab/claude-code-ledger-2026-08-14	UNKNOWN STEP	2026-08-31T11:49:13.8377309Z ##[group]Runner Image Provisioner
agent-certlab/claude-code-ledger-2026-08-14	UNKNOWN STEP	2026-08-31T11:49:13.8378835Z Hosted Compute Agent
agent-certlab/claude-code-ledger-2026-08-14	UNKNOWN STEP	2026-08-31T11:49:13.8379670Z Version: 20260819.586
agent-certlab/claude-code-ledger-2026-08-14	UNKNOWN STEP	2026-08-31T11:49:13.8380617Z Commit: 3cc4a88dfa507ef76119ad1bb3eccc6378bb2b76
agent-certlab/claude-code-ledger-2026-08-14	UNKNOWN STEP	2026-08-31T11:49:13.8381662Z Build Date: 2026-08-18T23:20:18Z
agent-certlab/claude-code-ledger-2026-08-14	UNKNOWN STEP	2026-08-31T11:49:13.8382662Z Worker ID: {e1fe83cd-097e-43fe-9c03-7dc94d37fd6a}
agent-certlab/claude-code-ledger-2026-08-14	UNKNOWN STEP	2026-08-31T11:49:13.8383668Z Azure Region: westus3
agent-certlab/claude-code-ledger-2026-08-14	UNKNOWN STEP	2026-08-31T11:49:13.8384467Z ##[endgroup]
agent-certlab/claude-code-ledger-2026-08-14	UNKNOWN STEP	2026-08-31T11:49:13.8386756Z ##[group]Operating System
agent-certlab/claude-code-ledger-2026-08-14	UNKNOWN STEP	2026-08-31T11:49:13.8387588Z Ubuntu
agent-certlab/claude-code-ledger-2026-08-14	UNKNOWN STEP	2026-08-31T11:49:13.8388725Z 24.04.4
agent-certlab/claude-code-ledger-2026-08-14	UNKNOWN STEP	2026-08-31T11:49:13.8389452Z LTS
agent-certlab/claude-code-ledger-2026-08-14	UNKNOWN STEP	2026-08-31T11:49:13.8390178Z ##[endgroup]
agent-certlab/claude-code-ledger-2026-08-14	UNKNOWN STEP	2026-08-31T11:49:13.8390987Z ##[group]Runner Image
agent-certlab/claude-code-ledger-2026-08-14	UNKNOWN STEP	2026-08-31T11:49:13.8391818Z Image: ubuntu-24.04
agent-certlab/claude-code-ledger-2026-08-14	UNKNOWN STEP	2026-08-31T11:49:13.8392524Z Version: 20260823.283.1
agent-certlab/claude-code-ledger-2026-08-14	UNKNOWN STEP	2026-08-31T11:49:13.8394378Z Included Software: https://github.com/actions/runner-images/blob/ubuntu24/20260823.283/images/ubuntu/Ubuntu2404-Readme.md
agent-certlab/claude-code-ledger-2026-08-14	UNKNOWN STEP	2026-08-31T11:49:13.8396545Z Image Release: https://github.com/actions/runner-images/releases/tag/ubuntu24%2F20260823.283
agent-certlab/claude-code-ledger-2026-08-14	UNKNOWN STEP	2026-08-31T11:49:13.8398015Z ##[endgroup]
agent-certlab/claude-code-ledger-2026-08-14	UNKNOWN STEP	2026-08-31T11:49:13.8399844Z ##[group]GITHUB_TOKEN Permissions
agent-certlab/claude-code-ledger-2026-08-14	UNKNOWN STEP	2026-08-31T11:49:13.8402719Z Contents: read
agent-certlab/claude-code-ledger-2026-08-14	UNKNOWN STEP	2026-08-31T11:49:13.8404052Z Metadata: read
agent-certlab/claude-code-ledger-2026-08-14	UNKNOWN STEP	2026-08-31T11:49:13.8404927Z ##[endgroup]
agent-certlab/claude-code-ledger-2026-08-14	UNKNOWN STEP	2026-08-31T11:49:13.8407826Z Secret source: Actions
agent-certlab/claude-code-ledger-2026-08-14	UNKNOWN STEP	2026-08-31T11:49:13.8409618Z Prepare workflow directory
agent-certlab/claude-code-ledger-2026-08-14	UNKNOWN STEP	2026-08-31T11:49:13.8804188Z Prepare all required actions
agent-certlab/claude-code-ledger-2026-08-14	UNKNOWN STEP	2026-08-31T11:49:13.8854261Z Getting action download info
agent-certlab/claude-code-ledger-2026-08-14	UNKNOWN STEP	2026-08-31T11:49:14.1985522Z Download action repository 'actions/checkout@v4' (SHA:11d5960a326750d5838078e36cf38b85af677262)
agent-certlab/claude-code-ledger-2026-08-14	UNKNOWN STEP	2026-08-31T11:49:14.3146190Z Download action repository 'actions/setup-python@v5' (SHA:a26af69be951a213d495a4c3e4e4022e16d87065)
agent-certlab/claude-code-ledger-2026-08-14	UNKNOWN STEP	2026-08-31T11:49:14.3838973Z Download action repository 'actions/setup-node@v4' (SHA:49933ea5288caeca8642d1e84afbd3f7d6820020)
agent-certlab/claude-code-ledger-2026-08-14	UNKNOWN STEP	2026-08-31T11:49:14.5789480Z Complete job name: agent-certlab/claude-code-ledger-2026-08-14
agent-certlab/claude-code-ledger-2026-08-14	UNKNOWN STEP	2026-08-31T11:49:14.6569045Z Node 20 is being deprecated. This workflow is running with Node 24 by default. If you need to temporarily use Node 20, you can set the ACTIONS_ALLOW_USE_UNSECURE_NODE_VERSION=true environment variable. For more information see: https://github.blog/changelog/2025-09-19-deprecation-of-node-20-on-github-actions-runners/
agent-certlab/claude-code-ledger-2026-08-14	UNKNOWN STEP	2026-08-31T11:49:14.6577651Z ##[group]Run actions/checkout@v4
agent-certlab/claude-code-ledger-2026-08-14	UNKNOWN STEP	2026-08-31T11:49:14.6578836Z with:
agent-certlab/claude-code-ledger-2026-08-14	UNKNOWN STEP	2026-08-31T11:49:14.6579403Z   repository: egnaro9/vac-protocol
agent-certlab/claude-code-ledger-2026-08-14	UNKNOWN STEP	2026-08-31T11:49:14.6583944Z   token: ***
agent-certlab/claude-code-ledger-2026-08-14	UNKNOWN STEP	2026-08-31T11:49:14.6584516Z   ssh-strict: true
agent-certlab/claude-code-ledger-2026-08-14	UNKNOWN STEP	2026-08-31T11:49:14.6585011Z   ssh-user: git
agent-certlab/claude-code-ledger-2026-08-14	UNKNOWN STEP	2026-08-31T11:49:14.6585577Z   persist-credentials: true
agent-certlab/claude-code-ledger-2026-08-14	UNKNOWN STEP	2026-08-31T11:49:14.6586192Z   clean: true
agent-certlab/claude-code-ledger-2026-08-14	UNKNOWN STEP	2026-08-31T11:49:14.6586742Z   sparse-checkout-cone-mode: true
agent-certlab/claude-code-ledger-2026-08-14	UNKNOWN STEP	2026-08-31T11:49:14.6587334Z   fetch-depth: 1
agent-certlab/claude-code-ledger-2026-08-14	UNKNOWN STEP	2026-08-31T11:49:14.6587823Z   fetch-tags: false
agent-certlab/claude-code-ledger-2026-08-14	UNKNOWN STEP	2026-08-31T11:49:14.6588473Z   show-progress: true
agent-certlab/claude-code-ledger-2026-08-14	UNKNOWN STEP	2026-08-31T11:49:14.6589023Z   lfs: false
agent-certlab/claude-code-ledger-2026-08-14	UNKNOWN STEP	2026-08-31T11:49:14.6589709Z   submodules: false
agent-certlab/claude-code-ledger-2026-08-14	UNKNOWN STEP	2026-08-31T11:49:14.6590257Z   set-safe-directory: true
agent-certlab/claude-code-ledger-2026-08-14	UNKNOWN STEP	2026-08-31T11:49:14.6590830Z   allow-unsafe-pr-checkout: false
agent-certlab/claude-code-ledger-2026-08-14	UNKNOWN STEP	2026-08-31T11:49:14.6591678Z ##[endgroup]
agent-certlab/claude-code-ledger-2026-08-14	UNKNOWN STEP	2026-08-31T11:49:14.7653554Z Syncing repository: egnaro9/vac-protocol
agent-certlab/claude-code-ledger-2026-08-14	UNKNOWN STEP	2026-08-31T11:49:14.7656354Z ##[group]Getting Git version info
agent-certlab/claude-code-ledger-2026-08-14	UNKNOWN STEP	2026-08-31T11:49:14.7657559Z Working directory is '/home/runner/work/vac-protocol/vac-protocol'
agent-certlab/claude-code-ledger-2026-08-14	UNKNOWN STEP	2026-08-31T11:49:14.7659647Z [command]/usr/bin/git version
agent-certlab/claude-code-ledger-2026-08-14	UNKNOWN STEP	2026-08-31T11:49:14.7752517Z git version 2.55.0
agent-certlab/claude-code-ledger-2026-08-14	UNKNOWN STEP	2026-08-31T11:49:14.7771544Z ##[endgroup]
agent-certlab/claude-code-ledger-2026-08-14	UNKNOWN STEP	2026-08-31T11:49:14.7786103Z Temporarily overriding HOME='/home/runner/work/_temp/7c93f677-7dc6-45c4-af0a-942a371992ce' before making global git config changes
agent-certlab/claude-code-ledger-2026-08-14	UNKNOWN STEP	2026-08-31T11:49:14.7788092Z Adding repository directory to the temporary git global config as a safe directory
agent-certlab/claude-code-ledger-2026-08-14	UNKNOWN STEP	2026-08-31T11:49:14.7791629Z [command]/usr/bin/git config --global --add safe.directory /home/runner/work/vac-protocol/vac-protocol
agent-certlab/claude-code-ledger-2026-08-14	UNKNOWN STEP	2026-08-31T11:49:14.7870964Z Deleting the contents of '/home/runner/work/vac-protocol/vac-protocol'
agent-certlab/claude-code-ledger-2026-08-14	UNKNOWN STEP	2026-08-31T11:49:14.7875490Z ##[group]Initializing the repository
agent-certlab/claude-code-ledger-2026-08-14	UNKNOWN STEP	2026-08-31T11:49:14.7880547Z [command]/usr/bin/git init /home/runner/work/vac-protocol/vac-protocol
agent-certlab/claude-code-ledger-2026-08-14	UNKNOWN STEP	2026-08-31T11:49:14.8001522Z hint: Using 'master' as the name for the initial branch. This default branch name
agent-certlab/claude-code-ledger-2026-08-14	UNKNOWN STEP	2026-08-31T11:49:14.8003847Z hint: will change to "main" in Git 3.0. To configure the initial branch name
agent-certlab/claude-code-ledger-2026-08-14	UNKNOWN STEP	2026-08-31T11:49:14.8005674Z hint: to use in all of your new repositories, which will suppress this warning,
agent-certlab/claude-code-ledger-2026-08-14	UNKNOWN STEP	2026-08-31T11:49:14.8008599Z hint: call:
agent-certlab/claude-code-ledger-2026-08-14	UNKNOWN STEP	2026-08-31T11:49:14.8009517Z hint:
agent-certlab/claude-code-ledger-2026-08-14	UNKNOWN STEP	2026-08-31T11:49:14.8010543Z hint: 	git config --global init.defaultBranch <name>
agent-certlab/claude-code-ledger-2026-08-14	UNKNOWN STEP	2026-08-31T11:49:14.8011875Z hint:
agent-certlab/claude-code-ledger-2026-08-14	UNKNOWN STEP	2026-08-31T11:49:14.8013909Z hint: Names commonly chosen instead of 'master' are 'main', 'trunk' and
agent-certlab/claude-code-ledger-2026-08-14	UNKNOWN STEP	2026-08-31T11:49:14.8015521Z hint: 'development'. The just-created branch can be renamed via this command:
agent-certlab/claude-code-ledger-2026-08-14	UNKNOWN STEP	2026-08-31T11:49:14.8016873Z hint:
agent-certlab/claude-code-ledger-2026-08-14	UNKNOWN STEP	2026-08-31T11:49:14.8017657Z hint: 	git branch -m <name>
agent-certlab/claude-code-ledger-2026-08-14	UNKNOWN STEP	2026-08-31T11:49:14.8019403Z hint:
agent-certlab/claude-code-ledger-2026-08-14	UNKNOWN STEP	2026-08-31T11:49:14.8020621Z hint: Disable this message with "git config set advice.defaultBranchName false"
agent-certlab/claude-code-ledger-2026-08-14	UNKNOWN STEP	2026-08-31T11:49:14.8022546Z Initialized empty Git repository in /home/runner/work/vac-protocol/vac-protocol/.git/
agent-certlab/claude-code-ledger-2026-08-14	UNKNOWN STEP	2026-08-31T11:49:14.8025941Z [command]/usr/bin/git remote add origin https://github.com/egnaro9/vac-protocol
agent-certlab/claude-code-ledger-2026-08-14	UNKNOWN STEP	2026-08-31T11:49:14.8073318Z ##[endgroup]
agent-certlab/claude-code-ledger-2026-08-14	UNKNOWN STEP	2026-08-31T11:49:14.8074647Z ##[group]Disabling automatic garbage collection
agent-certlab/claude-code-ledger-2026-08-14	UNKNOWN STEP	2026-08-31T11:49:14.8075452Z [command]/usr/bin/git config --local gc.auto 0
agent-certlab/claude-code-ledger-2026-08-14	UNKNOWN STEP	2026-08-31T11:49:14.8100833Z ##[endgroup]
agent-certlab/claude-code-ledger-2026-08-14	UNKNOWN STEP	2026-08-31T11:49:14.8102132Z ##[group]Setting up auth
agent-certlab/claude-code-ledger-2026-08-14	UNKNOWN STEP	2026-08-31T11:49:14.8108879Z [command]/usr/bin/git config --local --name-only --get-regexp core\.sshCommand
agent-certlab/claude-code-ledger-2026-08-14	UNKNOWN STEP	2026-08-31T11:49:14.8143367Z [command]/usr/bin/git submodule foreach --recursive sh -c "git config --local --name-only --get-regexp 'core\.sshCommand' && git config --local --unset-all 'core.sshCommand' || :"
agent-certlab/claude-code-ledger-2026-08-14	UNKNOWN STEP	2026-08-31T11:49:14.8540153Z [command]/usr/bin/git config --local --name-only --get-regexp http\.https\:\/\/github\.com\/\.extraheader
agent-certlab/claude-code-ledger-2026-08-14	UNKNOWN STEP	2026-08-31T11:49:14.8574775Z [command]/usr/bin/git submodule foreach --recursive sh -c "git config --local --name-only --get-regexp 'http\.https\:\/\/github\.com\/\.extraheader' && git config --local --unset-all 'http.https://github.com/.extraheader' || :"
agent-certlab/claude-code-ledger-2026-08-14	UNKNOWN STEP	2026-08-31T11:49:14.8785967Z [command]/usr/bin/git config --local --name-only --get-regexp ^includeIf\.gitdir:
agent-certlab/claude-code-ledger-2026-08-14	UNKNOWN STEP	2026-08-31T11:49:14.8818737Z [command]/usr/bin/git submodule foreach --recursive git config --local --show-origin --name-only --get-regexp remote.origin.url
agent-certlab/claude-code-ledger-2026-08-14	UNKNOWN STEP	2026-08-31T11:49:14.9024474Z [command]/usr/bin/git config --local http.https://github.com/.extraheader AUTHORIZATION: basic ***
agent-certlab/claude-code-ledger-2026-08-14	UNKNOWN STEP	2026-08-31T11:49:14.9059256Z ##[endgroup]
agent-certlab/claude-code-ledger-2026-08-14	UNKNOWN STEP	2026-08-31T11:49:14.9069260Z ##[group]Fetching the repository
agent-certlab/claude-code-ledger-2026-08-14	UNKNOWN STEP	2026-08-31T11:49:14.9071765Z [command]/usr/bin/git -c protocol.version=2 fetch --no-tags --prune --no-recurse-submodules --depth=1 origin +6a05245337cbbcebf1e06180e798ad568848ad2e:refs/remotes/origin/main
agent-certlab/claude-code-ledger-2026-08-14	UNKNOWN STEP	2026-08-31T11:49:15.9019539Z From https://github.com/egnaro9/vac-protocol
agent-certlab/claude-code-ledger-2026-08-14	UNKNOWN STEP	2026-08-31T11:49:15.9022409Z  * [new ref]         6a05245337cbbcebf1e06180e798ad568848ad2e -> origin/main
agent-certlab/claude-code-ledger-2026-08-14	UNKNOWN STEP	2026-08-31T11:49:15.9030487Z ##[endgroup]
agent-certlab/claude-code-ledger-2026-08-14	UNKNOWN STEP	2026-08-31T11:49:15.9034044Z ##[group]Determining the checkout info
agent-certlab/claude-code-ledger-2026-08-14	UNKNOWN STEP	2026-08-31T11:49:15.9037048Z ##[endgroup]
agent-certlab/claude-code-ledger-2026-08-14	UNKNOWN STEP	2026-08-31T11:49:15.9039090Z [command]/usr/bin/git sparse-checkout disable
agent-certlab/claude-code-ledger-2026-08-14	UNKNOWN STEP	2026-08-31T11:49:15.9086963Z [command]/usr/bin/git config --local --unset-all extensions.worktreeConfig
agent-certlab/claude-code-ledger-2026-08-14	UNKNOWN STEP	2026-08-31T11:49:15.9121080Z ##[group]Checking out the ref
agent-certlab/claude-code-ledger-2026-08-14	UNKNOWN STEP	2026-08-31T11:49:15.9123644Z [command]/usr/bin/git checkout --progress --force -B main refs/remotes/origin/main
agent-certlab/claude-code-ledger-2026-08-14	UNKNOWN STEP	2026-08-31T11:49:15.9362550Z Switched to a new branch 'main'
agent-certlab/claude-code-ledger-2026-08-14	UNKNOWN STEP	2026-08-31T11:49:15.9365100Z branch 'main' set up to track 'origin/main'.
agent-certlab/claude-code-ledger-2026-08-14	UNKNOWN STEP	2026-08-31T11:49:15.9371038Z ##[endgroup]
agent-certlab/claude-code-ledger-2026-08-14	UNKNOWN STEP	2026-08-31T11:49:15.9437749Z [command]/usr/bin/git log -1 --format=%H
agent-certlab/claude-code-ledger-2026-08-14	UNKNOWN STEP	2026-08-31T11:49:15.9466840Z 6a05245337cbbcebf1e06180e798ad568848ad2e
agent-certlab/claude-code-ledger-2026-08-14	UNKNOWN STEP	2026-08-31T11:49:15.9869134Z Node 20 is being deprecated. This workflow is running with Node 24 by default. If you need to temporarily use Node 20, you can set the ACTIONS_ALLOW_USE_UNSECURE_NODE_VERSION=true environment variable. For more information see: https://github.blog/changelog/2025-09-19-deprecation-of-node-20-on-github-actions-runners/
agent-certlab/claude-code-ledger-2026-08-14	UNKNOWN STEP	2026-08-31T11:49:15.9874943Z ##[group]Run actions/setup-python@v5
agent-certlab/claude-code-ledger-2026-08-14	UNKNOWN STEP	2026-08-31T11:49:15.9876370Z with:
agent-certlab/claude-code-ledger-2026-08-14	UNKNOWN STEP	2026-08-31T11:49:15.9877381Z   python-version: 3.12
agent-certlab/claude-code-ledger-2026-08-14	UNKNOWN STEP	2026-08-31T11:49:15.9878692Z   check-latest: false
agent-certlab/claude-code-ledger-2026-08-14	UNKNOWN STEP	2026-08-31T11:49:15.9889486Z   token: ***
agent-certlab/claude-code-ledger-2026-08-14	UNKNOWN STEP	2026-08-31T11:49:15.9890587Z   update-environment: true
agent-certlab/claude-code-ledger-2026-08-14	UNKNOWN STEP	2026-08-31T11:49:15.9892011Z   allow-prereleases: false
agent-certlab/claude-code-ledger-2026-08-14	UNKNOWN STEP	2026-08-31T11:49:15.9893295Z   freethreaded: false
agent-certlab/claude-code-ledger-2026-08-14	UNKNOWN STEP	2026-08-31T11:49:15.9894496Z ##[endgroup]
agent-certlab/claude-code-ledger-2026-08-14	UNKNOWN STEP	2026-08-31T11:49:16.1273801Z ##[group]Installed versions
agent-certlab/claude-code-ledger-2026-08-14	UNKNOWN STEP	2026-08-31T11:49:16.1361054Z (node:2024) [DEP0040] DeprecationWarning: The `punycode` module is deprecated. Please use a userland alternative instead.
agent-certlab/claude-code-ledger-2026-08-14	UNKNOWN STEP	2026-08-31T11:49:16.1362495Z Successfully set up CPython (3.12.14)
agent-certlab/claude-code-ledger-2026-08-14	UNKNOWN STEP	2026-08-31T11:49:16.1363724Z ##[endgroup]
agent-certlab/claude-code-ledger-2026-08-14	UNKNOWN STEP	2026-08-31T11:49:16.1387244Z (Use `node --trace-deprecation ...` to show where the warning was created)
agent-certlab/claude-code-ledger-2026-08-14	UNKNOWN STEP	2026-08-31T11:49:16.1556712Z Node 20 is being deprecated. This workflow is running with Node 24 by default. If you need to temporarily use Node 20, you can set the ACTIONS_ALLOW_USE_UNSECURE_NODE_VERSION=true environment variable. For more information see: https://github.blog/changelog/2025-09-19-deprecation-of-node-20-on-github-actions-runners/
agent-certlab/claude-code-ledger-2026-08-14	UNKNOWN STEP	2026-08-31T11:49:16.1558172Z ##[group]Run actions/setup-node@v4
agent-certlab/claude-code-ledger-2026-08-14	UNKNOWN STEP	2026-08-31T11:49:16.1558909Z with:
agent-certlab/claude-code-ledger-2026-08-14	UNKNOWN STEP	2026-08-31T11:49:16.1559284Z   node-version: 22
agent-certlab/claude-code-ledger-2026-08-14	UNKNOWN STEP	2026-08-31T11:49:16.1559670Z   always-auth: false
agent-certlab/claude-code-ledger-2026-08-14	UNKNOWN STEP	2026-08-31T11:49:16.1560057Z   check-latest: false
agent-certlab/claude-code-ledger-2026-08-14	UNKNOWN STEP	2026-08-31T11:49:16.1562903Z   token: ***
agent-certlab/claude-code-ledger-2026-08-14	UNKNOWN STEP	2026-08-31T11:49:16.1563250Z env:
agent-certlab/claude-code-ledger-2026-08-14	UNKNOWN STEP	2026-08-31T11:49:16.1563689Z   pythonLocation: /opt/hostedtoolcache/Python/3.12.14/x64
agent-certlab/claude-code-ledger-2026-08-14	UNKNOWN STEP	2026-08-31T11:49:16.1564335Z   PKG_CONFIG_PATH: /opt/hostedtoolcache/Python/3.12.14/x64/lib/pkgconfig
agent-certlab/claude-code-ledger-2026-08-14	UNKNOWN STEP	2026-08-31T11:49:16.1564981Z   Python_ROOT_DIR: /opt/hostedtoolcache/Python/3.12.14/x64
agent-certlab/claude-code-ledger-2026-08-14	UNKNOWN STEP	2026-08-31T11:49:16.1565640Z   Python2_ROOT_DIR: /opt/hostedtoolcache/Python/3.12.14/x64
agent-certlab/claude-code-ledger-2026-08-14	UNKNOWN STEP	2026-08-31T11:49:16.1566189Z   Python3_ROOT_DIR: /opt/hostedtoolcache/Python/3.12.14/x64
agent-certlab/claude-code-ledger-2026-08-14	UNKNOWN STEP	2026-08-31T11:49:16.1566779Z   LD_LIBRARY_PATH: /opt/hostedtoolcache/Python/3.12.14/x64/lib
agent-certlab/claude-code-ledger-2026-08-14	UNKNOWN STEP	2026-08-31T11:49:16.1567245Z ##[endgroup]
agent-certlab/claude-code-ledger-2026-08-14	UNKNOWN STEP	2026-08-31T11:49:16.3017250Z Found in cache @ /opt/hostedtoolcache/node/22.23.2/x64
agent-certlab/claude-code-ledger-2026-08-14	UNKNOWN STEP	2026-08-31T11:49:16.3022183Z (node:2032) [DEP0040] DeprecationWarning: The `punycode` module is deprecated. Please use a userland alternative instead.
agent-certlab/claude-code-ledger-2026-08-14	UNKNOWN STEP	2026-08-31T11:49:16.3023122Z (Use `node --trace-deprecation ...` to show where the warning was created)
agent-certlab/claude-code-ledger-2026-08-14	UNKNOWN STEP	2026-08-31T11:49:16.3024900Z ##[group]Environment details
agent-certlab/claude-code-ledger-2026-08-14	UNKNOWN STEP	2026-08-31T11:49:16.7554303Z node: v22.23.2
agent-certlab/claude-code-ledger-2026-08-14	UNKNOWN STEP	2026-08-31T11:49:16.7554964Z npm: 10.9.8
agent-certlab/claude-code-ledger-2026-08-14	UNKNOWN STEP	2026-08-31T11:49:16.7555778Z yarn: 1.22.22
agent-certlab/claude-code-ledger-2026-08-14	UNKNOWN STEP	2026-08-31T11:49:16.7557246Z ##[endgroup]
agent-certlab/claude-code-ledger-2026-08-14	UNKNOWN STEP	2026-08-31T11:49:16.7984504Z ##[group]Run pip install -e .
agent-certlab/claude-code-ledger-2026-08-14	UNKNOWN STEP	2026-08-31T11:49:16.7985145Z ^[[36;1mpip install -e .^[[0m
agent-certlab/claude-code-ledger-2026-08-14	UNKNOWN STEP	2026-08-31T11:49:16.8199359Z shell: /usr/bin/bash -e {0}
agent-certlab/claude-code-ledger-2026-08-14	UNKNOWN STEP	2026-08-31T11:49:16.8200010Z env:
agent-certlab/claude-code-ledger-2026-08-14	UNKNOWN STEP	2026-08-31T11:49:16.8200559Z   pythonLocation: /opt/hostedtoolcache/Python/3.12.14/x64
agent-certlab/claude-code-ledger-2026-08-14	UNKNOWN STEP	2026-08-31T11:49:16.8201201Z   PKG_CONFIG_PATH: /opt/hostedtoolcache/Python/3.12.14/x64/lib/pkgconfig
agent-certlab/claude-code-ledger-2026-08-14	UNKNOWN STEP	2026-08-31T11:49:16.8201798Z   Python_ROOT_DIR: /opt/hostedtoolcache/Python/3.12.14/x64
agent-certlab/claude-code-ledger-2026-08-14	UNKNOWN STEP	2026-08-31T11:49:16.8202334Z   Python2_ROOT_DIR: /opt/hostedtoolcache/Python/3.12.14/x64
agent-certlab/claude-code-ledger-2026-08-14	UNKNOWN STEP	2026-08-31T11:49:16.8202902Z   Python3_ROOT_DIR: /opt/hostedtoolcache/Python/3.12.14/x64
agent-certlab/claude-code-ledger-2026-08-14	UNKNOWN STEP	2026-08-31T11:49:16.8203465Z   LD_LIBRARY_PATH: /opt/hostedtoolcache/Python/3.12.14/x64/lib
agent-certlab/claude-code-ledger-2026-08-14	UNKNOWN STEP	2026-08-31T11:49:16.8203940Z ##[endgroup]
agent-certlab/claude-code-ledger-2026-08-14	UNKNOWN STEP	2026-08-31T11:49:18.1023139Z Obtaining file:///home/runner/work/vac-protocol/vac-protocol
agent-certlab/claude-code-ledger-2026-08-14	UNKNOWN STEP	2026-08-31T11:49:18.1030838Z   Installing build dependencies: started
agent-certlab/claude-code-ledger-2026-08-14	UNKNOWN STEP	2026-08-31T11:49:20.1775057Z   Installing build dependencies: finished with status 'done'
agent-certlab/claude-code-ledger-2026-08-14	UNKNOWN STEP	2026-08-31T11:49:20.1779144Z   Checking if build backend supports build_editable: started
agent-certlab/claude-code-ledger-2026-08-14	UNKNOWN STEP	2026-08-31T11:49:20.5572594Z   Checking if build backend supports build_editable: finished with status 'done'
agent-certlab/claude-code-ledger-2026-08-14	UNKNOWN STEP	2026-08-31T11:49:20.5580381Z   Getting requirements to build editable: started
agent-certlab/claude-code-ledger-2026-08-14	UNKNOWN STEP	2026-08-31T11:49:20.8643862Z   Getting requirements to build editable: finished with status 'done'
agent-certlab/claude-code-ledger-2026-08-14	UNKNOWN STEP	2026-08-31T11:49:20.8654139Z   Preparing editable metadata (pyproject.toml): started
agent-certlab/claude-code-ledger-2026-08-14	UNKNOWN STEP	2026-08-31T11:49:21.0490976Z   Preparing editable metadata (pyproject.toml): finished with status 'done'
agent-certlab/claude-code-ledger-2026-08-14	UNKNOWN STEP	2026-08-31T11:49:21.0528506Z Building wheels for collected packages: vac-protocol
agent-certlab/claude-code-ledger-2026-08-14	UNKNOWN STEP	2026-08-31T11:49:21.0535122Z   Building editable for vac-protocol (pyproject.toml): started
agent-certlab/claude-code-ledger-2026-08-14	UNKNOWN STEP	2026-08-31T11:49:21.2555345Z   Building editable for vac-protocol (pyproject.toml): finished with status 'done'
agent-certlab/claude-code-ledger-2026-08-14	UNKNOWN STEP	2026-08-31T11:49:21.2561098Z   Created wheel for vac-protocol: filename=vac_protocol-0.1.0-0.editable-py3-none-any.whl size=8850 sha256=a638b325fd29ee383b9de6dc21c033dd2106a005cb8bdb15ac52b99daa45e9e5
agent-certlab/claude-code-ledger-2026-08-14	UNKNOWN STEP	2026-08-31T11:49:21.2563049Z   Stored in directory: /tmp/pip-ephem-wheel-cache-o_8_igf4/wheels/31/93/c0/4effb33ea68d4321a176d9cb097b94ea8b1be9d534ea861dec
agent-certlab/claude-code-ledger-2026-08-14	UNKNOWN STEP	2026-08-31T11:49:21.2587395Z Successfully built vac-protocol
agent-certlab/claude-code-ledger-2026-08-14	UNKNOWN STEP	2026-08-31T11:49:21.2716015Z Installing collected packages: vac-protocol
agent-certlab/claude-code-ledger-2026-08-14	UNKNOWN STEP	2026-08-31T11:49:21.2802335Z Successfully installed vac-protocol-0.1.0
agent-certlab/claude-code-ledger-2026-08-14	UNKNOWN STEP	2026-08-31T11:49:21.3432075Z ##[group]Run python -m vac.registry --fetch-bundle "agent-certlab/claude-code-ledger-2026-08-14" --dest bundle
agent-certlab/claude-code-ledger-2026-08-14	UNKNOWN STEP	2026-08-31T11:49:21.3433033Z ^[[36;1mpython -m vac.registry --fetch-bundle "agent-certlab/claude-code-ledger-2026-08-14" --dest bundle^[[0m
agent-certlab/claude-code-ledger-2026-08-14	UNKNOWN STEP	2026-08-31T11:49:21.3460261Z shell: /usr/bin/bash -e {0}
agent-certlab/claude-code-ledger-2026-08-14	UNKNOWN STEP	2026-08-31T11:49:21.3460655Z env:
agent-certlab/claude-code-ledger-2026-08-14	UNKNOWN STEP	2026-08-31T11:49:21.3461067Z   pythonLocation: /opt/hostedtoolcache/Python/3.12.14/x64
agent-certlab/claude-code-ledger-2026-08-14	UNKNOWN STEP	2026-08-31T11:49:21.3461628Z   PKG_CONFIG_PATH: /opt/hostedtoolcache/Python/3.12.14/x64/lib/pkgconfig
agent-certlab/claude-code-ledger-2026-08-14	UNKNOWN STEP	2026-08-31T11:49:21.3462146Z   Python_ROOT_DIR: /opt/hostedtoolcache/Python/3.12.14/x64
agent-certlab/claude-code-ledger-2026-08-14	UNKNOWN STEP	2026-08-31T11:49:21.3462689Z   Python2_ROOT_DIR: /opt/hostedtoolcache/Python/3.12.14/x64
agent-certlab/claude-code-ledger-2026-08-14	UNKNOWN STEP	2026-08-31T11:49:21.3463160Z   Python3_ROOT_DIR: /opt/hostedtoolcache/Python/3.12.14/x64
agent-certlab/claude-code-ledger-2026-08-14	UNKNOWN STEP	2026-08-31T11:49:21.3463628Z   LD_LIBRARY_PATH: /opt/hostedtoolcache/Python/3.12.14/x64/lib
agent-certlab/claude-code-ledger-2026-08-14	UNKNOWN STEP	2026-08-31T11:49:21.3464063Z ##[endgroup]
agent-certlab/claude-code-ledger-2026-08-14	UNKNOWN STEP	2026-08-31T11:49:22.0076583Z fetched agent-certlab/claude-code-ledger-2026-08-14 into bundle: every artifact sha256-verified against the registry
agent-certlab/claude-code-ledger-2026-08-14	UNKNOWN STEP	2026-08-31T11:49:22.0222651Z ##[group]Run python -m vac.verify bundle
agent-certlab/claude-code-ledger-2026-08-14	UNKNOWN STEP	2026-08-31T11:49:22.0223157Z ^[[36;1mpython -m vac.verify bundle^[[0m
agent-certlab/claude-code-ledger-2026-08-14	UNKNOWN STEP	2026-08-31T11:49:22.0248601Z shell: /usr/bin/bash -e {0}
agent-certlab/claude-code-ledger-2026-08-14	UNKNOWN STEP	2026-08-31T11:49:22.0248993Z env:
agent-certlab/claude-code-ledger-2026-08-14	UNKNOWN STEP	2026-08-31T11:49:22.0249402Z   pythonLocation: /opt/hostedtoolcache/Python/3.12.14/x64
agent-certlab/claude-code-ledger-2026-08-14	UNKNOWN STEP	2026-08-31T11:49:22.0249916Z   PKG_CONFIG_PATH: /opt/hostedtoolcache/Python/3.12.14/x64/lib/pkgconfig
agent-certlab/claude-code-ledger-2026-08-14	UNKNOWN STEP	2026-08-31T11:49:22.0250392Z   Python_ROOT_DIR: /opt/hostedtoolcache/Python/3.12.14/x64
agent-certlab/claude-code-ledger-2026-08-14	UNKNOWN STEP	2026-08-31T11:49:22.0250918Z   Python2_ROOT_DIR: /opt/hostedtoolcache/Python/3.12.14/x64
agent-certlab/claude-code-ledger-2026-08-14	UNKNOWN STEP	2026-08-31T11:49:22.0251361Z   Python3_ROOT_DIR: /opt/hostedtoolcache/Python/3.12.14/x64
agent-certlab/claude-code-ledger-2026-08-14	UNKNOWN STEP	2026-08-31T11:49:22.0251851Z   LD_LIBRARY_PATH: /opt/hostedtoolcache/Python/3.12.14/x64/lib
agent-certlab/claude-code-ledger-2026-08-14	UNKNOWN STEP	2026-08-31T11:49:22.0252242Z ##[endgroup]
agent-certlab/claude-code-ledger-2026-08-14	UNKNOWN STEP	2026-08-31T11:49:22.0612856Z structural verification: PASS (bundle)
agent-certlab/claude-code-ledger-2026-08-14	UNKNOWN STEP	2026-08-31T11:49:22.0613874Z   proved offline: manifest schema, artifact presence + sha256, bundle closure,
agent-certlab/claude-code-ledger-2026-08-14	UNKNOWN STEP	2026-08-31T11:49:22.0614741Z   stated limitations, stamp agreement, declared results recomputed from artifacts.
agent-certlab/claude-code-ledger-2026-08-14	UNKNOWN STEP	2026-08-31T11:49:22.0615498Z semantic replay: NOT run by this tool. A structural PASS means the bundle is
agent-certlab/claude-code-ledger-2026-08-14	UNKNOWN STEP	2026-08-31T11:49:22.0616110Z   internally honest, not that the issuer's grader agrees. To re-earn the
agent-certlab/claude-code-ledger-2026-08-14	UNKNOWN STEP	2026-08-31T11:49:22.0616750Z   verdicts, run the bundle's replay block at the pinned issuer_commit:
agent-certlab/claude-code-ledger-2026-08-14	UNKNOWN STEP	2026-08-31T11:49:22.0617308Z     $ git clone https://github.com/egnaro9/agent-certlab issuer
agent-certlab/claude-code-ledger-2026-08-14	UNKNOWN STEP	2026-08-31T11:49:22.0617848Z     $ git -C issuer checkout 8065d6e
agent-certlab/claude-code-ledger-2026-08-14	UNKNOWN STEP	2026-08-31T11:49:22.0619730Z     $ python -m pip install -e './issuer[test]'
agent-certlab/claude-code-ledger-2026-08-14	UNKNOWN STEP	2026-08-31T11:49:22.0620174Z     $ python -m certlab.regrade bundle.json
agent-certlab/claude-code-ledger-2026-08-14	UNKNOWN STEP	2026-08-31T11:49:22.0621046Z     expected: exit 0; regrade reports 'consistent — 6/6 verdicts recomputed identical'
agent-certlab/claude-code-ledger-2026-08-14	UNKNOWN STEP	2026-08-31T11:49:22.0694434Z ##[group]Run jq -r '.replay.commands[]' bundle/vac.json > replay.sh
agent-certlab/claude-code-ledger-2026-08-14	UNKNOWN STEP	2026-08-31T11:49:22.0695044Z ^[[36;1mjq -r '.replay.commands[]' bundle/vac.json > replay.sh^[[0m
agent-certlab/claude-code-ledger-2026-08-14	UNKNOWN STEP	2026-08-31T11:49:22.0695567Z ^[[36;1mecho "--- replay block (sha256-pinned via the registry) ---"^[[0m
agent-certlab/claude-code-ledger-2026-08-14	UNKNOWN STEP	2026-08-31T11:49:22.0696002Z ^[[36;1mcat replay.sh^[[0m
agent-certlab/claude-code-ledger-2026-08-14	UNKNOWN STEP	2026-08-31T11:49:22.0696426Z ^[[36;1mecho "--- expected: $(jq -r '.replay.expected' bundle/vac.json)"^[[0m
agent-certlab/claude-code-ledger-2026-08-14	UNKNOWN STEP	2026-08-31T11:49:22.0696895Z ^[[36;1mcd bundle^[[0m
agent-certlab/claude-code-ledger-2026-08-14	UNKNOWN STEP	2026-08-31T11:49:22.0697287Z ^[[36;1mbash -euxo pipefail ../replay.sh 2>&1 | tee ../transcript.txt^[[0m
agent-certlab/claude-code-ledger-2026-08-14	UNKNOWN STEP	2026-08-31T11:49:22.0725163Z shell: /usr/bin/bash --noprofile --norc -e -o pipefail {0}
agent-certlab/claude-code-ledger-2026-08-14	UNKNOWN STEP	2026-08-31T11:49:22.0725670Z env:
agent-certlab/claude-code-ledger-2026-08-14	UNKNOWN STEP	2026-08-31T11:49:22.0726093Z   pythonLocation: /opt/hostedtoolcache/Python/3.12.14/x64
agent-certlab/claude-code-ledger-2026-08-14	UNKNOWN STEP	2026-08-31T11:49:22.0726614Z   PKG_CONFIG_PATH: /opt/hostedtoolcache/Python/3.12.14/x64/lib/pkgconfig
agent-certlab/claude-code-ledger-2026-08-14	UNKNOWN STEP	2026-08-31T11:49:22.0727194Z   Python_ROOT_DIR: /opt/hostedtoolcache/Python/3.12.14/x64
agent-certlab/claude-code-ledger-2026-08-14	UNKNOWN STEP	2026-08-31T11:49:22.0727763Z   Python2_ROOT_DIR: /opt/hostedtoolcache/Python/3.12.14/x64
agent-certlab/claude-code-ledger-2026-08-14	UNKNOWN STEP	2026-08-31T11:49:22.0728372Z   Python3_ROOT_DIR: /opt/hostedtoolcache/Python/3.12.14/x64
agent-certlab/claude-code-ledger-2026-08-14	UNKNOWN STEP	2026-08-31T11:49:22.0728878Z   LD_LIBRARY_PATH: /opt/hostedtoolcache/Python/3.12.14/x64/lib
agent-certlab/claude-code-ledger-2026-08-14	UNKNOWN STEP	2026-08-31T11:49:22.0729279Z ##[endgroup]
agent-certlab/claude-code-ledger-2026-08-14	UNKNOWN STEP	2026-08-31T11:49:22.0802620Z --- replay block (sha256-pinned via the registry) ---
agent-certlab/claude-code-ledger-2026-08-14	UNKNOWN STEP	2026-08-31T11:49:22.0810517Z git clone https://github.com/egnaro9/agent-certlab issuer
agent-certlab/claude-code-ledger-2026-08-14	UNKNOWN STEP	2026-08-31T11:49:22.0811224Z git -C issuer checkout 8065d6e
agent-certlab/claude-code-ledger-2026-08-14	UNKNOWN STEP	2026-08-31T11:49:22.0811683Z python -m pip install -e './issuer[test]'
agent-certlab/claude-code-ledger-2026-08-14	UNKNOWN STEP	2026-08-31T11:49:22.0812124Z python -m certlab.regrade bundle.json
agent-certlab/claude-code-ledger-2026-08-14	UNKNOWN STEP	2026-08-31T11:49:22.0836961Z --- expected: exit 0; regrade reports 'consistent — 6/6 verdicts recomputed identical'
agent-certlab/claude-code-ledger-2026-08-14	UNKNOWN STEP	2026-08-31T11:49:22.0851662Z + git clone https://github.com/egnaro9/agent-certlab issuer
agent-certlab/claude-code-ledger-2026-08-14	UNKNOWN STEP	2026-08-31T11:49:22.0863387Z Cloning into 'issuer'...
agent-certlab/claude-code-ledger-2026-08-14	UNKNOWN STEP	2026-08-31T11:49:22.6954113Z + git -C issuer checkout 8065d6e
agent-certlab/claude-code-ledger-2026-08-14	UNKNOWN STEP	2026-08-31T11:49:22.6996427Z Note: switching to '8065d6e'.
agent-certlab/claude-code-ledger-2026-08-14	UNKNOWN STEP	2026-08-31T11:49:22.6996856Z 
agent-certlab/claude-code-ledger-2026-08-14	UNKNOWN STEP	2026-08-31T11:49:22.6997588Z You are in 'detached HEAD' state. You can look around, make experimental
agent-certlab/claude-code-ledger-2026-08-14	UNKNOWN STEP	2026-08-31T11:49:22.6998755Z changes and commit them, and you can discard any commits you make in this
agent-certlab/claude-code-ledger-2026-08-14	UNKNOWN STEP	2026-08-31T11:49:22.6999381Z state without impacting any branches by switching back to a branch.
agent-certlab/claude-code-ledger-2026-08-14	UNKNOWN STEP	2026-08-31T11:49:22.6999933Z 
agent-certlab/claude-code-ledger-2026-08-14	UNKNOWN STEP	2026-08-31T11:49:22.7000280Z If you want to create a new branch to retain commits you create, you may
agent-certlab/claude-code-ledger-2026-08-14	UNKNOWN STEP	2026-08-31T11:49:22.7001025Z do so (now or later) by using -c with the switch command. Example:
agent-certlab/claude-code-ledger-2026-08-14	UNKNOWN STEP	2026-08-31T11:49:22.7001442Z 
agent-certlab/claude-code-ledger-2026-08-14	UNKNOWN STEP	2026-08-31T11:49:22.7001791Z   git switch -c <new-branch-name>
agent-certlab/claude-code-ledger-2026-08-14	UNKNOWN STEP	2026-08-31T11:49:22.7002056Z 
agent-certlab/claude-code-ledger-2026-08-14	UNKNOWN STEP	2026-08-31T11:49:22.7002276Z Or undo this operation with:
agent-certlab/claude-code-ledger-2026-08-14	UNKNOWN STEP	2026-08-31T11:49:22.7002562Z 
agent-certlab/claude-code-ledger-2026-08-14	UNKNOWN STEP	2026-08-31T11:49:22.7002757Z   git switch -
agent-certlab/claude-code-ledger-2026-08-14	UNKNOWN STEP	2026-08-31T11:49:22.7003058Z 
agent-certlab/claude-code-ledger-2026-08-14	UNKNOWN STEP	2026-08-31T11:49:22.7003516Z Turn off this advice by setting config variable advice.detachedHead to false
agent-certlab/claude-code-ledger-2026-08-14	UNKNOWN STEP	2026-08-31T11:49:22.7004029Z 
agent-certlab/claude-code-ledger-2026-08-14	UNKNOWN STEP	2026-08-31T11:49:22.7004444Z HEAD is now at 8065d6e Drop a dead if-False branch in run_pytest
agent-certlab/claude-code-ledger-2026-08-14	UNKNOWN STEP	2026-08-31T11:49:22.7005566Z + python -m pip install -e './issuer[test]'
agent-certlab/claude-code-ledger-2026-08-14	UNKNOWN STEP	2026-08-31T11:49:22.9832134Z Obtaining file:///home/runner/work/vac-protocol/vac-protocol/bundle/issuer
agent-certlab/claude-code-ledger-2026-08-14	UNKNOWN STEP	2026-08-31T11:49:22.9848913Z   Installing build dependencies: started
agent-certlab/claude-code-ledger-2026-08-14	UNKNOWN STEP	2026-08-31T11:49:23.4618009Z   Installing build dependencies: finished with status 'done'
agent-certlab/claude-code-ledger-2026-08-14	UNKNOWN STEP	2026-08-31T11:49:23.4623310Z   Checking if build backend supports build_editable: started
agent-certlab/claude-code-ledger-2026-08-14	UNKNOWN STEP	2026-08-31T11:49:23.7200559Z   Checking if build backend supports build_editable: finished with status 'done'
agent-certlab/claude-code-ledger-2026-08-14	UNKNOWN STEP	2026-08-31T11:49:23.7207353Z   Getting requirements to build editable: started
agent-certlab/claude-code-ledger-2026-08-14	UNKNOWN STEP	2026-08-31T11:49:24.0179528Z   Getting requirements to build editable: finished with status 'done'
agent-certlab/claude-code-ledger-2026-08-14	UNKNOWN STEP	2026-08-31T11:49:24.0187489Z   Preparing editable metadata (pyproject.toml): started
agent-certlab/claude-code-ledger-2026-08-14	UNKNOWN STEP	2026-08-31T11:49:24.1990615Z   Preparing editable metadata (pyproject.toml): finished with status 'done'
agent-certlab/claude-code-ledger-2026-08-14	UNKNOWN STEP	2026-08-31T11:49:24.2857513Z Collecting pytest (from agent-certlab==0.0.1)
agent-certlab/claude-code-ledger-2026-08-14	UNKNOWN STEP	2026-08-31T11:49:24.3316072Z   Downloading pytest-9.1.1-py3-none-any.whl.metadata (7.6 kB)
agent-certlab/claude-code-ledger-2026-08-14	UNKNOWN STEP	2026-08-31T11:49:24.3585927Z Collecting iniconfig>=1.0.1 (from pytest->agent-certlab==0.0.1)
agent-certlab/claude-code-ledger-2026-08-14	UNKNOWN STEP	2026-08-31T11:49:24.3623441Z   Downloading iniconfig-2.3.0-py3-none-any.whl.metadata (2.5 kB)
agent-certlab/claude-code-ledger-2026-08-14	UNKNOWN STEP	2026-08-31T11:49:24.3762845Z Collecting packaging>=22 (from pytest->agent-certlab==0.0.1)
agent-certlab/claude-code-ledger-2026-08-14	UNKNOWN STEP	2026-08-31T11:49:24.3795656Z   Downloading packaging-26.3-py3-none-any.whl.metadata (3.5 kB)
agent-certlab/claude-code-ledger-2026-08-14	UNKNOWN STEP	2026-08-31T11:49:24.3910366Z Collecting pluggy<2,>=1.5 (from pytest->agent-certlab==0.0.1)
agent-certlab/claude-code-ledger-2026-08-14	UNKNOWN STEP	2026-08-31T11:49:24.3946160Z   Downloading pluggy-1.6.0-py3-none-any.whl.metadata (4.8 kB)
agent-certlab/claude-code-ledger-2026-08-14	UNKNOWN STEP	2026-08-31T11:49:24.4106892Z Collecting pygments>=2.7.2 (from pytest->agent-certlab==0.0.1)
agent-certlab/claude-code-ledger-2026-08-14	UNKNOWN STEP	2026-08-31T11:49:24.4137939Z   Downloading pygments-2.21.0-py3-none-any.whl.metadata (2.5 kB)
agent-certlab/claude-code-ledger-2026-08-14	UNKNOWN STEP	2026-08-31T11:49:24.4219139Z Downloading pytest-9.1.1-py3-none-any.whl (386 kB)
agent-certlab/claude-code-ledger-2026-08-14	UNKNOWN STEP	2026-08-31T11:49:24.4514801Z Downloading pluggy-1.6.0-py3-none-any.whl (20 kB)
agent-certlab/claude-code-ledger-2026-08-14	UNKNOWN STEP	2026-08-31T11:49:24.4567877Z Downloading iniconfig-2.3.0-py3-none-any.whl (7.5 kB)
agent-certlab/claude-code-ledger-2026-08-14	UNKNOWN STEP	2026-08-31T11:49:24.4620908Z Downloading packaging-26.3-py3-none-any.whl (129 kB)
agent-certlab/claude-code-ledger-2026-08-14	UNKNOWN STEP	2026-08-31T11:49:24.4808833Z Downloading pygments-2.21.0-py3-none-any.whl (1.3 MB)
agent-certlab/claude-code-ledger-2026-08-14	UNKNOWN STEP	2026-08-31T11:49:24.5049678Z    ━━━━━━━━━━━━━━━━━━━━━━━━━━━━━━━━━━━━━━━━ 1.3/1.3 MB 58.0 MB/s  0:00:00
agent-certlab/claude-code-ledger-2026-08-14	UNKNOWN STEP	2026-08-31T11:49:24.5200773Z Building wheels for collected packages: agent-certlab
agent-certlab/claude-code-ledger-2026-08-14	UNKNOWN STEP	2026-08-31T11:49:24.5207642Z   Building editable for agent-certlab (pyproject.toml): started
agent-certlab/claude-code-ledger-2026-08-14	UNKNOWN STEP	2026-08-31T11:49:24.7193426Z   Building editable for agent-certlab (pyproject.toml): finished with status 'done'
agent-certlab/claude-code-ledger-2026-08-14	UNKNOWN STEP	2026-08-31T11:49:24.7199401Z   Created wheel for agent-certlab: filename=agent_certlab-0.0.1-0.editable-py3-none-any.whl size=4941 sha256=b8ae155b0bca49e691d872123b4a048e059b23bfbd33b66453471a6b740c798d
agent-certlab/claude-code-ledger-2026-08-14	UNKNOWN STEP	2026-08-31T11:49:24.7201278Z   Stored in directory: /tmp/pip-ephem-wheel-cache-jpblfbam/wheels/9c/ec/1b/d9e190e220536733f4048d8fe227b840b2eca03c0a75ceaeaf
agent-certlab/claude-code-ledger-2026-08-14	UNKNOWN STEP	2026-08-31T11:49:24.7217977Z Successfully built agent-certlab
agent-certlab/claude-code-ledger-2026-08-14	UNKNOWN STEP	2026-08-31T11:49:24.7413941Z Installing collected packages: pygments, pluggy, packaging, iniconfig, agent-certlab, pytest
agent-certlab/claude-code-ledger-2026-08-14	UNKNOWN STEP	2026-08-31T11:49:25.6885448Z 
agent-certlab/claude-code-ledger-2026-08-14	UNKNOWN STEP	2026-08-31T11:49:25.6899035Z Successfully installed agent-certlab-0.0.1 iniconfig-2.3.0 packaging-26.3 pluggy-1.6.0 pygments-2.21.0 pytest-9.1.1
agent-certlab/claude-code-ledger-2026-08-14	UNKNOWN STEP	2026-08-31T11:49:25.7546740Z + python -m certlab.regrade bundle.json
agent-certlab/claude-code-ledger-2026-08-14	UNKNOWN STEP	2026-08-31T11:49:27.2100726Z : consistent — 6/6 verdicts recomputed identical
agent-certlab/claude-code-ledger-2026-08-14	UNKNOWN STEP	2026-08-31T11:49:27.2219693Z ##[group]Run if jq -e '[.results.checks[].profile] | index("certlab-bundle-v1")' bundle/vac.json > /dev/null; then
agent-certlab/claude-code-ledger-2026-08-14	UNKNOWN STEP	2026-08-31T11:49:27.2220447Z ^[[36;1mif jq -e '[.results.checks[].profile] | index("certlab-bundle-v1")' bundle/vac.json > /dev/null; then^[[0m
agent-certlab/claude-code-ledger-2026-08-14	UNKNOWN STEP	2026-08-31T11:49:27.2221103Z ^[[36;1m  if grep -Eq 'stale-code|cannot regrade' transcript.txt; then^[[0m
agent-certlab/claude-code-ledger-2026-08-14	UNKNOWN STEP	2026-08-31T11:49:27.2221868Z ^[[36;1m    echo "regrade REFUSED at the pinned commit — issuer_commit/replay commit does not regrade this bundle (drifted task set or wrong pin)"^[[0m
agent-certlab/claude-code-ledger-2026-08-14	UNKNOWN STEP	2026-08-31T11:49:27.2222493Z ^[[36;1m    exit 1^[[0m
agent-certlab/claude-code-ledger-2026-08-14	UNKNOWN STEP	2026-08-31T11:49:27.2222779Z ^[[36;1m  fi^[[0m
agent-certlab/claude-code-ledger-2026-08-14	UNKNOWN STEP	2026-08-31T11:49:27.2223101Z ^[[36;1m  if ! grep -q 'consistent' transcript.txt; then^[[0m
agent-certlab/claude-code-ledger-2026-08-14	UNKNOWN STEP	2026-08-31T11:49:27.2223630Z ^[[36;1m    echo "regrade never reported 'consistent' — the verdicts were not re-earned"^[[0m
agent-certlab/claude-code-ledger-2026-08-14	UNKNOWN STEP	2026-08-31T11:49:27.2224090Z ^[[36;1m    exit 1^[[0m
agent-certlab/claude-code-ledger-2026-08-14	UNKNOWN STEP	2026-08-31T11:49:27.2224408Z ^[[36;1m  fi^[[0m
agent-certlab/claude-code-ledger-2026-08-14	UNKNOWN STEP	2026-08-31T11:49:27.2224694Z ^[[36;1melse^[[0m
agent-certlab/claude-code-ledger-2026-08-14	UNKNOWN STEP	2026-08-31T11:49:27.2225208Z ^[[36;1m  echo "no certlab-bundle-v1 check in this bundle; predicate not applicable"^[[0m
agent-certlab/claude-code-ledger-2026-08-14	UNKNOWN STEP	2026-08-31T11:49:27.2225661Z ^[[36;1mfi^[[0m
agent-certlab/claude-code-ledger-2026-08-14	UNKNOWN STEP	2026-08-31T11:49:27.2249180Z shell: /usr/bin/bash -e {0}
agent-certlab/claude-code-ledger-2026-08-14	UNKNOWN STEP	2026-08-31T11:49:27.2249541Z env:
agent-certlab/claude-code-ledger-2026-08-14	UNKNOWN STEP	2026-08-31T11:49:27.2249937Z   pythonLocation: /opt/hostedtoolcache/Python/3.12.14/x64
agent-certlab/claude-code-ledger-2026-08-14	UNKNOWN STEP	2026-08-31T11:49:27.2250590Z   PKG_CONFIG_PATH: /opt/hostedtoolcache/Python/3.12.14/x64/lib/pkgconfig
agent-certlab/claude-code-ledger-2026-08-14	UNKNOWN STEP	2026-08-31T11:49:27.2251051Z   Python_ROOT_DIR: /opt/hostedtoolcache/Python/3.12.14/x64
agent-certlab/claude-code-ledger-2026-08-14	UNKNOWN STEP	2026-08-31T11:49:27.2251529Z   Python2_ROOT_DIR: /opt/hostedtoolcache/Python/3.12.14/x64
agent-certlab/claude-code-ledger-2026-08-14	UNKNOWN STEP	2026-08-31T11:49:27.2251959Z   Python3_ROOT_DIR: /opt/hostedtoolcache/Python/3.12.14/x64
agent-certlab/claude-code-ledger-2026-08-14	UNKNOWN STEP	2026-08-31T11:49:27.2252443Z   LD_LIBRARY_PATH: /opt/hostedtoolcache/Python/3.12.14/x64/lib
agent-certlab/claude-code-ledger-2026-08-14	UNKNOWN STEP	2026-08-31T11:49:27.2252869Z ##[endgroup]
agent-certlab/claude-code-ledger-2026-08-14	UNKNOWN STEP	2026-08-31T11:49:27.2369979Z ##[group]Run if jq -e '[.results.checks[].profile] | index("fleet-board-v1")' bundle/vac.json > /dev/null; then
agent-certlab/claude-code-ledger-2026-08-14	UNKNOWN STEP	2026-08-31T11:49:27.2370743Z ^[[36;1mif jq -e '[.results.checks[].profile] | index("fleet-board-v1")' bundle/vac.json > /dev/null; then^[[0m
agent-certlab/claude-code-ledger-2026-08-14	UNKNOWN STEP	2026-08-31T11:49:27.2371365Z ^[[36;1m  if ! grep -q '+ cmp ' transcript.txt; then^[[0m
agent-certlab/claude-code-ledger-2026-08-14	UNKNOWN STEP	2026-08-31T11:49:27.2371978Z ^[[36;1m    echo "fleet replay block executed no cmp — byte-identity with the downloaded results was never checked"^[[0m
agent-certlab/claude-code-ledger-2026-08-14	UNKNOWN STEP	2026-08-31T11:49:27.2372575Z ^[[36;1m    exit 1^[[0m
agent-certlab/claude-code-ledger-2026-08-14	UNKNOWN STEP	2026-08-31T11:49:27.2372888Z ^[[36;1m  fi^[[0m
agent-certlab/claude-code-ledger-2026-08-14	UNKNOWN STEP	2026-08-31T11:49:27.2373237Z ^[[36;1m  if grep -E 'differ|EOF on' transcript.txt; then^[[0m
agent-certlab/claude-code-ledger-2026-08-14	UNKNOWN STEP	2026-08-31T11:49:27.2373814Z ^[[36;1m    echo "a byte-compare FAILED — the pinned commit does not reproduce the registered bytes"^[[0m
agent-certlab/claude-code-ledger-2026-08-14	UNKNOWN STEP	2026-08-31T11:49:27.2374315Z ^[[36;1m    exit 1^[[0m
agent-certlab/claude-code-ledger-2026-08-14	UNKNOWN STEP	2026-08-31T11:49:27.2374671Z ^[[36;1m  fi^[[0m
agent-certlab/claude-code-ledger-2026-08-14	UNKNOWN STEP	2026-08-31T11:49:27.2374965Z ^[[36;1melse^[[0m
agent-certlab/claude-code-ledger-2026-08-14	UNKNOWN STEP	2026-08-31T11:49:27.2375472Z ^[[36;1m  echo "no fleet-board-v1 check in this bundle; predicate not applicable"^[[0m
agent-certlab/claude-code-ledger-2026-08-14	UNKNOWN STEP	2026-08-31T11:49:27.2375932Z ^[[36;1mfi^[[0m
agent-certlab/claude-code-ledger-2026-08-14	UNKNOWN STEP	2026-08-31T11:49:27.2397346Z shell: /usr/bin/bash -e {0}
agent-certlab/claude-code-ledger-2026-08-14	UNKNOWN STEP	2026-08-31T11:49:27.2397703Z env:
agent-certlab/claude-code-ledger-2026-08-14	UNKNOWN STEP	2026-08-31T11:49:27.2398093Z   pythonLocation: /opt/hostedtoolcache/Python/3.12.14/x64
agent-certlab/claude-code-ledger-2026-08-14	UNKNOWN STEP	2026-08-31T11:49:27.2398855Z   PKG_CONFIG_PATH: /opt/hostedtoolcache/Python/3.12.14/x64/lib/pkgconfig
agent-certlab/claude-code-ledger-2026-08-14	UNKNOWN STEP	2026-08-31T11:49:27.2399399Z   Python_ROOT_DIR: /opt/hostedtoolcache/Python/3.12.14/x64
agent-certlab/claude-code-ledger-2026-08-14	UNKNOWN STEP	2026-08-31T11:49:27.2399947Z   Python2_ROOT_DIR: /opt/hostedtoolcache/Python/3.12.14/x64
agent-certlab/claude-code-ledger-2026-08-14	UNKNOWN STEP	2026-08-31T11:49:27.2400415Z   Python3_ROOT_DIR: /opt/hostedtoolcache/Python/3.12.14/x64
agent-certlab/claude-code-ledger-2026-08-14	UNKNOWN STEP	2026-08-31T11:49:27.2400884Z   LD_LIBRARY_PATH: /opt/hostedtoolcache/Python/3.12.14/x64/lib
agent-certlab/claude-code-ledger-2026-08-14	UNKNOWN STEP	2026-08-31T11:49:27.2401301Z ##[endgroup]
agent-certlab/claude-code-ledger-2026-08-14	UNKNOWN STEP	2026-08-31T11:49:27.2469290Z no fleet-board-v1 check in this bundle; predicate not applicable
agent-certlab/claude-code-ledger-2026-08-14	UNKNOWN STEP	2026-08-31T11:49:27.2496813Z ##[group]Run if jq -e '[.results.checks[].profile] | index("evalmut-run-v1")' bundle/vac.json > /dev/null; then
agent-certlab/claude-code-ledger-2026-08-14	UNKNOWN STEP	2026-08-31T11:49:27.2497623Z ^[[36;1mif jq -e '[.results.checks[].profile] | index("evalmut-run-v1")' bundle/vac.json > /dev/null; then^[[0m
agent-certlab/claude-code-ledger-2026-08-14	UNKNOWN STEP	2026-08-31T11:49:27.2498353Z ^[[36;1m  if ! grep -q '+ cmp ' transcript.txt; then^[[0m
agent-certlab/claude-code-ledger-2026-08-14	UNKNOWN STEP	2026-08-31T11:49:27.2499083Z ^[[36;1m    echo "evalmut replay block executed no cmp — byte-identity with the downloaded payload was never checked"^[[0m
agent-certlab/claude-code-ledger-2026-08-14	UNKNOWN STEP	2026-08-31T11:49:27.2499664Z ^[[36;1m    exit 1^[[0m
agent-certlab/claude-code-ledger-2026-08-14	UNKNOWN STEP	2026-08-31T11:49:27.2499966Z ^[[36;1m  fi^[[0m
agent-certlab/claude-code-ledger-2026-08-14	UNKNOWN STEP	2026-08-31T11:49:27.2500348Z ^[[36;1m  if grep -E 'differ|EOF on' transcript.txt; then^[[0m
agent-certlab/claude-code-ledger-2026-08-14	UNKNOWN STEP	2026-08-31T11:49:27.2500915Z ^[[36;1m    echo "a byte-compare FAILED — the pinned commit does not reproduce the registered bytes"^[[0m
agent-certlab/claude-code-ledger-2026-08-14	UNKNOWN STEP	2026-08-31T11:49:27.2501495Z ^[[36;1m    exit 1^[[0m
agent-certlab/claude-code-ledger-2026-08-14	UNKNOWN STEP	2026-08-31T11:49:27.2501787Z ^[[36;1m  fi^[[0m
agent-certlab/claude-code-ledger-2026-08-14	UNKNOWN STEP	2026-08-31T11:49:27.2502072Z ^[[36;1melse^[[0m
agent-certlab/claude-code-ledger-2026-08-14	UNKNOWN STEP	2026-08-31T11:49:27.2502601Z ^[[36;1m  echo "no evalmut-run-v1 check in this bundle; predicate not applicable"^[[0m
agent-certlab/claude-code-ledger-2026-08-14	UNKNOWN STEP	2026-08-31T11:49:27.2503066Z ^[[36;1mfi^[[0m
agent-certlab/claude-code-ledger-2026-08-14	UNKNOWN STEP	2026-08-31T11:49:27.2523039Z shell: /usr/bin/bash -e {0}
agent-certlab/claude-code-ledger-2026-08-14	UNKNOWN STEP	2026-08-31T11:49:27.2523467Z env:
agent-certlab/claude-code-ledger-2026-08-14	UNKNOWN STEP	2026-08-31T11:49:27.2523834Z   pythonLocation: /opt/hostedtoolcache/Python/3.12.14/x64
agent-certlab/claude-code-ledger-2026-08-14	UNKNOWN STEP	2026-08-31T11:49:27.2524360Z   PKG_CONFIG_PATH: /opt/hostedtoolcache/Python/3.12.14/x64/lib/pkgconfig
agent-certlab/claude-code-ledger-2026-08-14	UNKNOWN STEP	2026-08-31T11:49:27.2524913Z   Python_ROOT_DIR: /opt/hostedtoolcache/Python/3.12.14/x64
agent-certlab/claude-code-ledger-2026-08-14	UNKNOWN STEP	2026-08-31T11:49:27.2525405Z   Python2_ROOT_DIR: /opt/hostedtoolcache/Python/3.12.14/x64
agent-certlab/claude-code-ledger-2026-08-14	UNKNOWN STEP	2026-08-31T11:49:27.2525929Z   Python3_ROOT_DIR: /opt/hostedtoolcache/Python/3.12.14/x64
agent-certlab/claude-code-ledger-2026-08-14	UNKNOWN STEP	2026-08-31T11:49:27.2526613Z   LD_LIBRARY_PATH: /opt/hostedtoolcache/Python/3.12.14/x64/lib
agent-certlab/claude-code-ledger-2026-08-14	UNKNOWN STEP	2026-08-31T11:49:27.2527055Z ##[endgroup]
agent-certlab/claude-code-ledger-2026-08-14	UNKNOWN STEP	2026-08-31T11:49:27.2593618Z no evalmut-run-v1 check in this bundle; predicate not applicable
agent-certlab/claude-code-ledger-2026-08-14	UNKNOWN STEP	2026-08-31T11:49:27.2621652Z ##[group]Run if jq -e '[.results.checks[].profile] | index("crashkit-battery-v1")' bundle/vac.json > /dev/null; then
agent-certlab/claude-code-ledger-2026-08-14	UNKNOWN STEP	2026-08-31T11:49:27.2622447Z ^[[36;1mif jq -e '[.results.checks[].profile] | index("crashkit-battery-v1")' bundle/vac.json > /dev/null; then^[[0m
agent-certlab/claude-code-ledger-2026-08-14	UNKNOWN STEP	2026-08-31T11:49:27.2623066Z ^[[36;1m  if ! grep -q '+ cmp ' transcript.txt; then^[[0m
agent-certlab/claude-code-ledger-2026-08-14	UNKNOWN STEP	2026-08-31T11:49:27.2623718Z ^[[36;1m    echo "crashkit replay block executed no cmp — byte-identity with the downloaded artifacts was never checked"^[[0m
agent-certlab/claude-code-ledger-2026-08-14	UNKNOWN STEP	2026-08-31T11:49:27.2624348Z ^[[36;1m    exit 1^[[0m
agent-certlab/claude-code-ledger-2026-08-14	UNKNOWN STEP	2026-08-31T11:49:27.2624651Z ^[[36;1m  fi^[[0m
agent-certlab/claude-code-ledger-2026-08-14	UNKNOWN STEP	2026-08-31T11:49:27.2624990Z ^[[36;1m  if grep -E 'differ|EOF on' transcript.txt; then^[[0m
agent-certlab/claude-code-ledger-2026-08-14	UNKNOWN STEP	2026-08-31T11:49:27.2625583Z ^[[36;1m    echo "a byte-compare FAILED — the pinned commit does not reproduce the registered bytes"^[[0m
agent-certlab/claude-code-ledger-2026-08-14	UNKNOWN STEP	2026-08-31T11:49:27.2626119Z ^[[36;1m    exit 1^[[0m
agent-certlab/claude-code-ledger-2026-08-14	UNKNOWN STEP	2026-08-31T11:49:27.2626418Z ^[[36;1m  fi^[[0m
agent-certlab/claude-code-ledger-2026-08-14	UNKNOWN STEP	2026-08-31T11:49:27.2626721Z ^[[36;1melse^[[0m
agent-certlab/claude-code-ledger-2026-08-14	UNKNOWN STEP	2026-08-31T11:49:27.2627279Z ^[[36;1m  echo "no crashkit-battery-v1 check in this bundle; predicate not applicable"^[[0m
agent-certlab/claude-code-ledger-2026-08-14	UNKNOWN STEP	2026-08-31T11:49:27.2627755Z ^[[36;1mfi^[[0m
agent-certlab/claude-code-ledger-2026-08-14	UNKNOWN STEP	2026-08-31T11:49:27.2647016Z shell: /usr/bin/bash -e {0}
agent-certlab/claude-code-ledger-2026-08-14	UNKNOWN STEP	2026-08-31T11:49:27.2647382Z env:
agent-certlab/claude-code-ledger-2026-08-14	UNKNOWN STEP	2026-08-31T11:49:27.2647782Z   pythonLocation: /opt/hostedtoolcache/Python/3.12.14/x64
agent-certlab/claude-code-ledger-2026-08-14	UNKNOWN STEP	2026-08-31T11:49:27.2648492Z   PKG_CONFIG_PATH: /opt/hostedtoolcache/Python/3.12.14/x64/lib/pkgconfig
agent-certlab/claude-code-ledger-2026-08-14	UNKNOWN STEP	2026-08-31T11:49:27.2649127Z   Python_ROOT_DIR: /opt/hostedtoolcache/Python/3.12.14/x64
agent-certlab/claude-code-ledger-2026-08-14	UNKNOWN STEP	2026-08-31T11:49:27.2649629Z   Python2_ROOT_DIR: /opt/hostedtoolcache/Python/3.12.14/x64
agent-certlab/claude-code-ledger-2026-08-14	UNKNOWN STEP	2026-08-31T11:49:27.2650073Z   Python3_ROOT_DIR: /opt/hostedtoolcache/Python/3.12.14/x64
agent-certlab/claude-code-ledger-2026-08-14	UNKNOWN STEP	2026-08-31T11:49:27.2650573Z   LD_LIBRARY_PATH: /opt/hostedtoolcache/Python/3.12.14/x64/lib
agent-certlab/claude-code-ledger-2026-08-14	UNKNOWN STEP	2026-08-31T11:49:27.2651002Z ##[endgroup]
agent-certlab/claude-code-ledger-2026-08-14	UNKNOWN STEP	2026-08-31T11:49:27.2715201Z no crashkit-battery-v1 check in this bundle; predicate not applicable
agent-certlab/claude-code-ledger-2026-08-14	UNKNOWN STEP	2026-08-31T11:49:27.2741625Z ##[group]Run if jq -e '[.results.checks[].profile] | index("modeldrift-board-v1")' bundle/vac.json > /dev/null; then
agent-certlab/claude-code-ledger-2026-08-14	UNKNOWN STEP	2026-08-31T11:49:27.2742397Z ^[[36;1mif jq -e '[.results.checks[].profile] | index("modeldrift-board-v1")' bundle/vac.json > /dev/null; then^[[0m
agent-certlab/claude-code-ledger-2026-08-14	UNKNOWN STEP	2026-08-31T11:49:27.2742956Z ^[[36;1m  if ! grep -q '+ cmp ' transcript.txt; then^[[0m
agent-certlab/claude-code-ledger-2026-08-14	UNKNOWN STEP	2026-08-31T11:49:27.2743633Z ^[[36;1m    echo "modeldrift replay block executed no cmp — byte-identity with the downloaded artifacts was never checked"^[[0m
agent-certlab/claude-code-ledger-2026-08-14	UNKNOWN STEP	2026-08-31T11:49:27.2744223Z ^[[36;1m    exit 1^[[0m
agent-certlab/claude-code-ledger-2026-08-14	UNKNOWN STEP	2026-08-31T11:49:27.2744527Z ^[[36;1m  fi^[[0m
agent-certlab/claude-code-ledger-2026-08-14	UNKNOWN STEP	2026-08-31T11:49:27.2744869Z ^[[36;1m  if grep -E 'differ|EOF on' transcript.txt; then^[[0m
agent-certlab/claude-code-ledger-2026-08-14	UNKNOWN STEP	2026-08-31T11:49:27.2745405Z ^[[36;1m    echo "a byte-compare FAILED — the pinned commit does not reproduce the registered bytes"^[[0m
agent-certlab/claude-code-ledger-2026-08-14	UNKNOWN STEP	2026-08-31T11:49:27.2745926Z ^[[36;1m    exit 1^[[0m
agent-certlab/claude-code-ledger-2026-08-14	UNKNOWN STEP	2026-08-31T11:49:27.2746235Z ^[[36;1m  fi^[[0m
agent-certlab/claude-code-ledger-2026-08-14	UNKNOWN STEP	2026-08-31T11:49:27.2746514Z ^[[36;1melse^[[0m
agent-certlab/claude-code-ledger-2026-08-14	UNKNOWN STEP	2026-08-31T11:49:27.2747034Z ^[[36;1m  echo "no modeldrift-board-v1 check in this bundle; predicate not applicable"^[[0m
agent-certlab/claude-code-ledger-2026-08-14	UNKNOWN STEP	2026-08-31T11:49:27.2747504Z ^[[36;1mfi^[[0m
agent-certlab/claude-code-ledger-2026-08-14	UNKNOWN STEP	2026-08-31T11:49:27.2766190Z shell: /usr/bin/bash -e {0}
agent-certlab/claude-code-ledger-2026-08-14	UNKNOWN STEP	2026-08-31T11:49:27.2766554Z env:
agent-certlab/claude-code-ledger-2026-08-14	UNKNOWN STEP	2026-08-31T11:49:27.2766932Z   pythonLocation: /opt/hostedtoolcache/Python/3.12.14/x64
agent-certlab/claude-code-ledger-2026-08-14	UNKNOWN STEP	2026-08-31T11:49:27.2767475Z   PKG_CONFIG_PATH: /opt/hostedtoolcache/Python/3.12.14/x64/lib/pkgconfig
agent-certlab/claude-code-ledger-2026-08-14	UNKNOWN STEP	2026-08-31T11:49:27.2768010Z   Python_ROOT_DIR: /opt/hostedtoolcache/Python/3.12.14/x64
agent-certlab/claude-code-ledger-2026-08-14	UNKNOWN STEP	2026-08-31T11:49:27.2768614Z   Python2_ROOT_DIR: /opt/hostedtoolcache/Python/3.12.14/x64
agent-certlab/claude-code-ledger-2026-08-14	UNKNOWN STEP	2026-08-31T11:49:27.2769114Z   Python3_ROOT_DIR: /opt/hostedtoolcache/Python/3.12.14/x64
agent-certlab/claude-code-ledger-2026-08-14	UNKNOWN STEP	2026-08-31T11:49:27.2769615Z   LD_LIBRARY_PATH: /opt/hostedtoolcache/Python/3.12.14/x64/lib
agent-certlab/claude-code-ledger-2026-08-14	UNKNOWN STEP	2026-08-31T11:49:27.2770028Z ##[endgroup]
agent-certlab/claude-code-ledger-2026-08-14	UNKNOWN STEP	2026-08-31T11:49:27.2838536Z no modeldrift-board-v1 check in this bundle; predicate not applicable
agent-certlab/claude-code-ledger-2026-08-14	UNKNOWN STEP	2026-08-31T11:49:27.2934619Z Node 20 is being deprecated. This workflow is running with Node 24 by default. If you need to temporarily use Node 20, you can set the ACTIONS_ALLOW_USE_UNSECURE_NODE_VERSION=true environment variable. For more information see: https://github.blog/changelog/2025-09-19-deprecation-of-node-20-on-github-actions-runners/
agent-certlab/claude-code-ledger-2026-08-14	UNKNOWN STEP	2026-08-31T11:49:27.2935918Z Post job cleanup.
agent-certlab/claude-code-ledger-2026-08-14	UNKNOWN STEP	2026-08-31T11:49:27.4133542Z (node:2212) [DEP0040] DeprecationWarning: The `punycode` module is deprecated. Please use a userland alternative instead.
agent-certlab/claude-code-ledger-2026-08-14	UNKNOWN STEP	2026-08-31T11:49:27.4134454Z (Use `node --trace-deprecation ...` to show where the warning was created)
agent-certlab/claude-code-ledger-2026-08-14	UNKNOWN STEP	2026-08-31T11:49:27.4312493Z Node 20 is being deprecated. This workflow is running with Node 24 by default. If you need to temporarily use Node 20, you can set the ACTIONS_ALLOW_USE_UNSECURE_NODE_VERSION=true environment variable. For more information see: https://github.blog/changelog/2025-09-19-deprecation-of-node-20-on-github-actions-runners/
agent-certlab/claude-code-ledger-2026-08-14	UNKNOWN STEP	2026-08-31T11:49:27.4314525Z Post job cleanup.
agent-certlab/claude-code-ledger-2026-08-14	UNKNOWN STEP	2026-08-31T11:49:27.5553115Z (node:2220) [DEP0040] DeprecationWarning: The `punycode` module is deprecated. Please use a userland alternative instead.
agent-certlab/claude-code-ledger-2026-08-14	UNKNOWN STEP	2026-08-31T11:49:27.5669894Z (Use `node --trace-deprecation ...` to show where the warning was created)
agent-certlab/claude-code-ledger-2026-08-14	UNKNOWN STEP	2026-08-31T11:49:27.5768933Z Node 20 is being deprecated. This workflow is running with Node 24 by default. If you need to temporarily use Node 20, you can set the ACTIONS_ALLOW_USE_UNSECURE_NODE_VERSION=true environment variable. For more information see: https://github.blog/changelog/2025-09-19-deprecation-of-node-20-on-github-actions-runners/
agent-certlab/claude-code-ledger-2026-08-14	UNKNOWN STEP	2026-08-31T11:49:27.5770184Z Post job cleanup.
agent-certlab/claude-code-ledger-2026-08-14	UNKNOWN STEP	2026-08-31T11:49:27.6683371Z [command]/usr/bin/git version
agent-certlab/claude-code-ledger-2026-08-14	UNKNOWN STEP	2026-08-31T11:49:27.6724581Z git version 2.55.0
agent-certlab/claude-code-ledger-2026-08-14	UNKNOWN STEP	2026-08-31T11:49:27.6757659Z Temporarily overriding HOME='/home/runner/work/_temp/8df664bc-fe8a-42d3-bb2d-d5504c80a793' before making global git config changes
agent-certlab/claude-code-ledger-2026-08-14	UNKNOWN STEP	2026-08-31T11:49:27.6759574Z Adding repository directory to the temporary git global config as a safe directory
agent-certlab/claude-code-ledger-2026-08-14	UNKNOWN STEP	2026-08-31T11:49:27.6762750Z [command]/usr/bin/git config --global --add safe.directory /home/runner/work/vac-protocol/vac-protocol
agent-certlab/claude-code-ledger-2026-08-14	UNKNOWN STEP	2026-08-31T11:49:27.6802581Z [command]/usr/bin/git config --local --name-only --get-regexp core\.sshCommand
agent-certlab/claude-code-ledger-2026-08-14	UNKNOWN STEP	2026-08-31T11:49:27.6838959Z [command]/usr/bin/git submodule foreach --recursive sh -c "git config --local --name-only --get-regexp 'core\.sshCommand' && git config --local --unset-all 'core.sshCommand' || :"
agent-certlab/claude-code-ledger-2026-08-14	UNKNOWN STEP	2026-08-31T11:49:27.7074186Z [command]/usr/bin/git config --local --name-only --get-regexp http\.https\:\/\/github\.com\/\.extraheader
agent-certlab/claude-code-ledger-2026-08-14	UNKNOWN STEP	2026-08-31T11:49:27.7097689Z http.https://github.com/.extraheader
agent-certlab/claude-code-ledger-2026-08-14	UNKNOWN STEP	2026-08-31T11:49:27.7107788Z [command]/usr/bin/git config --local --unset-all http.https://github.com/.extraheader
agent-certlab/claude-code-ledger-2026-08-14	UNKNOWN STEP	2026-08-31T11:49:27.7136627Z [command]/usr/bin/git submodule foreach --recursive sh -c "git config --local --name-only --get-regexp 'http\.https\:\/\/github\.com\/\.extraheader' && git config --local --unset-all 'http.https://github.com/.extraheader' || :"
agent-certlab/claude-code-ledger-2026-08-14	UNKNOWN STEP	2026-08-31T11:49:27.7347017Z [command]/usr/bin/git config --local --name-only --get-regexp ^includeIf\.gitdir:
agent-certlab/claude-code-ledger-2026-08-14	UNKNOWN STEP	2026-08-31T11:49:27.7379396Z [command]/usr/bin/git submodule foreach --recursive git config --local --show-origin --name-only --get-regexp remote.origin.url
agent-certlab/claude-code-ledger-2026-08-14	UNKNOWN STEP	2026-08-31T11:49:27.7723796Z Cleaning up orphan processes
agent-certlab/claude-code-ledger-2026-08-14	UNKNOWN STEP	2026-08-31T11:49:27.8026615Z ##[warning]Node.js 20 is deprecated. The following actions target Node.js 20 but are being forced to run on Node.js 24: actions/checkout@v4, actions/setup-node@v4, actions/setup-python@v5. For more information see: https://github.blog/changelog/2025-09-19-deprecation-of-node-20-on-github-actions-runners/
agent-certlab/claude-code-machine-2026-08-14	UNKNOWN STEP	﻿2026-08-31T11:49:13.5751435Z Current runner version: '2.337.0'
agent-certlab/claude-code-machine-2026-08-14	UNKNOWN STEP	2026-08-31T11:49:13.5788773Z ##[group]Runner Image Provisioner
agent-certlab/claude-code-machine-2026-08-14	UNKNOWN STEP	2026-08-31T11:49:13.5790113Z Hosted Compute Agent
agent-certlab/claude-code-machine-2026-08-14	UNKNOWN STEP	2026-08-31T11:49:13.5791087Z Version: 20260819.586
agent-certlab/claude-code-machine-2026-08-14	UNKNOWN STEP	2026-08-31T11:49:13.5792264Z Commit: 3cc4a88dfa507ef76119ad1bb3eccc6378bb2b76
agent-certlab/claude-code-machine-2026-08-14	UNKNOWN STEP	2026-08-31T11:49:13.5793524Z Build Date: 2026-08-18T23:20:18Z
agent-certlab/claude-code-machine-2026-08-14	UNKNOWN STEP	2026-08-31T11:49:13.5795004Z Worker ID: {51b8de28-1c4e-4bf6-a896-f58073cfa48a}
agent-certlab/claude-code-machine-2026-08-14	UNKNOWN STEP	2026-08-31T11:49:13.5796284Z Azure Region: eastus
agent-certlab/claude-code-machine-2026-08-14	UNKNOWN STEP	2026-08-31T11:49:13.5797172Z ##[endgroup]
agent-certlab/claude-code-machine-2026-08-14	UNKNOWN STEP	2026-08-31T11:49:13.5799550Z ##[group]Operating System
agent-certlab/claude-code-machine-2026-08-14	UNKNOWN STEP	2026-08-31T11:49:13.5800565Z Ubuntu
agent-certlab/claude-code-machine-2026-08-14	UNKNOWN STEP	2026-08-31T11:49:13.5801519Z 24.04.4
agent-certlab/claude-code-machine-2026-08-14	UNKNOWN STEP	2026-08-31T11:49:13.5802460Z LTS
agent-certlab/claude-code-machine-2026-08-14	UNKNOWN STEP	2026-08-31T11:49:13.5803252Z ##[endgroup]
agent-certlab/claude-code-machine-2026-08-14	UNKNOWN STEP	2026-08-31T11:49:13.5804471Z ##[group]Runner Image
agent-certlab/claude-code-machine-2026-08-14	UNKNOWN STEP	2026-08-31T11:49:13.5805668Z Image: ubuntu-24.04
agent-certlab/claude-code-machine-2026-08-14	UNKNOWN STEP	2026-08-31T11:49:13.5806532Z Version: 20260823.283.1
agent-certlab/claude-code-machine-2026-08-14	UNKNOWN STEP	2026-08-31T11:49:13.5809310Z Included Software: https://github.com/actions/runner-images/blob/ubuntu24/20260823.283/images/ubuntu/Ubuntu2404-Readme.md
agent-certlab/claude-code-machine-2026-08-14	UNKNOWN STEP	2026-08-31T11:49:13.5812098Z Image Release: https://github.com/actions/runner-images/releases/tag/ubuntu24%2F20260823.283
agent-certlab/claude-code-machine-2026-08-14	UNKNOWN STEP	2026-08-31T11:49:13.5813785Z ##[endgroup]
agent-certlab/claude-code-machine-2026-08-14	UNKNOWN STEP	2026-08-31T11:49:13.5816007Z ##[group]GITHUB_TOKEN Permissions
agent-certlab/claude-code-machine-2026-08-14	UNKNOWN STEP	2026-08-31T11:49:13.5819166Z Contents: read
agent-certlab/claude-code-machine-2026-08-14	UNKNOWN STEP	2026-08-31T11:49:13.5820155Z Metadata: read
agent-certlab/claude-code-machine-2026-08-14	UNKNOWN STEP	2026-08-31T11:49:13.5821090Z ##[endgroup]
agent-certlab/claude-code-machine-2026-08-14	UNKNOWN STEP	2026-08-31T11:49:13.5824321Z Secret source: Actions
agent-certlab/claude-code-machine-2026-08-14	UNKNOWN STEP	2026-08-31T11:49:13.5826457Z Prepare workflow directory
agent-certlab/claude-code-machine-2026-08-14	UNKNOWN STEP	2026-08-31T11:49:13.6300862Z Prepare all required actions
agent-certlab/claude-code-machine-2026-08-14	UNKNOWN STEP	2026-08-31T11:49:13.6371397Z Getting action download info
agent-certlab/claude-code-machine-2026-08-14	UNKNOWN STEP	2026-08-31T11:49:13.8345595Z Download action repository 'actions/checkout@v4' (SHA:11d5960a326750d5838078e36cf38b85af677262)
agent-certlab/claude-code-machine-2026-08-14	UNKNOWN STEP	2026-08-31T11:49:13.9651676Z Download action repository 'actions/setup-python@v5' (SHA:a26af69be951a213d495a4c3e4e4022e16d87065)
agent-certlab/claude-code-machine-2026-08-14	UNKNOWN STEP	2026-08-31T11:49:14.0469942Z Download action repository 'actions/setup-node@v4' (SHA:49933ea5288caeca8642d1e84afbd3f7d6820020)
agent-certlab/claude-code-machine-2026-08-14	UNKNOWN STEP	2026-08-31T11:49:14.2476989Z Complete job name: agent-certlab/claude-code-machine-2026-08-14
agent-certlab/claude-code-machine-2026-08-14	UNKNOWN STEP	2026-08-31T11:49:14.3274322Z Node 20 is being deprecated. This workflow is running with Node 24 by default. If you need to temporarily use Node 20, you can set the ACTIONS_ALLOW_USE_UNSECURE_NODE_VERSION=true environment variable. For more information see: https://github.blog/changelog/2025-09-19-deprecation-of-node-20-on-github-actions-runners/
agent-certlab/claude-code-machine-2026-08-14	UNKNOWN STEP	2026-08-31T11:49:14.3283200Z ##[group]Run actions/checkout@v4
agent-certlab/claude-code-machine-2026-08-14	UNKNOWN STEP	2026-08-31T11:49:14.3283945Z with:
agent-certlab/claude-code-machine-2026-08-14	UNKNOWN STEP	2026-08-31T11:49:14.3284627Z   repository: egnaro9/vac-protocol
agent-certlab/claude-code-machine-2026-08-14	UNKNOWN STEP	2026-08-31T11:49:14.3288702Z   token: ***
agent-certlab/claude-code-machine-2026-08-14	UNKNOWN STEP	2026-08-31T11:49:14.3289144Z   ssh-strict: true
agent-certlab/claude-code-machine-2026-08-14	UNKNOWN STEP	2026-08-31T11:49:14.3289582Z   ssh-user: git
agent-certlab/claude-code-machine-2026-08-14	UNKNOWN STEP	2026-08-31T11:49:14.3290029Z   persist-credentials: true
agent-certlab/claude-code-machine-2026-08-14	UNKNOWN STEP	2026-08-31T11:49:14.3290506Z   clean: true
agent-certlab/claude-code-machine-2026-08-14	UNKNOWN STEP	2026-08-31T11:49:14.3290945Z   sparse-checkout-cone-mode: true
agent-certlab/claude-code-machine-2026-08-14	UNKNOWN STEP	2026-08-31T11:49:14.3291459Z   fetch-depth: 1
agent-certlab/claude-code-machine-2026-08-14	UNKNOWN STEP	2026-08-31T11:49:14.3291887Z   fetch-tags: false
agent-certlab/claude-code-machine-2026-08-14	UNKNOWN STEP	2026-08-31T11:49:14.3292355Z   show-progress: true
agent-certlab/claude-code-machine-2026-08-14	UNKNOWN STEP	2026-08-31T11:49:14.3292853Z   lfs: false
agent-certlab/claude-code-machine-2026-08-14	UNKNOWN STEP	2026-08-31T11:49:14.3293378Z   submodules: false
agent-certlab/claude-code-machine-2026-08-14	UNKNOWN STEP	2026-08-31T11:49:14.3293885Z   set-safe-directory: true
agent-certlab/claude-code-machine-2026-08-14	UNKNOWN STEP	2026-08-31T11:49:14.3294593Z   allow-unsafe-pr-checkout: false
agent-certlab/claude-code-machine-2026-08-14	UNKNOWN STEP	2026-08-31T11:49:14.3295455Z ##[endgroup]
agent-certlab/claude-code-machine-2026-08-14	UNKNOWN STEP	2026-08-31T11:49:14.4297117Z Syncing repository: egnaro9/vac-protocol
agent-certlab/claude-code-machine-2026-08-14	UNKNOWN STEP	2026-08-31T11:49:14.4299644Z ##[group]Getting Git version info
agent-certlab/claude-code-machine-2026-08-14	UNKNOWN STEP	2026-08-31T11:49:14.4300870Z Working directory is '/home/runner/work/vac-protocol/vac-protocol'
agent-certlab/claude-code-machine-2026-08-14	UNKNOWN STEP	2026-08-31T11:49:14.4302562Z [command]/usr/bin/git version
agent-certlab/claude-code-machine-2026-08-14	UNKNOWN STEP	2026-08-31T11:49:14.4391679Z git version 2.55.0
agent-certlab/claude-code-machine-2026-08-14	UNKNOWN STEP	2026-08-31T11:49:14.4414010Z ##[endgroup]
agent-certlab/claude-code-machine-2026-08-14	UNKNOWN STEP	2026-08-31T11:49:14.4430060Z Temporarily overriding HOME='/home/runner/work/_temp/05068db0-bcc7-427c-a4f0-0630f1f740d9' before making global git config changes
agent-certlab/claude-code-machine-2026-08-14	UNKNOWN STEP	2026-08-31T11:49:14.4432879Z Adding repository directory to the temporary git global config as a safe directory
agent-certlab/claude-code-machine-2026-08-14	UNKNOWN STEP	2026-08-31T11:49:14.4435175Z [command]/usr/bin/git config --global --add safe.directory /home/runner/work/vac-protocol/vac-protocol
agent-certlab/claude-code-machine-2026-08-14	UNKNOWN STEP	2026-08-31T11:49:14.4495526Z Deleting the contents of '/home/runner/work/vac-protocol/vac-protocol'
agent-certlab/claude-code-machine-2026-08-14	UNKNOWN STEP	2026-08-31T11:49:14.4499347Z ##[group]Initializing the repository
agent-certlab/claude-code-machine-2026-08-14	UNKNOWN STEP	2026-08-31T11:49:14.4504676Z [command]/usr/bin/git init /home/runner/work/vac-protocol/vac-protocol
agent-certlab/claude-code-machine-2026-08-14	UNKNOWN STEP	2026-08-31T11:49:14.4637945Z hint: Using 'master' as the name for the initial branch. This default branch name
agent-certlab/claude-code-machine-2026-08-14	UNKNOWN STEP	2026-08-31T11:49:14.4639645Z hint: will change to "main" in Git 3.0. To configure the initial branch name
agent-certlab/claude-code-machine-2026-08-14	UNKNOWN STEP	2026-08-31T11:49:14.4642381Z hint: to use in all of your new repositories, which will suppress this warning,
agent-certlab/claude-code-machine-2026-08-14	UNKNOWN STEP	2026-08-31T11:49:14.4643961Z hint: call:
agent-certlab/claude-code-machine-2026-08-14	UNKNOWN STEP	2026-08-31T11:49:14.4645518Z hint:
agent-certlab/claude-code-machine-2026-08-14	UNKNOWN STEP	2026-08-31T11:49:14.4646452Z hint: 	git config --global init.defaultBranch <name>
agent-certlab/claude-code-machine-2026-08-14	UNKNOWN STEP	2026-08-31T11:49:14.4647566Z hint:
agent-certlab/claude-code-machine-2026-08-14	UNKNOWN STEP	2026-08-31T11:49:14.4648571Z hint: Names commonly chosen instead of 'master' are 'main', 'trunk' and
agent-certlab/claude-code-machine-2026-08-14	UNKNOWN STEP	2026-08-31T11:49:14.4650173Z hint: 'development'. The just-created branch can be renamed via this command:
agent-certlab/claude-code-machine-2026-08-14	UNKNOWN STEP	2026-08-31T11:49:14.4651463Z hint:
agent-certlab/claude-code-machine-2026-08-14	UNKNOWN STEP	2026-08-31T11:49:14.4652155Z hint: 	git branch -m <name>
agent-certlab/claude-code-machine-2026-08-14	UNKNOWN STEP	2026-08-31T11:49:14.4653021Z hint:
agent-certlab/claude-code-machine-2026-08-14	UNKNOWN STEP	2026-08-31T11:49:14.4654315Z hint: Disable this message with "git config set advice.defaultBranchName false"
agent-certlab/claude-code-machine-2026-08-14	UNKNOWN STEP	2026-08-31T11:49:14.4656127Z Initialized empty Git repository in /home/runner/work/vac-protocol/vac-protocol/.git/
agent-certlab/claude-code-machine-2026-08-14	UNKNOWN STEP	2026-08-31T11:49:14.4659304Z [command]/usr/bin/git remote add origin https://github.com/egnaro9/vac-protocol
agent-certlab/claude-code-machine-2026-08-14	UNKNOWN STEP	2026-08-31T11:49:14.4704758Z ##[endgroup]
agent-certlab/claude-code-machine-2026-08-14	UNKNOWN STEP	2026-08-31T11:49:14.4706062Z ##[group]Disabling automatic garbage collection
agent-certlab/claude-code-machine-2026-08-14	UNKNOWN STEP	2026-08-31T11:49:14.4708787Z [command]/usr/bin/git config --local gc.auto 0
agent-certlab/claude-code-machine-2026-08-14	UNKNOWN STEP	2026-08-31T11:49:14.4746306Z ##[endgroup]
agent-certlab/claude-code-machine-2026-08-14	UNKNOWN STEP	2026-08-31T11:49:14.4747520Z ##[group]Setting up auth
agent-certlab/claude-code-machine-2026-08-14	UNKNOWN STEP	2026-08-31T11:49:14.4755398Z [command]/usr/bin/git config --local --name-only --get-regexp core\.sshCommand
agent-certlab/claude-code-machine-2026-08-14	UNKNOWN STEP	2026-08-31T11:49:14.4787572Z [command]/usr/bin/git submodule foreach --recursive sh -c "git config --local --name-only --get-regexp 'core\.sshCommand' && git config --local --unset-all 'core.sshCommand' || :"
agent-certlab/claude-code-machine-2026-08-14	UNKNOWN STEP	2026-08-31T11:49:14.5192291Z [command]/usr/bin/git config --local --name-only --get-regexp http\.https\:\/\/github\.com\/\.extraheader
agent-certlab/claude-code-machine-2026-08-14	UNKNOWN STEP	2026-08-31T11:49:14.5237728Z [command]/usr/bin/git submodule foreach --recursive sh -c "git config --local --name-only --get-regexp 'http\.https\:\/\/github\.com\/\.extraheader' && git config --local --unset-all 'http.https://github.com/.extraheader' || :"
agent-certlab/claude-code-machine-2026-08-14	UNKNOWN STEP	2026-08-31T11:49:14.5482731Z [command]/usr/bin/git config --local --name-only --get-regexp ^includeIf\.gitdir:
agent-certlab/claude-code-machine-2026-08-14	UNKNOWN STEP	2026-08-31T11:49:14.5525328Z [command]/usr/bin/git submodule foreach --recursive git config --local --show-origin --name-only --get-regexp remote.origin.url
agent-certlab/claude-code-machine-2026-08-14	UNKNOWN STEP	2026-08-31T11:49:14.5785998Z [command]/usr/bin/git config --local http.https://github.com/.extraheader AUTHORIZATION: basic ***
agent-certlab/claude-code-machine-2026-08-14	UNKNOWN STEP	2026-08-31T11:49:14.5830697Z ##[endgroup]
agent-certlab/claude-code-machine-2026-08-14	UNKNOWN STEP	2026-08-31T11:49:14.5845683Z ##[group]Fetching the repository
agent-certlab/claude-code-machine-2026-08-14	UNKNOWN STEP	2026-08-31T11:49:14.5847247Z [command]/usr/bin/git -c protocol.version=2 fetch --no-tags --prune --no-recurse-submodules --depth=1 origin +6a05245337cbbcebf1e06180e798ad568848ad2e:refs/remotes/origin/main
agent-certlab/claude-code-machine-2026-08-14	UNKNOWN STEP	2026-08-31T11:49:14.9297188Z From https://github.com/egnaro9/vac-protocol
agent-certlab/claude-code-machine-2026-08-14	UNKNOWN STEP	2026-08-31T11:49:14.9298967Z  * [new ref]         6a05245337cbbcebf1e06180e798ad568848ad2e -> origin/main
agent-certlab/claude-code-machine-2026-08-14	UNKNOWN STEP	2026-08-31T11:49:14.9302219Z ##[endgroup]
agent-certlab/claude-code-machine-2026-08-14	UNKNOWN STEP	2026-08-31T11:49:14.9303625Z ##[group]Determining the checkout info
agent-certlab/claude-code-machine-2026-08-14	UNKNOWN STEP	2026-08-31T11:49:14.9305542Z ##[endgroup]
agent-certlab/claude-code-machine-2026-08-14	UNKNOWN STEP	2026-08-31T11:49:14.9315475Z [command]/usr/bin/git sparse-checkout disable
agent-certlab/claude-code-machine-2026-08-14	UNKNOWN STEP	2026-08-31T11:49:14.9372677Z [command]/usr/bin/git config --local --unset-all extensions.worktreeConfig
agent-certlab/claude-code-machine-2026-08-14	UNKNOWN STEP	2026-08-31T11:49:14.9412841Z ##[group]Checking out the ref
agent-certlab/claude-code-machine-2026-08-14	UNKNOWN STEP	2026-08-31T11:49:14.9418647Z [command]/usr/bin/git checkout --progress --force -B main refs/remotes/origin/main
agent-certlab/claude-code-machine-2026-08-14	UNKNOWN STEP	2026-08-31T11:49:14.9730689Z Switched to a new branch 'main'
agent-certlab/claude-code-machine-2026-08-14	UNKNOWN STEP	2026-08-31T11:49:14.9736839Z branch 'main' set up to track 'origin/main'.
agent-certlab/claude-code-machine-2026-08-14	UNKNOWN STEP	2026-08-31T11:49:14.9748908Z ##[endgroup]
agent-certlab/claude-code-machine-2026-08-14	UNKNOWN STEP	2026-08-31T11:49:14.9794007Z [command]/usr/bin/git log -1 --format=%H
agent-certlab/claude-code-machine-2026-08-14	UNKNOWN STEP	2026-08-31T11:49:14.9822437Z 6a05245337cbbcebf1e06180e798ad568848ad2e
agent-certlab/claude-code-machine-2026-08-14	UNKNOWN STEP	2026-08-31T11:49:15.0250320Z Node 20 is being deprecated. This workflow is running with Node 24 by default. If you need to temporarily use Node 20, you can set the ACTIONS_ALLOW_USE_UNSECURE_NODE_VERSION=true environment variable. For more information see: https://github.blog/changelog/2025-09-19-deprecation-of-node-20-on-github-actions-runners/
agent-certlab/claude-code-machine-2026-08-14	UNKNOWN STEP	2026-08-31T11:49:15.0255791Z ##[group]Run actions/setup-python@v5
agent-certlab/claude-code-machine-2026-08-14	UNKNOWN STEP	2026-08-31T11:49:15.0256994Z with:
agent-certlab/claude-code-machine-2026-08-14	UNKNOWN STEP	2026-08-31T11:49:15.0257929Z   python-version: 3.12
agent-certlab/claude-code-machine-2026-08-14	UNKNOWN STEP	2026-08-31T11:49:15.0258987Z   check-latest: false
agent-certlab/claude-code-machine-2026-08-14	UNKNOWN STEP	2026-08-31T11:49:15.0269088Z   token: ***
agent-certlab/claude-code-machine-2026-08-14	UNKNOWN STEP	2026-08-31T11:49:15.0270113Z   update-environment: true
agent-certlab/claude-code-machine-2026-08-14	UNKNOWN STEP	2026-08-31T11:49:15.0271250Z   allow-prereleases: false
agent-certlab/claude-code-machine-2026-08-14	UNKNOWN STEP	2026-08-31T11:49:15.0272374Z   freethreaded: false
agent-certlab/claude-code-machine-2026-08-14	UNKNOWN STEP	2026-08-31T11:49:15.0273399Z ##[endgroup]
agent-certlab/claude-code-machine-2026-08-14	UNKNOWN STEP	2026-08-31T11:49:15.1637019Z ##[group]Installed versions
agent-certlab/claude-code-machine-2026-08-14	UNKNOWN STEP	2026-08-31T11:49:15.1728908Z (node:2237) [DEP0040] DeprecationWarning: The `punycode` module is deprecated. Please use a userland alternative instead.
agent-certlab/claude-code-machine-2026-08-14	UNKNOWN STEP	2026-08-31T11:49:15.1733198Z (Use `node --trace-deprecation ...` to show where the warning was created)
agent-certlab/claude-code-machine-2026-08-14	UNKNOWN STEP	2026-08-31T11:49:15.1736025Z Successfully set up CPython (3.12.14)
agent-certlab/claude-code-machine-2026-08-14	UNKNOWN STEP	2026-08-31T11:49:15.1738908Z ##[endgroup]
agent-certlab/claude-code-machine-2026-08-14	UNKNOWN STEP	2026-08-31T11:49:15.2113427Z Node 20 is being deprecated. This workflow is running with Node 24 by default. If you need to temporarily use Node 20, you can set the ACTIONS_ALLOW_USE_UNSECURE_NODE_VERSION=true environment variable. For more information see: https://github.blog/changelog/2025-09-19-deprecation-of-node-20-on-github-actions-runners/
agent-certlab/claude-code-machine-2026-08-14	UNKNOWN STEP	2026-08-31T11:49:15.2119122Z ##[group]Run actions/setup-node@v4
agent-certlab/claude-code-machine-2026-08-14	UNKNOWN STEP	2026-08-31T11:49:15.2120219Z with:
agent-certlab/claude-code-machine-2026-08-14	UNKNOWN STEP	2026-08-31T11:49:15.2121159Z   node-version: 22
agent-certlab/claude-code-machine-2026-08-14	UNKNOWN STEP	2026-08-31T11:49:15.2122381Z   always-auth: false
agent-certlab/claude-code-machine-2026-08-14	UNKNOWN STEP	2026-08-31T11:49:15.2123408Z   check-latest: false
agent-certlab/claude-code-machine-2026-08-14	UNKNOWN STEP	2026-08-31T11:49:15.2133163Z   token: ***
agent-certlab/claude-code-machine-2026-08-14	UNKNOWN STEP	2026-08-31T11:49:15.2134338Z env:
agent-certlab/claude-code-machine-2026-08-14	UNKNOWN STEP	2026-08-31T11:49:15.2135429Z   pythonLocation: /opt/hostedtoolcache/Python/3.12.14/x64
agent-certlab/claude-code-machine-2026-08-14	UNKNOWN STEP	2026-08-31T11:49:15.2137103Z   PKG_CONFIG_PATH: /opt/hostedtoolcache/Python/3.12.14/x64/lib/pkgconfig
agent-certlab/claude-code-machine-2026-08-14	UNKNOWN STEP	2026-08-31T11:49:15.2138769Z   Python_ROOT_DIR: /opt/hostedtoolcache/Python/3.12.14/x64
agent-certlab/claude-code-machine-2026-08-14	UNKNOWN STEP	2026-08-31T11:49:15.2140322Z   Python2_ROOT_DIR: /opt/hostedtoolcache/Python/3.12.14/x64
agent-certlab/claude-code-machine-2026-08-14	UNKNOWN STEP	2026-08-31T11:49:15.2141832Z   Python3_ROOT_DIR: /opt/hostedtoolcache/Python/3.12.14/x64
agent-certlab/claude-code-machine-2026-08-14	UNKNOWN STEP	2026-08-31T11:49:15.2143345Z   LD_LIBRARY_PATH: /opt/hostedtoolcache/Python/3.12.14/x64/lib
agent-certlab/claude-code-machine-2026-08-14	UNKNOWN STEP	2026-08-31T11:49:15.2144887Z ##[endgroup]
agent-certlab/claude-code-machine-2026-08-14	UNKNOWN STEP	2026-08-31T11:49:15.3651009Z Found in cache @ /opt/hostedtoolcache/node/22.23.2/x64
agent-certlab/claude-code-machine-2026-08-14	UNKNOWN STEP	2026-08-31T11:49:15.3655521Z (node:2245) [DEP0040] DeprecationWarning: The `punycode` module is deprecated. Please use a userland alternative instead.
agent-certlab/claude-code-machine-2026-08-14	UNKNOWN STEP	2026-08-31T11:49:15.3659734Z (Use `node --trace-deprecation ...` to show where the warning was created)
agent-certlab/claude-code-machine-2026-08-14	UNKNOWN STEP	2026-08-31T11:49:15.3663497Z ##[group]Environment details
agent-certlab/claude-code-machine-2026-08-14	UNKNOWN STEP	2026-08-31T11:49:15.8014038Z node: v22.23.2
agent-certlab/claude-code-machine-2026-08-14	UNKNOWN STEP	2026-08-31T11:49:15.8014858Z npm: 10.9.8
agent-certlab/claude-code-machine-2026-08-14	UNKNOWN STEP	2026-08-31T11:49:15.8015137Z yarn: 1.22.22
agent-certlab/claude-code-machine-2026-08-14	UNKNOWN STEP	2026-08-31T11:49:15.8016146Z ##[endgroup]
agent-certlab/claude-code-machine-2026-08-14	UNKNOWN STEP	2026-08-31T11:49:15.8174776Z ##[group]Run pip install -e .
agent-certlab/claude-code-machine-2026-08-14	UNKNOWN STEP	2026-08-31T11:49:15.8175194Z ^[[36;1mpip install -e .^[[0m
agent-certlab/claude-code-machine-2026-08-14	UNKNOWN STEP	2026-08-31T11:49:15.8243022Z shell: /usr/bin/bash -e {0}
agent-certlab/claude-code-machine-2026-08-14	UNKNOWN STEP	2026-08-31T11:49:15.8243366Z env:
agent-certlab/claude-code-machine-2026-08-14	UNKNOWN STEP	2026-08-31T11:49:15.8243694Z   pythonLocation: /opt/hostedtoolcache/Python/3.12.14/x64
agent-certlab/claude-code-machine-2026-08-14	UNKNOWN STEP	2026-08-31T11:49:15.8244704Z   PKG_CONFIG_PATH: /opt/hostedtoolcache/Python/3.12.14/x64/lib/pkgconfig
agent-certlab/claude-code-machine-2026-08-14	UNKNOWN STEP	2026-08-31T11:49:15.8245263Z   Python_ROOT_DIR: /opt/hostedtoolcache/Python/3.12.14/x64
agent-certlab/claude-code-machine-2026-08-14	UNKNOWN STEP	2026-08-31T11:49:15.8245834Z   Python2_ROOT_DIR: /opt/hostedtoolcache/Python/3.12.14/x64
agent-certlab/claude-code-machine-2026-08-14	UNKNOWN STEP	2026-08-31T11:49:15.8246559Z   Python3_ROOT_DIR: /opt/hostedtoolcache/Python/3.12.14/x64
agent-certlab/claude-code-machine-2026-08-14	UNKNOWN STEP	2026-08-31T11:49:15.8247275Z   LD_LIBRARY_PATH: /opt/hostedtoolcache/Python/3.12.14/x64/lib
agent-certlab/claude-code-machine-2026-08-14	UNKNOWN STEP	2026-08-31T11:49:15.8247919Z ##[endgroup]
agent-certlab/claude-code-machine-2026-08-14	UNKNOWN STEP	2026-08-31T11:49:16.7017754Z Obtaining file:///home/runner/work/vac-protocol/vac-protocol
agent-certlab/claude-code-machine-2026-08-14	UNKNOWN STEP	2026-08-31T11:49:16.7027575Z   Installing build dependencies: started
agent-certlab/claude-code-machine-2026-08-14	UNKNOWN STEP	2026-08-31T11:49:17.4544610Z   Installing build dependencies: finished with status 'done'
agent-certlab/claude-code-machine-2026-08-14	UNKNOWN STEP	2026-08-31T11:49:17.4550348Z   Checking if build backend supports build_editable: started
agent-certlab/claude-code-machine-2026-08-14	UNKNOWN STEP	2026-08-31T11:49:17.8036282Z   Checking if build backend supports build_editable: finished with status 'done'
agent-certlab/claude-code-machine-2026-08-14	UNKNOWN STEP	2026-08-31T11:49:17.8047156Z   Getting requirements to build editable: started
agent-certlab/claude-code-machine-2026-08-14	UNKNOWN STEP	2026-08-31T11:49:18.1629335Z   Getting requirements to build editable: finished with status 'done'
agent-certlab/claude-code-machine-2026-08-14	UNKNOWN STEP	2026-08-31T11:49:18.1638095Z   Preparing editable metadata (pyproject.toml): started
agent-certlab/claude-code-machine-2026-08-14	UNKNOWN STEP	2026-08-31T11:49:18.3628705Z   Preparing editable metadata (pyproject.toml): finished with status 'done'
agent-certlab/claude-code-machine-2026-08-14	UNKNOWN STEP	2026-08-31T11:49:18.3666036Z Building wheels for collected packages: vac-protocol
agent-certlab/claude-code-machine-2026-08-14	UNKNOWN STEP	2026-08-31T11:49:18.3673720Z   Building editable for vac-protocol (pyproject.toml): started
agent-certlab/claude-code-machine-2026-08-14	UNKNOWN STEP	2026-08-31T11:49:18.5862174Z   Building editable for vac-protocol (pyproject.toml): finished with status 'done'
agent-certlab/claude-code-machine-2026-08-14	UNKNOWN STEP	2026-08-31T11:49:18.5870800Z   Created wheel for vac-protocol: filename=vac_protocol-0.1.0-0.editable-py3-none-any.whl size=8850 sha256=383f22eac25a345ab45333364c3bd3471c6ab837638e77af2dfd664a7e215560
agent-certlab/claude-code-machine-2026-08-14	UNKNOWN STEP	2026-08-31T11:49:18.5872739Z   Stored in directory: /tmp/pip-ephem-wheel-cache-nbd003_g/wheels/31/93/c0/4effb33ea68d4321a176d9cb097b94ea8b1be9d534ea861dec
agent-certlab/claude-code-machine-2026-08-14	UNKNOWN STEP	2026-08-31T11:49:18.5910146Z Successfully built vac-protocol
agent-certlab/claude-code-machine-2026-08-14	UNKNOWN STEP	2026-08-31T11:49:18.6044565Z Installing collected packages: vac-protocol
agent-certlab/claude-code-machine-2026-08-14	UNKNOWN STEP	2026-08-31T11:49:18.6136792Z Successfully installed vac-protocol-0.1.0
agent-certlab/claude-code-machine-2026-08-14	UNKNOWN STEP	2026-08-31T11:49:18.6723047Z ##[group]Run python -m vac.registry --fetch-bundle "agent-certlab/claude-code-machine-2026-08-14" --dest bundle
agent-certlab/claude-code-machine-2026-08-14	UNKNOWN STEP	2026-08-31T11:49:18.6723908Z ^[[36;1mpython -m vac.registry --fetch-bundle "agent-certlab/claude-code-machine-2026-08-14" --dest bundle^[[0m
agent-certlab/claude-code-machine-2026-08-14	UNKNOWN STEP	2026-08-31T11:49:18.6764693Z shell: /usr/bin/bash -e {0}
agent-certlab/claude-code-machine-2026-08-14	UNKNOWN STEP	2026-08-31T11:49:18.6764949Z env:
agent-certlab/claude-code-machine-2026-08-14	UNKNOWN STEP	2026-08-31T11:49:18.6765220Z   pythonLocation: /opt/hostedtoolcache/Python/3.12.14/x64
agent-certlab/claude-code-machine-2026-08-14	UNKNOWN STEP	2026-08-31T11:49:18.6765681Z   PKG_CONFIG_PATH: /opt/hostedtoolcache/Python/3.12.14/x64/lib/pkgconfig
agent-certlab/claude-code-machine-2026-08-14	UNKNOWN STEP	2026-08-31T11:49:18.6766123Z   Python_ROOT_DIR: /opt/hostedtoolcache/Python/3.12.14/x64
agent-certlab/claude-code-machine-2026-08-14	UNKNOWN STEP	2026-08-31T11:49:18.6766514Z   Python2_ROOT_DIR: /opt/hostedtoolcache/Python/3.12.14/x64
agent-certlab/claude-code-machine-2026-08-14	UNKNOWN STEP	2026-08-31T11:49:18.6766906Z   Python3_ROOT_DIR: /opt/hostedtoolcache/Python/3.12.14/x64
agent-certlab/claude-code-machine-2026-08-14	UNKNOWN STEP	2026-08-31T11:49:18.6767309Z   LD_LIBRARY_PATH: /opt/hostedtoolcache/Python/3.12.14/x64/lib
agent-certlab/claude-code-machine-2026-08-14	UNKNOWN STEP	2026-08-31T11:49:18.6767631Z ##[endgroup]
agent-certlab/claude-code-machine-2026-08-14	UNKNOWN STEP	2026-08-31T11:49:19.1561822Z fetched agent-certlab/claude-code-machine-2026-08-14 into bundle: every artifact sha256-verified against the registry
agent-certlab/claude-code-machine-2026-08-14	UNKNOWN STEP	2026-08-31T11:49:19.1705621Z ##[group]Run python -m vac.verify bundle
agent-certlab/claude-code-machine-2026-08-14	UNKNOWN STEP	2026-08-31T11:49:19.1706034Z ^[[36;1mpython -m vac.verify bundle^[[0m
agent-certlab/claude-code-machine-2026-08-14	UNKNOWN STEP	2026-08-31T11:49:19.1744375Z shell: /usr/bin/bash -e {0}
agent-certlab/claude-code-machine-2026-08-14	UNKNOWN STEP	2026-08-31T11:49:19.1744630Z env:
agent-certlab/claude-code-machine-2026-08-14	UNKNOWN STEP	2026-08-31T11:49:19.1744899Z   pythonLocation: /opt/hostedtoolcache/Python/3.12.14/x64
agent-certlab/claude-code-machine-2026-08-14	UNKNOWN STEP	2026-08-31T11:49:19.1745349Z   PKG_CONFIG_PATH: /opt/hostedtoolcache/Python/3.12.14/x64/lib/pkgconfig
agent-certlab/claude-code-machine-2026-08-14	UNKNOWN STEP	2026-08-31T11:49:19.1745785Z   Python_ROOT_DIR: /opt/hostedtoolcache/Python/3.12.14/x64
agent-certlab/claude-code-machine-2026-08-14	UNKNOWN STEP	2026-08-31T11:49:19.1746206Z   Python2_ROOT_DIR: /opt/hostedtoolcache/Python/3.12.14/x64
agent-certlab/claude-code-machine-2026-08-14	UNKNOWN STEP	2026-08-31T11:49:19.1746619Z   Python3_ROOT_DIR: /opt/hostedtoolcache/Python/3.12.14/x64
agent-certlab/claude-code-machine-2026-08-14	UNKNOWN STEP	2026-08-31T11:49:19.1747019Z   LD_LIBRARY_PATH: /opt/hostedtoolcache/Python/3.12.14/x64/lib
agent-certlab/claude-code-machine-2026-08-14	UNKNOWN STEP	2026-08-31T11:49:19.1747343Z ##[endgroup]
agent-certlab/claude-code-machine-2026-08-14	UNKNOWN STEP	2026-08-31T11:49:19.2155744Z structural verification: PASS (bundle)
agent-certlab/claude-code-machine-2026-08-14	UNKNOWN STEP	2026-08-31T11:49:19.2156513Z   proved offline: manifest schema, artifact presence + sha256, bundle closure,
agent-certlab/claude-code-machine-2026-08-14	UNKNOWN STEP	2026-08-31T11:49:19.2157918Z   stated limitations, stamp agreement, declared results recomputed from artifacts.
agent-certlab/claude-code-machine-2026-08-14	UNKNOWN STEP	2026-08-31T11:49:19.2158890Z semantic replay: NOT run by this tool. A structural PASS means the bundle is
agent-certlab/claude-code-machine-2026-08-14	UNKNOWN STEP	2026-08-31T11:49:19.2159556Z   internally honest, not that the issuer's grader agrees. To re-earn the
agent-certlab/claude-code-machine-2026-08-14	UNKNOWN STEP	2026-08-31T11:49:19.2160225Z   verdicts, run the bundle's replay block at the pinned issuer_commit:
agent-certlab/claude-code-machine-2026-08-14	UNKNOWN STEP	2026-08-31T11:49:19.2160842Z     $ git clone https://github.com/egnaro9/agent-certlab issuer
agent-certlab/claude-code-machine-2026-08-14	UNKNOWN STEP	2026-08-31T11:49:19.2161310Z     $ git -C issuer checkout 7954393
agent-certlab/claude-code-machine-2026-08-14	UNKNOWN STEP	2026-08-31T11:49:19.2162014Z     $ python -m pip install -e './issuer[test]'
agent-certlab/claude-code-machine-2026-08-14	UNKNOWN STEP	2026-08-31T11:49:19.2162435Z     $ python -m certlab.regrade bundle.json
agent-certlab/claude-code-machine-2026-08-14	UNKNOWN STEP	2026-08-31T11:49:19.2163285Z     expected: exit 0; regrade reports 'consistent — 6/6 verdicts recomputed identical'
agent-certlab/claude-code-machine-2026-08-14	UNKNOWN STEP	2026-08-31T11:49:19.2240366Z ##[group]Run jq -r '.replay.commands[]' bundle/vac.json > replay.sh
agent-certlab/claude-code-machine-2026-08-14	UNKNOWN STEP	2026-08-31T11:49:19.2240896Z ^[[36;1mjq -r '.replay.commands[]' bundle/vac.json > replay.sh^[[0m
agent-certlab/claude-code-machine-2026-08-14	UNKNOWN STEP	2026-08-31T11:49:19.2241346Z ^[[36;1mecho "--- replay block (sha256-pinned via the registry) ---"^[[0m
agent-certlab/claude-code-machine-2026-08-14	UNKNOWN STEP	2026-08-31T11:49:19.2241729Z ^[[36;1mcat replay.sh^[[0m
agent-certlab/claude-code-machine-2026-08-14	UNKNOWN STEP	2026-08-31T11:49:19.2242086Z ^[[36;1mecho "--- expected: $(jq -r '.replay.expected' bundle/vac.json)"^[[0m
agent-certlab/claude-code-machine-2026-08-14	UNKNOWN STEP	2026-08-31T11:49:19.2242531Z ^[[36;1mcd bundle^[[0m
agent-certlab/claude-code-machine-2026-08-14	UNKNOWN STEP	2026-08-31T11:49:19.2242864Z ^[[36;1mbash -euxo pipefail ../replay.sh 2>&1 | tee ../transcript.txt^[[0m
agent-certlab/claude-code-machine-2026-08-14	UNKNOWN STEP	2026-08-31T11:49:19.2284699Z shell: /usr/bin/bash --noprofile --norc -e -o pipefail {0}
agent-certlab/claude-code-machine-2026-08-14	UNKNOWN STEP	2026-08-31T11:49:19.2285060Z env:
agent-certlab/claude-code-machine-2026-08-14	UNKNOWN STEP	2026-08-31T11:49:19.2285367Z   pythonLocation: /opt/hostedtoolcache/Python/3.12.14/x64
agent-certlab/claude-code-machine-2026-08-14	UNKNOWN STEP	2026-08-31T11:49:19.2285828Z   PKG_CONFIG_PATH: /opt/hostedtoolcache/Python/3.12.14/x64/lib/pkgconfig
agent-certlab/claude-code-machine-2026-08-14	UNKNOWN STEP	2026-08-31T11:49:19.2286281Z   Python_ROOT_DIR: /opt/hostedtoolcache/Python/3.12.14/x64
agent-certlab/claude-code-machine-2026-08-14	UNKNOWN STEP	2026-08-31T11:49:19.2286724Z   Python2_ROOT_DIR: /opt/hostedtoolcache/Python/3.12.14/x64
agent-certlab/claude-code-machine-2026-08-14	UNKNOWN STEP	2026-08-31T11:49:19.2287133Z   Python3_ROOT_DIR: /opt/hostedtoolcache/Python/3.12.14/x64
agent-certlab/claude-code-machine-2026-08-14	UNKNOWN STEP	2026-08-31T11:49:19.2287565Z   LD_LIBRARY_PATH: /opt/hostedtoolcache/Python/3.12.14/x64/lib
agent-certlab/claude-code-machine-2026-08-14	UNKNOWN STEP	2026-08-31T11:49:19.2287918Z ##[endgroup]
agent-certlab/claude-code-machine-2026-08-14	UNKNOWN STEP	2026-08-31T11:49:19.2378429Z --- replay block (sha256-pinned via the registry) ---
agent-certlab/claude-code-machine-2026-08-14	UNKNOWN STEP	2026-08-31T11:49:19.2388092Z git clone https://github.com/egnaro9/agent-certlab issuer
agent-certlab/claude-code-machine-2026-08-14	UNKNOWN STEP	2026-08-31T11:49:19.2388808Z git -C issuer checkout 7954393
agent-certlab/claude-code-machine-2026-08-14	UNKNOWN STEP	2026-08-31T11:49:19.2389166Z python -m pip install -e './issuer[test]'
agent-certlab/claude-code-machine-2026-08-14	UNKNOWN STEP	2026-08-31T11:49:19.2389533Z python -m certlab.regrade bundle.json
agent-certlab/claude-code-machine-2026-08-14	UNKNOWN STEP	2026-08-31T11:49:19.2418103Z --- expected: exit 0; regrade reports 'consistent — 6/6 verdicts recomputed identical'
agent-certlab/claude-code-machine-2026-08-14	UNKNOWN STEP	2026-08-31T11:49:19.2432913Z + git clone https://github.com/egnaro9/agent-certlab issuer
agent-certlab/claude-code-machine-2026-08-14	UNKNOWN STEP	2026-08-31T11:49:19.2445006Z Cloning into 'issuer'...
agent-certlab/claude-code-machine-2026-08-14	UNKNOWN STEP	2026-08-31T11:49:19.5133282Z + git -C issuer checkout 7954393
agent-certlab/claude-code-machine-2026-08-14	UNKNOWN STEP	2026-08-31T11:49:19.5186078Z Note: switching to '7954393'.
agent-certlab/claude-code-machine-2026-08-14	UNKNOWN STEP	2026-08-31T11:49:19.5186835Z 
agent-certlab/claude-code-machine-2026-08-14	UNKNOWN STEP	2026-08-31T11:49:19.5187529Z You are in 'detached HEAD' state. You can look around, make experimental
agent-certlab/claude-code-machine-2026-08-14	UNKNOWN STEP	2026-08-31T11:49:19.5188645Z changes and commit them, and you can discard any commits you make in this
agent-certlab/claude-code-machine-2026-08-14	UNKNOWN STEP	2026-08-31T11:49:19.5189777Z state without impacting any branches by switching back to a branch.
agent-certlab/claude-code-machine-2026-08-14	UNKNOWN STEP	2026-08-31T11:49:19.5190356Z 
agent-certlab/claude-code-machine-2026-08-14	UNKNOWN STEP	2026-08-31T11:49:19.5191257Z If you want to create a new branch to retain commits you create, you may
agent-certlab/claude-code-machine-2026-08-14	UNKNOWN STEP	2026-08-31T11:49:19.5192303Z do so (now or later) by using -c with the switch command. Example:
agent-certlab/claude-code-machine-2026-08-14	UNKNOWN STEP	2026-08-31T11:49:19.5193027Z 
agent-certlab/claude-code-machine-2026-08-14	UNKNOWN STEP	2026-08-31T11:49:19.5193695Z   git switch -c <new-branch-name>
agent-certlab/claude-code-machine-2026-08-14	UNKNOWN STEP	2026-08-31T11:49:19.5194647Z 
agent-certlab/claude-code-machine-2026-08-14	UNKNOWN STEP	2026-08-31T11:49:19.5195194Z Or undo this operation with:
agent-certlab/claude-code-machine-2026-08-14	UNKNOWN STEP	2026-08-31T11:49:19.5195801Z 
agent-certlab/claude-code-machine-2026-08-14	UNKNOWN STEP	2026-08-31T11:49:19.5196060Z   git switch -
agent-certlab/claude-code-machine-2026-08-14	UNKNOWN STEP	2026-08-31T11:49:19.5196300Z 
agent-certlab/claude-code-machine-2026-08-14	UNKNOWN STEP	2026-08-31T11:49:19.5196881Z Turn off this advice by setting config variable advice.detachedHead to false
agent-certlab/claude-code-machine-2026-08-14	UNKNOWN STEP	2026-08-31T11:49:19.5197443Z 
agent-certlab/claude-code-machine-2026-08-14	UNKNOWN STEP	2026-08-31T11:49:19.5198167Z HEAD is now at 7954393 VAC issuer per SPEC 2.3; the CI verification step fails loud
agent-certlab/claude-code-machine-2026-08-14	UNKNOWN STEP	2026-08-31T11:49:19.5199096Z + python -m pip install -e './issuer[test]'
agent-certlab/claude-code-machine-2026-08-14	UNKNOWN STEP	2026-08-31T11:49:19.8556630Z Obtaining file:///home/runner/work/vac-protocol/vac-protocol/bundle/issuer
agent-certlab/claude-code-machine-2026-08-14	UNKNOWN STEP	2026-08-31T11:49:19.8587591Z   Installing build dependencies: started
agent-certlab/claude-code-machine-2026-08-14	UNKNOWN STEP	2026-08-31T11:49:20.4071561Z   Installing build dependencies: finished with status 'done'
agent-certlab/claude-code-machine-2026-08-14	UNKNOWN STEP	2026-08-31T11:49:20.4081126Z   Checking if build backend supports build_editable: started
agent-certlab/claude-code-machine-2026-08-14	UNKNOWN STEP	2026-08-31T11:49:20.6973510Z   Checking if build backend supports build_editable: finished with status 'done'
agent-certlab/claude-code-machine-2026-08-14	UNKNOWN STEP	2026-08-31T11:49:20.6981883Z   Getting requirements to build editable: started
agent-certlab/claude-code-machine-2026-08-14	UNKNOWN STEP	2026-08-31T11:49:21.1739134Z   Getting requirements to build editable: finished with status 'done'
agent-certlab/claude-code-machine-2026-08-14	UNKNOWN STEP	2026-08-31T11:49:21.1749795Z   Preparing editable metadata (pyproject.toml): started
agent-certlab/claude-code-machine-2026-08-14	UNKNOWN STEP	2026-08-31T11:49:21.5272794Z   Preparing editable metadata (pyproject.toml): finished with status 'done'
agent-certlab/claude-code-machine-2026-08-14	UNKNOWN STEP	2026-08-31T11:49:22.2673218Z Collecting pytest (from agent-certlab==0.0.1)
agent-certlab/claude-code-machine-2026-08-14	UNKNOWN STEP	2026-08-31T11:49:22.3277642Z   Downloading pytest-9.1.1-py3-none-any.whl.metadata (7.6 kB)
agent-certlab/claude-code-machine-2026-08-14	UNKNOWN STEP	2026-08-31T11:49:22.3421490Z Collecting iniconfig>=1.0.1 (from pytest->agent-certlab==0.0.1)
agent-certlab/claude-code-machine-2026-08-14	UNKNOWN STEP	2026-08-31T11:49:22.3456133Z   Downloading iniconfig-2.3.0-py3-none-any.whl.metadata (2.5 kB)
agent-certlab/claude-code-machine-2026-08-14	UNKNOWN STEP	2026-08-31T11:49:22.3612677Z Collecting packaging>=22 (from pytest->agent-certlab==0.0.1)
agent-certlab/claude-code-machine-2026-08-14	UNKNOWN STEP	2026-08-31T11:49:22.3652714Z   Downloading packaging-26.3-py3-none-any.whl.metadata (3.5 kB)
agent-certlab/claude-code-machine-2026-08-14	UNKNOWN STEP	2026-08-31T11:49:22.3780232Z Collecting pluggy<2,>=1.5 (from pytest->agent-certlab==0.0.1)
agent-certlab/claude-code-machine-2026-08-14	UNKNOWN STEP	2026-08-31T11:49:22.3817306Z   Downloading pluggy-1.6.0-py3-none-any.whl.metadata (4.8 kB)
agent-certlab/claude-code-machine-2026-08-14	UNKNOWN STEP	2026-08-31T11:49:22.4010310Z Collecting pygments>=2.7.2 (from pytest->agent-certlab==0.0.1)
agent-certlab/claude-code-machine-2026-08-14	UNKNOWN STEP	2026-08-31T11:49:22.4047432Z   Downloading pygments-2.21.0-py3-none-any.whl.metadata (2.5 kB)
agent-certlab/claude-code-machine-2026-08-14	UNKNOWN STEP	2026-08-31T11:49:22.4141712Z Downloading pytest-9.1.1-py3-none-any.whl (386 kB)
agent-certlab/claude-code-machine-2026-08-14	UNKNOWN STEP	2026-08-31T11:49:22.4380598Z Downloading pluggy-1.6.0-py3-none-any.whl (20 kB)
agent-certlab/claude-code-machine-2026-08-14	UNKNOWN STEP	2026-08-31T11:49:22.4433646Z Downloading iniconfig-2.3.0-py3-none-any.whl (7.5 kB)
agent-certlab/claude-code-machine-2026-08-14	UNKNOWN STEP	2026-08-31T11:49:22.4493025Z Downloading packaging-26.3-py3-none-any.whl (129 kB)
agent-certlab/claude-code-machine-2026-08-14	UNKNOWN STEP	2026-08-31T11:49:22.4549108Z Downloading pygments-2.21.0-py3-none-any.whl (1.3 MB)
agent-certlab/claude-code-machine-2026-08-14	UNKNOWN STEP	2026-08-31T11:49:22.4667167Z    ━━━━━━━━━━━━━━━━━━━━━━━━━━━━━━━━━━━━━━━━ 1.3/1.3 MB 135.4 MB/s  0:00:00
agent-certlab/claude-code-machine-2026-08-14	UNKNOWN STEP	2026-08-31T11:49:22.4832121Z Building wheels for collected packages: agent-certlab
agent-certlab/claude-code-machine-2026-08-14	UNKNOWN STEP	2026-08-31T11:49:22.4840376Z   Building editable for agent-certlab (pyproject.toml): started
agent-certlab/claude-code-machine-2026-08-14	UNKNOWN STEP	2026-08-31T11:49:22.7053378Z   Building editable for agent-certlab (pyproject.toml): finished with status 'done'
agent-certlab/claude-code-machine-2026-08-14	UNKNOWN STEP	2026-08-31T11:49:22.7059166Z   Created wheel for agent-certlab: filename=agent_certlab-0.0.1-0.editable-py3-none-any.whl size=5359 sha256=5733b6583f333a9ee685689fd8cfc8e451a8887fb2dd94ae7d40fd93192332de
agent-certlab/claude-code-machine-2026-08-14	UNKNOWN STEP	2026-08-31T11:49:22.7061077Z   Stored in directory: /tmp/pip-ephem-wheel-cache-u6rrx5eo/wheels/9c/ec/1b/d9e190e220536733f4048d8fe227b840b2eca03c0a75ceaeaf
agent-certlab/claude-code-machine-2026-08-14	UNKNOWN STEP	2026-08-31T11:49:22.7077288Z Successfully built agent-certlab
agent-certlab/claude-code-machine-2026-08-14	UNKNOWN STEP	2026-08-31T11:49:22.7285870Z Installing collected packages: pygments, pluggy, packaging, iniconfig, agent-certlab, pytest
agent-certlab/claude-code-machine-2026-08-14	UNKNOWN STEP	2026-08-31T11:49:23.8537256Z 
agent-certlab/claude-code-machine-2026-08-14	UNKNOWN STEP	2026-08-31T11:49:23.8551970Z Successfully installed agent-certlab-0.0.1 iniconfig-2.3.0 packaging-26.3 pluggy-1.6.0 pygments-2.21.0 pytest-9.1.1
agent-certlab/claude-code-machine-2026-08-14	UNKNOWN STEP	2026-08-31T11:49:23.9216539Z + python -m certlab.regrade bundle.json
agent-certlab/claude-code-machine-2026-08-14	UNKNOWN STEP	2026-08-31T11:49:25.9017004Z : consistent — 6/6 verdicts recomputed identical
agent-certlab/claude-code-machine-2026-08-14	UNKNOWN STEP	2026-08-31T11:49:25.9140033Z ##[group]Run if jq -e '[.results.checks[].profile] | index("certlab-bundle-v1")' bundle/vac.json > /dev/null; then
agent-certlab/claude-code-machine-2026-08-14	UNKNOWN STEP	2026-08-31T11:49:25.9140877Z ^[[36;1mif jq -e '[.results.checks[].profile] | index("certlab-bundle-v1")' bundle/vac.json > /dev/null; then^[[0m
agent-certlab/claude-code-machine-2026-08-14	UNKNOWN STEP	2026-08-31T11:49:25.9141476Z ^[[36;1m  if grep -Eq 'stale-code|cannot regrade' transcript.txt; then^[[0m
agent-certlab/claude-code-machine-2026-08-14	UNKNOWN STEP	2026-08-31T11:49:25.9142184Z ^[[36;1m    echo "regrade REFUSED at the pinned commit — issuer_commit/replay commit does not regrade this bundle (drifted task set or wrong pin)"^[[0m
agent-certlab/claude-code-machine-2026-08-14	UNKNOWN STEP	2026-08-31T11:49:25.9142797Z ^[[36;1m    exit 1^[[0m
agent-certlab/claude-code-machine-2026-08-14	UNKNOWN STEP	2026-08-31T11:49:25.9143003Z ^[[36;1m  fi^[[0m
agent-certlab/claude-code-machine-2026-08-14	UNKNOWN STEP	2026-08-31T11:49:25.9143264Z ^[[36;1m  if ! grep -q 'consistent' transcript.txt; then^[[0m
agent-certlab/claude-code-machine-2026-08-14	UNKNOWN STEP	2026-08-31T11:49:25.9143725Z ^[[36;1m    echo "regrade never reported 'consistent' — the verdicts were not re-earned"^[[0m
agent-certlab/claude-code-machine-2026-08-14	UNKNOWN STEP	2026-08-31T11:49:25.9144524Z ^[[36;1m    exit 1^[[0m
agent-certlab/claude-code-machine-2026-08-14	UNKNOWN STEP	2026-08-31T11:49:25.9144738Z ^[[36;1m  fi^[[0m
agent-certlab/claude-code-machine-2026-08-14	UNKNOWN STEP	2026-08-31T11:49:25.9144929Z ^[[36;1melse^[[0m
agent-certlab/claude-code-machine-2026-08-14	UNKNOWN STEP	2026-08-31T11:49:25.9145310Z ^[[36;1m  echo "no certlab-bundle-v1 check in this bundle; predicate not applicable"^[[0m
agent-certlab/claude-code-machine-2026-08-14	UNKNOWN STEP	2026-08-31T11:49:25.9145716Z ^[[36;1mfi^[[0m
agent-certlab/claude-code-machine-2026-08-14	UNKNOWN STEP	2026-08-31T11:49:25.9183355Z shell: /usr/bin/bash -e {0}
agent-certlab/claude-code-machine-2026-08-14	UNKNOWN STEP	2026-08-31T11:49:25.9183607Z env:
agent-certlab/claude-code-machine-2026-08-14	UNKNOWN STEP	2026-08-31T11:49:25.9184283Z   pythonLocation: /opt/hostedtoolcache/Python/3.12.14/x64
agent-certlab/claude-code-machine-2026-08-14	UNKNOWN STEP	2026-08-31T11:49:25.9184812Z   PKG_CONFIG_PATH: /opt/hostedtoolcache/Python/3.12.14/x64/lib/pkgconfig
agent-certlab/claude-code-machine-2026-08-14	UNKNOWN STEP	2026-08-31T11:49:25.9185270Z   Python_ROOT_DIR: /opt/hostedtoolcache/Python/3.12.14/x64
agent-certlab/claude-code-machine-2026-08-14	UNKNOWN STEP	2026-08-31T11:49:25.9185660Z   Python2_ROOT_DIR: /opt/hostedtoolcache/Python/3.12.14/x64
agent-certlab/claude-code-machine-2026-08-14	UNKNOWN STEP	2026-08-31T11:49:25.9186036Z   Python3_ROOT_DIR: /opt/hostedtoolcache/Python/3.12.14/x64
agent-certlab/claude-code-machine-2026-08-14	UNKNOWN STEP	2026-08-31T11:49:25.9186409Z   LD_LIBRARY_PATH: /opt/hostedtoolcache/Python/3.12.14/x64/lib
agent-certlab/claude-code-machine-2026-08-14	UNKNOWN STEP	2026-08-31T11:49:25.9186744Z ##[endgroup]
agent-certlab/claude-code-machine-2026-08-14	UNKNOWN STEP	2026-08-31T11:49:25.9328526Z ##[group]Run if jq -e '[.results.checks[].profile] | index("fleet-board-v1")' bundle/vac.json > /dev/null; then
agent-certlab/claude-code-machine-2026-08-14	UNKNOWN STEP	2026-08-31T11:49:25.9329286Z ^[[36;1mif jq -e '[.results.checks[].profile] | index("fleet-board-v1")' bundle/vac.json > /dev/null; then^[[0m
agent-certlab/claude-code-machine-2026-08-14	UNKNOWN STEP	2026-08-31T11:49:25.9329807Z ^[[36;1m  if ! grep -q '+ cmp ' transcript.txt; then^[[0m
agent-certlab/claude-code-machine-2026-08-14	UNKNOWN STEP	2026-08-31T11:49:25.9330352Z ^[[36;1m    echo "fleet replay block executed no cmp — byte-identity with the downloaded results was never checked"^[[0m
agent-certlab/claude-code-machine-2026-08-14	UNKNOWN STEP	2026-08-31T11:49:25.9330878Z ^[[36;1m    exit 1^[[0m
agent-certlab/claude-code-machine-2026-08-14	UNKNOWN STEP	2026-08-31T11:49:25.9331084Z ^[[36;1m  fi^[[0m
agent-certlab/claude-code-machine-2026-08-14	UNKNOWN STEP	2026-08-31T11:49:25.9331343Z ^[[36;1m  if grep -E 'differ|EOF on' transcript.txt; then^[[0m
agent-certlab/claude-code-machine-2026-08-14	UNKNOWN STEP	2026-08-31T11:49:25.9331856Z ^[[36;1m    echo "a byte-compare FAILED — the pinned commit does not reproduce the registered bytes"^[[0m
agent-certlab/claude-code-machine-2026-08-14	UNKNOWN STEP	2026-08-31T11:49:25.9332299Z ^[[36;1m    exit 1^[[0m
agent-certlab/claude-code-machine-2026-08-14	UNKNOWN STEP	2026-08-31T11:49:25.9332491Z ^[[36;1m  fi^[[0m
agent-certlab/claude-code-machine-2026-08-14	UNKNOWN STEP	2026-08-31T11:49:25.9332672Z ^[[36;1melse^[[0m
agent-certlab/claude-code-machine-2026-08-14	UNKNOWN STEP	2026-08-31T11:49:25.9333035Z ^[[36;1m  echo "no fleet-board-v1 check in this bundle; predicate not applicable"^[[0m
agent-certlab/claude-code-machine-2026-08-14	UNKNOWN STEP	2026-08-31T11:49:25.9333421Z ^[[36;1mfi^[[0m
agent-certlab/claude-code-machine-2026-08-14	UNKNOWN STEP	2026-08-31T11:49:25.9369661Z shell: /usr/bin/bash -e {0}
agent-certlab/claude-code-machine-2026-08-14	UNKNOWN STEP	2026-08-31T11:49:25.9369917Z env:
agent-certlab/claude-code-machine-2026-08-14	UNKNOWN STEP	2026-08-31T11:49:25.9370188Z   pythonLocation: /opt/hostedtoolcache/Python/3.12.14/x64
agent-certlab/claude-code-machine-2026-08-14	UNKNOWN STEP	2026-08-31T11:49:25.9370629Z   PKG_CONFIG_PATH: /opt/hostedtoolcache/Python/3.12.14/x64/lib/pkgconfig
agent-certlab/claude-code-machine-2026-08-14	UNKNOWN STEP	2026-08-31T11:49:25.9371063Z   Python_ROOT_DIR: /opt/hostedtoolcache/Python/3.12.14/x64
agent-certlab/claude-code-machine-2026-08-14	UNKNOWN STEP	2026-08-31T11:49:25.9371460Z   Python2_ROOT_DIR: /opt/hostedtoolcache/Python/3.12.14/x64
agent-certlab/claude-code-machine-2026-08-14	UNKNOWN STEP	2026-08-31T11:49:25.9371855Z   Python3_ROOT_DIR: /opt/hostedtoolcache/Python/3.12.14/x64
agent-certlab/claude-code-machine-2026-08-14	UNKNOWN STEP	2026-08-31T11:49:25.9372239Z   LD_LIBRARY_PATH: /opt/hostedtoolcache/Python/3.12.14/x64/lib
agent-certlab/claude-code-machine-2026-08-14	UNKNOWN STEP	2026-08-31T11:49:25.9372561Z ##[endgroup]
agent-certlab/claude-code-machine-2026-08-14	UNKNOWN STEP	2026-08-31T11:49:25.9462375Z no fleet-board-v1 check in this bundle; predicate not applicable
agent-certlab/claude-code-machine-2026-08-14	UNKNOWN STEP	2026-08-31T11:49:25.9492261Z ##[group]Run if jq -e '[.results.checks[].profile] | index("evalmut-run-v1")' bundle/vac.json > /dev/null; then
agent-certlab/claude-code-machine-2026-08-14	UNKNOWN STEP	2026-08-31T11:49:25.9493010Z ^[[36;1mif jq -e '[.results.checks[].profile] | index("evalmut-run-v1")' bundle/vac.json > /dev/null; then^[[0m
agent-certlab/claude-code-machine-2026-08-14	UNKNOWN STEP	2026-08-31T11:49:25.9493522Z ^[[36;1m  if ! grep -q '+ cmp ' transcript.txt; then^[[0m
agent-certlab/claude-code-machine-2026-08-14	UNKNOWN STEP	2026-08-31T11:49:25.9494399Z ^[[36;1m    echo "evalmut replay block executed no cmp — byte-identity with the downloaded payload was never checked"^[[0m
agent-certlab/claude-code-machine-2026-08-14	UNKNOWN STEP	2026-08-31T11:49:25.9494981Z ^[[36;1m    exit 1^[[0m
agent-certlab/claude-code-machine-2026-08-14	UNKNOWN STEP	2026-08-31T11:49:25.9495202Z ^[[36;1m  fi^[[0m
agent-certlab/claude-code-machine-2026-08-14	UNKNOWN STEP	2026-08-31T11:49:25.9495467Z ^[[36;1m  if grep -E 'differ|EOF on' transcript.txt; then^[[0m
agent-certlab/claude-code-machine-2026-08-14	UNKNOWN STEP	2026-08-31T11:49:25.9495997Z ^[[36;1m    echo "a byte-compare FAILED — the pinned commit does not reproduce the registered bytes"^[[0m
agent-certlab/claude-code-machine-2026-08-14	UNKNOWN STEP	2026-08-31T11:49:25.9496446Z ^[[36;1m    exit 1^[[0m
agent-certlab/claude-code-machine-2026-08-14	UNKNOWN STEP	2026-08-31T11:49:25.9496644Z ^[[36;1m  fi^[[0m
agent-certlab/claude-code-machine-2026-08-14	UNKNOWN STEP	2026-08-31T11:49:25.9496828Z ^[[36;1melse^[[0m
agent-certlab/claude-code-machine-2026-08-14	UNKNOWN STEP	2026-08-31T11:49:25.9497213Z ^[[36;1m  echo "no evalmut-run-v1 check in this bundle; predicate not applicable"^[[0m
agent-certlab/claude-code-machine-2026-08-14	UNKNOWN STEP	2026-08-31T11:49:25.9497600Z ^[[36;1mfi^[[0m
agent-certlab/claude-code-machine-2026-08-14	UNKNOWN STEP	2026-08-31T11:49:25.9535093Z shell: /usr/bin/bash -e {0}
agent-certlab/claude-code-machine-2026-08-14	UNKNOWN STEP	2026-08-31T11:49:25.9535340Z env:
agent-certlab/claude-code-machine-2026-08-14	UNKNOWN STEP	2026-08-31T11:49:25.9535602Z   pythonLocation: /opt/hostedtoolcache/Python/3.12.14/x64
agent-certlab/claude-code-machine-2026-08-14	UNKNOWN STEP	2026-08-31T11:49:25.9536039Z   PKG_CONFIG_PATH: /opt/hostedtoolcache/Python/3.12.14/x64/lib/pkgconfig
agent-certlab/claude-code-machine-2026-08-14	UNKNOWN STEP	2026-08-31T11:49:25.9536466Z   Python_ROOT_DIR: /opt/hostedtoolcache/Python/3.12.14/x64
agent-certlab/claude-code-machine-2026-08-14	UNKNOWN STEP	2026-08-31T11:49:25.9536847Z   Python2_ROOT_DIR: /opt/hostedtoolcache/Python/3.12.14/x64
agent-certlab/claude-code-machine-2026-08-14	UNKNOWN STEP	2026-08-31T11:49:25.9537449Z   Python3_ROOT_DIR: /opt/hostedtoolcache/Python/3.12.14/x64
agent-certlab/claude-code-machine-2026-08-14	UNKNOWN STEP	2026-08-31T11:49:25.9537918Z   LD_LIBRARY_PATH: /opt/hostedtoolcache/Python/3.12.14/x64/lib
agent-certlab/claude-code-machine-2026-08-14	UNKNOWN STEP	2026-08-31T11:49:25.9538237Z ##[endgroup]
agent-certlab/claude-code-machine-2026-08-14	UNKNOWN STEP	2026-08-31T11:49:25.9627258Z no evalmut-run-v1 check in this bundle; predicate not applicable
agent-certlab/claude-code-machine-2026-08-14	UNKNOWN STEP	2026-08-31T11:49:25.9655885Z ##[group]Run if jq -e '[.results.checks[].profile] | index("crashkit-battery-v1")' bundle/vac.json > /dev/null; then
agent-certlab/claude-code-machine-2026-08-14	UNKNOWN STEP	2026-08-31T11:49:25.9656701Z ^[[36;1mif jq -e '[.results.checks[].profile] | index("crashkit-battery-v1")' bundle/vac.json > /dev/null; then^[[0m
agent-certlab/claude-code-machine-2026-08-14	UNKNOWN STEP	2026-08-31T11:49:25.9657234Z ^[[36;1m  if ! grep -q '+ cmp ' transcript.txt; then^[[0m
agent-certlab/claude-code-machine-2026-08-14	UNKNOWN STEP	2026-08-31T11:49:25.9657804Z ^[[36;1m    echo "crashkit replay block executed no cmp — byte-identity with the downloaded artifacts was never checked"^[[0m
agent-certlab/claude-code-machine-2026-08-14	UNKNOWN STEP	2026-08-31T11:49:25.9658384Z ^[[36;1m    exit 1^[[0m
agent-certlab/claude-code-machine-2026-08-14	UNKNOWN STEP	2026-08-31T11:49:25.9658588Z ^[[36;1m  fi^[[0m
agent-certlab/claude-code-machine-2026-08-14	UNKNOWN STEP	2026-08-31T11:49:25.9658839Z ^[[36;1m  if grep -E 'differ|EOF on' transcript.txt; then^[[0m
agent-certlab/claude-code-machine-2026-08-14	UNKNOWN STEP	2026-08-31T11:49:25.9659355Z ^[[36;1m    echo "a byte-compare FAILED — the pinned commit does not reproduce the registered bytes"^[[0m
agent-certlab/claude-code-machine-2026-08-14	UNKNOWN STEP	2026-08-31T11:49:25.9659795Z ^[[36;1m    exit 1^[[0m
agent-certlab/claude-code-machine-2026-08-14	UNKNOWN STEP	2026-08-31T11:49:25.9659988Z ^[[36;1m  fi^[[0m
agent-certlab/claude-code-machine-2026-08-14	UNKNOWN STEP	2026-08-31T11:49:25.9660169Z ^[[36;1melse^[[0m
agent-certlab/claude-code-machine-2026-08-14	UNKNOWN STEP	2026-08-31T11:49:25.9660557Z ^[[36;1m  echo "no crashkit-battery-v1 check in this bundle; predicate not applicable"^[[0m
agent-certlab/claude-code-machine-2026-08-14	UNKNOWN STEP	2026-08-31T11:49:25.9660961Z ^[[36;1mfi^[[0m
agent-certlab/claude-code-machine-2026-08-14	UNKNOWN STEP	2026-08-31T11:49:25.9696174Z shell: /usr/bin/bash -e {0}
agent-certlab/claude-code-machine-2026-08-14	UNKNOWN STEP	2026-08-31T11:49:25.9696424Z env:
agent-certlab/claude-code-machine-2026-08-14	UNKNOWN STEP	2026-08-31T11:49:25.9696689Z   pythonLocation: /opt/hostedtoolcache/Python/3.12.14/x64
agent-certlab/claude-code-machine-2026-08-14	UNKNOWN STEP	2026-08-31T11:49:25.9697125Z   PKG_CONFIG_PATH: /opt/hostedtoolcache/Python/3.12.14/x64/lib/pkgconfig
agent-certlab/claude-code-machine-2026-08-14	UNKNOWN STEP	2026-08-31T11:49:25.9697555Z   Python_ROOT_DIR: /opt/hostedtoolcache/Python/3.12.14/x64
agent-certlab/claude-code-machine-2026-08-14	UNKNOWN STEP	2026-08-31T11:49:25.9697930Z   Python2_ROOT_DIR: /opt/hostedtoolcache/Python/3.12.14/x64
agent-certlab/claude-code-machine-2026-08-14	UNKNOWN STEP	2026-08-31T11:49:25.9698305Z   Python3_ROOT_DIR: /opt/hostedtoolcache/Python/3.12.14/x64
agent-certlab/claude-code-machine-2026-08-14	UNKNOWN STEP	2026-08-31T11:49:25.9698685Z   LD_LIBRARY_PATH: /opt/hostedtoolcache/Python/3.12.14/x64/lib
agent-certlab/claude-code-machine-2026-08-14	UNKNOWN STEP	2026-08-31T11:49:25.9699013Z ##[endgroup]
agent-certlab/claude-code-machine-2026-08-14	UNKNOWN STEP	2026-08-31T11:49:25.9785065Z no crashkit-battery-v1 check in this bundle; predicate not applicable
agent-certlab/claude-code-machine-2026-08-14	UNKNOWN STEP	2026-08-31T11:49:25.9812183Z ##[group]Run if jq -e '[.results.checks[].profile] | index("modeldrift-board-v1")' bundle/vac.json > /dev/null; then
agent-certlab/claude-code-machine-2026-08-14	UNKNOWN STEP	2026-08-31T11:49:25.9813004Z ^[[36;1mif jq -e '[.results.checks[].profile] | index("modeldrift-board-v1")' bundle/vac.json > /dev/null; then^[[0m
agent-certlab/claude-code-machine-2026-08-14	UNKNOWN STEP	2026-08-31T11:49:25.9813540Z ^[[36;1m  if ! grep -q '+ cmp ' transcript.txt; then^[[0m
agent-certlab/claude-code-machine-2026-08-14	UNKNOWN STEP	2026-08-31T11:49:25.9814420Z ^[[36;1m    echo "modeldrift replay block executed no cmp — byte-identity with the downloaded artifacts was never checked"^[[0m
agent-certlab/claude-code-machine-2026-08-14	UNKNOWN STEP	2026-08-31T11:49:25.9814983Z ^[[36;1m    exit 1^[[0m
agent-certlab/claude-code-machine-2026-08-14	UNKNOWN STEP	2026-08-31T11:49:25.9815193Z ^[[36;1m  fi^[[0m
agent-certlab/claude-code-machine-2026-08-14	UNKNOWN STEP	2026-08-31T11:49:25.9815446Z ^[[36;1m  if grep -E 'differ|EOF on' transcript.txt; then^[[0m
agent-certlab/claude-code-machine-2026-08-14	UNKNOWN STEP	2026-08-31T11:49:25.9815948Z ^[[36;1m    echo "a byte-compare FAILED — the pinned commit does not reproduce the registered bytes"^[[0m
agent-certlab/claude-code-machine-2026-08-14	UNKNOWN STEP	2026-08-31T11:49:25.9816408Z ^[[36;1m    exit 1^[[0m
agent-certlab/claude-code-machine-2026-08-14	UNKNOWN STEP	2026-08-31T11:49:25.9816604Z ^[[36;1m  fi^[[0m
agent-certlab/claude-code-machine-2026-08-14	UNKNOWN STEP	2026-08-31T11:49:25.9816784Z ^[[36;1melse^[[0m
agent-certlab/claude-code-machine-2026-08-14	UNKNOWN STEP	2026-08-31T11:49:25.9817163Z ^[[36;1m  echo "no modeldrift-board-v1 check in this bundle; predicate not applicable"^[[0m
agent-certlab/claude-code-machine-2026-08-14	UNKNOWN STEP	2026-08-31T11:49:25.9817565Z ^[[36;1mfi^[[0m
agent-certlab/claude-code-machine-2026-08-14	UNKNOWN STEP	2026-08-31T11:49:25.9854467Z shell: /usr/bin/bash -e {0}
agent-certlab/claude-code-machine-2026-08-14	UNKNOWN STEP	2026-08-31T11:49:25.9854717Z env:
agent-certlab/claude-code-machine-2026-08-14	UNKNOWN STEP	2026-08-31T11:49:25.9854975Z   pythonLocation: /opt/hostedtoolcache/Python/3.12.14/x64
agent-certlab/claude-code-machine-2026-08-14	UNKNOWN STEP	2026-08-31T11:49:25.9855420Z   PKG_CONFIG_PATH: /opt/hostedtoolcache/Python/3.12.14/x64/lib/pkgconfig
agent-certlab/claude-code-machine-2026-08-14	UNKNOWN STEP	2026-08-31T11:49:25.9855853Z   Python_ROOT_DIR: /opt/hostedtoolcache/Python/3.12.14/x64
agent-certlab/claude-code-machine-2026-08-14	UNKNOWN STEP	2026-08-31T11:49:25.9856236Z   Python2_ROOT_DIR: /opt/hostedtoolcache/Python/3.12.14/x64
agent-certlab/claude-code-machine-2026-08-14	UNKNOWN STEP	2026-08-31T11:49:25.9856616Z   Python3_ROOT_DIR: /opt/hostedtoolcache/Python/3.12.14/x64
agent-certlab/claude-code-machine-2026-08-14	UNKNOWN STEP	2026-08-31T11:49:25.9856994Z   LD_LIBRARY_PATH: /opt/hostedtoolcache/Python/3.12.14/x64/lib
agent-certlab/claude-code-machine-2026-08-14	UNKNOWN STEP	2026-08-31T11:49:25.9857312Z ##[endgroup]
agent-certlab/claude-code-machine-2026-08-14	UNKNOWN STEP	2026-08-31T11:49:25.9947331Z no modeldrift-board-v1 check in this bundle; predicate not applicable
agent-certlab/claude-code-machine-2026-08-14	UNKNOWN STEP	2026-08-31T11:49:26.0042150Z Node 20 is being deprecated. This workflow is running with Node 24 by default. If you need to temporarily use Node 20, you can set the ACTIONS_ALLOW_USE_UNSECURE_NODE_VERSION=true environment variable. For more information see: https://github.blog/changelog/2025-09-19-deprecation-of-node-20-on-github-actions-runners/
agent-certlab/claude-code-machine-2026-08-14	UNKNOWN STEP	2026-08-31T11:49:26.0043397Z Post job cleanup.
agent-certlab/claude-code-machine-2026-08-14	UNKNOWN STEP	2026-08-31T11:49:26.1321574Z (node:2423) [DEP0040] DeprecationWarning: The `punycode` module is deprecated. Please use a userland alternative instead.
agent-certlab/claude-code-machine-2026-08-14	UNKNOWN STEP	2026-08-31T11:49:26.1323071Z (Use `node --trace-deprecation ...` to show where the warning was created)
agent-certlab/claude-code-machine-2026-08-14	UNKNOWN STEP	2026-08-31T11:49:26.1506594Z Node 20 is being deprecated. This workflow is running with Node 24 by default. If you need to temporarily use Node 20, you can set the ACTIONS_ALLOW_USE_UNSECURE_NODE_VERSION=true environment variable. For more information see: https://github.blog/changelog/2025-09-19-deprecation-of-node-20-on-github-actions-runners/
agent-certlab/claude-code-machine-2026-08-14	UNKNOWN STEP	2026-08-31T11:49:26.1507920Z Post job cleanup.
agent-certlab/claude-code-machine-2026-08-14	UNKNOWN STEP	2026-08-31T11:49:26.2741099Z (node:2431) [DEP0040] DeprecationWarning: The `punycode` module is deprecated. Please use a userland alternative instead.
agent-certlab/claude-code-machine-2026-08-14	UNKNOWN STEP	2026-08-31T11:49:26.2743017Z (Use `node --trace-deprecation ...` to show where the warning was created)
agent-certlab/claude-code-machine-2026-08-14	UNKNOWN STEP	2026-08-31T11:49:26.2944885Z Node 20 is being deprecated. This workflow is running with Node 24 by default. If you need to temporarily use Node 20, you can set the ACTIONS_ALLOW_USE_UNSECURE_NODE_VERSION=true environment variable. For more information see: https://github.blog/changelog/2025-09-19-deprecation-of-node-20-on-github-actions-runners/
agent-certlab/claude-code-machine-2026-08-14	UNKNOWN STEP	2026-08-31T11:49:26.2946159Z Post job cleanup.
agent-certlab/claude-code-machine-2026-08-14	UNKNOWN STEP	2026-08-31T11:49:26.3865323Z [command]/usr/bin/git version
agent-certlab/claude-code-machine-2026-08-14	UNKNOWN STEP	2026-08-31T11:49:26.3910385Z git version 2.55.0
agent-certlab/claude-code-machine-2026-08-14	UNKNOWN STEP	2026-08-31T11:49:26.3950154Z Temporarily overriding HOME='/home/runner/work/_temp/9c6079ca-8c03-4077-baf9-cf4c2c5c9e17' before making global git config changes
agent-certlab/claude-code-machine-2026-08-14	UNKNOWN STEP	2026-08-31T11:49:26.3951820Z Adding repository directory to the temporary git global config as a safe directory
agent-certlab/claude-code-machine-2026-08-14	UNKNOWN STEP	2026-08-31T11:49:26.3957744Z [command]/usr/bin/git config --global --add safe.directory /home/runner/work/vac-protocol/vac-protocol
agent-certlab/claude-code-machine-2026-08-14	UNKNOWN STEP	2026-08-31T11:49:26.4002135Z [command]/usr/bin/git config --local --name-only --get-regexp core\.sshCommand
agent-certlab/claude-code-machine-2026-08-14	UNKNOWN STEP	2026-08-31T11:49:26.4043479Z [command]/usr/bin/git submodule foreach --recursive sh -c "git config --local --name-only --get-regexp 'core\.sshCommand' && git config --local --unset-all 'core.sshCommand' || :"
agent-certlab/claude-code-machine-2026-08-14	UNKNOWN STEP	2026-08-31T11:49:26.4297907Z [command]/usr/bin/git config --local --name-only --get-regexp http\.https\:\/\/github\.com\/\.extraheader
agent-certlab/claude-code-machine-2026-08-14	UNKNOWN STEP	2026-08-31T11:49:26.4326051Z http.https://github.com/.extraheader
agent-certlab/claude-code-machine-2026-08-14	UNKNOWN STEP	2026-08-31T11:49:26.4338897Z [command]/usr/bin/git config --local --unset-all http.https://github.com/.extraheader
agent-certlab/claude-code-machine-2026-08-14	UNKNOWN STEP	2026-08-31T11:49:26.4383565Z [command]/usr/bin/git submodule foreach --recursive sh -c "git config --local --name-only --get-regexp 'http\.https\:\/\/github\.com\/\.extraheader' && git config --local --unset-all 'http.https://github.com/.extraheader' || :"
agent-certlab/claude-code-machine-2026-08-14	UNKNOWN STEP	2026-08-31T11:49:26.4648585Z [command]/usr/bin/git config --local --name-only --get-regexp ^includeIf\.gitdir:
agent-certlab/claude-code-machine-2026-08-14	UNKNOWN STEP	2026-08-31T11:49:26.4691127Z [command]/usr/bin/git submodule foreach --recursive git config --local --show-origin --name-only --get-regexp remote.origin.url
agent-certlab/claude-code-machine-2026-08-14	UNKNOWN STEP	2026-08-31T11:49:26.5087798Z Cleaning up orphan processes
agent-certlab/claude-code-machine-2026-08-14	UNKNOWN STEP	2026-08-31T11:49:26.5396787Z ##[warning]Node.js 20 is deprecated. The following actions target Node.js 20 but are being forced to run on Node.js 24: actions/checkout@v4, actions/setup-node@v4, actions/setup-python@v5. For more information see: https://github.blog/changelog/2025-09-19-deprecation-of-node-20-on-github-actions-runners/
agent-certlab/aider-machine-2026-08-14	UNKNOWN STEP	﻿2026-08-31T11:49:13.8709446Z Current runner version: '2.336.0'
agent-certlab/aider-machine-2026-08-14	UNKNOWN STEP	2026-08-31T11:49:13.8735606Z ##[group]Runner Image Provisioner
agent-certlab/aider-machine-2026-08-14	UNKNOWN STEP	2026-08-31T11:49:13.8736552Z Hosted Compute Agent
agent-certlab/aider-machine-2026-08-14	UNKNOWN STEP	2026-08-31T11:49:13.8737157Z Version: 20260819.586
agent-certlab/aider-machine-2026-08-14	UNKNOWN STEP	2026-08-31T11:49:13.8737830Z Commit: 3cc4a88dfa507ef76119ad1bb3eccc6378bb2b76
agent-certlab/aider-machine-2026-08-14	UNKNOWN STEP	2026-08-31T11:49:13.8739065Z Build Date: 2026-08-18T23:20:18Z
agent-certlab/aider-machine-2026-08-14	UNKNOWN STEP	2026-08-31T11:49:13.8739816Z Worker ID: {6db3f438-30f8-4a85-8c4a-1720fca0b05d}
agent-certlab/aider-machine-2026-08-14	UNKNOWN STEP	2026-08-31T11:49:13.8740692Z Azure Region: northcentralus
agent-certlab/aider-machine-2026-08-14	UNKNOWN STEP	2026-08-31T11:49:13.8741360Z ##[endgroup]
agent-certlab/aider-machine-2026-08-14	UNKNOWN STEP	2026-08-31T11:49:13.8742885Z ##[group]Operating System
agent-certlab/aider-machine-2026-08-14	UNKNOWN STEP	2026-08-31T11:49:13.8743646Z Ubuntu
agent-certlab/aider-machine-2026-08-14	UNKNOWN STEP	2026-08-31T11:49:13.8744184Z 24.04.4
agent-certlab/aider-machine-2026-08-14	UNKNOWN STEP	2026-08-31T11:49:13.8744740Z LTS
agent-certlab/aider-machine-2026-08-14	UNKNOWN STEP	2026-08-31T11:49:13.8745279Z ##[endgroup]
agent-certlab/aider-machine-2026-08-14	UNKNOWN STEP	2026-08-31T11:49:13.8745875Z ##[group]Runner Image
agent-certlab/aider-machine-2026-08-14	UNKNOWN STEP	2026-08-31T11:49:13.8746572Z Image: ubuntu-24.04
agent-certlab/aider-machine-2026-08-14	UNKNOWN STEP	2026-08-31T11:49:13.8747146Z Version: 20260823.283.1
agent-certlab/aider-machine-2026-08-14	UNKNOWN STEP	2026-08-31T11:49:13.8748754Z Included Software: https://github.com/actions/runner-images/blob/ubuntu24/20260823.283/images/ubuntu/Ubuntu2404-Readme.md
agent-certlab/aider-machine-2026-08-14	UNKNOWN STEP	2026-08-31T11:49:13.8750426Z Image Release: https://github.com/actions/runner-images/releases/tag/ubuntu24%2F20260823.283
agent-certlab/aider-machine-2026-08-14	UNKNOWN STEP	2026-08-31T11:49:13.8751502Z ##[endgroup]
agent-certlab/aider-machine-2026-08-14	UNKNOWN STEP	2026-08-31T11:49:13.8752598Z ##[group]GITHUB_TOKEN Permissions
agent-certlab/aider-machine-2026-08-14	UNKNOWN STEP	2026-08-31T11:49:13.8755184Z Contents: read
agent-certlab/aider-machine-2026-08-14	UNKNOWN STEP	2026-08-31T11:49:13.8755807Z Metadata: read
agent-certlab/aider-machine-2026-08-14	UNKNOWN STEP	2026-08-31T11:49:13.8756436Z ##[endgroup]
agent-certlab/aider-machine-2026-08-14	UNKNOWN STEP	2026-08-31T11:49:13.8758879Z Secret source: Actions
agent-certlab/aider-machine-2026-08-14	UNKNOWN STEP	2026-08-31T11:49:13.8760292Z Prepare workflow directory
agent-certlab/aider-machine-2026-08-14	UNKNOWN STEP	2026-08-31T11:49:13.9209527Z Prepare all required actions
agent-certlab/aider-machine-2026-08-14	UNKNOWN STEP	2026-08-31T11:49:13.9281632Z Getting action download info
agent-certlab/aider-machine-2026-08-14	UNKNOWN STEP	2026-08-31T11:49:14.1826403Z Download action repository 'actions/checkout@v4' (SHA:11d5960a326750d5838078e36cf38b85af677262)
agent-certlab/aider-machine-2026-08-14	UNKNOWN STEP	2026-08-31T11:49:14.2920903Z Download action repository 'actions/setup-python@v5' (SHA:a26af69be951a213d495a4c3e4e4022e16d87065)
agent-certlab/aider-machine-2026-08-14	UNKNOWN STEP	2026-08-31T11:49:14.3789843Z Download action repository 'actions/setup-node@v4' (SHA:49933ea5288caeca8642d1e84afbd3f7d6820020)
agent-certlab/aider-machine-2026-08-14	UNKNOWN STEP	2026-08-31T11:49:14.5796602Z Complete job name: agent-certlab/aider-machine-2026-08-14
agent-certlab/aider-machine-2026-08-14	UNKNOWN STEP	2026-08-31T11:49:14.6629520Z Node 20 is being deprecated. This workflow is running with Node 24 by default. If you need to temporarily use Node 20, you can set the ACTIONS_ALLOW_USE_UNSECURE_NODE_VERSION=true environment variable. For more information see: https://github.blog/changelog/2025-09-19-deprecation-of-node-20-on-github-actions-runners/
agent-certlab/aider-machine-2026-08-14	UNKNOWN STEP	2026-08-31T11:49:14.6638858Z ##[group]Run actions/checkout@v4
agent-certlab/aider-machine-2026-08-14	UNKNOWN STEP	2026-08-31T11:49:14.6639710Z with:
agent-certlab/aider-machine-2026-08-14	UNKNOWN STEP	2026-08-31T11:49:14.6640187Z   repository: egnaro9/vac-protocol
agent-certlab/aider-machine-2026-08-14	UNKNOWN STEP	2026-08-31T11:49:14.6644318Z   token: ***
agent-certlab/aider-machine-2026-08-14	UNKNOWN STEP	2026-08-31T11:49:14.6644773Z   ssh-strict: true
agent-certlab/aider-machine-2026-08-14	UNKNOWN STEP	2026-08-31T11:49:14.6645220Z   ssh-user: git
agent-certlab/aider-machine-2026-08-14	UNKNOWN STEP	2026-08-31T11:49:14.6645686Z   persist-credentials: true
agent-certlab/aider-machine-2026-08-14	UNKNOWN STEP	2026-08-31T11:49:14.6646235Z   clean: true
agent-certlab/aider-machine-2026-08-14	UNKNOWN STEP	2026-08-31T11:49:14.6646697Z   sparse-checkout-cone-mode: true
agent-certlab/aider-machine-2026-08-14	UNKNOWN STEP	2026-08-31T11:49:14.6647233Z   fetch-depth: 1
agent-certlab/aider-machine-2026-08-14	UNKNOWN STEP	2026-08-31T11:49:14.6647680Z   fetch-tags: false
agent-certlab/aider-machine-2026-08-14	UNKNOWN STEP	2026-08-31T11:49:14.6648222Z   show-progress: true
agent-certlab/aider-machine-2026-08-14	UNKNOWN STEP	2026-08-31T11:49:14.6648854Z   lfs: false
agent-certlab/aider-machine-2026-08-14	UNKNOWN STEP	2026-08-31T11:49:14.6649351Z   submodules: false
agent-certlab/aider-machine-2026-08-14	UNKNOWN STEP	2026-08-31T11:49:14.6649820Z   set-safe-directory: true
agent-certlab/aider-machine-2026-08-14	UNKNOWN STEP	2026-08-31T11:49:14.6650399Z   allow-unsafe-pr-checkout: false
agent-certlab/aider-machine-2026-08-14	UNKNOWN STEP	2026-08-31T11:49:14.6651379Z ##[endgroup]
agent-certlab/aider-machine-2026-08-14	UNKNOWN STEP	2026-08-31T11:49:14.7708040Z Syncing repository: egnaro9/vac-protocol
agent-certlab/aider-machine-2026-08-14	UNKNOWN STEP	2026-08-31T11:49:14.7710599Z ##[group]Getting Git version info
agent-certlab/aider-machine-2026-08-14	UNKNOWN STEP	2026-08-31T11:49:14.7711434Z Working directory is '/home/runner/work/vac-protocol/vac-protocol'
agent-certlab/aider-machine-2026-08-14	UNKNOWN STEP	2026-08-31T11:49:14.7713011Z [command]/usr/bin/git version
agent-certlab/aider-machine-2026-08-14	UNKNOWN STEP	2026-08-31T11:49:14.7815561Z git version 2.55.0
agent-certlab/aider-machine-2026-08-14	UNKNOWN STEP	2026-08-31T11:49:14.7842955Z ##[endgroup]
agent-certlab/aider-machine-2026-08-14	UNKNOWN STEP	2026-08-31T11:49:14.7859371Z Temporarily overriding HOME='/home/runner/work/_temp/6fd38a71-cf6d-4a51-9ab1-f298a8db0795' before making global git config changes
agent-certlab/aider-machine-2026-08-14	UNKNOWN STEP	2026-08-31T11:49:14.7861963Z Adding repository directory to the temporary git global config as a safe directory
agent-certlab/aider-machine-2026-08-14	UNKNOWN STEP	2026-08-31T11:49:14.7866079Z [command]/usr/bin/git config --global --add safe.directory /home/runner/work/vac-protocol/vac-protocol
agent-certlab/aider-machine-2026-08-14	UNKNOWN STEP	2026-08-31T11:49:14.7920572Z Deleting the contents of '/home/runner/work/vac-protocol/vac-protocol'
agent-certlab/aider-machine-2026-08-14	UNKNOWN STEP	2026-08-31T11:49:14.7926262Z ##[group]Initializing the repository
agent-certlab/aider-machine-2026-08-14	UNKNOWN STEP	2026-08-31T11:49:14.7932639Z [command]/usr/bin/git init /home/runner/work/vac-protocol/vac-protocol
agent-certlab/aider-machine-2026-08-14	UNKNOWN STEP	2026-08-31T11:49:14.8041887Z hint: Using 'master' as the name for the initial branch. This default branch name
agent-certlab/aider-machine-2026-08-14	UNKNOWN STEP	2026-08-31T11:49:14.8044033Z hint: will change to "main" in Git 3.0. To configure the initial branch name
agent-certlab/aider-machine-2026-08-14	UNKNOWN STEP	2026-08-31T11:49:14.8045467Z hint: to use in all of your new repositories, which will suppress this warning,
agent-certlab/aider-machine-2026-08-14	UNKNOWN STEP	2026-08-31T11:49:14.8046907Z hint: call:
agent-certlab/aider-machine-2026-08-14	UNKNOWN STEP	2026-08-31T11:49:14.8047810Z hint:
agent-certlab/aider-machine-2026-08-14	UNKNOWN STEP	2026-08-31T11:49:14.8049366Z hint: 	git config --global init.defaultBranch <name>
agent-certlab/aider-machine-2026-08-14	UNKNOWN STEP	2026-08-31T11:49:14.8050854Z hint:
agent-certlab/aider-machine-2026-08-14	UNKNOWN STEP	2026-08-31T11:49:14.8052101Z hint: Names commonly chosen instead of 'master' are 'main', 'trunk' and
agent-certlab/aider-machine-2026-08-14	UNKNOWN STEP	2026-08-31T11:49:14.8053496Z hint: 'development'. The just-created branch can be renamed via this command:
agent-certlab/aider-machine-2026-08-14	UNKNOWN STEP	2026-08-31T11:49:14.8054290Z hint:
agent-certlab/aider-machine-2026-08-14	UNKNOWN STEP	2026-08-31T11:49:14.8054724Z hint: 	git branch -m <name>
agent-certlab/aider-machine-2026-08-14	UNKNOWN STEP	2026-08-31T11:49:14.8055486Z hint:
agent-certlab/aider-machine-2026-08-14	UNKNOWN STEP	2026-08-31T11:49:14.8056762Z hint: Disable this message with "git config set advice.defaultBranchName false"
agent-certlab/aider-machine-2026-08-14	UNKNOWN STEP	2026-08-31T11:49:14.8058282Z Initialized empty Git repository in /home/runner/work/vac-protocol/vac-protocol/.git/
agent-certlab/aider-machine-2026-08-14	UNKNOWN STEP	2026-08-31T11:49:14.8060698Z [command]/usr/bin/git remote add origin https://github.com/egnaro9/vac-protocol
agent-certlab/aider-machine-2026-08-14	UNKNOWN STEP	2026-08-31T11:49:14.8111476Z ##[endgroup]
agent-certlab/aider-machine-2026-08-14	UNKNOWN STEP	2026-08-31T11:49:14.8112347Z ##[group]Disabling automatic garbage collection
agent-certlab/aider-machine-2026-08-14	UNKNOWN STEP	2026-08-31T11:49:14.8116917Z [command]/usr/bin/git config --local gc.auto 0
agent-certlab/aider-machine-2026-08-14	UNKNOWN STEP	2026-08-31T11:49:14.8153123Z ##[endgroup]
agent-certlab/aider-machine-2026-08-14	UNKNOWN STEP	2026-08-31T11:49:14.8153943Z ##[group]Setting up auth
agent-certlab/aider-machine-2026-08-14	UNKNOWN STEP	2026-08-31T11:49:14.8162665Z [command]/usr/bin/git config --local --name-only --get-regexp core\.sshCommand
agent-certlab/aider-machine-2026-08-14	UNKNOWN STEP	2026-08-31T11:49:14.8211313Z [command]/usr/bin/git submodule foreach --recursive sh -c "git config --local --name-only --get-regexp 'core\.sshCommand' && git config --local --unset-all 'core.sshCommand' || :"
agent-certlab/aider-machine-2026-08-14	UNKNOWN STEP	2026-08-31T11:49:14.8646676Z [command]/usr/bin/git config --local --name-only --get-regexp http\.https\:\/\/github\.com\/\.extraheader
agent-certlab/aider-machine-2026-08-14	UNKNOWN STEP	2026-08-31T11:49:14.8692373Z [command]/usr/bin/git submodule foreach --recursive sh -c "git config --local --name-only --get-regexp 'http\.https\:\/\/github\.com\/\.extraheader' && git config --local --unset-all 'http.https://github.com/.extraheader' || :"
agent-certlab/aider-machine-2026-08-14	UNKNOWN STEP	2026-08-31T11:49:14.8947852Z [command]/usr/bin/git config --local --name-only --get-regexp ^includeIf\.gitdir:
agent-certlab/aider-machine-2026-08-14	UNKNOWN STEP	2026-08-31T11:49:14.8998890Z [command]/usr/bin/git submodule foreach --recursive git config --local --show-origin --name-only --get-regexp remote.origin.url
agent-certlab/aider-machine-2026-08-14	UNKNOWN STEP	2026-08-31T11:49:14.9275300Z [command]/usr/bin/git config --local http.https://github.com/.extraheader AUTHORIZATION: basic ***
agent-certlab/aider-machine-2026-08-14	UNKNOWN STEP	2026-08-31T11:49:14.9326531Z ##[endgroup]
agent-certlab/aider-machine-2026-08-14	UNKNOWN STEP	2026-08-31T11:49:14.9327812Z ##[group]Fetching the repository
agent-certlab/aider-machine-2026-08-14	UNKNOWN STEP	2026-08-31T11:49:14.9342291Z [command]/usr/bin/git -c protocol.version=2 fetch --no-tags --prune --no-recurse-submodules --depth=1 origin +6a05245337cbbcebf1e06180e798ad568848ad2e:refs/remotes/origin/main
agent-certlab/aider-machine-2026-08-14	UNKNOWN STEP	2026-08-31T11:49:15.3984325Z From https://github.com/egnaro9/vac-protocol
agent-certlab/aider-machine-2026-08-14	UNKNOWN STEP	2026-08-31T11:49:15.3986419Z  * [new ref]         6a05245337cbbcebf1e06180e798ad568848ad2e -> origin/main
agent-certlab/aider-machine-2026-08-14	UNKNOWN STEP	2026-08-31T11:49:15.3999651Z ##[endgroup]
agent-certlab/aider-machine-2026-08-14	UNKNOWN STEP	2026-08-31T11:49:15.4001420Z ##[group]Determining the checkout info
agent-certlab/aider-machine-2026-08-14	UNKNOWN STEP	2026-08-31T11:49:15.4002532Z ##[endgroup]
agent-certlab/aider-machine-2026-08-14	UNKNOWN STEP	2026-08-31T11:49:15.4003202Z [command]/usr/bin/git sparse-checkout disable
agent-certlab/aider-machine-2026-08-14	UNKNOWN STEP	2026-08-31T11:49:15.4066704Z [command]/usr/bin/git config --local --unset-all extensions.worktreeConfig
agent-certlab/aider-machine-2026-08-14	UNKNOWN STEP	2026-08-31T11:49:15.4105554Z ##[group]Checking out the ref
agent-certlab/aider-machine-2026-08-14	UNKNOWN STEP	2026-08-31T11:49:15.4111387Z [command]/usr/bin/git checkout --progress --force -B main refs/remotes/origin/main
agent-certlab/aider-machine-2026-08-14	UNKNOWN STEP	2026-08-31T11:49:15.4431355Z Switched to a new branch 'main'
agent-certlab/aider-machine-2026-08-14	UNKNOWN STEP	2026-08-31T11:49:15.4435729Z branch 'main' set up to track 'origin/main'.
agent-certlab/aider-machine-2026-08-14	UNKNOWN STEP	2026-08-31T11:49:15.4444835Z ##[endgroup]
agent-certlab/aider-machine-2026-08-14	UNKNOWN STEP	2026-08-31T11:49:15.4494979Z [command]/usr/bin/git log -1 --format=%H
agent-certlab/aider-machine-2026-08-14	UNKNOWN STEP	2026-08-31T11:49:15.4526597Z 6a05245337cbbcebf1e06180e798ad568848ad2e
agent-certlab/aider-machine-2026-08-14	UNKNOWN STEP	2026-08-31T11:49:15.4979099Z Node 20 is being deprecated. This workflow is running with Node 24 by default. If you need to temporarily use Node 20, you can set the ACTIONS_ALLOW_USE_UNSECURE_NODE_VERSION=true environment variable. For more information see: https://github.blog/changelog/2025-09-19-deprecation-of-node-20-on-github-actions-runners/
agent-certlab/aider-machine-2026-08-14	UNKNOWN STEP	2026-08-31T11:49:15.4984578Z ##[group]Run actions/setup-python@v5
agent-certlab/aider-machine-2026-08-14	UNKNOWN STEP	2026-08-31T11:49:15.4985394Z with:
agent-certlab/aider-machine-2026-08-14	UNKNOWN STEP	2026-08-31T11:49:15.4985940Z   python-version: 3.12
agent-certlab/aider-machine-2026-08-14	UNKNOWN STEP	2026-08-31T11:49:15.4986617Z   check-latest: false
agent-certlab/aider-machine-2026-08-14	UNKNOWN STEP	2026-08-31T11:49:15.4996881Z   token: ***
agent-certlab/aider-machine-2026-08-14	UNKNOWN STEP	2026-08-31T11:49:15.4997502Z   update-environment: true
agent-certlab/aider-machine-2026-08-14	UNKNOWN STEP	2026-08-31T11:49:15.4998268Z   allow-prereleases: false
agent-certlab/aider-machine-2026-08-14	UNKNOWN STEP	2026-08-31T11:49:15.4999346Z   freethreaded: false
agent-certlab/aider-machine-2026-08-14	UNKNOWN STEP	2026-08-31T11:49:15.5000003Z ##[endgroup]
agent-certlab/aider-machine-2026-08-14	UNKNOWN STEP	2026-08-31T11:49:15.6358903Z ##[group]Installed versions
agent-certlab/aider-machine-2026-08-14	UNKNOWN STEP	2026-08-31T11:49:15.6461094Z (node:2137) [DEP0040] DeprecationWarning: The `punycode` module is deprecated. Please use a userland alternative instead.
agent-certlab/aider-machine-2026-08-14	UNKNOWN STEP	2026-08-31T11:49:15.6465845Z (Use `node --trace-deprecation ...` to show where the warning was created)
agent-certlab/aider-machine-2026-08-14	UNKNOWN STEP	2026-08-31T11:49:15.6468980Z Successfully set up CPython (3.12.14)
agent-certlab/aider-machine-2026-08-14	UNKNOWN STEP	2026-08-31T11:49:15.6471834Z ##[endgroup]
agent-certlab/aider-machine-2026-08-14	UNKNOWN STEP	2026-08-31T11:49:15.6825590Z Node 20 is being deprecated. This workflow is running with Node 24 by default. If you need to temporarily use Node 20, you can set the ACTIONS_ALLOW_USE_UNSECURE_NODE_VERSION=true environment variable. For more information see: https://github.blog/changelog/2025-09-19-deprecation-of-node-20-on-github-actions-runners/
agent-certlab/aider-machine-2026-08-14	UNKNOWN STEP	2026-08-31T11:49:15.6835194Z ##[group]Run actions/setup-node@v4
agent-certlab/aider-machine-2026-08-14	UNKNOWN STEP	2026-08-31T11:49:15.6836566Z with:
agent-certlab/aider-machine-2026-08-14	UNKNOWN STEP	2026-08-31T11:49:15.6837384Z   node-version: 22
agent-certlab/aider-machine-2026-08-14	UNKNOWN STEP	2026-08-31T11:49:15.6838324Z   always-auth: false
agent-certlab/aider-machine-2026-08-14	UNKNOWN STEP	2026-08-31T11:49:15.6839641Z   check-latest: false
agent-certlab/aider-machine-2026-08-14	UNKNOWN STEP	2026-08-31T11:49:15.6851403Z   token: ***
agent-certlab/aider-machine-2026-08-14	UNKNOWN STEP	2026-08-31T11:49:15.6852206Z env:
agent-certlab/aider-machine-2026-08-14	UNKNOWN STEP	2026-08-31T11:49:15.6854052Z   pythonLocation: /opt/hostedtoolcache/Python/3.12.14/x64
agent-certlab/aider-machine-2026-08-14	UNKNOWN STEP	2026-08-31T11:49:15.6857214Z   PKG_CONFIG_PATH: /opt/hostedtoolcache/Python/3.12.14/x64/lib/pkgconfig
agent-certlab/aider-machine-2026-08-14	UNKNOWN STEP	2026-08-31T11:49:15.6860034Z   Python_ROOT_DIR: /opt/hostedtoolcache/Python/3.12.14/x64
agent-certlab/aider-machine-2026-08-14	UNKNOWN STEP	2026-08-31T11:49:15.6861828Z   Python2_ROOT_DIR: /opt/hostedtoolcache/Python/3.12.14/x64
agent-certlab/aider-machine-2026-08-14	UNKNOWN STEP	2026-08-31T11:49:15.6863090Z   Python3_ROOT_DIR: /opt/hostedtoolcache/Python/3.12.14/x64
agent-certlab/aider-machine-2026-08-14	UNKNOWN STEP	2026-08-31T11:49:15.6864340Z   LD_LIBRARY_PATH: /opt/hostedtoolcache/Python/3.12.14/x64/lib
agent-certlab/aider-machine-2026-08-14	UNKNOWN STEP	2026-08-31T11:49:15.6866036Z ##[endgroup]
agent-certlab/aider-machine-2026-08-14	UNKNOWN STEP	2026-08-31T11:49:15.8429677Z Found in cache @ /opt/hostedtoolcache/node/22.23.2/x64
agent-certlab/aider-machine-2026-08-14	UNKNOWN STEP	2026-08-31T11:49:15.8432953Z (node:2146) [DEP0040] DeprecationWarning: The `punycode` module is deprecated. Please use a userland alternative instead.
agent-certlab/aider-machine-2026-08-14	UNKNOWN STEP	2026-08-31T11:49:15.8436660Z (Use `node --trace-deprecation ...` to show where the warning was created)
agent-certlab/aider-machine-2026-08-14	UNKNOWN STEP	2026-08-31T11:49:15.8439364Z ##[group]Environment details
agent-certlab/aider-machine-2026-08-14	UNKNOWN STEP	2026-08-31T11:49:16.2686492Z node: v22.23.2
agent-certlab/aider-machine-2026-08-14	UNKNOWN STEP	2026-08-31T11:49:16.2687547Z npm: 10.9.8
agent-certlab/aider-machine-2026-08-14	UNKNOWN STEP	2026-08-31T11:49:16.2688233Z yarn: 1.22.22
agent-certlab/aider-machine-2026-08-14	UNKNOWN STEP	2026-08-31T11:49:16.2690700Z ##[endgroup]
agent-certlab/aider-machine-2026-08-14	UNKNOWN STEP	2026-08-31T11:49:16.2860470Z ##[group]Run pip install -e .
agent-certlab/aider-machine-2026-08-14	UNKNOWN STEP	2026-08-31T11:49:16.2861619Z ^[[36;1mpip install -e .^[[0m
agent-certlab/aider-machine-2026-08-14	UNKNOWN STEP	2026-08-31T11:49:16.2917148Z shell: /usr/bin/bash -e {0}
agent-certlab/aider-machine-2026-08-14	UNKNOWN STEP	2026-08-31T11:49:16.2918168Z env:
agent-certlab/aider-machine-2026-08-14	UNKNOWN STEP	2026-08-31T11:49:16.2919548Z   pythonLocation: /opt/hostedtoolcache/Python/3.12.14/x64
agent-certlab/aider-machine-2026-08-14	UNKNOWN STEP	2026-08-31T11:49:16.2921140Z   PKG_CONFIG_PATH: /opt/hostedtoolcache/Python/3.12.14/x64/lib/pkgconfig
agent-certlab/aider-machine-2026-08-14	UNKNOWN STEP	2026-08-31T11:49:16.2922719Z   Python_ROOT_DIR: /opt/hostedtoolcache/Python/3.12.14/x64
agent-certlab/aider-machine-2026-08-14	UNKNOWN STEP	2026-08-31T11:49:16.2924154Z   Python2_ROOT_DIR: /opt/hostedtoolcache/Python/3.12.14/x64
agent-certlab/aider-machine-2026-08-14	UNKNOWN STEP	2026-08-31T11:49:16.2925601Z   Python3_ROOT_DIR: /opt/hostedtoolcache/Python/3.12.14/x64
agent-certlab/aider-machine-2026-08-14	UNKNOWN STEP	2026-08-31T11:49:16.2927050Z   LD_LIBRARY_PATH: /opt/hostedtoolcache/Python/3.12.14/x64/lib
agent-certlab/aider-machine-2026-08-14	UNKNOWN STEP	2026-08-31T11:49:16.2928278Z ##[endgroup]
agent-certlab/aider-machine-2026-08-14	UNKNOWN STEP	2026-08-31T11:49:17.2064550Z Obtaining file:///home/runner/work/vac-protocol/vac-protocol
agent-certlab/aider-machine-2026-08-14	UNKNOWN STEP	2026-08-31T11:49:17.2076990Z   Installing build dependencies: started
agent-certlab/aider-machine-2026-08-14	UNKNOWN STEP	2026-08-31T11:49:17.9588251Z   Installing build dependencies: finished with status 'done'
agent-certlab/aider-machine-2026-08-14	UNKNOWN STEP	2026-08-31T11:49:17.9595242Z   Checking if build backend supports build_editable: started
agent-certlab/aider-machine-2026-08-14	UNKNOWN STEP	2026-08-31T11:49:18.3493841Z   Checking if build backend supports build_editable: finished with status 'done'
agent-certlab/aider-machine-2026-08-14	UNKNOWN STEP	2026-08-31T11:49:18.3506447Z   Getting requirements to build editable: started
agent-certlab/aider-machine-2026-08-14	UNKNOWN STEP	2026-08-31T11:49:18.7277549Z   Getting requirements to build editable: finished with status 'done'
agent-certlab/aider-machine-2026-08-14	UNKNOWN STEP	2026-08-31T11:49:18.7286489Z   Preparing editable metadata (pyproject.toml): started
agent-certlab/aider-machine-2026-08-14	UNKNOWN STEP	2026-08-31T11:49:18.9397495Z   Preparing editable metadata (pyproject.toml): finished with status 'done'
agent-certlab/aider-machine-2026-08-14	UNKNOWN STEP	2026-08-31T11:49:18.9436546Z Building wheels for collected packages: vac-protocol
agent-certlab/aider-machine-2026-08-14	UNKNOWN STEP	2026-08-31T11:49:18.9444420Z   Building editable for vac-protocol (pyproject.toml): started
agent-certlab/aider-machine-2026-08-14	UNKNOWN STEP	2026-08-31T11:49:19.1827687Z   Building editable for vac-protocol (pyproject.toml): finished with status 'done'
agent-certlab/aider-machine-2026-08-14	UNKNOWN STEP	2026-08-31T11:49:19.1840607Z   Created wheel for vac-protocol: filename=vac_protocol-0.1.0-0.editable-py3-none-any.whl size=8850 sha256=383f22eac25a345ab45333364c3bd3471c6ab837638e77af2dfd664a7e215560
agent-certlab/aider-machine-2026-08-14	UNKNOWN STEP	2026-08-31T11:49:19.1842784Z   Stored in directory: /tmp/pip-ephem-wheel-cache-bfnd08w5/wheels/31/93/c0/4effb33ea68d4321a176d9cb097b94ea8b1be9d534ea861dec
agent-certlab/aider-machine-2026-08-14	UNKNOWN STEP	2026-08-31T11:49:19.1880465Z Successfully built vac-protocol
agent-certlab/aider-machine-2026-08-14	UNKNOWN STEP	2026-08-31T11:49:19.2051026Z Installing collected packages: vac-protocol
agent-certlab/aider-machine-2026-08-14	UNKNOWN STEP	2026-08-31T11:49:19.2164549Z Successfully installed vac-protocol-0.1.0
agent-certlab/aider-machine-2026-08-14	UNKNOWN STEP	2026-08-31T11:49:19.2880194Z ##[group]Run python -m vac.registry --fetch-bundle "agent-certlab/aider-machine-2026-08-14" --dest bundle
agent-certlab/aider-machine-2026-08-14	UNKNOWN STEP	2026-08-31T11:49:19.2881041Z ^[[36;1mpython -m vac.registry --fetch-bundle "agent-certlab/aider-machine-2026-08-14" --dest bundle^[[0m
agent-certlab/aider-machine-2026-08-14	UNKNOWN STEP	2026-08-31T11:49:19.2921432Z shell: /usr/bin/bash -e {0}
agent-certlab/aider-machine-2026-08-14	UNKNOWN STEP	2026-08-31T11:49:19.2921707Z env:
agent-certlab/aider-machine-2026-08-14	UNKNOWN STEP	2026-08-31T11:49:19.2921988Z   pythonLocation: /opt/hostedtoolcache/Python/3.12.14/x64
agent-certlab/aider-machine-2026-08-14	UNKNOWN STEP	2026-08-31T11:49:19.2922451Z   PKG_CONFIG_PATH: /opt/hostedtoolcache/Python/3.12.14/x64/lib/pkgconfig
agent-certlab/aider-machine-2026-08-14	UNKNOWN STEP	2026-08-31T11:49:19.2922898Z   Python_ROOT_DIR: /opt/hostedtoolcache/Python/3.12.14/x64
agent-certlab/aider-machine-2026-08-14	UNKNOWN STEP	2026-08-31T11:49:19.2923319Z   Python2_ROOT_DIR: /opt/hostedtoolcache/Python/3.12.14/x64
agent-certlab/aider-machine-2026-08-14	UNKNOWN STEP	2026-08-31T11:49:19.2923715Z   Python3_ROOT_DIR: /opt/hostedtoolcache/Python/3.12.14/x64
agent-certlab/aider-machine-2026-08-14	UNKNOWN STEP	2026-08-31T11:49:19.2924126Z   LD_LIBRARY_PATH: /opt/hostedtoolcache/Python/3.12.14/x64/lib
agent-certlab/aider-machine-2026-08-14	UNKNOWN STEP	2026-08-31T11:49:19.2924458Z ##[endgroup]
agent-certlab/aider-machine-2026-08-14	UNKNOWN STEP	2026-08-31T11:49:19.8086931Z fetched agent-certlab/aider-machine-2026-08-14 into bundle: every artifact sha256-verified against the registry
agent-certlab/aider-machine-2026-08-14	UNKNOWN STEP	2026-08-31T11:49:19.8227128Z ##[group]Run python -m vac.verify bundle
agent-certlab/aider-machine-2026-08-14	UNKNOWN STEP	2026-08-31T11:49:19.8227540Z ^[[36;1mpython -m vac.verify bundle^[[0m
agent-certlab/aider-machine-2026-08-14	UNKNOWN STEP	2026-08-31T11:49:19.8266565Z shell: /usr/bin/bash -e {0}
agent-certlab/aider-machine-2026-08-14	UNKNOWN STEP	2026-08-31T11:49:19.8266843Z env:
agent-certlab/aider-machine-2026-08-14	UNKNOWN STEP	2026-08-31T11:49:19.8267129Z   pythonLocation: /opt/hostedtoolcache/Python/3.12.14/x64
agent-certlab/aider-machine-2026-08-14	UNKNOWN STEP	2026-08-31T11:49:19.8267600Z   PKG_CONFIG_PATH: /opt/hostedtoolcache/Python/3.12.14/x64/lib/pkgconfig
agent-certlab/aider-machine-2026-08-14	UNKNOWN STEP	2026-08-31T11:49:19.8268058Z   Python_ROOT_DIR: /opt/hostedtoolcache/Python/3.12.14/x64
agent-certlab/aider-machine-2026-08-14	UNKNOWN STEP	2026-08-31T11:49:19.8268780Z   Python2_ROOT_DIR: /opt/hostedtoolcache/Python/3.12.14/x64
agent-certlab/aider-machine-2026-08-14	UNKNOWN STEP	2026-08-31T11:49:19.8269222Z   Python3_ROOT_DIR: /opt/hostedtoolcache/Python/3.12.14/x64
agent-certlab/aider-machine-2026-08-14	UNKNOWN STEP	2026-08-31T11:49:19.8269639Z   LD_LIBRARY_PATH: /opt/hostedtoolcache/Python/3.12.14/x64/lib
agent-certlab/aider-machine-2026-08-14	UNKNOWN STEP	2026-08-31T11:49:19.8269985Z ##[endgroup]
agent-certlab/aider-machine-2026-08-14	UNKNOWN STEP	2026-08-31T11:49:19.8699706Z structural verification: PASS (bundle)
agent-certlab/aider-machine-2026-08-14	UNKNOWN STEP	2026-08-31T11:49:19.8700875Z   proved offline: manifest schema, artifact presence + sha256, bundle closure,
agent-certlab/aider-machine-2026-08-14	UNKNOWN STEP	2026-08-31T11:49:19.8702291Z   stated limitations, stamp agreement, declared results recomputed from artifacts.
agent-certlab/aider-machine-2026-08-14	UNKNOWN STEP	2026-08-31T11:49:19.8703696Z semantic replay: NOT run by this tool. A structural PASS means the bundle is
agent-certlab/aider-machine-2026-08-14	UNKNOWN STEP	2026-08-31T11:49:19.8704476Z   internally honest, not that the issuer's grader agrees. To re-earn the
agent-certlab/aider-machine-2026-08-14	UNKNOWN STEP	2026-08-31T11:49:19.8705224Z   verdicts, run the bundle's replay block at the pinned issuer_commit:
agent-certlab/aider-machine-2026-08-14	UNKNOWN STEP	2026-08-31T11:49:19.8705977Z     $ git clone https://github.com/egnaro9/agent-certlab issuer
agent-certlab/aider-machine-2026-08-14	UNKNOWN STEP	2026-08-31T11:49:19.8706490Z     $ git -C issuer checkout 7954393
agent-certlab/aider-machine-2026-08-14	UNKNOWN STEP	2026-08-31T11:49:19.8707236Z     $ python -m pip install -e './issuer[test]'
agent-certlab/aider-machine-2026-08-14	UNKNOWN STEP	2026-08-31T11:49:19.8707696Z     $ python -m certlab.regrade bundle.json
agent-certlab/aider-machine-2026-08-14	UNKNOWN STEP	2026-08-31T11:49:19.8708827Z     expected: exit 0; regrade reports 'consistent — 6/6 verdicts recomputed identical'
agent-certlab/aider-machine-2026-08-14	UNKNOWN STEP	2026-08-31T11:49:19.8795716Z ##[group]Run jq -r '.replay.commands[]' bundle/vac.json > replay.sh
agent-certlab/aider-machine-2026-08-14	UNKNOWN STEP	2026-08-31T11:49:19.8796240Z ^[[36;1mjq -r '.replay.commands[]' bundle/vac.json > replay.sh^[[0m
agent-certlab/aider-machine-2026-08-14	UNKNOWN STEP	2026-08-31T11:49:19.8796682Z ^[[36;1mecho "--- replay block (sha256-pinned via the registry) ---"^[[0m
agent-certlab/aider-machine-2026-08-14	UNKNOWN STEP	2026-08-31T11:49:19.8797054Z ^[[36;1mcat replay.sh^[[0m
agent-certlab/aider-machine-2026-08-14	UNKNOWN STEP	2026-08-31T11:49:19.8797384Z ^[[36;1mecho "--- expected: $(jq -r '.replay.expected' bundle/vac.json)"^[[0m
agent-certlab/aider-machine-2026-08-14	UNKNOWN STEP	2026-08-31T11:49:19.8797750Z ^[[36;1mcd bundle^[[0m
agent-certlab/aider-machine-2026-08-14	UNKNOWN STEP	2026-08-31T11:49:19.8798056Z ^[[36;1mbash -euxo pipefail ../replay.sh 2>&1 | tee ../transcript.txt^[[0m
agent-certlab/aider-machine-2026-08-14	UNKNOWN STEP	2026-08-31T11:49:19.8840229Z shell: /usr/bin/bash --noprofile --norc -e -o pipefail {0}
agent-certlab/aider-machine-2026-08-14	UNKNOWN STEP	2026-08-31T11:49:19.8840606Z env:
agent-certlab/aider-machine-2026-08-14	UNKNOWN STEP	2026-08-31T11:49:19.8840921Z   pythonLocation: /opt/hostedtoolcache/Python/3.12.14/x64
agent-certlab/aider-machine-2026-08-14	UNKNOWN STEP	2026-08-31T11:49:19.8841383Z   PKG_CONFIG_PATH: /opt/hostedtoolcache/Python/3.12.14/x64/lib/pkgconfig
agent-certlab/aider-machine-2026-08-14	UNKNOWN STEP	2026-08-31T11:49:19.8841827Z   Python_ROOT_DIR: /opt/hostedtoolcache/Python/3.12.14/x64
agent-certlab/aider-machine-2026-08-14	UNKNOWN STEP	2026-08-31T11:49:19.8842273Z   Python2_ROOT_DIR: /opt/hostedtoolcache/Python/3.12.14/x64
agent-certlab/aider-machine-2026-08-14	UNKNOWN STEP	2026-08-31T11:49:19.8842674Z   Python3_ROOT_DIR: /opt/hostedtoolcache/Python/3.12.14/x64
agent-certlab/aider-machine-2026-08-14	UNKNOWN STEP	2026-08-31T11:49:19.8843072Z   LD_LIBRARY_PATH: /opt/hostedtoolcache/Python/3.12.14/x64/lib
agent-certlab/aider-machine-2026-08-14	UNKNOWN STEP	2026-08-31T11:49:19.8843405Z ##[endgroup]
agent-certlab/aider-machine-2026-08-14	UNKNOWN STEP	2026-08-31T11:49:19.8937577Z --- replay block (sha256-pinned via the registry) ---
agent-certlab/aider-machine-2026-08-14	UNKNOWN STEP	2026-08-31T11:49:19.8947041Z git clone https://github.com/egnaro9/agent-certlab issuer
agent-certlab/aider-machine-2026-08-14	UNKNOWN STEP	2026-08-31T11:49:19.8947606Z git -C issuer checkout 7954393
agent-certlab/aider-machine-2026-08-14	UNKNOWN STEP	2026-08-31T11:49:19.8948245Z python -m pip install -e './issuer[test]'
agent-certlab/aider-machine-2026-08-14	UNKNOWN STEP	2026-08-31T11:49:19.8949158Z python -m certlab.regrade bundle.json
agent-certlab/aider-machine-2026-08-14	UNKNOWN STEP	2026-08-31T11:49:19.8978889Z --- expected: exit 0; regrade reports 'consistent — 6/6 verdicts recomputed identical'
agent-certlab/aider-machine-2026-08-14	UNKNOWN STEP	2026-08-31T11:49:19.8994886Z + git clone https://github.com/egnaro9/agent-certlab issuer
agent-certlab/aider-machine-2026-08-14	UNKNOWN STEP	2026-08-31T11:49:19.9007931Z Cloning into 'issuer'...
agent-certlab/aider-machine-2026-08-14	UNKNOWN STEP	2026-08-31T11:49:20.2725340Z + git -C issuer checkout 7954393
agent-certlab/aider-machine-2026-08-14	UNKNOWN STEP	2026-08-31T11:49:20.2778656Z Note: switching to '7954393'.
agent-certlab/aider-machine-2026-08-14	UNKNOWN STEP	2026-08-31T11:49:20.2779071Z 
agent-certlab/aider-machine-2026-08-14	UNKNOWN STEP	2026-08-31T11:49:20.2779750Z You are in 'detached HEAD' state. You can look around, make experimental
agent-certlab/aider-machine-2026-08-14	UNKNOWN STEP	2026-08-31T11:49:20.2780857Z changes and commit them, and you can discard any commits you make in this
agent-certlab/aider-machine-2026-08-14	UNKNOWN STEP	2026-08-31T11:49:20.2781859Z state without impacting any branches by switching back to a branch.
agent-certlab/aider-machine-2026-08-14	UNKNOWN STEP	2026-08-31T11:49:20.2782384Z 
agent-certlab/aider-machine-2026-08-14	UNKNOWN STEP	2026-08-31T11:49:20.2782879Z If you want to create a new branch to retain commits you create, you may
agent-certlab/aider-machine-2026-08-14	UNKNOWN STEP	2026-08-31T11:49:20.2783811Z do so (now or later) by using -c with the switch command. Example:
agent-certlab/aider-machine-2026-08-14	UNKNOWN STEP	2026-08-31T11:49:20.2784254Z 
agent-certlab/aider-machine-2026-08-14	UNKNOWN STEP	2026-08-31T11:49:20.2784469Z   git switch -c <new-branch-name>
agent-certlab/aider-machine-2026-08-14	UNKNOWN STEP	2026-08-31T11:49:20.2784655Z 
agent-certlab/aider-machine-2026-08-14	UNKNOWN STEP	2026-08-31T11:49:20.2784786Z Or undo this operation with:
agent-certlab/aider-machine-2026-08-14	UNKNOWN STEP	2026-08-31T11:49:20.2784982Z 
agent-certlab/aider-machine-2026-08-14	UNKNOWN STEP	2026-08-31T11:49:20.2785078Z   git switch -
agent-certlab/aider-machine-2026-08-14	UNKNOWN STEP	2026-08-31T11:49:20.2785292Z 
agent-certlab/aider-machine-2026-08-14	UNKNOWN STEP	2026-08-31T11:49:20.2785841Z Turn off this advice by setting config variable advice.detachedHead to false
agent-certlab/aider-machine-2026-08-14	UNKNOWN STEP	2026-08-31T11:49:20.2786244Z 
agent-certlab/aider-machine-2026-08-14	UNKNOWN STEP	2026-08-31T11:49:20.2786590Z HEAD is now at 7954393 VAC issuer per SPEC 2.3; the CI verification step fails loud
agent-certlab/aider-machine-2026-08-14	UNKNOWN STEP	2026-08-31T11:49:20.2787395Z + python -m pip install -e './issuer[test]'
agent-certlab/aider-machine-2026-08-14	UNKNOWN STEP	2026-08-31T11:49:20.6251274Z Obtaining file:///home/runner/work/vac-protocol/vac-protocol/bundle/issuer
agent-certlab/aider-machine-2026-08-14	UNKNOWN STEP	2026-08-31T11:49:20.6268707Z   Installing build dependencies: started
agent-certlab/aider-machine-2026-08-14	UNKNOWN STEP	2026-08-31T11:49:21.2050680Z   Installing build dependencies: finished with status 'done'
agent-certlab/aider-machine-2026-08-14	UNKNOWN STEP	2026-08-31T11:49:21.2056549Z   Checking if build backend supports build_editable: started
agent-certlab/aider-machine-2026-08-14	UNKNOWN STEP	2026-08-31T11:49:21.5090706Z   Checking if build backend supports build_editable: finished with status 'done'
agent-certlab/aider-machine-2026-08-14	UNKNOWN STEP	2026-08-31T11:49:21.5100306Z   Getting requirements to build editable: started
agent-certlab/aider-machine-2026-08-14	UNKNOWN STEP	2026-08-31T11:49:21.8641934Z   Getting requirements to build editable: finished with status 'done'
agent-certlab/aider-machine-2026-08-14	UNKNOWN STEP	2026-08-31T11:49:21.8653416Z   Preparing editable metadata (pyproject.toml): started
agent-certlab/aider-machine-2026-08-14	UNKNOWN STEP	2026-08-31T11:49:22.0791810Z   Preparing editable metadata (pyproject.toml): finished with status 'done'
agent-certlab/aider-machine-2026-08-14	UNKNOWN STEP	2026-08-31T11:49:22.1714136Z Collecting pytest (from agent-certlab==0.0.1)
agent-certlab/aider-machine-2026-08-14	UNKNOWN STEP	2026-08-31T11:49:22.2178110Z   Downloading pytest-9.1.1-py3-none-any.whl.metadata (7.6 kB)
agent-certlab/aider-machine-2026-08-14	UNKNOWN STEP	2026-08-31T11:49:22.2333458Z Collecting iniconfig>=1.0.1 (from pytest->agent-certlab==0.0.1)
agent-certlab/aider-machine-2026-08-14	UNKNOWN STEP	2026-08-31T11:49:22.2367583Z   Downloading iniconfig-2.3.0-py3-none-any.whl.metadata (2.5 kB)
agent-certlab/aider-machine-2026-08-14	UNKNOWN STEP	2026-08-31T11:49:22.2526772Z Collecting packaging>=22 (from pytest->agent-certlab==0.0.1)
agent-certlab/aider-machine-2026-08-14	UNKNOWN STEP	2026-08-31T11:49:22.2569573Z   Downloading packaging-26.3-py3-none-any.whl.metadata (3.5 kB)
agent-certlab/aider-machine-2026-08-14	UNKNOWN STEP	2026-08-31T11:49:22.2697374Z Collecting pluggy<2,>=1.5 (from pytest->agent-certlab==0.0.1)
agent-certlab/aider-machine-2026-08-14	UNKNOWN STEP	2026-08-31T11:49:22.2732371Z   Downloading pluggy-1.6.0-py3-none-any.whl.metadata (4.8 kB)
agent-certlab/aider-machine-2026-08-14	UNKNOWN STEP	2026-08-31T11:49:22.2929638Z Collecting pygments>=2.7.2 (from pytest->agent-certlab==0.0.1)
agent-certlab/aider-machine-2026-08-14	UNKNOWN STEP	2026-08-31T11:49:22.2966304Z   Downloading pygments-2.21.0-py3-none-any.whl.metadata (2.5 kB)
agent-certlab/aider-machine-2026-08-14	UNKNOWN STEP	2026-08-31T11:49:22.3060745Z Downloading pytest-9.1.1-py3-none-any.whl (386 kB)
agent-certlab/aider-machine-2026-08-14	UNKNOWN STEP	2026-08-31T11:49:22.3280663Z Downloading pluggy-1.6.0-py3-none-any.whl (20 kB)
agent-certlab/aider-machine-2026-08-14	UNKNOWN STEP	2026-08-31T11:49:22.3343422Z Downloading iniconfig-2.3.0-py3-none-any.whl (7.5 kB)
agent-certlab/aider-machine-2026-08-14	UNKNOWN STEP	2026-08-31T11:49:22.3407784Z Downloading packaging-26.3-py3-none-any.whl (129 kB)
agent-certlab/aider-machine-2026-08-14	UNKNOWN STEP	2026-08-31T11:49:22.3474401Z Downloading pygments-2.21.0-py3-none-any.whl (1.3 MB)
agent-certlab/aider-machine-2026-08-14	UNKNOWN STEP	2026-08-31T11:49:22.3600185Z    ━━━━━━━━━━━━━━━━━━━━━━━━━━━━━━━━━━━━━━━━ 1.3/1.3 MB 121.6 MB/s  0:00:00
agent-certlab/aider-machine-2026-08-14	UNKNOWN STEP	2026-08-31T11:49:22.3785184Z Building wheels for collected packages: agent-certlab
agent-certlab/aider-machine-2026-08-14	UNKNOWN STEP	2026-08-31T11:49:22.3795280Z   Building editable for agent-certlab (pyproject.toml): started
agent-certlab/aider-machine-2026-08-14	UNKNOWN STEP	2026-08-31T11:49:22.6281505Z   Building editable for agent-certlab (pyproject.toml): finished with status 'done'
agent-certlab/aider-machine-2026-08-14	UNKNOWN STEP	2026-08-31T11:49:22.6287772Z   Created wheel for agent-certlab: filename=agent_certlab-0.0.1-0.editable-py3-none-any.whl size=5359 sha256=5733b6583f333a9ee685689fd8cfc8e451a8887fb2dd94ae7d40fd93192332de
agent-certlab/aider-machine-2026-08-14	UNKNOWN STEP	2026-08-31T11:49:22.6290147Z   Stored in directory: /tmp/pip-ephem-wheel-cache-khq480qs/wheels/9c/ec/1b/d9e190e220536733f4048d8fe227b840b2eca03c0a75ceaeaf
agent-certlab/aider-machine-2026-08-14	UNKNOWN STEP	2026-08-31T11:49:22.6307999Z Successfully built agent-certlab
agent-certlab/aider-machine-2026-08-14	UNKNOWN STEP	2026-08-31T11:49:22.6520707Z Installing collected packages: pygments, pluggy, packaging, iniconfig, agent-certlab, pytest
agent-certlab/aider-machine-2026-08-14	UNKNOWN STEP	2026-08-31T11:49:23.8340378Z 
agent-certlab/aider-machine-2026-08-14	UNKNOWN STEP	2026-08-31T11:49:23.8355822Z Successfully installed agent-certlab-0.0.1 iniconfig-2.3.0 packaging-26.3 pluggy-1.6.0 pygments-2.21.0 pytest-9.1.1
agent-certlab/aider-machine-2026-08-14	UNKNOWN STEP	2026-08-31T11:49:23.9172603Z + python -m certlab.regrade bundle.json
agent-certlab/aider-machine-2026-08-14	UNKNOWN STEP	2026-08-31T11:49:25.9480647Z : consistent — 6/6 verdicts recomputed identical
agent-certlab/aider-machine-2026-08-14	UNKNOWN STEP	2026-08-31T11:49:25.9612329Z ##[group]Run if jq -e '[.results.checks[].profile] | index("certlab-bundle-v1")' bundle/vac.json > /dev/null; then
agent-certlab/aider-machine-2026-08-14	UNKNOWN STEP	2026-08-31T11:49:25.9613142Z ^[[36;1mif jq -e '[.results.checks[].profile] | index("certlab-bundle-v1")' bundle/vac.json > /dev/null; then^[[0m
agent-certlab/aider-machine-2026-08-14	UNKNOWN STEP	2026-08-31T11:49:25.9613753Z ^[[36;1m  if grep -Eq 'stale-code|cannot regrade' transcript.txt; then^[[0m
agent-certlab/aider-machine-2026-08-14	UNKNOWN STEP	2026-08-31T11:49:25.9614491Z ^[[36;1m    echo "regrade REFUSED at the pinned commit — issuer_commit/replay commit does not regrade this bundle (drifted task set or wrong pin)"^[[0m
agent-certlab/aider-machine-2026-08-14	UNKNOWN STEP	2026-08-31T11:49:25.9615115Z ^[[36;1m    exit 1^[[0m
agent-certlab/aider-machine-2026-08-14	UNKNOWN STEP	2026-08-31T11:49:25.9615330Z ^[[36;1m  fi^[[0m
agent-certlab/aider-machine-2026-08-14	UNKNOWN STEP	2026-08-31T11:49:25.9615596Z ^[[36;1m  if ! grep -q 'consistent' transcript.txt; then^[[0m
agent-certlab/aider-machine-2026-08-14	UNKNOWN STEP	2026-08-31T11:49:25.9616067Z ^[[36;1m    echo "regrade never reported 'consistent' — the verdicts were not re-earned"^[[0m
agent-certlab/aider-machine-2026-08-14	UNKNOWN STEP	2026-08-31T11:49:25.9616490Z ^[[36;1m    exit 1^[[0m
agent-certlab/aider-machine-2026-08-14	UNKNOWN STEP	2026-08-31T11:49:25.9616697Z ^[[36;1m  fi^[[0m
agent-certlab/aider-machine-2026-08-14	UNKNOWN STEP	2026-08-31T11:49:25.9616885Z ^[[36;1melse^[[0m
agent-certlab/aider-machine-2026-08-14	UNKNOWN STEP	2026-08-31T11:49:25.9617269Z ^[[36;1m  echo "no certlab-bundle-v1 check in this bundle; predicate not applicable"^[[0m
agent-certlab/aider-machine-2026-08-14	UNKNOWN STEP	2026-08-31T11:49:25.9617675Z ^[[36;1mfi^[[0m
agent-certlab/aider-machine-2026-08-14	UNKNOWN STEP	2026-08-31T11:49:25.9655778Z shell: /usr/bin/bash -e {0}
agent-certlab/aider-machine-2026-08-14	UNKNOWN STEP	2026-08-31T11:49:25.9656042Z env:
agent-certlab/aider-machine-2026-08-14	UNKNOWN STEP	2026-08-31T11:49:25.9656512Z   pythonLocation: /opt/hostedtoolcache/Python/3.12.14/x64
agent-certlab/aider-machine-2026-08-14	UNKNOWN STEP	2026-08-31T11:49:25.9656977Z   PKG_CONFIG_PATH: /opt/hostedtoolcache/Python/3.12.14/x64/lib/pkgconfig
agent-certlab/aider-machine-2026-08-14	UNKNOWN STEP	2026-08-31T11:49:25.9657415Z   Python_ROOT_DIR: /opt/hostedtoolcache/Python/3.12.14/x64
agent-certlab/aider-machine-2026-08-14	UNKNOWN STEP	2026-08-31T11:49:25.9657817Z   Python2_ROOT_DIR: /opt/hostedtoolcache/Python/3.12.14/x64
agent-certlab/aider-machine-2026-08-14	UNKNOWN STEP	2026-08-31T11:49:25.9658203Z   Python3_ROOT_DIR: /opt/hostedtoolcache/Python/3.12.14/x64
agent-certlab/aider-machine-2026-08-14	UNKNOWN STEP	2026-08-31T11:49:25.9658879Z   LD_LIBRARY_PATH: /opt/hostedtoolcache/Python/3.12.14/x64/lib
agent-certlab/aider-machine-2026-08-14	UNKNOWN STEP	2026-08-31T11:49:25.9659221Z ##[endgroup]
agent-certlab/aider-machine-2026-08-14	UNKNOWN STEP	2026-08-31T11:49:25.9807788Z ##[group]Run if jq -e '[.results.checks[].profile] | index("fleet-board-v1")' bundle/vac.json > /dev/null; then
agent-certlab/aider-machine-2026-08-14	UNKNOWN STEP	2026-08-31T11:49:25.9808997Z ^[[36;1mif jq -e '[.results.checks[].profile] | index("fleet-board-v1")' bundle/vac.json > /dev/null; then^[[0m
agent-certlab/aider-machine-2026-08-14	UNKNOWN STEP	2026-08-31T11:49:25.9809544Z ^[[36;1m  if ! grep -q '+ cmp ' transcript.txt; then^[[0m
agent-certlab/aider-machine-2026-08-14	UNKNOWN STEP	2026-08-31T11:49:25.9810118Z ^[[36;1m    echo "fleet replay block executed no cmp — byte-identity with the downloaded results was never checked"^[[0m
agent-certlab/aider-machine-2026-08-14	UNKNOWN STEP	2026-08-31T11:49:25.9810671Z ^[[36;1m    exit 1^[[0m
agent-certlab/aider-machine-2026-08-14	UNKNOWN STEP	2026-08-31T11:49:25.9810885Z ^[[36;1m  fi^[[0m
agent-certlab/aider-machine-2026-08-14	UNKNOWN STEP	2026-08-31T11:49:25.9811144Z ^[[36;1m  if grep -E 'differ|EOF on' transcript.txt; then^[[0m
agent-certlab/aider-machine-2026-08-14	UNKNOWN STEP	2026-08-31T11:49:25.9811664Z ^[[36;1m    echo "a byte-compare FAILED — the pinned commit does not reproduce the registered bytes"^[[0m
agent-certlab/aider-machine-2026-08-14	UNKNOWN STEP	2026-08-31T11:49:25.9812118Z ^[[36;1m    exit 1^[[0m
agent-certlab/aider-machine-2026-08-14	UNKNOWN STEP	2026-08-31T11:49:25.9812321Z ^[[36;1m  fi^[[0m
agent-certlab/aider-machine-2026-08-14	UNKNOWN STEP	2026-08-31T11:49:25.9812510Z ^[[36;1melse^[[0m
agent-certlab/aider-machine-2026-08-14	UNKNOWN STEP	2026-08-31T11:49:25.9812883Z ^[[36;1m  echo "no fleet-board-v1 check in this bundle; predicate not applicable"^[[0m
agent-certlab/aider-machine-2026-08-14	UNKNOWN STEP	2026-08-31T11:49:25.9813272Z ^[[36;1mfi^[[0m
agent-certlab/aider-machine-2026-08-14	UNKNOWN STEP	2026-08-31T11:49:25.9851654Z shell: /usr/bin/bash -e {0}
agent-certlab/aider-machine-2026-08-14	UNKNOWN STEP	2026-08-31T11:49:25.9851923Z env:
agent-certlab/aider-machine-2026-08-14	UNKNOWN STEP	2026-08-31T11:49:25.9852197Z   pythonLocation: /opt/hostedtoolcache/Python/3.12.14/x64
agent-certlab/aider-machine-2026-08-14	UNKNOWN STEP	2026-08-31T11:49:25.9852651Z   PKG_CONFIG_PATH: /opt/hostedtoolcache/Python/3.12.14/x64/lib/pkgconfig
agent-certlab/aider-machine-2026-08-14	UNKNOWN STEP	2026-08-31T11:49:25.9853103Z   Python_ROOT_DIR: /opt/hostedtoolcache/Python/3.12.14/x64
agent-certlab/aider-machine-2026-08-14	UNKNOWN STEP	2026-08-31T11:49:25.9853500Z   Python2_ROOT_DIR: /opt/hostedtoolcache/Python/3.12.14/x64
agent-certlab/aider-machine-2026-08-14	UNKNOWN STEP	2026-08-31T11:49:25.9853889Z   Python3_ROOT_DIR: /opt/hostedtoolcache/Python/3.12.14/x64
agent-certlab/aider-machine-2026-08-14	UNKNOWN STEP	2026-08-31T11:49:25.9854282Z   LD_LIBRARY_PATH: /opt/hostedtoolcache/Python/3.12.14/x64/lib
agent-certlab/aider-machine-2026-08-14	UNKNOWN STEP	2026-08-31T11:49:25.9854609Z ##[endgroup]
agent-certlab/aider-machine-2026-08-14	UNKNOWN STEP	2026-08-31T11:49:25.9949082Z no fleet-board-v1 check in this bundle; predicate not applicable
agent-certlab/aider-machine-2026-08-14	UNKNOWN STEP	2026-08-31T11:49:25.9977151Z ##[group]Run if jq -e '[.results.checks[].profile] | index("evalmut-run-v1")' bundle/vac.json > /dev/null; then
agent-certlab/aider-machine-2026-08-14	UNKNOWN STEP	2026-08-31T11:49:25.9977918Z ^[[36;1mif jq -e '[.results.checks[].profile] | index("evalmut-run-v1")' bundle/vac.json > /dev/null; then^[[0m
agent-certlab/aider-machine-2026-08-14	UNKNOWN STEP	2026-08-31T11:49:25.9978769Z ^[[36;1m  if ! grep -q '+ cmp ' transcript.txt; then^[[0m
agent-certlab/aider-machine-2026-08-14	UNKNOWN STEP	2026-08-31T11:49:25.9979367Z ^[[36;1m    echo "evalmut replay block executed no cmp — byte-identity with the downloaded payload was never checked"^[[0m
agent-certlab/aider-machine-2026-08-14	UNKNOWN STEP	2026-08-31T11:49:25.9979897Z ^[[36;1m    exit 1^[[0m
agent-certlab/aider-machine-2026-08-14	UNKNOWN STEP	2026-08-31T11:49:25.9980101Z ^[[36;1m  fi^[[0m
agent-certlab/aider-machine-2026-08-14	UNKNOWN STEP	2026-08-31T11:49:25.9980374Z ^[[36;1m  if grep -E 'differ|EOF on' transcript.txt; then^[[0m
agent-certlab/aider-machine-2026-08-14	UNKNOWN STEP	2026-08-31T11:49:25.9980878Z ^[[36;1m    echo "a byte-compare FAILED — the pinned commit does not reproduce the registered bytes"^[[0m
agent-certlab/aider-machine-2026-08-14	UNKNOWN STEP	2026-08-31T11:49:25.9981322Z ^[[36;1m    exit 1^[[0m
agent-certlab/aider-machine-2026-08-14	UNKNOWN STEP	2026-08-31T11:49:25.9981517Z ^[[36;1m  fi^[[0m
agent-certlab/aider-machine-2026-08-14	UNKNOWN STEP	2026-08-31T11:49:25.9981698Z ^[[36;1melse^[[0m
agent-certlab/aider-machine-2026-08-14	UNKNOWN STEP	2026-08-31T11:49:25.9982079Z ^[[36;1m  echo "no evalmut-run-v1 check in this bundle; predicate not applicable"^[[0m
agent-certlab/aider-machine-2026-08-14	UNKNOWN STEP	2026-08-31T11:49:25.9982468Z ^[[36;1mfi^[[0m
agent-certlab/aider-machine-2026-08-14	UNKNOWN STEP	2026-08-31T11:49:26.0019483Z shell: /usr/bin/bash -e {0}
agent-certlab/aider-machine-2026-08-14	UNKNOWN STEP	2026-08-31T11:49:26.0019736Z env:
agent-certlab/aider-machine-2026-08-14	UNKNOWN STEP	2026-08-31T11:49:26.0020005Z   pythonLocation: /opt/hostedtoolcache/Python/3.12.14/x64
agent-certlab/aider-machine-2026-08-14	UNKNOWN STEP	2026-08-31T11:49:26.0020454Z   PKG_CONFIG_PATH: /opt/hostedtoolcache/Python/3.12.14/x64/lib/pkgconfig
agent-certlab/aider-machine-2026-08-14	UNKNOWN STEP	2026-08-31T11:49:26.0020907Z   Python_ROOT_DIR: /opt/hostedtoolcache/Python/3.12.14/x64
agent-certlab/aider-machine-2026-08-14	UNKNOWN STEP	2026-08-31T11:49:26.0021302Z   Python2_ROOT_DIR: /opt/hostedtoolcache/Python/3.12.14/x64
agent-certlab/aider-machine-2026-08-14	UNKNOWN STEP	2026-08-31T11:49:26.0021718Z   Python3_ROOT_DIR: /opt/hostedtoolcache/Python/3.12.14/x64
agent-certlab/aider-machine-2026-08-14	UNKNOWN STEP	2026-08-31T11:49:26.0022358Z   LD_LIBRARY_PATH: /opt/hostedtoolcache/Python/3.12.14/x64/lib
agent-certlab/aider-machine-2026-08-14	UNKNOWN STEP	2026-08-31T11:49:26.0022684Z ##[endgroup]
agent-certlab/aider-machine-2026-08-14	UNKNOWN STEP	2026-08-31T11:49:26.0116747Z no evalmut-run-v1 check in this bundle; predicate not applicable
agent-certlab/aider-machine-2026-08-14	UNKNOWN STEP	2026-08-31T11:49:26.0146889Z ##[group]Run if jq -e '[.results.checks[].profile] | index("crashkit-battery-v1")' bundle/vac.json > /dev/null; then
agent-certlab/aider-machine-2026-08-14	UNKNOWN STEP	2026-08-31T11:49:26.0147701Z ^[[36;1mif jq -e '[.results.checks[].profile] | index("crashkit-battery-v1")' bundle/vac.json > /dev/null; then^[[0m
agent-certlab/aider-machine-2026-08-14	UNKNOWN STEP	2026-08-31T11:49:26.0148237Z ^[[36;1m  if ! grep -q '+ cmp ' transcript.txt; then^[[0m
agent-certlab/aider-machine-2026-08-14	UNKNOWN STEP	2026-08-31T11:49:26.0149097Z ^[[36;1m    echo "crashkit replay block executed no cmp — byte-identity with the downloaded artifacts was never checked"^[[0m
agent-certlab/aider-machine-2026-08-14	UNKNOWN STEP	2026-08-31T11:49:26.0149654Z ^[[36;1m    exit 1^[[0m
agent-certlab/aider-machine-2026-08-14	UNKNOWN STEP	2026-08-31T11:49:26.0149869Z ^[[36;1m  fi^[[0m
agent-certlab/aider-machine-2026-08-14	UNKNOWN STEP	2026-08-31T11:49:26.0150126Z ^[[36;1m  if grep -E 'differ|EOF on' transcript.txt; then^[[0m
agent-certlab/aider-machine-2026-08-14	UNKNOWN STEP	2026-08-31T11:49:26.0150638Z ^[[36;1m    echo "a byte-compare FAILED — the pinned commit does not reproduce the registered bytes"^[[0m
agent-certlab/aider-machine-2026-08-14	UNKNOWN STEP	2026-08-31T11:49:26.0151120Z ^[[36;1m    exit 1^[[0m
agent-certlab/aider-machine-2026-08-14	UNKNOWN STEP	2026-08-31T11:49:26.0151322Z ^[[36;1m  fi^[[0m
agent-certlab/aider-machine-2026-08-14	UNKNOWN STEP	2026-08-31T11:49:26.0151509Z ^[[36;1melse^[[0m
agent-certlab/aider-machine-2026-08-14	UNKNOWN STEP	2026-08-31T11:49:26.0151900Z ^[[36;1m  echo "no crashkit-battery-v1 check in this bundle; predicate not applicable"^[[0m
agent-certlab/aider-machine-2026-08-14	UNKNOWN STEP	2026-08-31T11:49:26.0152311Z ^[[36;1mfi^[[0m
agent-certlab/aider-machine-2026-08-14	UNKNOWN STEP	2026-08-31T11:49:26.0190301Z shell: /usr/bin/bash -e {0}
agent-certlab/aider-machine-2026-08-14	UNKNOWN STEP	2026-08-31T11:49:26.0190562Z env:
agent-certlab/aider-machine-2026-08-14	UNKNOWN STEP	2026-08-31T11:49:26.0190838Z   pythonLocation: /opt/hostedtoolcache/Python/3.12.14/x64
agent-certlab/aider-machine-2026-08-14	UNKNOWN STEP	2026-08-31T11:49:26.0191286Z   PKG_CONFIG_PATH: /opt/hostedtoolcache/Python/3.12.14/x64/lib/pkgconfig
agent-certlab/aider-machine-2026-08-14	UNKNOWN STEP	2026-08-31T11:49:26.0191728Z   Python_ROOT_DIR: /opt/hostedtoolcache/Python/3.12.14/x64
agent-certlab/aider-machine-2026-08-14	UNKNOWN STEP	2026-08-31T11:49:26.0192108Z   Python2_ROOT_DIR: /opt/hostedtoolcache/Python/3.12.14/x64
agent-certlab/aider-machine-2026-08-14	UNKNOWN STEP	2026-08-31T11:49:26.0192494Z   Python3_ROOT_DIR: /opt/hostedtoolcache/Python/3.12.14/x64
agent-certlab/aider-machine-2026-08-14	UNKNOWN STEP	2026-08-31T11:49:26.0192890Z   LD_LIBRARY_PATH: /opt/hostedtoolcache/Python/3.12.14/x64/lib
agent-certlab/aider-machine-2026-08-14	UNKNOWN STEP	2026-08-31T11:49:26.0193229Z ##[endgroup]
agent-certlab/aider-machine-2026-08-14	UNKNOWN STEP	2026-08-31T11:49:26.0286275Z no crashkit-battery-v1 check in this bundle; predicate not applicable
agent-certlab/aider-machine-2026-08-14	UNKNOWN STEP	2026-08-31T11:49:26.0315915Z ##[group]Run if jq -e '[.results.checks[].profile] | index("modeldrift-board-v1")' bundle/vac.json > /dev/null; then
agent-certlab/aider-machine-2026-08-14	UNKNOWN STEP	2026-08-31T11:49:26.0316750Z ^[[36;1mif jq -e '[.results.checks[].profile] | index("modeldrift-board-v1")' bundle/vac.json > /dev/null; then^[[0m
agent-certlab/aider-machine-2026-08-14	UNKNOWN STEP	2026-08-31T11:49:26.0317308Z ^[[36;1m  if ! grep -q '+ cmp ' transcript.txt; then^[[0m
agent-certlab/aider-machine-2026-08-14	UNKNOWN STEP	2026-08-31T11:49:26.0317902Z ^[[36;1m    echo "modeldrift replay block executed no cmp — byte-identity with the downloaded artifacts was never checked"^[[0m
agent-certlab/aider-machine-2026-08-14	UNKNOWN STEP	2026-08-31T11:49:26.0318891Z ^[[36;1m    exit 1^[[0m
agent-certlab/aider-machine-2026-08-14	UNKNOWN STEP	2026-08-31T11:49:26.0319136Z ^[[36;1m  fi^[[0m
agent-certlab/aider-machine-2026-08-14	UNKNOWN STEP	2026-08-31T11:49:26.0319398Z ^[[36;1m  if grep -E 'differ|EOF on' transcript.txt; then^[[0m
agent-certlab/aider-machine-2026-08-14	UNKNOWN STEP	2026-08-31T11:49:26.0319914Z ^[[36;1m    echo "a byte-compare FAILED — the pinned commit does not reproduce the registered bytes"^[[0m
agent-certlab/aider-machine-2026-08-14	UNKNOWN STEP	2026-08-31T11:49:26.0320382Z ^[[36;1m    exit 1^[[0m
agent-certlab/aider-machine-2026-08-14	UNKNOWN STEP	2026-08-31T11:49:26.0320590Z ^[[36;1m  fi^[[0m
agent-certlab/aider-machine-2026-08-14	UNKNOWN STEP	2026-08-31T11:49:26.0320774Z ^[[36;1melse^[[0m
agent-certlab/aider-machine-2026-08-14	UNKNOWN STEP	2026-08-31T11:49:26.0321158Z ^[[36;1m  echo "no modeldrift-board-v1 check in this bundle; predicate not applicable"^[[0m
agent-certlab/aider-machine-2026-08-14	UNKNOWN STEP	2026-08-31T11:49:26.0321568Z ^[[36;1mfi^[[0m
agent-certlab/aider-machine-2026-08-14	UNKNOWN STEP	2026-08-31T11:49:26.0359922Z shell: /usr/bin/bash -e {0}
agent-certlab/aider-machine-2026-08-14	UNKNOWN STEP	2026-08-31T11:49:26.0360183Z env:
agent-certlab/aider-machine-2026-08-14	UNKNOWN STEP	2026-08-31T11:49:26.0360463Z   pythonLocation: /opt/hostedtoolcache/Python/3.12.14/x64
agent-certlab/aider-machine-2026-08-14	UNKNOWN STEP	2026-08-31T11:49:26.0360914Z   PKG_CONFIG_PATH: /opt/hostedtoolcache/Python/3.12.14/x64/lib/pkgconfig
agent-certlab/aider-machine-2026-08-14	UNKNOWN STEP	2026-08-31T11:49:26.0361355Z   Python_ROOT_DIR: /opt/hostedtoolcache/Python/3.12.14/x64
agent-certlab/aider-machine-2026-08-14	UNKNOWN STEP	2026-08-31T11:49:26.0361741Z   Python2_ROOT_DIR: /opt/hostedtoolcache/Python/3.12.14/x64
agent-certlab/aider-machine-2026-08-14	UNKNOWN STEP	2026-08-31T11:49:26.0362137Z   Python3_ROOT_DIR: /opt/hostedtoolcache/Python/3.12.14/x64
agent-certlab/aider-machine-2026-08-14	UNKNOWN STEP	2026-08-31T11:49:26.0362522Z   LD_LIBRARY_PATH: /opt/hostedtoolcache/Python/3.12.14/x64/lib
agent-certlab/aider-machine-2026-08-14	UNKNOWN STEP	2026-08-31T11:49:26.0362855Z ##[endgroup]
agent-certlab/aider-machine-2026-08-14	UNKNOWN STEP	2026-08-31T11:49:26.0458783Z no modeldrift-board-v1 check in this bundle; predicate not applicable
agent-certlab/aider-machine-2026-08-14	UNKNOWN STEP	2026-08-31T11:49:26.0560792Z Node 20 is being deprecated. This workflow is running with Node 24 by default. If you need to temporarily use Node 20, you can set the ACTIONS_ALLOW_USE_UNSECURE_NODE_VERSION=true environment variable. For more information see: https://github.blog/changelog/2025-09-19-deprecation-of-node-20-on-github-actions-runners/
agent-certlab/aider-machine-2026-08-14	UNKNOWN STEP	2026-08-31T11:49:26.0562098Z Post job cleanup.
agent-certlab/aider-machine-2026-08-14	UNKNOWN STEP	2026-08-31T11:49:26.1947166Z (node:2326) [DEP0040] DeprecationWarning: The `punycode` module is deprecated. Please use a userland alternative instead.
agent-certlab/aider-machine-2026-08-14	UNKNOWN STEP	2026-08-31T11:49:26.1949201Z (Use `node --trace-deprecation ...` to show where the warning was created)
agent-certlab/aider-machine-2026-08-14	UNKNOWN STEP	2026-08-31T11:49:26.2236169Z Node 20 is being deprecated. This workflow is running with Node 24 by default. If you need to temporarily use Node 20, you can set the ACTIONS_ALLOW_USE_UNSECURE_NODE_VERSION=true environment variable. For more information see: https://github.blog/changelog/2025-09-19-deprecation-of-node-20-on-github-actions-runners/
agent-certlab/aider-machine-2026-08-14	UNKNOWN STEP	2026-08-31T11:49:26.2238604Z Post job cleanup.
agent-certlab/aider-machine-2026-08-14	UNKNOWN STEP	2026-08-31T11:49:26.3536162Z (node:2334) [DEP0040] DeprecationWarning: The `punycode` module is deprecated. Please use a userland alternative instead.
agent-certlab/aider-machine-2026-08-14	UNKNOWN STEP	2026-08-31T11:49:26.3537357Z (Use `node --trace-deprecation ...` to show where the warning was created)
agent-certlab/aider-machine-2026-08-14	UNKNOWN STEP	2026-08-31T11:49:26.3770915Z Node 20 is being deprecated. This workflow is running with Node 24 by default. If you need to temporarily use Node 20, you can set the ACTIONS_ALLOW_USE_UNSECURE_NODE_VERSION=true environment variable. For more information see: https://github.blog/changelog/2025-09-19-deprecation-of-node-20-on-github-actions-runners/
agent-certlab/aider-machine-2026-08-14	UNKNOWN STEP	2026-08-31T11:49:26.3773088Z Post job cleanup.
agent-certlab/aider-machine-2026-08-14	UNKNOWN STEP	2026-08-31T11:49:26.4731434Z [command]/usr/bin/git version
agent-certlab/aider-machine-2026-08-14	UNKNOWN STEP	2026-08-31T11:49:26.4814537Z git version 2.55.0
agent-certlab/aider-machine-2026-08-14	UNKNOWN STEP	2026-08-31T11:49:26.4860099Z Temporarily overriding HOME='/home/runner/work/_temp/9d4c267c-92d8-4c15-a665-370775f764af' before making global git config changes
agent-certlab/aider-machine-2026-08-14	UNKNOWN STEP	2026-08-31T11:49:26.4861701Z Adding repository directory to the temporary git global config as a safe directory
agent-certlab/aider-machine-2026-08-14	UNKNOWN STEP	2026-08-31T11:49:26.4866648Z [command]/usr/bin/git config --global --add safe.directory /home/runner/work/vac-protocol/vac-protocol
agent-certlab/aider-machine-2026-08-14	UNKNOWN STEP	2026-08-31T11:49:26.4917270Z [command]/usr/bin/git config --local --name-only --get-regexp core\.sshCommand
agent-certlab/aider-machine-2026-08-14	UNKNOWN STEP	2026-08-31T11:49:26.4962286Z [command]/usr/bin/git submodule foreach --recursive sh -c "git config --local --name-only --get-regexp 'core\.sshCommand' && git config --local --unset-all 'core.sshCommand' || :"
agent-certlab/aider-machine-2026-08-14	UNKNOWN STEP	2026-08-31T11:49:26.5240859Z [command]/usr/bin/git config --local --name-only --get-regexp http\.https\:\/\/github\.com\/\.extraheader
agent-certlab/aider-machine-2026-08-14	UNKNOWN STEP	2026-08-31T11:49:26.5276149Z http.https://github.com/.extraheader
agent-certlab/aider-machine-2026-08-14	UNKNOWN STEP	2026-08-31T11:49:26.5291774Z [command]/usr/bin/git config --local --unset-all http.https://github.com/.extraheader
agent-certlab/aider-machine-2026-08-14	UNKNOWN STEP	2026-08-31T11:49:26.5339146Z [command]/usr/bin/git submodule foreach --recursive sh -c "git config --local --name-only --get-regexp 'http\.https\:\/\/github\.com\/\.extraheader' && git config --local --unset-all 'http.https://github.com/.extraheader' || :"
agent-certlab/aider-machine-2026-08-14	UNKNOWN STEP	2026-08-31T11:49:26.5625826Z [command]/usr/bin/git config --local --name-only --get-regexp ^includeIf\.gitdir:
agent-certlab/aider-machine-2026-08-14	UNKNOWN STEP	2026-08-31T11:49:26.5678019Z [command]/usr/bin/git submodule foreach --recursive git config --local --show-origin --name-only --get-regexp remote.origin.url
agent-certlab/aider-machine-2026-08-14	UNKNOWN STEP	2026-08-31T11:49:26.6100230Z Cleaning up orphan processes
agent-certlab/aider-machine-2026-08-14	UNKNOWN STEP	2026-08-31T11:49:26.6403072Z ##[warning]Node.js 20 is deprecated. The following actions target Node.js 20 but are being forced to run on Node.js 24: actions/checkout@v4, actions/setup-node@v4, actions/setup-python@v5. For more information see: https://github.blog/changelog/2025-09-19-deprecation-of-node-20-on-github-actions-runners/
agent-certlab/claude-code-2026-08-14	UNKNOWN STEP	﻿2026-08-31T11:49:14.3875422Z Current runner version: '2.337.0'
agent-certlab/claude-code-2026-08-14	UNKNOWN STEP	2026-08-31T11:49:14.3901327Z ##[group]Runner Image Provisioner
agent-certlab/claude-code-2026-08-14	UNKNOWN STEP	2026-08-31T11:49:14.3902287Z Hosted Compute Agent
agent-certlab/claude-code-2026-08-14	UNKNOWN STEP	2026-08-31T11:49:14.3902970Z Version: 20260819.586
agent-certlab/claude-code-2026-08-14	UNKNOWN STEP	2026-08-31T11:49:14.3903690Z Commit: 3cc4a88dfa507ef76119ad1bb3eccc6378bb2b76
agent-certlab/claude-code-2026-08-14	UNKNOWN STEP	2026-08-31T11:49:14.3904613Z Build Date: 2026-08-18T23:20:18Z
agent-certlab/claude-code-2026-08-14	UNKNOWN STEP	2026-08-31T11:49:14.3905386Z Worker ID: {41368547-14ee-418c-b52e-4c1c9b09f95a}
agent-certlab/claude-code-2026-08-14	UNKNOWN STEP	2026-08-31T11:49:14.3906145Z Azure Region: westcentralus
agent-certlab/claude-code-2026-08-14	UNKNOWN STEP	2026-08-31T11:49:14.3906801Z ##[endgroup]
agent-certlab/claude-code-2026-08-14	UNKNOWN STEP	2026-08-31T11:49:14.3908459Z ##[group]Operating System
agent-certlab/claude-code-2026-08-14	UNKNOWN STEP	2026-08-31T11:49:14.3909128Z Ubuntu
agent-certlab/claude-code-2026-08-14	UNKNOWN STEP	2026-08-31T11:49:14.3909798Z 24.04.4
agent-certlab/claude-code-2026-08-14	UNKNOWN STEP	2026-08-31T11:49:14.3910337Z LTS
agent-certlab/claude-code-2026-08-14	UNKNOWN STEP	2026-08-31T11:49:14.3910892Z ##[endgroup]
agent-certlab/claude-code-2026-08-14	UNKNOWN STEP	2026-08-31T11:49:14.3911564Z ##[group]Runner Image
agent-certlab/claude-code-2026-08-14	UNKNOWN STEP	2026-08-31T11:49:14.3912203Z Image: ubuntu-24.04
agent-certlab/claude-code-2026-08-14	UNKNOWN STEP	2026-08-31T11:49:14.3912819Z Version: 20260823.283.1
agent-certlab/claude-code-2026-08-14	UNKNOWN STEP	2026-08-31T11:49:14.3914252Z Included Software: https://github.com/actions/runner-images/blob/ubuntu24/20260823.283/images/ubuntu/Ubuntu2404-Readme.md
agent-certlab/claude-code-2026-08-14	UNKNOWN STEP	2026-08-31T11:49:14.3916153Z Image Release: https://github.com/actions/runner-images/releases/tag/ubuntu24%2F20260823.283
agent-certlab/claude-code-2026-08-14	UNKNOWN STEP	2026-08-31T11:49:14.3917157Z ##[endgroup]
agent-certlab/claude-code-2026-08-14	UNKNOWN STEP	2026-08-31T11:49:14.3918366Z ##[group]GITHUB_TOKEN Permissions
agent-certlab/claude-code-2026-08-14	UNKNOWN STEP	2026-08-31T11:49:14.3920235Z Contents: read
agent-certlab/claude-code-2026-08-14	UNKNOWN STEP	2026-08-31T11:49:14.3921354Z Metadata: read
agent-certlab/claude-code-2026-08-14	UNKNOWN STEP	2026-08-31T11:49:14.3921961Z ##[endgroup]
agent-certlab/claude-code-2026-08-14	UNKNOWN STEP	2026-08-31T11:49:14.3924056Z Secret source: Actions
agent-certlab/claude-code-2026-08-14	UNKNOWN STEP	2026-08-31T11:49:14.3925505Z Prepare workflow directory
agent-certlab/claude-code-2026-08-14	UNKNOWN STEP	2026-08-31T11:49:14.4273222Z Prepare all required actions
agent-certlab/claude-code-2026-08-14	UNKNOWN STEP	2026-08-31T11:49:14.4321111Z Getting action download info
agent-certlab/claude-code-2026-08-14	UNKNOWN STEP	2026-08-31T11:49:14.7324388Z Download action repository 'actions/checkout@v4' (SHA:11d5960a326750d5838078e36cf38b85af677262)
agent-certlab/claude-code-2026-08-14	UNKNOWN STEP	2026-08-31T11:49:14.8640015Z Download action repository 'actions/setup-python@v5' (SHA:a26af69be951a213d495a4c3e4e4022e16d87065)
agent-certlab/claude-code-2026-08-14	UNKNOWN STEP	2026-08-31T11:49:14.9466676Z Download action repository 'actions/setup-node@v4' (SHA:49933ea5288caeca8642d1e84afbd3f7d6820020)
agent-certlab/claude-code-2026-08-14	UNKNOWN STEP	2026-08-31T11:49:15.1472241Z Complete job name: agent-certlab/claude-code-2026-08-14
agent-certlab/claude-code-2026-08-14	UNKNOWN STEP	2026-08-31T11:49:15.2280138Z Node 20 is being deprecated. This workflow is running with Node 24 by default. If you need to temporarily use Node 20, you can set the ACTIONS_ALLOW_USE_UNSECURE_NODE_VERSION=true environment variable. For more information see: https://github.blog/changelog/2025-09-19-deprecation-of-node-20-on-github-actions-runners/
agent-certlab/claude-code-2026-08-14	UNKNOWN STEP	2026-08-31T11:49:15.2289349Z ##[group]Run actions/checkout@v4
agent-certlab/claude-code-2026-08-14	UNKNOWN STEP	2026-08-31T11:49:15.2290046Z with:
agent-certlab/claude-code-2026-08-14	UNKNOWN STEP	2026-08-31T11:49:15.2290487Z   repository: egnaro9/vac-protocol
agent-certlab/claude-code-2026-08-14	UNKNOWN STEP	2026-08-31T11:49:15.2294697Z   token: ***
agent-certlab/claude-code-2026-08-14	UNKNOWN STEP	2026-08-31T11:49:15.2295155Z   ssh-strict: true
agent-certlab/claude-code-2026-08-14	UNKNOWN STEP	2026-08-31T11:49:15.2295603Z   ssh-user: git
agent-certlab/claude-code-2026-08-14	UNKNOWN STEP	2026-08-31T11:49:15.2296086Z   persist-credentials: true
agent-certlab/claude-code-2026-08-14	UNKNOWN STEP	2026-08-31T11:49:15.2296580Z   clean: true
agent-certlab/claude-code-2026-08-14	UNKNOWN STEP	2026-08-31T11:49:15.2297023Z   sparse-checkout-cone-mode: true
agent-certlab/claude-code-2026-08-14	UNKNOWN STEP	2026-08-31T11:49:15.2297534Z   fetch-depth: 1
agent-certlab/claude-code-2026-08-14	UNKNOWN STEP	2026-08-31T11:49:15.2297957Z   fetch-tags: false
agent-certlab/claude-code-2026-08-14	UNKNOWN STEP	2026-08-31T11:49:15.2298390Z   show-progress: true
agent-certlab/claude-code-2026-08-14	UNKNOWN STEP	2026-08-31T11:49:15.2298824Z   lfs: false
agent-certlab/claude-code-2026-08-14	UNKNOWN STEP	2026-08-31T11:49:15.2299304Z   submodules: false
agent-certlab/claude-code-2026-08-14	UNKNOWN STEP	2026-08-31T11:49:15.2299744Z   set-safe-directory: true
agent-certlab/claude-code-2026-08-14	UNKNOWN STEP	2026-08-31T11:49:15.2300240Z   allow-unsafe-pr-checkout: false
agent-certlab/claude-code-2026-08-14	UNKNOWN STEP	2026-08-31T11:49:15.2300930Z ##[endgroup]
agent-certlab/claude-code-2026-08-14	UNKNOWN STEP	2026-08-31T11:49:15.3367577Z Syncing repository: egnaro9/vac-protocol
agent-certlab/claude-code-2026-08-14	UNKNOWN STEP	2026-08-31T11:49:15.3370384Z ##[group]Getting Git version info
agent-certlab/claude-code-2026-08-14	UNKNOWN STEP	2026-08-31T11:49:15.3371716Z Working directory is '/home/runner/work/vac-protocol/vac-protocol'
agent-certlab/claude-code-2026-08-14	UNKNOWN STEP	2026-08-31T11:49:15.3373617Z [command]/usr/bin/git version
agent-certlab/claude-code-2026-08-14	UNKNOWN STEP	2026-08-31T11:49:15.3401162Z git version 2.55.0
agent-certlab/claude-code-2026-08-14	UNKNOWN STEP	2026-08-31T11:49:15.3423704Z ##[endgroup]
agent-certlab/claude-code-2026-08-14	UNKNOWN STEP	2026-08-31T11:49:15.3441603Z Temporarily overriding HOME='/home/runner/work/_temp/e0777740-17e8-4aca-97e5-6e4cd6ea76ae' before making global git config changes
agent-certlab/claude-code-2026-08-14	UNKNOWN STEP	2026-08-31T11:49:15.3443819Z Adding repository directory to the temporary git global config as a safe directory
agent-certlab/claude-code-2026-08-14	UNKNOWN STEP	2026-08-31T11:49:15.3448633Z [command]/usr/bin/git config --global --add safe.directory /home/runner/work/vac-protocol/vac-protocol
agent-certlab/claude-code-2026-08-14	UNKNOWN STEP	2026-08-31T11:49:15.3511602Z Deleting the contents of '/home/runner/work/vac-protocol/vac-protocol'
agent-certlab/claude-code-2026-08-14	UNKNOWN STEP	2026-08-31T11:49:15.3518341Z ##[group]Initializing the repository
agent-certlab/claude-code-2026-08-14	UNKNOWN STEP	2026-08-31T11:49:15.3525108Z [command]/usr/bin/git init /home/runner/work/vac-protocol/vac-protocol
agent-certlab/claude-code-2026-08-14	UNKNOWN STEP	2026-08-31T11:49:15.3608788Z hint: Using 'master' as the name for the initial branch. This default branch name
agent-certlab/claude-code-2026-08-14	UNKNOWN STEP	2026-08-31T11:49:15.3616948Z hint: will change to "main" in Git 3.0. To configure the initial branch name
agent-certlab/claude-code-2026-08-14	UNKNOWN STEP	2026-08-31T11:49:15.3618902Z hint: to use in all of your new repositories, which will suppress this warning,
agent-certlab/claude-code-2026-08-14	UNKNOWN STEP	2026-08-31T11:49:15.3622619Z hint: call:
agent-certlab/claude-code-2026-08-14	UNKNOWN STEP	2026-08-31T11:49:15.3623142Z hint:
agent-certlab/claude-code-2026-08-14	UNKNOWN STEP	2026-08-31T11:49:15.3623708Z hint: 	git config --global init.defaultBranch <name>
agent-certlab/claude-code-2026-08-14	UNKNOWN STEP	2026-08-31T11:49:15.3624348Z hint:
agent-certlab/claude-code-2026-08-14	UNKNOWN STEP	2026-08-31T11:49:15.3625395Z hint: Names commonly chosen instead of 'master' are 'main', 'trunk' and
agent-certlab/claude-code-2026-08-14	UNKNOWN STEP	2026-08-31T11:49:15.3627205Z hint: 'development'. The just-created branch can be renamed via this command:
agent-certlab/claude-code-2026-08-14	UNKNOWN STEP	2026-08-31T11:49:15.3628428Z hint:
agent-certlab/claude-code-2026-08-14	UNKNOWN STEP	2026-08-31T11:49:15.3629080Z hint: 	git branch -m <name>
agent-certlab/claude-code-2026-08-14	UNKNOWN STEP	2026-08-31T11:49:15.3629855Z hint:
agent-certlab/claude-code-2026-08-14	UNKNOWN STEP	2026-08-31T11:49:15.3630762Z hint: Disable this message with "git config set advice.defaultBranchName false"
agent-certlab/claude-code-2026-08-14	UNKNOWN STEP	2026-08-31T11:49:15.3632404Z Initialized empty Git repository in /home/runner/work/vac-protocol/vac-protocol/.git/
agent-certlab/claude-code-2026-08-14	UNKNOWN STEP	2026-08-31T11:49:15.3635484Z [command]/usr/bin/git remote add origin https://github.com/egnaro9/vac-protocol
agent-certlab/claude-code-2026-08-14	UNKNOWN STEP	2026-08-31T11:49:15.3681007Z ##[endgroup]
agent-certlab/claude-code-2026-08-14	UNKNOWN STEP	2026-08-31T11:49:15.3682736Z ##[group]Disabling automatic garbage collection
agent-certlab/claude-code-2026-08-14	UNKNOWN STEP	2026-08-31T11:49:15.3686417Z [command]/usr/bin/git config --local gc.auto 0
agent-certlab/claude-code-2026-08-14	UNKNOWN STEP	2026-08-31T11:49:15.3724921Z ##[endgroup]
agent-certlab/claude-code-2026-08-14	UNKNOWN STEP	2026-08-31T11:49:15.3726118Z ##[group]Setting up auth
agent-certlab/claude-code-2026-08-14	UNKNOWN STEP	2026-08-31T11:49:15.3732753Z [command]/usr/bin/git config --local --name-only --get-regexp core\.sshCommand
agent-certlab/claude-code-2026-08-14	UNKNOWN STEP	2026-08-31T11:49:15.3772881Z [command]/usr/bin/git submodule foreach --recursive sh -c "git config --local --name-only --get-regexp 'core\.sshCommand' && git config --local --unset-all 'core.sshCommand' || :"
agent-certlab/claude-code-2026-08-14	UNKNOWN STEP	2026-08-31T11:49:15.4135891Z [command]/usr/bin/git config --local --name-only --get-regexp http\.https\:\/\/github\.com\/\.extraheader
agent-certlab/claude-code-2026-08-14	UNKNOWN STEP	2026-08-31T11:49:15.4178542Z [command]/usr/bin/git submodule foreach --recursive sh -c "git config --local --name-only --get-regexp 'http\.https\:\/\/github\.com\/\.extraheader' && git config --local --unset-all 'http.https://github.com/.extraheader' || :"
agent-certlab/claude-code-2026-08-14	UNKNOWN STEP	2026-08-31T11:49:15.4479318Z [command]/usr/bin/git config --local --name-only --get-regexp ^includeIf\.gitdir:
agent-certlab/claude-code-2026-08-14	UNKNOWN STEP	2026-08-31T11:49:15.4522549Z [command]/usr/bin/git submodule foreach --recursive git config --local --show-origin --name-only --get-regexp remote.origin.url
agent-certlab/claude-code-2026-08-14	UNKNOWN STEP	2026-08-31T11:49:15.4805857Z [command]/usr/bin/git config --local http.https://github.com/.extraheader AUTHORIZATION: basic ***
agent-certlab/claude-code-2026-08-14	UNKNOWN STEP	2026-08-31T11:49:15.4858867Z ##[endgroup]
agent-certlab/claude-code-2026-08-14	UNKNOWN STEP	2026-08-31T11:49:15.4860114Z ##[group]Fetching the repository
agent-certlab/claude-code-2026-08-14	UNKNOWN STEP	2026-08-31T11:49:15.4873178Z [command]/usr/bin/git -c protocol.version=2 fetch --no-tags --prune --no-recurse-submodules --depth=1 origin +6a05245337cbbcebf1e06180e798ad568848ad2e:refs/remotes/origin/main
agent-certlab/claude-code-2026-08-14	UNKNOWN STEP	2026-08-31T11:49:16.3096728Z From https://github.com/egnaro9/vac-protocol
agent-certlab/claude-code-2026-08-14	UNKNOWN STEP	2026-08-31T11:49:16.3099388Z  * [new ref]         6a05245337cbbcebf1e06180e798ad568848ad2e -> origin/main
agent-certlab/claude-code-2026-08-14	UNKNOWN STEP	2026-08-31T11:49:16.3105644Z ##[endgroup]
agent-certlab/claude-code-2026-08-14	UNKNOWN STEP	2026-08-31T11:49:16.3107496Z ##[group]Determining the checkout info
agent-certlab/claude-code-2026-08-14	UNKNOWN STEP	2026-08-31T11:49:16.3109395Z ##[endgroup]
agent-certlab/claude-code-2026-08-14	UNKNOWN STEP	2026-08-31T11:49:16.3111357Z [command]/usr/bin/git sparse-checkout disable
agent-certlab/claude-code-2026-08-14	UNKNOWN STEP	2026-08-31T11:49:16.3164645Z [command]/usr/bin/git config --local --unset-all extensions.worktreeConfig
agent-certlab/claude-code-2026-08-14	UNKNOWN STEP	2026-08-31T11:49:16.3203126Z ##[group]Checking out the ref
agent-certlab/claude-code-2026-08-14	UNKNOWN STEP	2026-08-31T11:49:16.3207771Z [command]/usr/bin/git checkout --progress --force -B main refs/remotes/origin/main
agent-certlab/claude-code-2026-08-14	UNKNOWN STEP	2026-08-31T11:49:16.3509631Z Switched to a new branch 'main'
agent-certlab/claude-code-2026-08-14	UNKNOWN STEP	2026-08-31T11:49:16.3511545Z branch 'main' set up to track 'origin/main'.
agent-certlab/claude-code-2026-08-14	UNKNOWN STEP	2026-08-31T11:49:16.3520732Z ##[endgroup]
agent-certlab/claude-code-2026-08-14	UNKNOWN STEP	2026-08-31T11:49:16.3568564Z [command]/usr/bin/git log -1 --format=%H
agent-certlab/claude-code-2026-08-14	UNKNOWN STEP	2026-08-31T11:49:16.3600478Z 6a05245337cbbcebf1e06180e798ad568848ad2e
agent-certlab/claude-code-2026-08-14	UNKNOWN STEP	2026-08-31T11:49:16.4084879Z Node 20 is being deprecated. This workflow is running with Node 24 by default. If you need to temporarily use Node 20, you can set the ACTIONS_ALLOW_USE_UNSECURE_NODE_VERSION=true environment variable. For more information see: https://github.blog/changelog/2025-09-19-deprecation-of-node-20-on-github-actions-runners/
agent-certlab/claude-code-2026-08-14	UNKNOWN STEP	2026-08-31T11:49:16.4090850Z ##[group]Run actions/setup-python@v5
agent-certlab/claude-code-2026-08-14	UNKNOWN STEP	2026-08-31T11:49:16.4092086Z with:
agent-certlab/claude-code-2026-08-14	UNKNOWN STEP	2026-08-31T11:49:16.4093031Z   python-version: 3.12
agent-certlab/claude-code-2026-08-14	UNKNOWN STEP	2026-08-31T11:49:16.4094117Z   check-latest: false
agent-certlab/claude-code-2026-08-14	UNKNOWN STEP	2026-08-31T11:49:16.4103845Z   token: ***
agent-certlab/claude-code-2026-08-14	UNKNOWN STEP	2026-08-31T11:49:16.4105041Z   update-environment: true
agent-certlab/claude-code-2026-08-14	UNKNOWN STEP	2026-08-31T11:49:16.4106216Z   allow-prereleases: false
agent-certlab/claude-code-2026-08-14	UNKNOWN STEP	2026-08-31T11:49:16.4107365Z   freethreaded: false
agent-certlab/claude-code-2026-08-14	UNKNOWN STEP	2026-08-31T11:49:16.4108404Z ##[endgroup]
agent-certlab/claude-code-2026-08-14	UNKNOWN STEP	2026-08-31T11:49:16.5502999Z ##[group]Installed versions
agent-certlab/claude-code-2026-08-14	UNKNOWN STEP	2026-08-31T11:49:16.5588066Z (node:2235) [DEP0040] DeprecationWarning: The `punycode` module is deprecated. Please use a userland alternative instead.
agent-certlab/claude-code-2026-08-14	UNKNOWN STEP	2026-08-31T11:49:16.5592625Z (Use `node --trace-deprecation ...` to show where the warning was created)
agent-certlab/claude-code-2026-08-14	UNKNOWN STEP	2026-08-31T11:49:16.5595254Z Successfully set up CPython (3.12.14)
agent-certlab/claude-code-2026-08-14	UNKNOWN STEP	2026-08-31T11:49:16.5597710Z ##[endgroup]
agent-certlab/claude-code-2026-08-14	UNKNOWN STEP	2026-08-31T11:49:16.5994219Z Node 20 is being deprecated. This workflow is running with Node 24 by default. If you need to temporarily use Node 20, you can set the ACTIONS_ALLOW_USE_UNSECURE_NODE_VERSION=true environment variable. For more information see: https://github.blog/changelog/2025-09-19-deprecation-of-node-20-on-github-actions-runners/
agent-certlab/claude-code-2026-08-14	UNKNOWN STEP	2026-08-31T11:49:16.6000465Z ##[group]Run actions/setup-node@v4
agent-certlab/claude-code-2026-08-14	UNKNOWN STEP	2026-08-31T11:49:16.6001615Z with:
agent-certlab/claude-code-2026-08-14	UNKNOWN STEP	2026-08-31T11:49:16.6002488Z   node-version: 22
agent-certlab/claude-code-2026-08-14	UNKNOWN STEP	2026-08-31T11:49:16.6003435Z   always-auth: false
agent-certlab/claude-code-2026-08-14	UNKNOWN STEP	2026-08-31T11:49:16.6004630Z   check-latest: false
agent-certlab/claude-code-2026-08-14	UNKNOWN STEP	2026-08-31T11:49:16.6017430Z   token: ***
agent-certlab/claude-code-2026-08-14	UNKNOWN STEP	2026-08-31T11:49:16.6018610Z env:
agent-certlab/claude-code-2026-08-14	UNKNOWN STEP	2026-08-31T11:49:16.6019925Z   pythonLocation: /opt/hostedtoolcache/Python/3.12.14/x64
agent-certlab/claude-code-2026-08-14	UNKNOWN STEP	2026-08-31T11:49:16.6022804Z   PKG_CONFIG_PATH: /opt/hostedtoolcache/Python/3.12.14/x64/lib/pkgconfig
agent-certlab/claude-code-2026-08-14	UNKNOWN STEP	2026-08-31T11:49:16.6025967Z   Python_ROOT_DIR: /opt/hostedtoolcache/Python/3.12.14/x64
agent-certlab/claude-code-2026-08-14	UNKNOWN STEP	2026-08-31T11:49:16.6028492Z   Python2_ROOT_DIR: /opt/hostedtoolcache/Python/3.12.14/x64
agent-certlab/claude-code-2026-08-14	UNKNOWN STEP	2026-08-31T11:49:16.6030978Z   Python3_ROOT_DIR: /opt/hostedtoolcache/Python/3.12.14/x64
agent-certlab/claude-code-2026-08-14	UNKNOWN STEP	2026-08-31T11:49:16.6033279Z   LD_LIBRARY_PATH: /opt/hostedtoolcache/Python/3.12.14/x64/lib
agent-certlab/claude-code-2026-08-14	UNKNOWN STEP	2026-08-31T11:49:16.6034963Z ##[endgroup]
agent-certlab/claude-code-2026-08-14	UNKNOWN STEP	2026-08-31T11:49:16.7753095Z Found in cache @ /opt/hostedtoolcache/node/22.23.2/x64
agent-certlab/claude-code-2026-08-14	UNKNOWN STEP	2026-08-31T11:49:16.7756775Z (node:2243) [DEP0040] DeprecationWarning: The `punycode` module is deprecated. Please use a userland alternative instead.
agent-certlab/claude-code-2026-08-14	UNKNOWN STEP	2026-08-31T11:49:16.7757565Z (Use `node --trace-deprecation ...` to show where the warning was created)
agent-certlab/claude-code-2026-08-14	UNKNOWN STEP	2026-08-31T11:49:16.7759775Z ##[group]Environment details
agent-certlab/claude-code-2026-08-14	UNKNOWN STEP	2026-08-31T11:49:17.1204907Z node: v22.23.2
agent-certlab/claude-code-2026-08-14	UNKNOWN STEP	2026-08-31T11:49:17.1206113Z npm: 10.9.8
agent-certlab/claude-code-2026-08-14	UNKNOWN STEP	2026-08-31T11:49:17.1206395Z yarn: 1.22.22
agent-certlab/claude-code-2026-08-14	UNKNOWN STEP	2026-08-31T11:49:17.1207350Z ##[endgroup]
agent-certlab/claude-code-2026-08-14	UNKNOWN STEP	2026-08-31T11:49:17.1349297Z ##[group]Run pip install -e .
agent-certlab/claude-code-2026-08-14	UNKNOWN STEP	2026-08-31T11:49:17.1349798Z ^[[36;1mpip install -e .^[[0m
agent-certlab/claude-code-2026-08-14	UNKNOWN STEP	2026-08-31T11:49:17.1403427Z shell: /usr/bin/bash -e {0}
agent-certlab/claude-code-2026-08-14	UNKNOWN STEP	2026-08-31T11:49:17.1403794Z env:
agent-certlab/claude-code-2026-08-14	UNKNOWN STEP	2026-08-31T11:49:17.1404136Z   pythonLocation: /opt/hostedtoolcache/Python/3.12.14/x64
agent-certlab/claude-code-2026-08-14	UNKNOWN STEP	2026-08-31T11:49:17.1404878Z   PKG_CONFIG_PATH: /opt/hostedtoolcache/Python/3.12.14/x64/lib/pkgconfig
agent-certlab/claude-code-2026-08-14	UNKNOWN STEP	2026-08-31T11:49:17.1405371Z   Python_ROOT_DIR: /opt/hostedtoolcache/Python/3.12.14/x64
agent-certlab/claude-code-2026-08-14	UNKNOWN STEP	2026-08-31T11:49:17.1405810Z   Python2_ROOT_DIR: /opt/hostedtoolcache/Python/3.12.14/x64
agent-certlab/claude-code-2026-08-14	UNKNOWN STEP	2026-08-31T11:49:17.1406241Z   Python3_ROOT_DIR: /opt/hostedtoolcache/Python/3.12.14/x64
agent-certlab/claude-code-2026-08-14	UNKNOWN STEP	2026-08-31T11:49:17.1406693Z   LD_LIBRARY_PATH: /opt/hostedtoolcache/Python/3.12.14/x64/lib
agent-certlab/claude-code-2026-08-14	UNKNOWN STEP	2026-08-31T11:49:17.1407078Z ##[endgroup]
agent-certlab/claude-code-2026-08-14	UNKNOWN STEP	2026-08-31T11:49:17.9158031Z Obtaining file:///home/runner/work/vac-protocol/vac-protocol
agent-certlab/claude-code-2026-08-14	UNKNOWN STEP	2026-08-31T11:49:17.9169265Z   Installing build dependencies: started
agent-certlab/claude-code-2026-08-14	UNKNOWN STEP	2026-08-31T11:49:18.8536380Z   Installing build dependencies: finished with status 'done'
agent-certlab/claude-code-2026-08-14	UNKNOWN STEP	2026-08-31T11:49:18.8542583Z   Checking if build backend supports build_editable: started
agent-certlab/claude-code-2026-08-14	UNKNOWN STEP	2026-08-31T11:49:19.2352362Z   Checking if build backend supports build_editable: finished with status 'done'
agent-certlab/claude-code-2026-08-14	UNKNOWN STEP	2026-08-31T11:49:19.2362391Z   Getting requirements to build editable: started
agent-certlab/claude-code-2026-08-14	UNKNOWN STEP	2026-08-31T11:49:19.6102771Z   Getting requirements to build editable: finished with status 'done'
agent-certlab/claude-code-2026-08-14	UNKNOWN STEP	2026-08-31T11:49:19.6111926Z   Preparing editable metadata (pyproject.toml): started
agent-certlab/claude-code-2026-08-14	UNKNOWN STEP	2026-08-31T11:49:19.8184703Z   Preparing editable metadata (pyproject.toml): finished with status 'done'
agent-certlab/claude-code-2026-08-14	UNKNOWN STEP	2026-08-31T11:49:19.8231058Z Building wheels for collected packages: vac-protocol
agent-certlab/claude-code-2026-08-14	UNKNOWN STEP	2026-08-31T11:49:19.8240316Z   Building editable for vac-protocol (pyproject.toml): started
agent-certlab/claude-code-2026-08-14	UNKNOWN STEP	2026-08-31T11:49:20.0530363Z   Building editable for vac-protocol (pyproject.toml): finished with status 'done'
agent-certlab/claude-code-2026-08-14	UNKNOWN STEP	2026-08-31T11:49:20.0537258Z   Created wheel for vac-protocol: filename=vac_protocol-0.1.0-0.editable-py3-none-any.whl size=8850 sha256=52f29e1290f75b14db176265a21edd4ce579f0d7245768b8e6f01bb2b2ac6af9
agent-certlab/claude-code-2026-08-14	UNKNOWN STEP	2026-08-31T11:49:20.0539402Z   Stored in directory: /tmp/pip-ephem-wheel-cache-9rtqbn7z/wheels/31/93/c0/4effb33ea68d4321a176d9cb097b94ea8b1be9d534ea861dec
agent-certlab/claude-code-2026-08-14	UNKNOWN STEP	2026-08-31T11:49:20.0565954Z Successfully built vac-protocol
agent-certlab/claude-code-2026-08-14	UNKNOWN STEP	2026-08-31T11:49:20.0707019Z Installing collected packages: vac-protocol
agent-certlab/claude-code-2026-08-14	UNKNOWN STEP	2026-08-31T11:49:20.0800052Z Successfully installed vac-protocol-0.1.0
agent-certlab/claude-code-2026-08-14	UNKNOWN STEP	2026-08-31T11:49:20.1478319Z ##[group]Run python -m vac.registry --fetch-bundle "agent-certlab/claude-code-2026-08-14" --dest bundle
agent-certlab/claude-code-2026-08-14	UNKNOWN STEP	2026-08-31T11:49:20.1479115Z ^[[36;1mpython -m vac.registry --fetch-bundle "agent-certlab/claude-code-2026-08-14" --dest bundle^[[0m
agent-certlab/claude-code-2026-08-14	UNKNOWN STEP	2026-08-31T11:49:20.1522823Z shell: /usr/bin/bash -e {0}
agent-certlab/claude-code-2026-08-14	UNKNOWN STEP	2026-08-31T11:49:20.1523112Z env:
agent-certlab/claude-code-2026-08-14	UNKNOWN STEP	2026-08-31T11:49:20.1523408Z   pythonLocation: /opt/hostedtoolcache/Python/3.12.14/x64
agent-certlab/claude-code-2026-08-14	UNKNOWN STEP	2026-08-31T11:49:20.1523891Z   PKG_CONFIG_PATH: /opt/hostedtoolcache/Python/3.12.14/x64/lib/pkgconfig
agent-certlab/claude-code-2026-08-14	UNKNOWN STEP	2026-08-31T11:49:20.1524354Z   Python_ROOT_DIR: /opt/hostedtoolcache/Python/3.12.14/x64
agent-certlab/claude-code-2026-08-14	UNKNOWN STEP	2026-08-31T11:49:20.1525134Z   Python2_ROOT_DIR: /opt/hostedtoolcache/Python/3.12.14/x64
agent-certlab/claude-code-2026-08-14	UNKNOWN STEP	2026-08-31T11:49:20.1525533Z   Python3_ROOT_DIR: /opt/hostedtoolcache/Python/3.12.14/x64
agent-certlab/claude-code-2026-08-14	UNKNOWN STEP	2026-08-31T11:49:20.1525938Z   LD_LIBRARY_PATH: /opt/hostedtoolcache/Python/3.12.14/x64/lib
agent-certlab/claude-code-2026-08-14	UNKNOWN STEP	2026-08-31T11:49:20.1526279Z ##[endgroup]
agent-certlab/claude-code-2026-08-14	UNKNOWN STEP	2026-08-31T11:49:21.0289598Z fetched agent-certlab/claude-code-2026-08-14 into bundle: every artifact sha256-verified against the registry
agent-certlab/claude-code-2026-08-14	UNKNOWN STEP	2026-08-31T11:49:21.0447727Z ##[group]Run python -m vac.verify bundle
agent-certlab/claude-code-2026-08-14	UNKNOWN STEP	2026-08-31T11:49:21.0448141Z ^[[36;1mpython -m vac.verify bundle^[[0m
agent-certlab/claude-code-2026-08-14	UNKNOWN STEP	2026-08-31T11:49:21.0488851Z shell: /usr/bin/bash -e {0}
agent-certlab/claude-code-2026-08-14	UNKNOWN STEP	2026-08-31T11:49:21.0489129Z env:
agent-certlab/claude-code-2026-08-14	UNKNOWN STEP	2026-08-31T11:49:21.0489405Z   pythonLocation: /opt/hostedtoolcache/Python/3.12.14/x64
agent-certlab/claude-code-2026-08-14	UNKNOWN STEP	2026-08-31T11:49:21.0489886Z   PKG_CONFIG_PATH: /opt/hostedtoolcache/Python/3.12.14/x64/lib/pkgconfig
agent-certlab/claude-code-2026-08-14	UNKNOWN STEP	2026-08-31T11:49:21.0490319Z   Python_ROOT_DIR: /opt/hostedtoolcache/Python/3.12.14/x64
agent-certlab/claude-code-2026-08-14	UNKNOWN STEP	2026-08-31T11:49:21.0490708Z   Python2_ROOT_DIR: /opt/hostedtoolcache/Python/3.12.14/x64
agent-certlab/claude-code-2026-08-14	UNKNOWN STEP	2026-08-31T11:49:21.0491103Z   Python3_ROOT_DIR: /opt/hostedtoolcache/Python/3.12.14/x64
agent-certlab/claude-code-2026-08-14	UNKNOWN STEP	2026-08-31T11:49:21.0491471Z   LD_LIBRARY_PATH: /opt/hostedtoolcache/Python/3.12.14/x64/lib
agent-certlab/claude-code-2026-08-14	UNKNOWN STEP	2026-08-31T11:49:21.0491795Z ##[endgroup]
agent-certlab/claude-code-2026-08-14	UNKNOWN STEP	2026-08-31T11:49:21.0934072Z structural verification: PASS (bundle)
agent-certlab/claude-code-2026-08-14	UNKNOWN STEP	2026-08-31T11:49:21.0935283Z   proved offline: manifest schema, artifact presence + sha256, bundle closure,
agent-certlab/claude-code-2026-08-14	UNKNOWN STEP	2026-08-31T11:49:21.0936331Z   stated limitations, stamp agreement, declared results recomputed from artifacts.
agent-certlab/claude-code-2026-08-14	UNKNOWN STEP	2026-08-31T11:49:21.0937330Z semantic replay: NOT run by this tool. A structural PASS means the bundle is
agent-certlab/claude-code-2026-08-14	UNKNOWN STEP	2026-08-31T11:49:21.0938075Z   internally honest, not that the issuer's grader agrees. To re-earn the
agent-certlab/claude-code-2026-08-14	UNKNOWN STEP	2026-08-31T11:49:21.0938651Z   verdicts, run the bundle's replay block at the pinned issuer_commit:
agent-certlab/claude-code-2026-08-14	UNKNOWN STEP	2026-08-31T11:49:21.0939160Z     $ git clone https://github.com/egnaro9/agent-certlab issuer
agent-certlab/claude-code-2026-08-14	UNKNOWN STEP	2026-08-31T11:49:21.0939568Z     $ git -C issuer checkout e7dd865
agent-certlab/claude-code-2026-08-14	UNKNOWN STEP	2026-08-31T11:49:21.0940264Z     $ python -m pip install -e './issuer[test]'
agent-certlab/claude-code-2026-08-14	UNKNOWN STEP	2026-08-31T11:49:21.0940630Z     $ python -m certlab.regrade bundle.json
agent-certlab/claude-code-2026-08-14	UNKNOWN STEP	2026-08-31T11:49:21.0942483Z     expected: exit 0; regrade reports 'consistent — 6/6 verdicts recomputed identical' (e7dd865 is the commit that introduced the regrader — it postdates issuer_commit 4330321, and regrade refuses any bundle whose task-set hashes drifted, so a consistent report still binds these verdicts to the byte-identical pinned family)
agent-certlab/claude-code-2026-08-14	UNKNOWN STEP	2026-08-31T11:49:21.1024927Z ##[group]Run jq -r '.replay.commands[]' bundle/vac.json > replay.sh
agent-certlab/claude-code-2026-08-14	UNKNOWN STEP	2026-08-31T11:49:21.1025459Z ^[[36;1mjq -r '.replay.commands[]' bundle/vac.json > replay.sh^[[0m
agent-certlab/claude-code-2026-08-14	UNKNOWN STEP	2026-08-31T11:49:21.1025896Z ^[[36;1mecho "--- replay block (sha256-pinned via the registry) ---"^[[0m
agent-certlab/claude-code-2026-08-14	UNKNOWN STEP	2026-08-31T11:49:21.1026264Z ^[[36;1mcat replay.sh^[[0m
agent-certlab/claude-code-2026-08-14	UNKNOWN STEP	2026-08-31T11:49:21.1026604Z ^[[36;1mecho "--- expected: $(jq -r '.replay.expected' bundle/vac.json)"^[[0m
agent-certlab/claude-code-2026-08-14	UNKNOWN STEP	2026-08-31T11:49:21.1026967Z ^[[36;1mcd bundle^[[0m
agent-certlab/claude-code-2026-08-14	UNKNOWN STEP	2026-08-31T11:49:21.1027298Z ^[[36;1mbash -euxo pipefail ../replay.sh 2>&1 | tee ../transcript.txt^[[0m
agent-certlab/claude-code-2026-08-14	UNKNOWN STEP	2026-08-31T11:49:21.1073061Z shell: /usr/bin/bash --noprofile --norc -e -o pipefail {0}
agent-certlab/claude-code-2026-08-14	UNKNOWN STEP	2026-08-31T11:49:21.1073442Z env:
agent-certlab/claude-code-2026-08-14	UNKNOWN STEP	2026-08-31T11:49:21.1073733Z   pythonLocation: /opt/hostedtoolcache/Python/3.12.14/x64
agent-certlab/claude-code-2026-08-14	UNKNOWN STEP	2026-08-31T11:49:21.1074175Z   PKG_CONFIG_PATH: /opt/hostedtoolcache/Python/3.12.14/x64/lib/pkgconfig
agent-certlab/claude-code-2026-08-14	UNKNOWN STEP	2026-08-31T11:49:21.1074826Z   Python_ROOT_DIR: /opt/hostedtoolcache/Python/3.12.14/x64
agent-certlab/claude-code-2026-08-14	UNKNOWN STEP	2026-08-31T11:49:21.1075269Z   Python2_ROOT_DIR: /opt/hostedtoolcache/Python/3.12.14/x64
agent-certlab/claude-code-2026-08-14	UNKNOWN STEP	2026-08-31T11:49:21.1075657Z   Python3_ROOT_DIR: /opt/hostedtoolcache/Python/3.12.14/x64
agent-certlab/claude-code-2026-08-14	UNKNOWN STEP	2026-08-31T11:49:21.1076030Z   LD_LIBRARY_PATH: /opt/hostedtoolcache/Python/3.12.14/x64/lib
agent-certlab/claude-code-2026-08-14	UNKNOWN STEP	2026-08-31T11:49:21.1076393Z ##[endgroup]
agent-certlab/claude-code-2026-08-14	UNKNOWN STEP	2026-08-31T11:49:21.1174932Z --- replay block (sha256-pinned via the registry) ---
agent-certlab/claude-code-2026-08-14	UNKNOWN STEP	2026-08-31T11:49:21.1185584Z git clone https://github.com/egnaro9/agent-certlab issuer
agent-certlab/claude-code-2026-08-14	UNKNOWN STEP	2026-08-31T11:49:21.1186215Z git -C issuer checkout e7dd865
agent-certlab/claude-code-2026-08-14	UNKNOWN STEP	2026-08-31T11:49:21.1186608Z python -m pip install -e './issuer[test]'
agent-certlab/claude-code-2026-08-14	UNKNOWN STEP	2026-08-31T11:49:21.1186979Z python -m certlab.regrade bundle.json
agent-certlab/claude-code-2026-08-14	UNKNOWN STEP	2026-08-31T11:49:21.1220147Z --- expected: exit 0; regrade reports 'consistent — 6/6 verdicts recomputed identical' (e7dd865 is the commit that introduced the regrader — it postdates issuer_commit 4330321, and regrade refuses any bundle whose task-set hashes drifted, so a consistent report still binds these verdicts to the byte-identical pinned family)
agent-certlab/claude-code-2026-08-14	UNKNOWN STEP	2026-08-31T11:49:21.1236862Z + git clone https://github.com/egnaro9/agent-certlab issuer
agent-certlab/claude-code-2026-08-14	UNKNOWN STEP	2026-08-31T11:49:21.1250127Z Cloning into 'issuer'...
agent-certlab/claude-code-2026-08-14	UNKNOWN STEP	2026-08-31T11:49:21.6933221Z + git -C issuer checkout e7dd865
agent-certlab/claude-code-2026-08-14	UNKNOWN STEP	2026-08-31T11:49:21.7001848Z Note: switching to 'e7dd865'.
agent-certlab/claude-code-2026-08-14	UNKNOWN STEP	2026-08-31T11:49:21.7002180Z 
agent-certlab/claude-code-2026-08-14	UNKNOWN STEP	2026-08-31T11:49:21.7002636Z You are in 'detached HEAD' state. You can look around, make experimental
agent-certlab/claude-code-2026-08-14	UNKNOWN STEP	2026-08-31T11:49:21.7003532Z changes and commit them, and you can discard any commits you make in this
agent-certlab/claude-code-2026-08-14	UNKNOWN STEP	2026-08-31T11:49:21.7004400Z state without impacting any branches by switching back to a branch.
agent-certlab/claude-code-2026-08-14	UNKNOWN STEP	2026-08-31T11:49:21.7005109Z 
agent-certlab/claude-code-2026-08-14	UNKNOWN STEP	2026-08-31T11:49:21.7005540Z If you want to create a new branch to retain commits you create, you may
agent-certlab/claude-code-2026-08-14	UNKNOWN STEP	2026-08-31T11:49:21.7006389Z do so (now or later) by using -c with the switch command. Example:
agent-certlab/claude-code-2026-08-14	UNKNOWN STEP	2026-08-31T11:49:21.7006804Z 
agent-certlab/claude-code-2026-08-14	UNKNOWN STEP	2026-08-31T11:49:21.7007029Z   git switch -c <new-branch-name>
agent-certlab/claude-code-2026-08-14	UNKNOWN STEP	2026-08-31T11:49:21.7007327Z 
agent-certlab/claude-code-2026-08-14	UNKNOWN STEP	2026-08-31T11:49:21.7007520Z Or undo this operation with:
agent-certlab/claude-code-2026-08-14	UNKNOWN STEP	2026-08-31T11:49:21.7007815Z 
agent-certlab/claude-code-2026-08-14	UNKNOWN STEP	2026-08-31T11:49:21.7007959Z   git switch -
agent-certlab/claude-code-2026-08-14	UNKNOWN STEP	2026-08-31T11:49:21.7008162Z 
agent-certlab/claude-code-2026-08-14	UNKNOWN STEP	2026-08-31T11:49:21.7008663Z Turn off this advice by setting config variable advice.detachedHead to false
agent-certlab/claude-code-2026-08-14	UNKNOWN STEP	2026-08-31T11:49:21.7009143Z 
agent-certlab/claude-code-2026-08-14	UNKNOWN STEP	2026-08-31T11:49:21.7009741Z HEAD is now at e7dd865 Independent regrader: recorded verdicts are re-earned, not trusted
agent-certlab/claude-code-2026-08-14	UNKNOWN STEP	2026-08-31T11:49:21.7021706Z + python -m pip install -e './issuer[test]'
agent-certlab/claude-code-2026-08-14	UNKNOWN STEP	2026-08-31T11:49:22.0385794Z Obtaining file:///home/runner/work/vac-protocol/vac-protocol/bundle/issuer
agent-certlab/claude-code-2026-08-14	UNKNOWN STEP	2026-08-31T11:49:22.0402376Z   Installing build dependencies: started
agent-certlab/claude-code-2026-08-14	UNKNOWN STEP	2026-08-31T11:49:22.7851394Z   Installing build dependencies: finished with status 'done'
agent-certlab/claude-code-2026-08-14	UNKNOWN STEP	2026-08-31T11:49:22.7857197Z   Checking if build backend supports build_editable: started
agent-certlab/claude-code-2026-08-14	UNKNOWN STEP	2026-08-31T11:49:23.0988331Z   Checking if build backend supports build_editable: finished with status 'done'
agent-certlab/claude-code-2026-08-14	UNKNOWN STEP	2026-08-31T11:49:23.0996224Z   Getting requirements to build editable: started
agent-certlab/claude-code-2026-08-14	UNKNOWN STEP	2026-08-31T11:49:23.4926746Z   Getting requirements to build editable: finished with status 'done'
agent-certlab/claude-code-2026-08-14	UNKNOWN STEP	2026-08-31T11:49:23.4927650Z   Preparing editable metadata (pyproject.toml): started
agent-certlab/claude-code-2026-08-14	UNKNOWN STEP	2026-08-31T11:49:23.7477774Z   Preparing editable metadata (pyproject.toml): finished with status 'done'
agent-certlab/claude-code-2026-08-14	UNKNOWN STEP	2026-08-31T11:49:23.9769169Z Collecting pytest (from agent-certlab==0.0.1)
agent-certlab/claude-code-2026-08-14	UNKNOWN STEP	2026-08-31T11:49:24.0690444Z   Downloading pytest-9.1.1-py3-none-any.whl.metadata (7.6 kB)
agent-certlab/claude-code-2026-08-14	UNKNOWN STEP	2026-08-31T11:49:24.0995310Z Collecting iniconfig>=1.0.1 (from pytest->agent-certlab==0.0.1)
agent-certlab/claude-code-2026-08-14	UNKNOWN STEP	2026-08-31T11:49:24.1202465Z   Downloading iniconfig-2.3.0-py3-none-any.whl.metadata (2.5 kB)
agent-certlab/claude-code-2026-08-14	UNKNOWN STEP	2026-08-31T11:49:24.1518160Z Collecting packaging>=22 (from pytest->agent-certlab==0.0.1)
agent-certlab/claude-code-2026-08-14	UNKNOWN STEP	2026-08-31T11:49:24.1728145Z   Downloading packaging-26.3-py3-none-any.whl.metadata (3.5 kB)
agent-certlab/claude-code-2026-08-14	UNKNOWN STEP	2026-08-31T11:49:24.2025252Z Collecting pluggy<2,>=1.5 (from pytest->agent-certlab==0.0.1)
agent-certlab/claude-code-2026-08-14	UNKNOWN STEP	2026-08-31T11:49:24.2220369Z   Downloading pluggy-1.6.0-py3-none-any.whl.metadata (4.8 kB)
agent-certlab/claude-code-2026-08-14	UNKNOWN STEP	2026-08-31T11:49:24.2581131Z Collecting pygments>=2.7.2 (from pytest->agent-certlab==0.0.1)
agent-certlab/claude-code-2026-08-14	UNKNOWN STEP	2026-08-31T11:49:24.2774811Z   Downloading pygments-2.21.0-py3-none-any.whl.metadata (2.5 kB)
agent-certlab/claude-code-2026-08-14	UNKNOWN STEP	2026-08-31T11:49:24.3017516Z Downloading pytest-9.1.1-py3-none-any.whl (386 kB)
agent-certlab/claude-code-2026-08-14	UNKNOWN STEP	2026-08-31T11:49:24.3936846Z Downloading pluggy-1.6.0-py3-none-any.whl (20 kB)
agent-certlab/claude-code-2026-08-14	UNKNOWN STEP	2026-08-31T11:49:24.4151546Z Downloading iniconfig-2.3.0-py3-none-any.whl (7.5 kB)
agent-certlab/claude-code-2026-08-14	UNKNOWN STEP	2026-08-31T11:49:24.4370744Z Downloading packaging-26.3-py3-none-any.whl (129 kB)
agent-certlab/claude-code-2026-08-14	UNKNOWN STEP	2026-08-31T11:49:24.4596754Z Downloading pygments-2.21.0-py3-none-any.whl (1.3 MB)
agent-certlab/claude-code-2026-08-14	UNKNOWN STEP	2026-08-31T11:49:24.5191251Z    ━━━━━━━━━━━━━━━━━━━━━━━━━━━━━━━━━━━━━━━━ 1.3/1.3 MB 23.7 MB/s  0:00:00
agent-certlab/claude-code-2026-08-14	UNKNOWN STEP	2026-08-31T11:49:24.5351621Z Building wheels for collected packages: agent-certlab
agent-certlab/claude-code-2026-08-14	UNKNOWN STEP	2026-08-31T11:49:24.5360046Z   Building editable for agent-certlab (pyproject.toml): started
agent-certlab/claude-code-2026-08-14	UNKNOWN STEP	2026-08-31T11:49:24.7690950Z   Building editable for agent-certlab (pyproject.toml): finished with status 'done'
agent-certlab/claude-code-2026-08-14	UNKNOWN STEP	2026-08-31T11:49:24.7696878Z   Created wheel for agent-certlab: filename=agent_certlab-0.0.1-0.editable-py3-none-any.whl size=4078 sha256=c4cf2f2f69c5bb7ff5f9552dfe138131ebd4ab7cd2149e629ce3e3cba03854b1
agent-certlab/claude-code-2026-08-14	UNKNOWN STEP	2026-08-31T11:49:24.7698419Z   Stored in directory: /tmp/pip-ephem-wheel-cache-_og1agn4/wheels/9c/ec/1b/d9e190e220536733f4048d8fe227b840b2eca03c0a75ceaeaf
agent-certlab/claude-code-2026-08-14	UNKNOWN STEP	2026-08-31T11:49:24.7714410Z Successfully built agent-certlab
agent-certlab/claude-code-2026-08-14	UNKNOWN STEP	2026-08-31T11:49:24.7921465Z Installing collected packages: pygments, pluggy, packaging, iniconfig, agent-certlab, pytest
agent-certlab/claude-code-2026-08-14	UNKNOWN STEP	2026-08-31T11:49:26.0373208Z 
agent-certlab/claude-code-2026-08-14	UNKNOWN STEP	2026-08-31T11:49:26.0387088Z Successfully installed agent-certlab-0.0.1 iniconfig-2.3.0 packaging-26.3 pluggy-1.6.0 pygments-2.21.0 pytest-9.1.1
agent-certlab/claude-code-2026-08-14	UNKNOWN STEP	2026-08-31T11:49:26.1140234Z + python -m certlab.regrade bundle.json
agent-certlab/claude-code-2026-08-14	UNKNOWN STEP	2026-08-31T11:49:27.6747243Z : consistent — 6/6 verdicts recomputed identical
agent-certlab/claude-code-2026-08-14	UNKNOWN STEP	2026-08-31T11:49:27.6873990Z ##[group]Run if jq -e '[.results.checks[].profile] | index("certlab-bundle-v1")' bundle/vac.json > /dev/null; then
agent-certlab/claude-code-2026-08-14	UNKNOWN STEP	2026-08-31T11:49:27.6875053Z ^[[36;1mif jq -e '[.results.checks[].profile] | index("certlab-bundle-v1")' bundle/vac.json > /dev/null; then^[[0m
agent-certlab/claude-code-2026-08-14	UNKNOWN STEP	2026-08-31T11:49:27.6875623Z ^[[36;1m  if grep -Eq 'stale-code|cannot regrade' transcript.txt; then^[[0m
agent-certlab/claude-code-2026-08-14	UNKNOWN STEP	2026-08-31T11:49:27.6876344Z ^[[36;1m    echo "regrade REFUSED at the pinned commit — issuer_commit/replay commit does not regrade this bundle (drifted task set or wrong pin)"^[[0m
agent-certlab/claude-code-2026-08-14	UNKNOWN STEP	2026-08-31T11:49:27.6876948Z ^[[36;1m    exit 1^[[0m
agent-certlab/claude-code-2026-08-14	UNKNOWN STEP	2026-08-31T11:49:27.6877171Z ^[[36;1m  fi^[[0m
agent-certlab/claude-code-2026-08-14	UNKNOWN STEP	2026-08-31T11:49:27.6877443Z ^[[36;1m  if ! grep -q 'consistent' transcript.txt; then^[[0m
agent-certlab/claude-code-2026-08-14	UNKNOWN STEP	2026-08-31T11:49:27.6877902Z ^[[36;1m    echo "regrade never reported 'consistent' — the verdicts were not re-earned"^[[0m
agent-certlab/claude-code-2026-08-14	UNKNOWN STEP	2026-08-31T11:49:27.6878511Z ^[[36;1m    exit 1^[[0m
agent-certlab/claude-code-2026-08-14	UNKNOWN STEP	2026-08-31T11:49:27.6878727Z ^[[36;1m  fi^[[0m
agent-certlab/claude-code-2026-08-14	UNKNOWN STEP	2026-08-31T11:49:27.6878922Z ^[[36;1melse^[[0m
agent-certlab/claude-code-2026-08-14	UNKNOWN STEP	2026-08-31T11:49:27.6879310Z ^[[36;1m  echo "no certlab-bundle-v1 check in this bundle; predicate not applicable"^[[0m
agent-certlab/claude-code-2026-08-14	UNKNOWN STEP	2026-08-31T11:49:27.6879728Z ^[[36;1mfi^[[0m
agent-certlab/claude-code-2026-08-14	UNKNOWN STEP	2026-08-31T11:49:27.6920222Z shell: /usr/bin/bash -e {0}
agent-certlab/claude-code-2026-08-14	UNKNOWN STEP	2026-08-31T11:49:27.6920491Z env:
agent-certlab/claude-code-2026-08-14	UNKNOWN STEP	2026-08-31T11:49:27.6920772Z   pythonLocation: /opt/hostedtoolcache/Python/3.12.14/x64
agent-certlab/claude-code-2026-08-14	UNKNOWN STEP	2026-08-31T11:49:27.6921219Z   PKG_CONFIG_PATH: /opt/hostedtoolcache/Python/3.12.14/x64/lib/pkgconfig
agent-certlab/claude-code-2026-08-14	UNKNOWN STEP	2026-08-31T11:49:27.6921652Z   Python_ROOT_DIR: /opt/hostedtoolcache/Python/3.12.14/x64
agent-certlab/claude-code-2026-08-14	UNKNOWN STEP	2026-08-31T11:49:27.6922075Z   Python2_ROOT_DIR: /opt/hostedtoolcache/Python/3.12.14/x64
agent-certlab/claude-code-2026-08-14	UNKNOWN STEP	2026-08-31T11:49:27.6922457Z   Python3_ROOT_DIR: /opt/hostedtoolcache/Python/3.12.14/x64
agent-certlab/claude-code-2026-08-14	UNKNOWN STEP	2026-08-31T11:49:27.6922833Z   LD_LIBRARY_PATH: /opt/hostedtoolcache/Python/3.12.14/x64/lib
agent-certlab/claude-code-2026-08-14	UNKNOWN STEP	2026-08-31T11:49:27.6923169Z ##[endgroup]
agent-certlab/claude-code-2026-08-14	UNKNOWN STEP	2026-08-31T11:49:27.7076082Z ##[group]Run if jq -e '[.results.checks[].profile] | index("fleet-board-v1")' bundle/vac.json > /dev/null; then
agent-certlab/claude-code-2026-08-14	UNKNOWN STEP	2026-08-31T11:49:27.7076817Z ^[[36;1mif jq -e '[.results.checks[].profile] | index("fleet-board-v1")' bundle/vac.json > /dev/null; then^[[0m
agent-certlab/claude-code-2026-08-14	UNKNOWN STEP	2026-08-31T11:49:27.7077331Z ^[[36;1m  if ! grep -q '+ cmp ' transcript.txt; then^[[0m
agent-certlab/claude-code-2026-08-14	UNKNOWN STEP	2026-08-31T11:49:27.7077877Z ^[[36;1m    echo "fleet replay block executed no cmp — byte-identity with the downloaded results was never checked"^[[0m
agent-certlab/claude-code-2026-08-14	UNKNOWN STEP	2026-08-31T11:49:27.7078393Z ^[[36;1m    exit 1^[[0m
agent-certlab/claude-code-2026-08-14	UNKNOWN STEP	2026-08-31T11:49:27.7078613Z ^[[36;1m  fi^[[0m
agent-certlab/claude-code-2026-08-14	UNKNOWN STEP	2026-08-31T11:49:27.7078884Z ^[[36;1m  if grep -E 'differ|EOF on' transcript.txt; then^[[0m
agent-certlab/claude-code-2026-08-14	UNKNOWN STEP	2026-08-31T11:49:27.7079387Z ^[[36;1m    echo "a byte-compare FAILED — the pinned commit does not reproduce the registered bytes"^[[0m
agent-certlab/claude-code-2026-08-14	UNKNOWN STEP	2026-08-31T11:49:27.7079829Z ^[[36;1m    exit 1^[[0m
agent-certlab/claude-code-2026-08-14	UNKNOWN STEP	2026-08-31T11:49:27.7080036Z ^[[36;1m  fi^[[0m
agent-certlab/claude-code-2026-08-14	UNKNOWN STEP	2026-08-31T11:49:27.7080238Z ^[[36;1melse^[[0m
agent-certlab/claude-code-2026-08-14	UNKNOWN STEP	2026-08-31T11:49:27.7080610Z ^[[36;1m  echo "no fleet-board-v1 check in this bundle; predicate not applicable"^[[0m
agent-certlab/claude-code-2026-08-14	UNKNOWN STEP	2026-08-31T11:49:27.7081023Z ^[[36;1mfi^[[0m
agent-certlab/claude-code-2026-08-14	UNKNOWN STEP	2026-08-31T11:49:27.7120351Z shell: /usr/bin/bash -e {0}
agent-certlab/claude-code-2026-08-14	UNKNOWN STEP	2026-08-31T11:49:27.7120613Z env:
agent-certlab/claude-code-2026-08-14	UNKNOWN STEP	2026-08-31T11:49:27.7120893Z   pythonLocation: /opt/hostedtoolcache/Python/3.12.14/x64
agent-certlab/claude-code-2026-08-14	UNKNOWN STEP	2026-08-31T11:49:27.7121332Z   PKG_CONFIG_PATH: /opt/hostedtoolcache/Python/3.12.14/x64/lib/pkgconfig
agent-certlab/claude-code-2026-08-14	UNKNOWN STEP	2026-08-31T11:49:27.7121760Z   Python_ROOT_DIR: /opt/hostedtoolcache/Python/3.12.14/x64
agent-certlab/claude-code-2026-08-14	UNKNOWN STEP	2026-08-31T11:49:27.7122147Z   Python2_ROOT_DIR: /opt/hostedtoolcache/Python/3.12.14/x64
agent-certlab/claude-code-2026-08-14	UNKNOWN STEP	2026-08-31T11:49:27.7122521Z   Python3_ROOT_DIR: /opt/hostedtoolcache/Python/3.12.14/x64
agent-certlab/claude-code-2026-08-14	UNKNOWN STEP	2026-08-31T11:49:27.7122899Z   LD_LIBRARY_PATH: /opt/hostedtoolcache/Python/3.12.14/x64/lib
agent-certlab/claude-code-2026-08-14	UNKNOWN STEP	2026-08-31T11:49:27.7123223Z ##[endgroup]
agent-certlab/claude-code-2026-08-14	UNKNOWN STEP	2026-08-31T11:49:27.7217429Z no fleet-board-v1 check in this bundle; predicate not applicable
agent-certlab/claude-code-2026-08-14	UNKNOWN STEP	2026-08-31T11:49:27.7246273Z ##[group]Run if jq -e '[.results.checks[].profile] | index("evalmut-run-v1")' bundle/vac.json > /dev/null; then
agent-certlab/claude-code-2026-08-14	UNKNOWN STEP	2026-08-31T11:49:27.7247015Z ^[[36;1mif jq -e '[.results.checks[].profile] | index("evalmut-run-v1")' bundle/vac.json > /dev/null; then^[[0m
agent-certlab/claude-code-2026-08-14	UNKNOWN STEP	2026-08-31T11:49:27.7247525Z ^[[36;1m  if ! grep -q '+ cmp ' transcript.txt; then^[[0m
agent-certlab/claude-code-2026-08-14	UNKNOWN STEP	2026-08-31T11:49:27.7248090Z ^[[36;1m    echo "evalmut replay block executed no cmp — byte-identity with the downloaded payload was never checked"^[[0m
agent-certlab/claude-code-2026-08-14	UNKNOWN STEP	2026-08-31T11:49:27.7248601Z ^[[36;1m    exit 1^[[0m
agent-certlab/claude-code-2026-08-14	UNKNOWN STEP	2026-08-31T11:49:27.7248825Z ^[[36;1m  fi^[[0m
agent-certlab/claude-code-2026-08-14	UNKNOWN STEP	2026-08-31T11:49:27.7249092Z ^[[36;1m  if grep -E 'differ|EOF on' transcript.txt; then^[[0m
agent-certlab/claude-code-2026-08-14	UNKNOWN STEP	2026-08-31T11:49:27.7249601Z ^[[36;1m    echo "a byte-compare FAILED — the pinned commit does not reproduce the registered bytes"^[[0m
agent-certlab/claude-code-2026-08-14	UNKNOWN STEP	2026-08-31T11:49:27.7250060Z ^[[36;1m    exit 1^[[0m
agent-certlab/claude-code-2026-08-14	UNKNOWN STEP	2026-08-31T11:49:27.7250271Z ^[[36;1m  fi^[[0m
agent-certlab/claude-code-2026-08-14	UNKNOWN STEP	2026-08-31T11:49:27.7250472Z ^[[36;1melse^[[0m
agent-certlab/claude-code-2026-08-14	UNKNOWN STEP	2026-08-31T11:49:27.7250869Z ^[[36;1m  echo "no evalmut-run-v1 check in this bundle; predicate not applicable"^[[0m
agent-certlab/claude-code-2026-08-14	UNKNOWN STEP	2026-08-31T11:49:27.7251262Z ^[[36;1mfi^[[0m
agent-certlab/claude-code-2026-08-14	UNKNOWN STEP	2026-08-31T11:49:27.7291227Z shell: /usr/bin/bash -e {0}
agent-certlab/claude-code-2026-08-14	UNKNOWN STEP	2026-08-31T11:49:27.7291499Z env:
agent-certlab/claude-code-2026-08-14	UNKNOWN STEP	2026-08-31T11:49:27.7291783Z   pythonLocation: /opt/hostedtoolcache/Python/3.12.14/x64
agent-certlab/claude-code-2026-08-14	UNKNOWN STEP	2026-08-31T11:49:27.7292244Z   PKG_CONFIG_PATH: /opt/hostedtoolcache/Python/3.12.14/x64/lib/pkgconfig
agent-certlab/claude-code-2026-08-14	UNKNOWN STEP	2026-08-31T11:49:27.7292686Z   Python_ROOT_DIR: /opt/hostedtoolcache/Python/3.12.14/x64
agent-certlab/claude-code-2026-08-14	UNKNOWN STEP	2026-08-31T11:49:27.7293072Z   Python2_ROOT_DIR: /opt/hostedtoolcache/Python/3.12.14/x64
agent-certlab/claude-code-2026-08-14	UNKNOWN STEP	2026-08-31T11:49:27.7293444Z   Python3_ROOT_DIR: /opt/hostedtoolcache/Python/3.12.14/x64
agent-certlab/claude-code-2026-08-14	UNKNOWN STEP	2026-08-31T11:49:27.7293828Z   LD_LIBRARY_PATH: /opt/hostedtoolcache/Python/3.12.14/x64/lib
agent-certlab/claude-code-2026-08-14	UNKNOWN STEP	2026-08-31T11:49:27.7294153Z ##[endgroup]
agent-certlab/claude-code-2026-08-14	UNKNOWN STEP	2026-08-31T11:49:27.7391036Z no evalmut-run-v1 check in this bundle; predicate not applicable
agent-certlab/claude-code-2026-08-14	UNKNOWN STEP	2026-08-31T11:49:27.7422932Z ##[group]Run if jq -e '[.results.checks[].profile] | index("crashkit-battery-v1")' bundle/vac.json > /dev/null; then
agent-certlab/claude-code-2026-08-14	UNKNOWN STEP	2026-08-31T11:49:27.7423703Z ^[[36;1mif jq -e '[.results.checks[].profile] | index("crashkit-battery-v1")' bundle/vac.json > /dev/null; then^[[0m
agent-certlab/claude-code-2026-08-14	UNKNOWN STEP	2026-08-31T11:49:27.7424245Z ^[[36;1m  if ! grep -q '+ cmp ' transcript.txt; then^[[0m
agent-certlab/claude-code-2026-08-14	UNKNOWN STEP	2026-08-31T11:49:27.7425020Z ^[[36;1m    echo "crashkit replay block executed no cmp — byte-identity with the downloaded artifacts was never checked"^[[0m
agent-certlab/claude-code-2026-08-14	UNKNOWN STEP	2026-08-31T11:49:27.7425565Z ^[[36;1m    exit 1^[[0m
agent-certlab/claude-code-2026-08-14	UNKNOWN STEP	2026-08-31T11:49:27.7425787Z ^[[36;1m  fi^[[0m
agent-certlab/claude-code-2026-08-14	UNKNOWN STEP	2026-08-31T11:49:27.7426061Z ^[[36;1m  if grep -E 'differ|EOF on' transcript.txt; then^[[0m
agent-certlab/claude-code-2026-08-14	UNKNOWN STEP	2026-08-31T11:49:27.7426563Z ^[[36;1m    echo "a byte-compare FAILED — the pinned commit does not reproduce the registered bytes"^[[0m
agent-certlab/claude-code-2026-08-14	UNKNOWN STEP	2026-08-31T11:49:27.7427006Z ^[[36;1m    exit 1^[[0m
agent-certlab/claude-code-2026-08-14	UNKNOWN STEP	2026-08-31T11:49:27.7427214Z ^[[36;1m  fi^[[0m
agent-certlab/claude-code-2026-08-14	UNKNOWN STEP	2026-08-31T11:49:27.7427417Z ^[[36;1melse^[[0m
agent-certlab/claude-code-2026-08-14	UNKNOWN STEP	2026-08-31T11:49:27.7427793Z ^[[36;1m  echo "no crashkit-battery-v1 check in this bundle; predicate not applicable"^[[0m
agent-certlab/claude-code-2026-08-14	UNKNOWN STEP	2026-08-31T11:49:27.7428215Z ^[[36;1mfi^[[0m
agent-certlab/claude-code-2026-08-14	UNKNOWN STEP	2026-08-31T11:49:27.7467947Z shell: /usr/bin/bash -e {0}
agent-certlab/claude-code-2026-08-14	UNKNOWN STEP	2026-08-31T11:49:27.7468212Z env:
agent-certlab/claude-code-2026-08-14	UNKNOWN STEP	2026-08-31T11:49:27.7468493Z   pythonLocation: /opt/hostedtoolcache/Python/3.12.14/x64
agent-certlab/claude-code-2026-08-14	UNKNOWN STEP	2026-08-31T11:49:27.7468957Z   PKG_CONFIG_PATH: /opt/hostedtoolcache/Python/3.12.14/x64/lib/pkgconfig
agent-certlab/claude-code-2026-08-14	UNKNOWN STEP	2026-08-31T11:49:27.7469389Z   Python_ROOT_DIR: /opt/hostedtoolcache/Python/3.12.14/x64
agent-certlab/claude-code-2026-08-14	UNKNOWN STEP	2026-08-31T11:49:27.7469768Z   Python2_ROOT_DIR: /opt/hostedtoolcache/Python/3.12.14/x64
agent-certlab/claude-code-2026-08-14	UNKNOWN STEP	2026-08-31T11:49:27.7470191Z   Python3_ROOT_DIR: /opt/hostedtoolcache/Python/3.12.14/x64
agent-certlab/claude-code-2026-08-14	UNKNOWN STEP	2026-08-31T11:49:27.7470673Z   LD_LIBRARY_PATH: /opt/hostedtoolcache/Python/3.12.14/x64/lib
agent-certlab/claude-code-2026-08-14	UNKNOWN STEP	2026-08-31T11:49:27.7471001Z ##[endgroup]
agent-certlab/claude-code-2026-08-14	UNKNOWN STEP	2026-08-31T11:49:27.7565464Z no crashkit-battery-v1 check in this bundle; predicate not applicable
agent-certlab/claude-code-2026-08-14	UNKNOWN STEP	2026-08-31T11:49:27.7595189Z ##[group]Run if jq -e '[.results.checks[].profile] | index("modeldrift-board-v1")' bundle/vac.json > /dev/null; then
agent-certlab/claude-code-2026-08-14	UNKNOWN STEP	2026-08-31T11:49:27.7595980Z ^[[36;1mif jq -e '[.results.checks[].profile] | index("modeldrift-board-v1")' bundle/vac.json > /dev/null; then^[[0m
agent-certlab/claude-code-2026-08-14	UNKNOWN STEP	2026-08-31T11:49:27.7596503Z ^[[36;1m  if ! grep -q '+ cmp ' transcript.txt; then^[[0m
agent-certlab/claude-code-2026-08-14	UNKNOWN STEP	2026-08-31T11:49:27.7597121Z ^[[36;1m    echo "modeldrift replay block executed no cmp — byte-identity with the downloaded artifacts was never checked"^[[0m
agent-certlab/claude-code-2026-08-14	UNKNOWN STEP	2026-08-31T11:49:27.7597722Z ^[[36;1m    exit 1^[[0m
agent-certlab/claude-code-2026-08-14	UNKNOWN STEP	2026-08-31T11:49:27.7597953Z ^[[36;1m  fi^[[0m
agent-certlab/claude-code-2026-08-14	UNKNOWN STEP	2026-08-31T11:49:27.7598221Z ^[[36;1m  if grep -E 'differ|EOF on' transcript.txt; then^[[0m
agent-certlab/claude-code-2026-08-14	UNKNOWN STEP	2026-08-31T11:49:27.7598737Z ^[[36;1m    echo "a byte-compare FAILED — the pinned commit does not reproduce the registered bytes"^[[0m
agent-certlab/claude-code-2026-08-14	UNKNOWN STEP	2026-08-31T11:49:27.7599186Z ^[[36;1m    exit 1^[[0m
agent-certlab/claude-code-2026-08-14	UNKNOWN STEP	2026-08-31T11:49:27.7599402Z ^[[36;1m  fi^[[0m
agent-certlab/claude-code-2026-08-14	UNKNOWN STEP	2026-08-31T11:49:27.7599592Z ^[[36;1melse^[[0m
agent-certlab/claude-code-2026-08-14	UNKNOWN STEP	2026-08-31T11:49:27.7600001Z ^[[36;1m  echo "no modeldrift-board-v1 check in this bundle; predicate not applicable"^[[0m
agent-certlab/claude-code-2026-08-14	UNKNOWN STEP	2026-08-31T11:49:27.7600407Z ^[[36;1mfi^[[0m
agent-certlab/claude-code-2026-08-14	UNKNOWN STEP	2026-08-31T11:49:27.7640123Z shell: /usr/bin/bash -e {0}
agent-certlab/claude-code-2026-08-14	UNKNOWN STEP	2026-08-31T11:49:27.7640384Z env:
agent-certlab/claude-code-2026-08-14	UNKNOWN STEP	2026-08-31T11:49:27.7640660Z   pythonLocation: /opt/hostedtoolcache/Python/3.12.14/x64
agent-certlab/claude-code-2026-08-14	UNKNOWN STEP	2026-08-31T11:49:27.7641103Z   PKG_CONFIG_PATH: /opt/hostedtoolcache/Python/3.12.14/x64/lib/pkgconfig
agent-certlab/claude-code-2026-08-14	UNKNOWN STEP	2026-08-31T11:49:27.7641731Z   Python_ROOT_DIR: /opt/hostedtoolcache/Python/3.12.14/x64
agent-certlab/claude-code-2026-08-14	UNKNOWN STEP	2026-08-31T11:49:27.7642125Z   Python2_ROOT_DIR: /opt/hostedtoolcache/Python/3.12.14/x64
agent-certlab/claude-code-2026-08-14	UNKNOWN STEP	2026-08-31T11:49:27.7642493Z   Python3_ROOT_DIR: /opt/hostedtoolcache/Python/3.12.14/x64
agent-certlab/claude-code-2026-08-14	UNKNOWN STEP	2026-08-31T11:49:27.7642861Z   LD_LIBRARY_PATH: /opt/hostedtoolcache/Python/3.12.14/x64/lib
agent-certlab/claude-code-2026-08-14	UNKNOWN STEP	2026-08-31T11:49:27.7643184Z ##[endgroup]
agent-certlab/claude-code-2026-08-14	UNKNOWN STEP	2026-08-31T11:49:27.7741339Z no modeldrift-board-v1 check in this bundle; predicate not applicable
agent-certlab/claude-code-2026-08-14	UNKNOWN STEP	2026-08-31T11:49:27.7841030Z Node 20 is being deprecated. This workflow is running with Node 24 by default. If you need to temporarily use Node 20, you can set the ACTIONS_ALLOW_USE_UNSECURE_NODE_VERSION=true environment variable. For more information see: https://github.blog/changelog/2025-09-19-deprecation-of-node-20-on-github-actions-runners/
agent-certlab/claude-code-2026-08-14	UNKNOWN STEP	2026-08-31T11:49:27.7842203Z Post job cleanup.
agent-certlab/claude-code-2026-08-14	UNKNOWN STEP	2026-08-31T11:49:27.9176398Z (node:2423) [DEP0040] DeprecationWarning: The `punycode` module is deprecated. Please use a userland alternative instead.
agent-certlab/claude-code-2026-08-14	UNKNOWN STEP	2026-08-31T11:49:27.9177286Z (Use `node --trace-deprecation ...` to show where the warning was created)
agent-certlab/claude-code-2026-08-14	UNKNOWN STEP	2026-08-31T11:49:27.9360375Z Node 20 is being deprecated. This workflow is running with Node 24 by default. If you need to temporarily use Node 20, you can set the ACTIONS_ALLOW_USE_UNSECURE_NODE_VERSION=true environment variable. For more information see: https://github.blog/changelog/2025-09-19-deprecation-of-node-20-on-github-actions-runners/
agent-certlab/claude-code-2026-08-14	UNKNOWN STEP	2026-08-31T11:49:27.9361592Z Post job cleanup.
agent-certlab/claude-code-2026-08-14	UNKNOWN STEP	2026-08-31T11:49:28.0692463Z (node:2431) [DEP0040] DeprecationWarning: The `punycode` module is deprecated. Please use a userland alternative instead.
agent-certlab/claude-code-2026-08-14	UNKNOWN STEP	2026-08-31T11:49:28.0693926Z (Use `node --trace-deprecation ...` to show where the warning was created)
agent-certlab/claude-code-2026-08-14	UNKNOWN STEP	2026-08-31T11:49:28.0921596Z Node 20 is being deprecated. This workflow is running with Node 24 by default. If you need to temporarily use Node 20, you can set the ACTIONS_ALLOW_USE_UNSECURE_NODE_VERSION=true environment variable. For more information see: https://github.blog/changelog/2025-09-19-deprecation-of-node-20-on-github-actions-runners/
agent-certlab/claude-code-2026-08-14	UNKNOWN STEP	2026-08-31T11:49:28.0923695Z Post job cleanup.
agent-certlab/claude-code-2026-08-14	UNKNOWN STEP	2026-08-31T11:49:28.1844896Z [command]/usr/bin/git version
agent-certlab/claude-code-2026-08-14	UNKNOWN STEP	2026-08-31T11:49:28.1890019Z git version 2.55.0
agent-certlab/claude-code-2026-08-14	UNKNOWN STEP	2026-08-31T11:49:28.1963015Z Temporarily overriding HOME='/home/runner/work/_temp/b408be47-40b0-4af3-9f8c-4784670baad1' before making global git config changes
agent-certlab/claude-code-2026-08-14	UNKNOWN STEP	2026-08-31T11:49:28.1964782Z Adding repository directory to the temporary git global config as a safe directory
agent-certlab/claude-code-2026-08-14	UNKNOWN STEP	2026-08-31T11:49:28.1969621Z [command]/usr/bin/git config --global --add safe.directory /home/runner/work/vac-protocol/vac-protocol
agent-certlab/claude-code-2026-08-14	UNKNOWN STEP	2026-08-31T11:49:28.2017729Z [command]/usr/bin/git config --local --name-only --get-regexp core\.sshCommand
agent-certlab/claude-code-2026-08-14	UNKNOWN STEP	2026-08-31T11:49:28.2061227Z [command]/usr/bin/git submodule foreach --recursive sh -c "git config --local --name-only --get-regexp 'core\.sshCommand' && git config --local --unset-all 'core.sshCommand' || :"
agent-certlab/claude-code-2026-08-14	UNKNOWN STEP	2026-08-31T11:49:28.2341059Z [command]/usr/bin/git config --local --name-only --get-regexp http\.https\:\/\/github\.com\/\.extraheader
agent-certlab/claude-code-2026-08-14	UNKNOWN STEP	2026-08-31T11:49:28.2380568Z http.https://github.com/.extraheader
agent-certlab/claude-code-2026-08-14	UNKNOWN STEP	2026-08-31T11:49:28.2390913Z [command]/usr/bin/git config --local --unset-all http.https://github.com/.extraheader
agent-certlab/claude-code-2026-08-14	UNKNOWN STEP	2026-08-31T11:49:28.2430487Z [command]/usr/bin/git submodule foreach --recursive sh -c "git config --local --name-only --get-regexp 'http\.https\:\/\/github\.com\/\.extraheader' && git config --local --unset-all 'http.https://github.com/.extraheader' || :"
agent-certlab/claude-code-2026-08-14	UNKNOWN STEP	2026-08-31T11:49:28.2720416Z [command]/usr/bin/git config --local --name-only --get-regexp ^includeIf\.gitdir:
agent-certlab/claude-code-2026-08-14	UNKNOWN STEP	2026-08-31T11:49:28.2764947Z [command]/usr/bin/git submodule foreach --recursive git config --local --show-origin --name-only --get-regexp remote.origin.url
agent-certlab/claude-code-2026-08-14	UNKNOWN STEP	2026-08-31T11:49:28.3190142Z Cleaning up orphan processes
agent-certlab/claude-code-2026-08-14	UNKNOWN STEP	2026-08-31T11:49:28.3487202Z ##[warning]Node.js 20 is deprecated. The following actions target Node.js 20 but are being forced to run on Node.js 24: actions/checkout@v4, actions/setup-node@v4, actions/setup-python@v5. For more information see: https://github.blog/changelog/2025-09-19-deprecation-of-node-20-on-github-actions-runners/
agent-certlab/claude-code-cloud-2026-08-14	UNKNOWN STEP	﻿2026-08-31T11:49:14.2292215Z Current runner version: '2.337.0'
agent-certlab/claude-code-cloud-2026-08-14	UNKNOWN STEP	2026-08-31T11:49:14.2319353Z ##[group]Runner Image Provisioner
agent-certlab/claude-code-cloud-2026-08-14	UNKNOWN STEP	2026-08-31T11:49:14.2320226Z Hosted Compute Agent
agent-certlab/claude-code-cloud-2026-08-14	UNKNOWN STEP	2026-08-31T11:49:14.2320921Z Version: 20260819.586
agent-certlab/claude-code-cloud-2026-08-14	UNKNOWN STEP	2026-08-31T11:49:14.2321712Z Commit: 3cc4a88dfa507ef76119ad1bb3eccc6378bb2b76
agent-certlab/claude-code-cloud-2026-08-14	UNKNOWN STEP	2026-08-31T11:49:14.2322574Z Build Date: 2026-08-18T23:20:18Z
agent-certlab/claude-code-cloud-2026-08-14	UNKNOWN STEP	2026-08-31T11:49:14.2323270Z Worker ID: {55546837-874e-4bb9-8cfc-20c9b6cb2bee}
agent-certlab/claude-code-cloud-2026-08-14	UNKNOWN STEP	2026-08-31T11:49:14.2323974Z Azure Region: westus2
agent-certlab/claude-code-cloud-2026-08-14	UNKNOWN STEP	2026-08-31T11:49:14.2324612Z ##[endgroup]
agent-certlab/claude-code-cloud-2026-08-14	UNKNOWN STEP	2026-08-31T11:49:14.2326206Z ##[group]Operating System
agent-certlab/claude-code-cloud-2026-08-14	UNKNOWN STEP	2026-08-31T11:49:14.2326947Z Ubuntu
agent-certlab/claude-code-cloud-2026-08-14	UNKNOWN STEP	2026-08-31T11:49:14.2327550Z 24.04.4
agent-certlab/claude-code-cloud-2026-08-14	UNKNOWN STEP	2026-08-31T11:49:14.2328318Z LTS
agent-certlab/claude-code-cloud-2026-08-14	UNKNOWN STEP	2026-08-31T11:49:14.2328915Z ##[endgroup]
agent-certlab/claude-code-cloud-2026-08-14	UNKNOWN STEP	2026-08-31T11:49:14.2329483Z ##[group]Runner Image
agent-certlab/claude-code-cloud-2026-08-14	UNKNOWN STEP	2026-08-31T11:49:14.2330210Z Image: ubuntu-24.04
agent-certlab/claude-code-cloud-2026-08-14	UNKNOWN STEP	2026-08-31T11:49:14.2330807Z Version: 20260823.283.1
agent-certlab/claude-code-cloud-2026-08-14	UNKNOWN STEP	2026-08-31T11:49:14.2332098Z Included Software: https://github.com/actions/runner-images/blob/ubuntu24/20260823.283/images/ubuntu/Ubuntu2404-Readme.md
agent-certlab/claude-code-cloud-2026-08-14	UNKNOWN STEP	2026-08-31T11:49:14.2333675Z Image Release: https://github.com/actions/runner-images/releases/tag/ubuntu24%2F20260823.283
agent-certlab/claude-code-cloud-2026-08-14	UNKNOWN STEP	2026-08-31T11:49:14.2334738Z ##[endgroup]
agent-certlab/claude-code-cloud-2026-08-14	UNKNOWN STEP	2026-08-31T11:49:14.2335847Z ##[group]GITHUB_TOKEN Permissions
agent-certlab/claude-code-cloud-2026-08-14	UNKNOWN STEP	2026-08-31T11:49:14.2338492Z Contents: read
agent-certlab/claude-code-cloud-2026-08-14	UNKNOWN STEP	2026-08-31T11:49:14.2339175Z Metadata: read
agent-certlab/claude-code-cloud-2026-08-14	UNKNOWN STEP	2026-08-31T11:49:14.2339791Z ##[endgroup]
agent-certlab/claude-code-cloud-2026-08-14	UNKNOWN STEP	2026-08-31T11:49:14.2341955Z Secret source: Actions
agent-certlab/claude-code-cloud-2026-08-14	UNKNOWN STEP	2026-08-31T11:49:14.2343059Z Prepare workflow directory
agent-certlab/claude-code-cloud-2026-08-14	UNKNOWN STEP	2026-08-31T11:49:14.2686745Z Prepare all required actions
agent-certlab/claude-code-cloud-2026-08-14	UNKNOWN STEP	2026-08-31T11:49:14.2738089Z Getting action download info
agent-certlab/claude-code-cloud-2026-08-14	UNKNOWN STEP	2026-08-31T11:49:14.6269260Z Download action repository 'actions/checkout@v4' (SHA:11d5960a326750d5838078e36cf38b85af677262)
agent-certlab/claude-code-cloud-2026-08-14	UNKNOWN STEP	2026-08-31T11:49:14.7778259Z Download action repository 'actions/setup-python@v5' (SHA:a26af69be951a213d495a4c3e4e4022e16d87065)
agent-certlab/claude-code-cloud-2026-08-14	UNKNOWN STEP	2026-08-31T11:49:14.8854708Z Download action repository 'actions/setup-node@v4' (SHA:49933ea5288caeca8642d1e84afbd3f7d6820020)
agent-certlab/claude-code-cloud-2026-08-14	UNKNOWN STEP	2026-08-31T11:49:15.0790438Z Complete job name: agent-certlab/claude-code-cloud-2026-08-14
agent-certlab/claude-code-cloud-2026-08-14	UNKNOWN STEP	2026-08-31T11:49:15.1581330Z Node 20 is being deprecated. This workflow is running with Node 24 by default. If you need to temporarily use Node 20, you can set the ACTIONS_ALLOW_USE_UNSECURE_NODE_VERSION=true environment variable. For more information see: https://github.blog/changelog/2025-09-19-deprecation-of-node-20-on-github-actions-runners/
agent-certlab/claude-code-cloud-2026-08-14	UNKNOWN STEP	2026-08-31T11:49:15.1590250Z ##[group]Run actions/checkout@v4
agent-certlab/claude-code-cloud-2026-08-14	UNKNOWN STEP	2026-08-31T11:49:15.1591251Z with:
agent-certlab/claude-code-cloud-2026-08-14	UNKNOWN STEP	2026-08-31T11:49:15.1591762Z   repository: egnaro9/vac-protocol
agent-certlab/claude-code-cloud-2026-08-14	UNKNOWN STEP	2026-08-31T11:49:15.1595807Z   token: ***
agent-certlab/claude-code-cloud-2026-08-14	UNKNOWN STEP	2026-08-31T11:49:15.1596247Z   ssh-strict: true
agent-certlab/claude-code-cloud-2026-08-14	UNKNOWN STEP	2026-08-31T11:49:15.1596687Z   ssh-user: git
agent-certlab/claude-code-cloud-2026-08-14	UNKNOWN STEP	2026-08-31T11:49:15.1597149Z   persist-credentials: true
agent-certlab/claude-code-cloud-2026-08-14	UNKNOWN STEP	2026-08-31T11:49:15.1597644Z   clean: true
agent-certlab/claude-code-cloud-2026-08-14	UNKNOWN STEP	2026-08-31T11:49:15.1598580Z   sparse-checkout-cone-mode: true
agent-certlab/claude-code-cloud-2026-08-14	UNKNOWN STEP	2026-08-31T11:49:15.1599115Z   fetch-depth: 1
agent-certlab/claude-code-cloud-2026-08-14	UNKNOWN STEP	2026-08-31T11:49:15.1599551Z   fetch-tags: false
agent-certlab/claude-code-cloud-2026-08-14	UNKNOWN STEP	2026-08-31T11:49:15.1600000Z   show-progress: true
agent-certlab/claude-code-cloud-2026-08-14	UNKNOWN STEP	2026-08-31T11:49:15.1600507Z   lfs: false
agent-certlab/claude-code-cloud-2026-08-14	UNKNOWN STEP	2026-08-31T11:49:15.1600995Z   submodules: false
agent-certlab/claude-code-cloud-2026-08-14	UNKNOWN STEP	2026-08-31T11:49:15.1601455Z   set-safe-directory: true
agent-certlab/claude-code-cloud-2026-08-14	UNKNOWN STEP	2026-08-31T11:49:15.1601976Z   allow-unsafe-pr-checkout: false
agent-certlab/claude-code-cloud-2026-08-14	UNKNOWN STEP	2026-08-31T11:49:15.1602847Z ##[endgroup]
agent-certlab/claude-code-cloud-2026-08-14	UNKNOWN STEP	2026-08-31T11:49:15.2668169Z Syncing repository: egnaro9/vac-protocol
agent-certlab/claude-code-cloud-2026-08-14	UNKNOWN STEP	2026-08-31T11:49:15.2671292Z ##[group]Getting Git version info
agent-certlab/claude-code-cloud-2026-08-14	UNKNOWN STEP	2026-08-31T11:49:15.2672906Z Working directory is '/home/runner/work/vac-protocol/vac-protocol'
agent-certlab/claude-code-cloud-2026-08-14	UNKNOWN STEP	2026-08-31T11:49:15.2674628Z [command]/usr/bin/git version
agent-certlab/claude-code-cloud-2026-08-14	UNKNOWN STEP	2026-08-31T11:49:15.2746538Z git version 2.55.0
agent-certlab/claude-code-cloud-2026-08-14	UNKNOWN STEP	2026-08-31T11:49:15.2770650Z ##[endgroup]
agent-certlab/claude-code-cloud-2026-08-14	UNKNOWN STEP	2026-08-31T11:49:15.2786046Z Temporarily overriding HOME='/home/runner/work/_temp/00bda408-7c94-40e4-9b08-9ef92224c269' before making global git config changes
agent-certlab/claude-code-cloud-2026-08-14	UNKNOWN STEP	2026-08-31T11:49:15.2788539Z Adding repository directory to the temporary git global config as a safe directory
agent-certlab/claude-code-cloud-2026-08-14	UNKNOWN STEP	2026-08-31T11:49:15.2792296Z [command]/usr/bin/git config --global --add safe.directory /home/runner/work/vac-protocol/vac-protocol
agent-certlab/claude-code-cloud-2026-08-14	UNKNOWN STEP	2026-08-31T11:49:15.2847543Z Deleting the contents of '/home/runner/work/vac-protocol/vac-protocol'
agent-certlab/claude-code-cloud-2026-08-14	UNKNOWN STEP	2026-08-31T11:49:15.2853102Z ##[group]Initializing the repository
agent-certlab/claude-code-cloud-2026-08-14	UNKNOWN STEP	2026-08-31T11:49:15.2859755Z [command]/usr/bin/git init /home/runner/work/vac-protocol/vac-protocol
agent-certlab/claude-code-cloud-2026-08-14	UNKNOWN STEP	2026-08-31T11:49:15.2981166Z hint: Using 'master' as the name for the initial branch. This default branch name
agent-certlab/claude-code-cloud-2026-08-14	UNKNOWN STEP	2026-08-31T11:49:15.2982848Z hint: will change to "main" in Git 3.0. To configure the initial branch name
agent-certlab/claude-code-cloud-2026-08-14	UNKNOWN STEP	2026-08-31T11:49:15.2989214Z hint: to use in all of your new repositories, which will suppress this warning,
agent-certlab/claude-code-cloud-2026-08-14	UNKNOWN STEP	2026-08-31T11:49:15.2992689Z hint: call:
agent-certlab/claude-code-cloud-2026-08-14	UNKNOWN STEP	2026-08-31T11:49:15.2993696Z hint:
agent-certlab/claude-code-cloud-2026-08-14	UNKNOWN STEP	2026-08-31T11:49:15.2994967Z hint: 	git config --global init.defaultBranch <name>
agent-certlab/claude-code-cloud-2026-08-14	UNKNOWN STEP	2026-08-31T11:49:15.2996284Z hint:
agent-certlab/claude-code-cloud-2026-08-14	UNKNOWN STEP	2026-08-31T11:49:15.2997526Z hint: Names commonly chosen instead of 'master' are 'main', 'trunk' and
agent-certlab/claude-code-cloud-2026-08-14	UNKNOWN STEP	2026-08-31T11:49:15.2999696Z hint: 'development'. The just-created branch can be renamed via this command:
agent-certlab/claude-code-cloud-2026-08-14	UNKNOWN STEP	2026-08-31T11:49:15.3001378Z hint:
agent-certlab/claude-code-cloud-2026-08-14	UNKNOWN STEP	2026-08-31T11:49:15.3002412Z hint: 	git branch -m <name>
agent-certlab/claude-code-cloud-2026-08-14	UNKNOWN STEP	2026-08-31T11:49:15.3003534Z hint:
agent-certlab/claude-code-cloud-2026-08-14	UNKNOWN STEP	2026-08-31T11:49:15.3004839Z hint: Disable this message with "git config set advice.defaultBranchName false"
agent-certlab/claude-code-cloud-2026-08-14	UNKNOWN STEP	2026-08-31T11:49:15.3006978Z Initialized empty Git repository in /home/runner/work/vac-protocol/vac-protocol/.git/
agent-certlab/claude-code-cloud-2026-08-14	UNKNOWN STEP	2026-08-31T11:49:15.3013119Z [command]/usr/bin/git remote add origin https://github.com/egnaro9/vac-protocol
agent-certlab/claude-code-cloud-2026-08-14	UNKNOWN STEP	2026-08-31T11:49:15.3066537Z ##[endgroup]
agent-certlab/claude-code-cloud-2026-08-14	UNKNOWN STEP	2026-08-31T11:49:15.3068202Z ##[group]Disabling automatic garbage collection
agent-certlab/claude-code-cloud-2026-08-14	UNKNOWN STEP	2026-08-31T11:49:15.3071389Z [command]/usr/bin/git config --local gc.auto 0
agent-certlab/claude-code-cloud-2026-08-14	UNKNOWN STEP	2026-08-31T11:49:15.3119665Z ##[endgroup]
agent-certlab/claude-code-cloud-2026-08-14	UNKNOWN STEP	2026-08-31T11:49:15.3121283Z ##[group]Setting up auth
agent-certlab/claude-code-cloud-2026-08-14	UNKNOWN STEP	2026-08-31T11:49:15.3122916Z [command]/usr/bin/git config --local --name-only --get-regexp core\.sshCommand
agent-certlab/claude-code-cloud-2026-08-14	UNKNOWN STEP	2026-08-31T11:49:15.3156424Z [command]/usr/bin/git submodule foreach --recursive sh -c "git config --local --name-only --get-regexp 'core\.sshCommand' && git config --local --unset-all 'core.sshCommand' || :"
agent-certlab/claude-code-cloud-2026-08-14	UNKNOWN STEP	2026-08-31T11:49:15.3627337Z [command]/usr/bin/git config --local --name-only --get-regexp http\.https\:\/\/github\.com\/\.extraheader
agent-certlab/claude-code-cloud-2026-08-14	UNKNOWN STEP	2026-08-31T11:49:15.3671624Z [command]/usr/bin/git submodule foreach --recursive sh -c "git config --local --name-only --get-regexp 'http\.https\:\/\/github\.com\/\.extraheader' && git config --local --unset-all 'http.https://github.com/.extraheader' || :"
agent-certlab/claude-code-cloud-2026-08-14	UNKNOWN STEP	2026-08-31T11:49:15.3922894Z [command]/usr/bin/git config --local --name-only --get-regexp ^includeIf\.gitdir:
agent-certlab/claude-code-cloud-2026-08-14	UNKNOWN STEP	2026-08-31T11:49:15.3960222Z [command]/usr/bin/git submodule foreach --recursive git config --local --show-origin --name-only --get-regexp remote.origin.url
agent-certlab/claude-code-cloud-2026-08-14	UNKNOWN STEP	2026-08-31T11:49:15.4190370Z [command]/usr/bin/git config --local http.https://github.com/.extraheader AUTHORIZATION: basic ***
agent-certlab/claude-code-cloud-2026-08-14	UNKNOWN STEP	2026-08-31T11:49:15.4231106Z ##[endgroup]
agent-certlab/claude-code-cloud-2026-08-14	UNKNOWN STEP	2026-08-31T11:49:15.4231992Z ##[group]Fetching the repository
agent-certlab/claude-code-cloud-2026-08-14	UNKNOWN STEP	2026-08-31T11:49:15.4242003Z [command]/usr/bin/git -c protocol.version=2 fetch --no-tags --prune --no-recurse-submodules --depth=1 origin +6a05245337cbbcebf1e06180e798ad568848ad2e:refs/remotes/origin/main
agent-certlab/claude-code-cloud-2026-08-14	UNKNOWN STEP	2026-08-31T11:49:15.8710315Z From https://github.com/egnaro9/vac-protocol
agent-certlab/claude-code-cloud-2026-08-14	UNKNOWN STEP	2026-08-31T11:49:15.8712262Z  * [new ref]         6a05245337cbbcebf1e06180e798ad568848ad2e -> origin/main
agent-certlab/claude-code-cloud-2026-08-14	UNKNOWN STEP	2026-08-31T11:49:15.8715843Z ##[endgroup]
agent-certlab/claude-code-cloud-2026-08-14	UNKNOWN STEP	2026-08-31T11:49:15.8717498Z ##[group]Determining the checkout info
agent-certlab/claude-code-cloud-2026-08-14	UNKNOWN STEP	2026-08-31T11:49:15.8719730Z ##[endgroup]
agent-certlab/claude-code-cloud-2026-08-14	UNKNOWN STEP	2026-08-31T11:49:15.8725514Z [command]/usr/bin/git sparse-checkout disable
agent-certlab/claude-code-cloud-2026-08-14	UNKNOWN STEP	2026-08-31T11:49:15.8779577Z [command]/usr/bin/git config --local --unset-all extensions.worktreeConfig
agent-certlab/claude-code-cloud-2026-08-14	UNKNOWN STEP	2026-08-31T11:49:15.8811811Z ##[group]Checking out the ref
agent-certlab/claude-code-cloud-2026-08-14	UNKNOWN STEP	2026-08-31T11:49:15.8818337Z [command]/usr/bin/git checkout --progress --force -B main refs/remotes/origin/main
agent-certlab/claude-code-cloud-2026-08-14	UNKNOWN STEP	2026-08-31T11:49:15.9214975Z Switched to a new branch 'main'
agent-certlab/claude-code-cloud-2026-08-14	UNKNOWN STEP	2026-08-31T11:49:15.9221748Z branch 'main' set up to track 'origin/main'.
agent-certlab/claude-code-cloud-2026-08-14	UNKNOWN STEP	2026-08-31T11:49:15.9231035Z ##[endgroup]
agent-certlab/claude-code-cloud-2026-08-14	UNKNOWN STEP	2026-08-31T11:49:15.9279325Z [command]/usr/bin/git log -1 --format=%H
agent-certlab/claude-code-cloud-2026-08-14	UNKNOWN STEP	2026-08-31T11:49:15.9309221Z 6a05245337cbbcebf1e06180e798ad568848ad2e
agent-certlab/claude-code-cloud-2026-08-14	UNKNOWN STEP	2026-08-31T11:49:15.9698518Z Node 20 is being deprecated. This workflow is running with Node 24 by default. If you need to temporarily use Node 20, you can set the ACTIONS_ALLOW_USE_UNSECURE_NODE_VERSION=true environment variable. For more information see: https://github.blog/changelog/2025-09-19-deprecation-of-node-20-on-github-actions-runners/
agent-certlab/claude-code-cloud-2026-08-14	UNKNOWN STEP	2026-08-31T11:49:15.9702429Z ##[group]Run actions/setup-python@v5
agent-certlab/claude-code-cloud-2026-08-14	UNKNOWN STEP	2026-08-31T11:49:15.9703143Z with:
agent-certlab/claude-code-cloud-2026-08-14	UNKNOWN STEP	2026-08-31T11:49:15.9703649Z   python-version: 3.12
agent-certlab/claude-code-cloud-2026-08-14	UNKNOWN STEP	2026-08-31T11:49:15.9704243Z   check-latest: false
agent-certlab/claude-code-cloud-2026-08-14	UNKNOWN STEP	2026-08-31T11:49:15.9709966Z   token: ***
agent-certlab/claude-code-cloud-2026-08-14	UNKNOWN STEP	2026-08-31T11:49:15.9710535Z   update-environment: true
agent-certlab/claude-code-cloud-2026-08-14	UNKNOWN STEP	2026-08-31T11:49:15.9711190Z   allow-prereleases: false
agent-certlab/claude-code-cloud-2026-08-14	UNKNOWN STEP	2026-08-31T11:49:15.9711801Z   freethreaded: false
agent-certlab/claude-code-cloud-2026-08-14	UNKNOWN STEP	2026-08-31T11:49:15.9712367Z ##[endgroup]
agent-certlab/claude-code-cloud-2026-08-14	UNKNOWN STEP	2026-08-31T11:49:16.1035226Z ##[group]Installed versions
agent-certlab/claude-code-cloud-2026-08-14	UNKNOWN STEP	2026-08-31T11:49:16.1127519Z (node:2246) [DEP0040] DeprecationWarning: The `punycode` module is deprecated. Please use a userland alternative instead.
agent-certlab/claude-code-cloud-2026-08-14	UNKNOWN STEP	2026-08-31T11:49:16.1130872Z (Use `node --trace-deprecation ...` to show where the warning was created)
agent-certlab/claude-code-cloud-2026-08-14	UNKNOWN STEP	2026-08-31T11:49:16.1132658Z Successfully set up CPython (3.12.14)
agent-certlab/claude-code-cloud-2026-08-14	UNKNOWN STEP	2026-08-31T11:49:16.1134432Z ##[endgroup]
agent-certlab/claude-code-cloud-2026-08-14	UNKNOWN STEP	2026-08-31T11:49:16.1410958Z Node 20 is being deprecated. This workflow is running with Node 24 by default. If you need to temporarily use Node 20, you can set the ACTIONS_ALLOW_USE_UNSECURE_NODE_VERSION=true environment variable. For more information see: https://github.blog/changelog/2025-09-19-deprecation-of-node-20-on-github-actions-runners/
agent-certlab/claude-code-cloud-2026-08-14	UNKNOWN STEP	2026-08-31T11:49:16.1415622Z ##[group]Run actions/setup-node@v4
agent-certlab/claude-code-cloud-2026-08-14	UNKNOWN STEP	2026-08-31T11:49:16.1416716Z with:
agent-certlab/claude-code-cloud-2026-08-14	UNKNOWN STEP	2026-08-31T11:49:16.1417984Z   node-version: 22
agent-certlab/claude-code-cloud-2026-08-14	UNKNOWN STEP	2026-08-31T11:49:16.1419326Z   always-auth: false
agent-certlab/claude-code-cloud-2026-08-14	UNKNOWN STEP	2026-08-31T11:49:16.1420206Z   check-latest: false
agent-certlab/claude-code-cloud-2026-08-14	UNKNOWN STEP	2026-08-31T11:49:16.1429946Z   token: ***
agent-certlab/claude-code-cloud-2026-08-14	UNKNOWN STEP	2026-08-31T11:49:16.1430744Z env:
agent-certlab/claude-code-cloud-2026-08-14	UNKNOWN STEP	2026-08-31T11:49:16.1431740Z   pythonLocation: /opt/hostedtoolcache/Python/3.12.14/x64
agent-certlab/claude-code-cloud-2026-08-14	UNKNOWN STEP	2026-08-31T11:49:16.1433532Z   PKG_CONFIG_PATH: /opt/hostedtoolcache/Python/3.12.14/x64/lib/pkgconfig
agent-certlab/claude-code-cloud-2026-08-14	UNKNOWN STEP	2026-08-31T11:49:16.1435463Z   Python_ROOT_DIR: /opt/hostedtoolcache/Python/3.12.14/x64
agent-certlab/claude-code-cloud-2026-08-14	UNKNOWN STEP	2026-08-31T11:49:16.1437121Z   Python2_ROOT_DIR: /opt/hostedtoolcache/Python/3.12.14/x64
agent-certlab/claude-code-cloud-2026-08-14	UNKNOWN STEP	2026-08-31T11:49:16.1438993Z   Python3_ROOT_DIR: /opt/hostedtoolcache/Python/3.12.14/x64
agent-certlab/claude-code-cloud-2026-08-14	UNKNOWN STEP	2026-08-31T11:49:16.1439996Z   LD_LIBRARY_PATH: /opt/hostedtoolcache/Python/3.12.14/x64/lib
agent-certlab/claude-code-cloud-2026-08-14	UNKNOWN STEP	2026-08-31T11:49:16.1440828Z ##[endgroup]
agent-certlab/claude-code-cloud-2026-08-14	UNKNOWN STEP	2026-08-31T11:49:16.2929545Z Found in cache @ /opt/hostedtoolcache/node/22.23.2/x64
agent-certlab/claude-code-cloud-2026-08-14	UNKNOWN STEP	2026-08-31T11:49:16.2934549Z (node:2254) [DEP0040] DeprecationWarning: The `punycode` module is deprecated. Please use a userland alternative instead.
agent-certlab/claude-code-cloud-2026-08-14	UNKNOWN STEP	2026-08-31T11:49:16.2936727Z (Use `node --trace-deprecation ...` to show where the warning was created)
agent-certlab/claude-code-cloud-2026-08-14	UNKNOWN STEP	2026-08-31T11:49:16.2938806Z ##[group]Environment details
agent-certlab/claude-code-cloud-2026-08-14	UNKNOWN STEP	2026-08-31T11:49:18.6056704Z node: v22.23.2
agent-certlab/claude-code-cloud-2026-08-14	UNKNOWN STEP	2026-08-31T11:49:18.6057413Z npm: 10.9.8
agent-certlab/claude-code-cloud-2026-08-14	UNKNOWN STEP	2026-08-31T11:49:18.6058596Z yarn: 1.22.22
agent-certlab/claude-code-cloud-2026-08-14	UNKNOWN STEP	2026-08-31T11:49:18.6060466Z ##[endgroup]
agent-certlab/claude-code-cloud-2026-08-14	UNKNOWN STEP	2026-08-31T11:49:18.6218891Z ##[group]Run pip install -e .
agent-certlab/claude-code-cloud-2026-08-14	UNKNOWN STEP	2026-08-31T11:49:18.6219313Z ^[[36;1mpip install -e .^[[0m
agent-certlab/claude-code-cloud-2026-08-14	UNKNOWN STEP	2026-08-31T11:49:18.6344670Z shell: /usr/bin/bash -e {0}
agent-certlab/claude-code-cloud-2026-08-14	UNKNOWN STEP	2026-08-31T11:49:18.6344994Z env:
agent-certlab/claude-code-cloud-2026-08-14	UNKNOWN STEP	2026-08-31T11:49:18.6345314Z   pythonLocation: /opt/hostedtoolcache/Python/3.12.14/x64
agent-certlab/claude-code-cloud-2026-08-14	UNKNOWN STEP	2026-08-31T11:49:18.6345809Z   PKG_CONFIG_PATH: /opt/hostedtoolcache/Python/3.12.14/x64/lib/pkgconfig
agent-certlab/claude-code-cloud-2026-08-14	UNKNOWN STEP	2026-08-31T11:49:18.6346300Z   Python_ROOT_DIR: /opt/hostedtoolcache/Python/3.12.14/x64
agent-certlab/claude-code-cloud-2026-08-14	UNKNOWN STEP	2026-08-31T11:49:18.6346746Z   Python2_ROOT_DIR: /opt/hostedtoolcache/Python/3.12.14/x64
agent-certlab/claude-code-cloud-2026-08-14	UNKNOWN STEP	2026-08-31T11:49:18.6347189Z   Python3_ROOT_DIR: /opt/hostedtoolcache/Python/3.12.14/x64
agent-certlab/claude-code-cloud-2026-08-14	UNKNOWN STEP	2026-08-31T11:49:18.6347627Z   LD_LIBRARY_PATH: /opt/hostedtoolcache/Python/3.12.14/x64/lib
agent-certlab/claude-code-cloud-2026-08-14	UNKNOWN STEP	2026-08-31T11:49:18.6348221Z ##[endgroup]
agent-certlab/claude-code-cloud-2026-08-14	UNKNOWN STEP	2026-08-31T11:49:20.7861702Z Obtaining file:///home/runner/work/vac-protocol/vac-protocol
agent-certlab/claude-code-cloud-2026-08-14	UNKNOWN STEP	2026-08-31T11:49:20.7872148Z   Installing build dependencies: started
agent-certlab/claude-code-cloud-2026-08-14	UNKNOWN STEP	2026-08-31T11:49:21.6466734Z   Installing build dependencies: finished with status 'done'
agent-certlab/claude-code-cloud-2026-08-14	UNKNOWN STEP	2026-08-31T11:49:21.6474620Z   Checking if build backend supports build_editable: started
agent-certlab/claude-code-cloud-2026-08-14	UNKNOWN STEP	2026-08-31T11:49:22.0021229Z   Checking if build backend supports build_editable: finished with status 'done'
agent-certlab/claude-code-cloud-2026-08-14	UNKNOWN STEP	2026-08-31T11:49:22.0038166Z   Getting requirements to build editable: started
agent-certlab/claude-code-cloud-2026-08-14	UNKNOWN STEP	2026-08-31T11:49:22.3508913Z   Getting requirements to build editable: finished with status 'done'
agent-certlab/claude-code-cloud-2026-08-14	UNKNOWN STEP	2026-08-31T11:49:22.3517067Z   Preparing editable metadata (pyproject.toml): started
agent-certlab/claude-code-cloud-2026-08-14	UNKNOWN STEP	2026-08-31T11:49:22.5454236Z   Preparing editable metadata (pyproject.toml): finished with status 'done'
agent-certlab/claude-code-cloud-2026-08-14	UNKNOWN STEP	2026-08-31T11:49:22.5495647Z Building wheels for collected packages: vac-protocol
agent-certlab/claude-code-cloud-2026-08-14	UNKNOWN STEP	2026-08-31T11:49:22.5504107Z   Building editable for vac-protocol (pyproject.toml): started
agent-certlab/claude-code-cloud-2026-08-14	UNKNOWN STEP	2026-08-31T11:49:22.7672862Z   Building editable for vac-protocol (pyproject.toml): finished with status 'done'
agent-certlab/claude-code-cloud-2026-08-14	UNKNOWN STEP	2026-08-31T11:49:22.7679286Z   Created wheel for vac-protocol: filename=vac_protocol-0.1.0-0.editable-py3-none-any.whl size=8850 sha256=d24ef8c3a65052784905dc943aafd025ead243a09ce9d86dcfaeaee64e77d300
agent-certlab/claude-code-cloud-2026-08-14	UNKNOWN STEP	2026-08-31T11:49:22.7682072Z   Stored in directory: /tmp/pip-ephem-wheel-cache-gl6n27vh/wheels/31/93/c0/4effb33ea68d4321a176d9cb097b94ea8b1be9d534ea861dec
agent-certlab/claude-code-cloud-2026-08-14	UNKNOWN STEP	2026-08-31T11:49:22.7707611Z Successfully built vac-protocol
agent-certlab/claude-code-cloud-2026-08-14	UNKNOWN STEP	2026-08-31T11:49:22.7866360Z Installing collected packages: vac-protocol
agent-certlab/claude-code-cloud-2026-08-14	UNKNOWN STEP	2026-08-31T11:49:22.7958419Z Successfully installed vac-protocol-0.1.0
agent-certlab/claude-code-cloud-2026-08-14	UNKNOWN STEP	2026-08-31T11:49:22.8552107Z ##[group]Run python -m vac.registry --fetch-bundle "agent-certlab/claude-code-cloud-2026-08-14" --dest bundle
agent-certlab/claude-code-cloud-2026-08-14	UNKNOWN STEP	2026-08-31T11:49:22.8552925Z ^[[36;1mpython -m vac.registry --fetch-bundle "agent-certlab/claude-code-cloud-2026-08-14" --dest bundle^[[0m
agent-certlab/claude-code-cloud-2026-08-14	UNKNOWN STEP	2026-08-31T11:49:22.8591827Z shell: /usr/bin/bash -e {0}
agent-certlab/claude-code-cloud-2026-08-14	UNKNOWN STEP	2026-08-31T11:49:22.8592081Z env:
agent-certlab/claude-code-cloud-2026-08-14	UNKNOWN STEP	2026-08-31T11:49:22.8592353Z   pythonLocation: /opt/hostedtoolcache/Python/3.12.14/x64
agent-certlab/claude-code-cloud-2026-08-14	UNKNOWN STEP	2026-08-31T11:49:22.8592793Z   PKG_CONFIG_PATH: /opt/hostedtoolcache/Python/3.12.14/x64/lib/pkgconfig
agent-certlab/claude-code-cloud-2026-08-14	UNKNOWN STEP	2026-08-31T11:49:22.8593234Z   Python_ROOT_DIR: /opt/hostedtoolcache/Python/3.12.14/x64
agent-certlab/claude-code-cloud-2026-08-14	UNKNOWN STEP	2026-08-31T11:49:22.8593644Z   Python2_ROOT_DIR: /opt/hostedtoolcache/Python/3.12.14/x64
agent-certlab/claude-code-cloud-2026-08-14	UNKNOWN STEP	2026-08-31T11:49:22.8594025Z   Python3_ROOT_DIR: /opt/hostedtoolcache/Python/3.12.14/x64
agent-certlab/claude-code-cloud-2026-08-14	UNKNOWN STEP	2026-08-31T11:49:22.8594403Z   LD_LIBRARY_PATH: /opt/hostedtoolcache/Python/3.12.14/x64/lib
agent-certlab/claude-code-cloud-2026-08-14	UNKNOWN STEP	2026-08-31T11:49:22.8594727Z ##[endgroup]
agent-certlab/claude-code-cloud-2026-08-14	UNKNOWN STEP	2026-08-31T11:49:23.6974002Z fetched agent-certlab/claude-code-cloud-2026-08-14 into bundle: every artifact sha256-verified against the registry
agent-certlab/claude-code-cloud-2026-08-14	UNKNOWN STEP	2026-08-31T11:49:23.7118522Z ##[group]Run python -m vac.verify bundle
agent-certlab/claude-code-cloud-2026-08-14	UNKNOWN STEP	2026-08-31T11:49:23.7118887Z ^[[36;1mpython -m vac.verify bundle^[[0m
agent-certlab/claude-code-cloud-2026-08-14	UNKNOWN STEP	2026-08-31T11:49:23.7156108Z shell: /usr/bin/bash -e {0}
agent-certlab/claude-code-cloud-2026-08-14	UNKNOWN STEP	2026-08-31T11:49:23.7156347Z env:
agent-certlab/claude-code-cloud-2026-08-14	UNKNOWN STEP	2026-08-31T11:49:23.7156625Z   pythonLocation: /opt/hostedtoolcache/Python/3.12.14/x64
agent-certlab/claude-code-cloud-2026-08-14	UNKNOWN STEP	2026-08-31T11:49:23.7157061Z   PKG_CONFIG_PATH: /opt/hostedtoolcache/Python/3.12.14/x64/lib/pkgconfig
agent-certlab/claude-code-cloud-2026-08-14	UNKNOWN STEP	2026-08-31T11:49:23.7157491Z   Python_ROOT_DIR: /opt/hostedtoolcache/Python/3.12.14/x64
agent-certlab/claude-code-cloud-2026-08-14	UNKNOWN STEP	2026-08-31T11:49:23.7158205Z   Python2_ROOT_DIR: /opt/hostedtoolcache/Python/3.12.14/x64
agent-certlab/claude-code-cloud-2026-08-14	UNKNOWN STEP	2026-08-31T11:49:23.7158614Z   Python3_ROOT_DIR: /opt/hostedtoolcache/Python/3.12.14/x64
agent-certlab/claude-code-cloud-2026-08-14	UNKNOWN STEP	2026-08-31T11:49:23.7159000Z   LD_LIBRARY_PATH: /opt/hostedtoolcache/Python/3.12.14/x64/lib
agent-certlab/claude-code-cloud-2026-08-14	UNKNOWN STEP	2026-08-31T11:49:23.7159329Z ##[endgroup]
agent-certlab/claude-code-cloud-2026-08-14	UNKNOWN STEP	2026-08-31T11:49:23.7563250Z structural verification: PASS (bundle)
agent-certlab/claude-code-cloud-2026-08-14	UNKNOWN STEP	2026-08-31T11:49:23.7564399Z   proved offline: manifest schema, artifact presence + sha256, bundle closure,
agent-certlab/claude-code-cloud-2026-08-14	UNKNOWN STEP	2026-08-31T11:49:23.7565409Z   stated limitations, stamp agreement, declared results recomputed from artifacts.
agent-certlab/claude-code-cloud-2026-08-14	UNKNOWN STEP	2026-08-31T11:49:23.7566391Z semantic replay: NOT run by this tool. A structural PASS means the bundle is
agent-certlab/claude-code-cloud-2026-08-14	UNKNOWN STEP	2026-08-31T11:49:23.7567258Z   internally honest, not that the issuer's grader agrees. To re-earn the
agent-certlab/claude-code-cloud-2026-08-14	UNKNOWN STEP	2026-08-31T11:49:23.7568609Z   verdicts, run the bundle's replay block at the pinned issuer_commit:
agent-certlab/claude-code-cloud-2026-08-14	UNKNOWN STEP	2026-08-31T11:49:23.7569315Z     $ git clone https://github.com/egnaro9/agent-certlab issuer
agent-certlab/claude-code-cloud-2026-08-14	UNKNOWN STEP	2026-08-31T11:49:23.7569836Z     $ git -C issuer checkout e7dd865
agent-certlab/claude-code-cloud-2026-08-14	UNKNOWN STEP	2026-08-31T11:49:23.7570558Z     $ python -m pip install -e './issuer[test]'
agent-certlab/claude-code-cloud-2026-08-14	UNKNOWN STEP	2026-08-31T11:49:23.7571013Z     $ python -m certlab.regrade bundle.json
agent-certlab/claude-code-cloud-2026-08-14	UNKNOWN STEP	2026-08-31T11:49:23.7573415Z     expected: exit 0; regrade reports 'consistent — 6/6 verdicts recomputed identical' (e7dd865 is the commit that introduced the regrader — it postdates issuer_commit 7ec0f94, and regrade refuses any bundle whose task-set hashes drifted, so a consistent report still binds these verdicts to the byte-identical pinned family)
agent-certlab/claude-code-cloud-2026-08-14	UNKNOWN STEP	2026-08-31T11:49:23.7643108Z ##[group]Run jq -r '.replay.commands[]' bundle/vac.json > replay.sh
agent-certlab/claude-code-cloud-2026-08-14	UNKNOWN STEP	2026-08-31T11:49:23.7643596Z ^[[36;1mjq -r '.replay.commands[]' bundle/vac.json > replay.sh^[[0m
agent-certlab/claude-code-cloud-2026-08-14	UNKNOWN STEP	2026-08-31T11:49:23.7644030Z ^[[36;1mecho "--- replay block (sha256-pinned via the registry) ---"^[[0m
agent-certlab/claude-code-cloud-2026-08-14	UNKNOWN STEP	2026-08-31T11:49:23.7644392Z ^[[36;1mcat replay.sh^[[0m
agent-certlab/claude-code-cloud-2026-08-14	UNKNOWN STEP	2026-08-31T11:49:23.7644722Z ^[[36;1mecho "--- expected: $(jq -r '.replay.expected' bundle/vac.json)"^[[0m
agent-certlab/claude-code-cloud-2026-08-14	UNKNOWN STEP	2026-08-31T11:49:23.7645096Z ^[[36;1mcd bundle^[[0m
agent-certlab/claude-code-cloud-2026-08-14	UNKNOWN STEP	2026-08-31T11:49:23.7645422Z ^[[36;1mbash -euxo pipefail ../replay.sh 2>&1 | tee ../transcript.txt^[[0m
agent-certlab/claude-code-cloud-2026-08-14	UNKNOWN STEP	2026-08-31T11:49:23.7686149Z shell: /usr/bin/bash --noprofile --norc -e -o pipefail {0}
agent-certlab/claude-code-cloud-2026-08-14	UNKNOWN STEP	2026-08-31T11:49:23.7686485Z env:
agent-certlab/claude-code-cloud-2026-08-14	UNKNOWN STEP	2026-08-31T11:49:23.7686747Z   pythonLocation: /opt/hostedtoolcache/Python/3.12.14/x64
agent-certlab/claude-code-cloud-2026-08-14	UNKNOWN STEP	2026-08-31T11:49:23.7687182Z   PKG_CONFIG_PATH: /opt/hostedtoolcache/Python/3.12.14/x64/lib/pkgconfig
agent-certlab/claude-code-cloud-2026-08-14	UNKNOWN STEP	2026-08-31T11:49:23.7687602Z   Python_ROOT_DIR: /opt/hostedtoolcache/Python/3.12.14/x64
agent-certlab/claude-code-cloud-2026-08-14	UNKNOWN STEP	2026-08-31T11:49:23.7688270Z   Python2_ROOT_DIR: /opt/hostedtoolcache/Python/3.12.14/x64
agent-certlab/claude-code-cloud-2026-08-14	UNKNOWN STEP	2026-08-31T11:49:23.7688658Z   Python3_ROOT_DIR: /opt/hostedtoolcache/Python/3.12.14/x64
agent-certlab/claude-code-cloud-2026-08-14	UNKNOWN STEP	2026-08-31T11:49:23.7689066Z   LD_LIBRARY_PATH: /opt/hostedtoolcache/Python/3.12.14/x64/lib
agent-certlab/claude-code-cloud-2026-08-14	UNKNOWN STEP	2026-08-31T11:49:23.7689395Z ##[endgroup]
agent-certlab/claude-code-cloud-2026-08-14	UNKNOWN STEP	2026-08-31T11:49:23.7776803Z --- replay block (sha256-pinned via the registry) ---
agent-certlab/claude-code-cloud-2026-08-14	UNKNOWN STEP	2026-08-31T11:49:23.7785862Z git clone https://github.com/egnaro9/agent-certlab issuer
agent-certlab/claude-code-cloud-2026-08-14	UNKNOWN STEP	2026-08-31T11:49:23.7786458Z git -C issuer checkout e7dd865
agent-certlab/claude-code-cloud-2026-08-14	UNKNOWN STEP	2026-08-31T11:49:23.7787097Z python -m pip install -e './issuer[test]'
agent-certlab/claude-code-cloud-2026-08-14	UNKNOWN STEP	2026-08-31T11:49:23.7787958Z python -m certlab.regrade bundle.json
agent-certlab/claude-code-cloud-2026-08-14	UNKNOWN STEP	2026-08-31T11:49:23.7818264Z --- expected: exit 0; regrade reports 'consistent — 6/6 verdicts recomputed identical' (e7dd865 is the commit that introduced the regrader — it postdates issuer_commit 7ec0f94, and regrade refuses any bundle whose task-set hashes drifted, so a consistent report still binds these verdicts to the byte-identical pinned family)
agent-certlab/claude-code-cloud-2026-08-14	UNKNOWN STEP	2026-08-31T11:49:23.7832762Z + git clone https://github.com/egnaro9/agent-certlab issuer
agent-certlab/claude-code-cloud-2026-08-14	UNKNOWN STEP	2026-08-31T11:49:23.7845472Z Cloning into 'issuer'...
agent-certlab/claude-code-cloud-2026-08-14	UNKNOWN STEP	2026-08-31T11:49:24.3061598Z + git -C issuer checkout e7dd865
agent-certlab/claude-code-cloud-2026-08-14	UNKNOWN STEP	2026-08-31T11:49:24.3116147Z Note: switching to 'e7dd865'.
agent-certlab/claude-code-cloud-2026-08-14	UNKNOWN STEP	2026-08-31T11:49:24.3116497Z 
agent-certlab/claude-code-cloud-2026-08-14	UNKNOWN STEP	2026-08-31T11:49:24.3117027Z You are in 'detached HEAD' state. You can look around, make experimental
agent-certlab/claude-code-cloud-2026-08-14	UNKNOWN STEP	2026-08-31T11:49:24.3118290Z changes and commit them, and you can discard any commits you make in this
agent-certlab/claude-code-cloud-2026-08-14	UNKNOWN STEP	2026-08-31T11:49:24.3119367Z state without impacting any branches by switching back to a branch.
agent-certlab/claude-code-cloud-2026-08-14	UNKNOWN STEP	2026-08-31T11:49:24.3119850Z 
agent-certlab/claude-code-cloud-2026-08-14	UNKNOWN STEP	2026-08-31T11:49:24.3120322Z If you want to create a new branch to retain commits you create, you may
agent-certlab/claude-code-cloud-2026-08-14	UNKNOWN STEP	2026-08-31T11:49:24.3121219Z do so (now or later) by using -c with the switch command. Example:
agent-certlab/claude-code-cloud-2026-08-14	UNKNOWN STEP	2026-08-31T11:49:24.3121659Z 
agent-certlab/claude-code-cloud-2026-08-14	UNKNOWN STEP	2026-08-31T11:49:24.3121896Z   git switch -c <new-branch-name>
agent-certlab/claude-code-cloud-2026-08-14	UNKNOWN STEP	2026-08-31T11:49:24.3122110Z 
agent-certlab/claude-code-cloud-2026-08-14	UNKNOWN STEP	2026-08-31T11:49:24.3122255Z Or undo this operation with:
agent-certlab/claude-code-cloud-2026-08-14	UNKNOWN STEP	2026-08-31T11:49:24.3122502Z 
agent-certlab/claude-code-cloud-2026-08-14	UNKNOWN STEP	2026-08-31T11:49:24.3122670Z   git switch -
agent-certlab/claude-code-cloud-2026-08-14	UNKNOWN STEP	2026-08-31T11:49:24.3122871Z 
agent-certlab/claude-code-cloud-2026-08-14	UNKNOWN STEP	2026-08-31T11:49:24.3123456Z Turn off this advice by setting config variable advice.detachedHead to false
agent-certlab/claude-code-cloud-2026-08-14	UNKNOWN STEP	2026-08-31T11:49:24.3124142Z 
agent-certlab/claude-code-cloud-2026-08-14	UNKNOWN STEP	2026-08-31T11:49:24.3124874Z HEAD is now at e7dd865 Independent regrader: recorded verdicts are re-earned, not trusted
agent-certlab/claude-code-cloud-2026-08-14	UNKNOWN STEP	2026-08-31T11:49:24.3125758Z + python -m pip install -e './issuer[test]'
agent-certlab/claude-code-cloud-2026-08-14	UNKNOWN STEP	2026-08-31T11:49:24.6251285Z Obtaining file:///home/runner/work/vac-protocol/vac-protocol/bundle/issuer
agent-certlab/claude-code-cloud-2026-08-14	UNKNOWN STEP	2026-08-31T11:49:24.6266099Z   Installing build dependencies: started
agent-certlab/claude-code-cloud-2026-08-14	UNKNOWN STEP	2026-08-31T11:49:25.1499705Z   Installing build dependencies: finished with status 'done'
agent-certlab/claude-code-cloud-2026-08-14	UNKNOWN STEP	2026-08-31T11:49:25.1506629Z   Checking if build backend supports build_editable: started
agent-certlab/claude-code-cloud-2026-08-14	UNKNOWN STEP	2026-08-31T11:49:25.4340868Z   Checking if build backend supports build_editable: finished with status 'done'
agent-certlab/claude-code-cloud-2026-08-14	UNKNOWN STEP	2026-08-31T11:49:25.4349227Z   Getting requirements to build editable: started
agent-certlab/claude-code-cloud-2026-08-14	UNKNOWN STEP	2026-08-31T11:49:25.7708576Z   Getting requirements to build editable: finished with status 'done'
agent-certlab/claude-code-cloud-2026-08-14	UNKNOWN STEP	2026-08-31T11:49:25.7717177Z   Preparing editable metadata (pyproject.toml): started
agent-certlab/claude-code-cloud-2026-08-14	UNKNOWN STEP	2026-08-31T11:49:25.9627615Z   Preparing editable metadata (pyproject.toml): finished with status 'done'
agent-certlab/claude-code-cloud-2026-08-14	UNKNOWN STEP	2026-08-31T11:49:26.0631283Z Collecting pytest (from agent-certlab==0.0.1)
agent-certlab/claude-code-cloud-2026-08-14	UNKNOWN STEP	2026-08-31T11:49:26.1196932Z   Downloading pytest-9.1.1-py3-none-any.whl.metadata (7.6 kB)
agent-certlab/claude-code-cloud-2026-08-14	UNKNOWN STEP	2026-08-31T11:49:26.1370801Z Collecting iniconfig>=1.0.1 (from pytest->agent-certlab==0.0.1)
agent-certlab/claude-code-cloud-2026-08-14	UNKNOWN STEP	2026-08-31T11:49:26.1439317Z   Downloading iniconfig-2.3.0-py3-none-any.whl.metadata (2.5 kB)
agent-certlab/claude-code-cloud-2026-08-14	UNKNOWN STEP	2026-08-31T11:49:26.1633774Z Collecting packaging>=22 (from pytest->agent-certlab==0.0.1)
agent-certlab/claude-code-cloud-2026-08-14	UNKNOWN STEP	2026-08-31T11:49:26.1707549Z   Downloading packaging-26.3-py3-none-any.whl.metadata (3.5 kB)
agent-certlab/claude-code-cloud-2026-08-14	UNKNOWN STEP	2026-08-31T11:49:26.1882085Z Collecting pluggy<2,>=1.5 (from pytest->agent-certlab==0.0.1)
agent-certlab/claude-code-cloud-2026-08-14	UNKNOWN STEP	2026-08-31T11:49:26.1952183Z   Downloading pluggy-1.6.0-py3-none-any.whl.metadata (4.8 kB)
agent-certlab/claude-code-cloud-2026-08-14	UNKNOWN STEP	2026-08-31T11:49:26.2187413Z Collecting pygments>=2.7.2 (from pytest->agent-certlab==0.0.1)
agent-certlab/claude-code-cloud-2026-08-14	UNKNOWN STEP	2026-08-31T11:49:26.2257987Z   Downloading pygments-2.21.0-py3-none-any.whl.metadata (2.5 kB)
agent-certlab/claude-code-cloud-2026-08-14	UNKNOWN STEP	2026-08-31T11:49:26.2375528Z Downloading pytest-9.1.1-py3-none-any.whl (386 kB)
agent-certlab/claude-code-cloud-2026-08-14	UNKNOWN STEP	2026-08-31T11:49:26.2680931Z Downloading pluggy-1.6.0-py3-none-any.whl (20 kB)
agent-certlab/claude-code-cloud-2026-08-14	UNKNOWN STEP	2026-08-31T11:49:26.2767317Z Downloading iniconfig-2.3.0-py3-none-any.whl (7.5 kB)
agent-certlab/claude-code-cloud-2026-08-14	UNKNOWN STEP	2026-08-31T11:49:26.2854462Z Downloading packaging-26.3-py3-none-any.whl (129 kB)
agent-certlab/claude-code-cloud-2026-08-14	UNKNOWN STEP	2026-08-31T11:49:26.2965527Z Downloading pygments-2.21.0-py3-none-any.whl (1.3 MB)
agent-certlab/claude-code-cloud-2026-08-14	UNKNOWN STEP	2026-08-31T11:49:26.3408990Z    ━━━━━━━━━━━━━━━━━━━━━━━━━━━━━━━━━━━━━━━━ 1.3/1.3 MB 28.8 MB/s  0:00:00
agent-certlab/claude-code-cloud-2026-08-14	UNKNOWN STEP	2026-08-31T11:49:26.3566578Z Building wheels for collected packages: agent-certlab
agent-certlab/claude-code-cloud-2026-08-14	UNKNOWN STEP	2026-08-31T11:49:26.3575108Z   Building editable for agent-certlab (pyproject.toml): started
agent-certlab/claude-code-cloud-2026-08-14	UNKNOWN STEP	2026-08-31T11:49:26.5718910Z   Building editable for agent-certlab (pyproject.toml): finished with status 'done'
agent-certlab/claude-code-cloud-2026-08-14	UNKNOWN STEP	2026-08-31T11:49:26.5724929Z   Created wheel for agent-certlab: filename=agent_certlab-0.0.1-0.editable-py3-none-any.whl size=4078 sha256=d0a7eecbb228d5cd395e6314fa219690b3ddc17d22ef0ad41ced4c929e34f24c
agent-certlab/claude-code-cloud-2026-08-14	UNKNOWN STEP	2026-08-31T11:49:26.5726858Z   Stored in directory: /tmp/pip-ephem-wheel-cache-puc3clyj/wheels/9c/ec/1b/d9e190e220536733f4048d8fe227b840b2eca03c0a75ceaeaf
agent-certlab/claude-code-cloud-2026-08-14	UNKNOWN STEP	2026-08-31T11:49:26.5742000Z Successfully built agent-certlab
agent-certlab/claude-code-cloud-2026-08-14	UNKNOWN STEP	2026-08-31T11:49:26.5948628Z Installing collected packages: pygments, pluggy, packaging, iniconfig, agent-certlab, pytest
agent-certlab/claude-code-cloud-2026-08-14	UNKNOWN STEP	2026-08-31T11:49:27.7314215Z 
agent-certlab/claude-code-cloud-2026-08-14	UNKNOWN STEP	2026-08-31T11:49:27.7328018Z Successfully installed agent-certlab-0.0.1 iniconfig-2.3.0 packaging-26.3 pluggy-1.6.0 pygments-2.21.0 pytest-9.1.1
agent-certlab/claude-code-cloud-2026-08-14	UNKNOWN STEP	2026-08-31T11:49:27.7896603Z + python -m certlab.regrade bundle.json
agent-certlab/claude-code-cloud-2026-08-14	UNKNOWN STEP	2026-08-31T11:49:29.3135236Z : consistent — 6/6 verdicts recomputed identical
agent-certlab/claude-code-cloud-2026-08-14	UNKNOWN STEP	2026-08-31T11:49:29.3255823Z ##[group]Run if jq -e '[.results.checks[].profile] | index("certlab-bundle-v1")' bundle/vac.json > /dev/null; then
agent-certlab/claude-code-cloud-2026-08-14	UNKNOWN STEP	2026-08-31T11:49:29.3256633Z ^[[36;1mif jq -e '[.results.checks[].profile] | index("certlab-bundle-v1")' bundle/vac.json > /dev/null; then^[[0m
agent-certlab/claude-code-cloud-2026-08-14	UNKNOWN STEP	2026-08-31T11:49:29.3257205Z ^[[36;1m  if grep -Eq 'stale-code|cannot regrade' transcript.txt; then^[[0m
agent-certlab/claude-code-cloud-2026-08-14	UNKNOWN STEP	2026-08-31T11:49:29.3258371Z ^[[36;1m    echo "regrade REFUSED at the pinned commit — issuer_commit/replay commit does not regrade this bundle (drifted task set or wrong pin)"^[[0m
agent-certlab/claude-code-cloud-2026-08-14	UNKNOWN STEP	2026-08-31T11:49:29.3258993Z ^[[36;1m    exit 1^[[0m
agent-certlab/claude-code-cloud-2026-08-14	UNKNOWN STEP	2026-08-31T11:49:29.3259198Z ^[[36;1m  fi^[[0m
agent-certlab/claude-code-cloud-2026-08-14	UNKNOWN STEP	2026-08-31T11:49:29.3259449Z ^[[36;1m  if ! grep -q 'consistent' transcript.txt; then^[[0m
agent-certlab/claude-code-cloud-2026-08-14	UNKNOWN STEP	2026-08-31T11:49:29.3259898Z ^[[36;1m    echo "regrade never reported 'consistent' — the verdicts were not re-earned"^[[0m
agent-certlab/claude-code-cloud-2026-08-14	UNKNOWN STEP	2026-08-31T11:49:29.3260504Z ^[[36;1m    exit 1^[[0m
agent-certlab/claude-code-cloud-2026-08-14	UNKNOWN STEP	2026-08-31T11:49:29.3260703Z ^[[36;1m  fi^[[0m
agent-certlab/claude-code-cloud-2026-08-14	UNKNOWN STEP	2026-08-31T11:49:29.3260888Z ^[[36;1melse^[[0m
agent-certlab/claude-code-cloud-2026-08-14	UNKNOWN STEP	2026-08-31T11:49:29.3261255Z ^[[36;1m  echo "no certlab-bundle-v1 check in this bundle; predicate not applicable"^[[0m
agent-certlab/claude-code-cloud-2026-08-14	UNKNOWN STEP	2026-08-31T11:49:29.3261653Z ^[[36;1mfi^[[0m
agent-certlab/claude-code-cloud-2026-08-14	UNKNOWN STEP	2026-08-31T11:49:29.3299106Z shell: /usr/bin/bash -e {0}
agent-certlab/claude-code-cloud-2026-08-14	UNKNOWN STEP	2026-08-31T11:49:29.3299352Z env:
agent-certlab/claude-code-cloud-2026-08-14	UNKNOWN STEP	2026-08-31T11:49:29.3299620Z   pythonLocation: /opt/hostedtoolcache/Python/3.12.14/x64
agent-certlab/claude-code-cloud-2026-08-14	UNKNOWN STEP	2026-08-31T11:49:29.3300060Z   PKG_CONFIG_PATH: /opt/hostedtoolcache/Python/3.12.14/x64/lib/pkgconfig
agent-certlab/claude-code-cloud-2026-08-14	UNKNOWN STEP	2026-08-31T11:49:29.3300487Z   Python_ROOT_DIR: /opt/hostedtoolcache/Python/3.12.14/x64
agent-certlab/claude-code-cloud-2026-08-14	UNKNOWN STEP	2026-08-31T11:49:29.3300874Z   Python2_ROOT_DIR: /opt/hostedtoolcache/Python/3.12.14/x64
agent-certlab/claude-code-cloud-2026-08-14	UNKNOWN STEP	2026-08-31T11:49:29.3301256Z   Python3_ROOT_DIR: /opt/hostedtoolcache/Python/3.12.14/x64
agent-certlab/claude-code-cloud-2026-08-14	UNKNOWN STEP	2026-08-31T11:49:29.3301649Z   LD_LIBRARY_PATH: /opt/hostedtoolcache/Python/3.12.14/x64/lib
agent-certlab/claude-code-cloud-2026-08-14	UNKNOWN STEP	2026-08-31T11:49:29.3301982Z ##[endgroup]
agent-certlab/claude-code-cloud-2026-08-14	UNKNOWN STEP	2026-08-31T11:49:29.3439922Z ##[group]Run if jq -e '[.results.checks[].profile] | index("fleet-board-v1")' bundle/vac.json > /dev/null; then
agent-certlab/claude-code-cloud-2026-08-14	UNKNOWN STEP	2026-08-31T11:49:29.3440667Z ^[[36;1mif jq -e '[.results.checks[].profile] | index("fleet-board-v1")' bundle/vac.json > /dev/null; then^[[0m
agent-certlab/claude-code-cloud-2026-08-14	UNKNOWN STEP	2026-08-31T11:49:29.3441190Z ^[[36;1m  if ! grep -q '+ cmp ' transcript.txt; then^[[0m
agent-certlab/claude-code-cloud-2026-08-14	UNKNOWN STEP	2026-08-31T11:49:29.3441744Z ^[[36;1m    echo "fleet replay block executed no cmp — byte-identity with the downloaded results was never checked"^[[0m
agent-certlab/claude-code-cloud-2026-08-14	UNKNOWN STEP	2026-08-31T11:49:29.3442268Z ^[[36;1m    exit 1^[[0m
agent-certlab/claude-code-cloud-2026-08-14	UNKNOWN STEP	2026-08-31T11:49:29.3442475Z ^[[36;1m  fi^[[0m
agent-certlab/claude-code-cloud-2026-08-14	UNKNOWN STEP	2026-08-31T11:49:29.3442733Z ^[[36;1m  if grep -E 'differ|EOF on' transcript.txt; then^[[0m
agent-certlab/claude-code-cloud-2026-08-14	UNKNOWN STEP	2026-08-31T11:49:29.3443242Z ^[[36;1m    echo "a byte-compare FAILED — the pinned commit does not reproduce the registered bytes"^[[0m
agent-certlab/claude-code-cloud-2026-08-14	UNKNOWN STEP	2026-08-31T11:49:29.3443695Z ^[[36;1m    exit 1^[[0m
agent-certlab/claude-code-cloud-2026-08-14	UNKNOWN STEP	2026-08-31T11:49:29.3443894Z ^[[36;1m  fi^[[0m
agent-certlab/claude-code-cloud-2026-08-14	UNKNOWN STEP	2026-08-31T11:49:29.3444074Z ^[[36;1melse^[[0m
agent-certlab/claude-code-cloud-2026-08-14	UNKNOWN STEP	2026-08-31T11:49:29.3444451Z ^[[36;1m  echo "no fleet-board-v1 check in this bundle; predicate not applicable"^[[0m
agent-certlab/claude-code-cloud-2026-08-14	UNKNOWN STEP	2026-08-31T11:49:29.3444838Z ^[[36;1mfi^[[0m
agent-certlab/claude-code-cloud-2026-08-14	UNKNOWN STEP	2026-08-31T11:49:29.3478512Z shell: /usr/bin/bash -e {0}
agent-certlab/claude-code-cloud-2026-08-14	UNKNOWN STEP	2026-08-31T11:49:29.3478758Z env:
agent-certlab/claude-code-cloud-2026-08-14	UNKNOWN STEP	2026-08-31T11:49:29.3479026Z   pythonLocation: /opt/hostedtoolcache/Python/3.12.14/x64
agent-certlab/claude-code-cloud-2026-08-14	UNKNOWN STEP	2026-08-31T11:49:29.3479475Z   PKG_CONFIG_PATH: /opt/hostedtoolcache/Python/3.12.14/x64/lib/pkgconfig
agent-certlab/claude-code-cloud-2026-08-14	UNKNOWN STEP	2026-08-31T11:49:29.3479910Z   Python_ROOT_DIR: /opt/hostedtoolcache/Python/3.12.14/x64
agent-certlab/claude-code-cloud-2026-08-14	UNKNOWN STEP	2026-08-31T11:49:29.3480303Z   Python2_ROOT_DIR: /opt/hostedtoolcache/Python/3.12.14/x64
agent-certlab/claude-code-cloud-2026-08-14	UNKNOWN STEP	2026-08-31T11:49:29.3480704Z   Python3_ROOT_DIR: /opt/hostedtoolcache/Python/3.12.14/x64
agent-certlab/claude-code-cloud-2026-08-14	UNKNOWN STEP	2026-08-31T11:49:29.3481094Z   LD_LIBRARY_PATH: /opt/hostedtoolcache/Python/3.12.14/x64/lib
agent-certlab/claude-code-cloud-2026-08-14	UNKNOWN STEP	2026-08-31T11:49:29.3481408Z ##[endgroup]
agent-certlab/claude-code-cloud-2026-08-14	UNKNOWN STEP	2026-08-31T11:49:29.3562126Z no fleet-board-v1 check in this bundle; predicate not applicable
agent-certlab/claude-code-cloud-2026-08-14	UNKNOWN STEP	2026-08-31T11:49:29.3589134Z ##[group]Run if jq -e '[.results.checks[].profile] | index("evalmut-run-v1")' bundle/vac.json > /dev/null; then
agent-certlab/claude-code-cloud-2026-08-14	UNKNOWN STEP	2026-08-31T11:49:29.3589863Z ^[[36;1mif jq -e '[.results.checks[].profile] | index("evalmut-run-v1")' bundle/vac.json > /dev/null; then^[[0m
agent-certlab/claude-code-cloud-2026-08-14	UNKNOWN STEP	2026-08-31T11:49:29.3590394Z ^[[36;1m  if ! grep -q '+ cmp ' transcript.txt; then^[[0m
agent-certlab/claude-code-cloud-2026-08-14	UNKNOWN STEP	2026-08-31T11:49:29.3590955Z ^[[36;1m    echo "evalmut replay block executed no cmp — byte-identity with the downloaded payload was never checked"^[[0m
agent-certlab/claude-code-cloud-2026-08-14	UNKNOWN STEP	2026-08-31T11:49:29.3591471Z ^[[36;1m    exit 1^[[0m
agent-certlab/claude-code-cloud-2026-08-14	UNKNOWN STEP	2026-08-31T11:49:29.3591680Z ^[[36;1m  fi^[[0m
agent-certlab/claude-code-cloud-2026-08-14	UNKNOWN STEP	2026-08-31T11:49:29.3591930Z ^[[36;1m  if grep -E 'differ|EOF on' transcript.txt; then^[[0m
agent-certlab/claude-code-cloud-2026-08-14	UNKNOWN STEP	2026-08-31T11:49:29.3592452Z ^[[36;1m    echo "a byte-compare FAILED — the pinned commit does not reproduce the registered bytes"^[[0m
agent-certlab/claude-code-cloud-2026-08-14	UNKNOWN STEP	2026-08-31T11:49:29.3592899Z ^[[36;1m    exit 1^[[0m
agent-certlab/claude-code-cloud-2026-08-14	UNKNOWN STEP	2026-08-31T11:49:29.3593092Z ^[[36;1m  fi^[[0m
agent-certlab/claude-code-cloud-2026-08-14	UNKNOWN STEP	2026-08-31T11:49:29.3593273Z ^[[36;1melse^[[0m
agent-certlab/claude-code-cloud-2026-08-14	UNKNOWN STEP	2026-08-31T11:49:29.3593625Z ^[[36;1m  echo "no evalmut-run-v1 check in this bundle; predicate not applicable"^[[0m
agent-certlab/claude-code-cloud-2026-08-14	UNKNOWN STEP	2026-08-31T11:49:29.3594013Z ^[[36;1mfi^[[0m
agent-certlab/claude-code-cloud-2026-08-14	UNKNOWN STEP	2026-08-31T11:49:29.3627447Z shell: /usr/bin/bash -e {0}
agent-certlab/claude-code-cloud-2026-08-14	UNKNOWN STEP	2026-08-31T11:49:29.3627916Z env:
agent-certlab/claude-code-cloud-2026-08-14	UNKNOWN STEP	2026-08-31T11:49:29.3628192Z   pythonLocation: /opt/hostedtoolcache/Python/3.12.14/x64
agent-certlab/claude-code-cloud-2026-08-14	UNKNOWN STEP	2026-08-31T11:49:29.3628640Z   PKG_CONFIG_PATH: /opt/hostedtoolcache/Python/3.12.14/x64/lib/pkgconfig
agent-certlab/claude-code-cloud-2026-08-14	UNKNOWN STEP	2026-08-31T11:49:29.3629073Z   Python_ROOT_DIR: /opt/hostedtoolcache/Python/3.12.14/x64
agent-certlab/claude-code-cloud-2026-08-14	UNKNOWN STEP	2026-08-31T11:49:29.3629444Z   Python2_ROOT_DIR: /opt/hostedtoolcache/Python/3.12.14/x64
agent-certlab/claude-code-cloud-2026-08-14	UNKNOWN STEP	2026-08-31T11:49:29.3629818Z   Python3_ROOT_DIR: /opt/hostedtoolcache/Python/3.12.14/x64
agent-certlab/claude-code-cloud-2026-08-14	UNKNOWN STEP	2026-08-31T11:49:29.3630191Z   LD_LIBRARY_PATH: /opt/hostedtoolcache/Python/3.12.14/x64/lib
agent-certlab/claude-code-cloud-2026-08-14	UNKNOWN STEP	2026-08-31T11:49:29.3630507Z ##[endgroup]
agent-certlab/claude-code-cloud-2026-08-14	UNKNOWN STEP	2026-08-31T11:49:29.3712544Z no evalmut-run-v1 check in this bundle; predicate not applicable
agent-certlab/claude-code-cloud-2026-08-14	UNKNOWN STEP	2026-08-31T11:49:29.3741266Z ##[group]Run if jq -e '[.results.checks[].profile] | index("crashkit-battery-v1")' bundle/vac.json > /dev/null; then
agent-certlab/claude-code-cloud-2026-08-14	UNKNOWN STEP	2026-08-31T11:49:29.3742053Z ^[[36;1mif jq -e '[.results.checks[].profile] | index("crashkit-battery-v1")' bundle/vac.json > /dev/null; then^[[0m
agent-certlab/claude-code-cloud-2026-08-14	UNKNOWN STEP	2026-08-31T11:49:29.3742597Z ^[[36;1m  if ! grep -q '+ cmp ' transcript.txt; then^[[0m
agent-certlab/claude-code-cloud-2026-08-14	UNKNOWN STEP	2026-08-31T11:49:29.3743165Z ^[[36;1m    echo "crashkit replay block executed no cmp — byte-identity with the downloaded artifacts was never checked"^[[0m
agent-certlab/claude-code-cloud-2026-08-14	UNKNOWN STEP	2026-08-31T11:49:29.3743700Z ^[[36;1m    exit 1^[[0m
agent-certlab/claude-code-cloud-2026-08-14	UNKNOWN STEP	2026-08-31T11:49:29.3743909Z ^[[36;1m  fi^[[0m
agent-certlab/claude-code-cloud-2026-08-14	UNKNOWN STEP	2026-08-31T11:49:29.3744165Z ^[[36;1m  if grep -E 'differ|EOF on' transcript.txt; then^[[0m
agent-certlab/claude-code-cloud-2026-08-14	UNKNOWN STEP	2026-08-31T11:49:29.3744662Z ^[[36;1m    echo "a byte-compare FAILED — the pinned commit does not reproduce the registered bytes"^[[0m
agent-certlab/claude-code-cloud-2026-08-14	UNKNOWN STEP	2026-08-31T11:49:29.3745109Z ^[[36;1m    exit 1^[[0m
agent-certlab/claude-code-cloud-2026-08-14	UNKNOWN STEP	2026-08-31T11:49:29.3745302Z ^[[36;1m  fi^[[0m
agent-certlab/claude-code-cloud-2026-08-14	UNKNOWN STEP	2026-08-31T11:49:29.3745483Z ^[[36;1melse^[[0m
agent-certlab/claude-code-cloud-2026-08-14	UNKNOWN STEP	2026-08-31T11:49:29.3745852Z ^[[36;1m  echo "no crashkit-battery-v1 check in this bundle; predicate not applicable"^[[0m
agent-certlab/claude-code-cloud-2026-08-14	UNKNOWN STEP	2026-08-31T11:49:29.3746249Z ^[[36;1mfi^[[0m
agent-certlab/claude-code-cloud-2026-08-14	UNKNOWN STEP	2026-08-31T11:49:29.3779445Z shell: /usr/bin/bash -e {0}
agent-certlab/claude-code-cloud-2026-08-14	UNKNOWN STEP	2026-08-31T11:49:29.3779682Z env:
agent-certlab/claude-code-cloud-2026-08-14	UNKNOWN STEP	2026-08-31T11:49:29.3779944Z   pythonLocation: /opt/hostedtoolcache/Python/3.12.14/x64
agent-certlab/claude-code-cloud-2026-08-14	UNKNOWN STEP	2026-08-31T11:49:29.3780385Z   PKG_CONFIG_PATH: /opt/hostedtoolcache/Python/3.12.14/x64/lib/pkgconfig
agent-certlab/claude-code-cloud-2026-08-14	UNKNOWN STEP	2026-08-31T11:49:29.3780833Z   Python_ROOT_DIR: /opt/hostedtoolcache/Python/3.12.14/x64
agent-certlab/claude-code-cloud-2026-08-14	UNKNOWN STEP	2026-08-31T11:49:29.3781210Z   Python2_ROOT_DIR: /opt/hostedtoolcache/Python/3.12.14/x64
agent-certlab/claude-code-cloud-2026-08-14	UNKNOWN STEP	2026-08-31T11:49:29.3781611Z   Python3_ROOT_DIR: /opt/hostedtoolcache/Python/3.12.14/x64
agent-certlab/claude-code-cloud-2026-08-14	UNKNOWN STEP	2026-08-31T11:49:29.3782081Z   LD_LIBRARY_PATH: /opt/hostedtoolcache/Python/3.12.14/x64/lib
agent-certlab/claude-code-cloud-2026-08-14	UNKNOWN STEP	2026-08-31T11:49:29.3782400Z ##[endgroup]
agent-certlab/claude-code-cloud-2026-08-14	UNKNOWN STEP	2026-08-31T11:49:29.3863790Z no crashkit-battery-v1 check in this bundle; predicate not applicable
agent-certlab/claude-code-cloud-2026-08-14	UNKNOWN STEP	2026-08-31T11:49:29.3891033Z ##[group]Run if jq -e '[.results.checks[].profile] | index("modeldrift-board-v1")' bundle/vac.json > /dev/null; then
agent-certlab/claude-code-cloud-2026-08-14	UNKNOWN STEP	2026-08-31T11:49:29.3891813Z ^[[36;1mif jq -e '[.results.checks[].profile] | index("modeldrift-board-v1")' bundle/vac.json > /dev/null; then^[[0m
agent-certlab/claude-code-cloud-2026-08-14	UNKNOWN STEP	2026-08-31T11:49:29.3892342Z ^[[36;1m  if ! grep -q '+ cmp ' transcript.txt; then^[[0m
agent-certlab/claude-code-cloud-2026-08-14	UNKNOWN STEP	2026-08-31T11:49:29.3892931Z ^[[36;1m    echo "modeldrift replay block executed no cmp — byte-identity with the downloaded artifacts was never checked"^[[0m
agent-certlab/claude-code-cloud-2026-08-14	UNKNOWN STEP	2026-08-31T11:49:29.3893477Z ^[[36;1m    exit 1^[[0m
agent-certlab/claude-code-cloud-2026-08-14	UNKNOWN STEP	2026-08-31T11:49:29.3893684Z ^[[36;1m  fi^[[0m
agent-certlab/claude-code-cloud-2026-08-14	UNKNOWN STEP	2026-08-31T11:49:29.3893935Z ^[[36;1m  if grep -E 'differ|EOF on' transcript.txt; then^[[0m
agent-certlab/claude-code-cloud-2026-08-14	UNKNOWN STEP	2026-08-31T11:49:29.3894461Z ^[[36;1m    echo "a byte-compare FAILED — the pinned commit does not reproduce the registered bytes"^[[0m
agent-certlab/claude-code-cloud-2026-08-14	UNKNOWN STEP	2026-08-31T11:49:29.3894908Z ^[[36;1m    exit 1^[[0m
agent-certlab/claude-code-cloud-2026-08-14	UNKNOWN STEP	2026-08-31T11:49:29.3895102Z ^[[36;1m  fi^[[0m
agent-certlab/claude-code-cloud-2026-08-14	UNKNOWN STEP	2026-08-31T11:49:29.3895279Z ^[[36;1melse^[[0m
agent-certlab/claude-code-cloud-2026-08-14	UNKNOWN STEP	2026-08-31T11:49:29.3895660Z ^[[36;1m  echo "no modeldrift-board-v1 check in this bundle; predicate not applicable"^[[0m
agent-certlab/claude-code-cloud-2026-08-14	UNKNOWN STEP	2026-08-31T11:49:29.3896066Z ^[[36;1mfi^[[0m
agent-certlab/claude-code-cloud-2026-08-14	UNKNOWN STEP	2026-08-31T11:49:29.3928890Z shell: /usr/bin/bash -e {0}
agent-certlab/claude-code-cloud-2026-08-14	UNKNOWN STEP	2026-08-31T11:49:29.3929138Z env:
agent-certlab/claude-code-cloud-2026-08-14	UNKNOWN STEP	2026-08-31T11:49:29.3929399Z   pythonLocation: /opt/hostedtoolcache/Python/3.12.14/x64
agent-certlab/claude-code-cloud-2026-08-14	UNKNOWN STEP	2026-08-31T11:49:29.3929835Z   PKG_CONFIG_PATH: /opt/hostedtoolcache/Python/3.12.14/x64/lib/pkgconfig
agent-certlab/claude-code-cloud-2026-08-14	UNKNOWN STEP	2026-08-31T11:49:29.3930455Z   Python_ROOT_DIR: /opt/hostedtoolcache/Python/3.12.14/x64
agent-certlab/claude-code-cloud-2026-08-14	UNKNOWN STEP	2026-08-31T11:49:29.3930836Z   Python2_ROOT_DIR: /opt/hostedtoolcache/Python/3.12.14/x64
agent-certlab/claude-code-cloud-2026-08-14	UNKNOWN STEP	2026-08-31T11:49:29.3931215Z   Python3_ROOT_DIR: /opt/hostedtoolcache/Python/3.12.14/x64
agent-certlab/claude-code-cloud-2026-08-14	UNKNOWN STEP	2026-08-31T11:49:29.3931589Z   LD_LIBRARY_PATH: /opt/hostedtoolcache/Python/3.12.14/x64/lib
agent-certlab/claude-code-cloud-2026-08-14	UNKNOWN STEP	2026-08-31T11:49:29.3931905Z ##[endgroup]
agent-certlab/claude-code-cloud-2026-08-14	UNKNOWN STEP	2026-08-31T11:49:29.4012840Z no modeldrift-board-v1 check in this bundle; predicate not applicable
agent-certlab/claude-code-cloud-2026-08-14	UNKNOWN STEP	2026-08-31T11:49:29.4106917Z Node 20 is being deprecated. This workflow is running with Node 24 by default. If you need to temporarily use Node 20, you can set the ACTIONS_ALLOW_USE_UNSECURE_NODE_VERSION=true environment variable. For more information see: https://github.blog/changelog/2025-09-19-deprecation-of-node-20-on-github-actions-runners/
agent-certlab/claude-code-cloud-2026-08-14	UNKNOWN STEP	2026-08-31T11:49:29.4108519Z Post job cleanup.
agent-certlab/claude-code-cloud-2026-08-14	UNKNOWN STEP	2026-08-31T11:49:29.5324633Z (node:2430) [DEP0040] DeprecationWarning: The `punycode` module is deprecated. Please use a userland alternative instead.
agent-certlab/claude-code-cloud-2026-08-14	UNKNOWN STEP	2026-08-31T11:49:29.5325551Z (Use `node --trace-deprecation ...` to show where the warning was created)
agent-certlab/claude-code-cloud-2026-08-14	UNKNOWN STEP	2026-08-31T11:49:29.5562633Z Node 20 is being deprecated. This workflow is running with Node 24 by default. If you need to temporarily use Node 20, you can set the ACTIONS_ALLOW_USE_UNSECURE_NODE_VERSION=true environment variable. For more information see: https://github.blog/changelog/2025-09-19-deprecation-of-node-20-on-github-actions-runners/
agent-certlab/claude-code-cloud-2026-08-14	UNKNOWN STEP	2026-08-31T11:49:29.5563876Z Post job cleanup.
agent-certlab/claude-code-cloud-2026-08-14	UNKNOWN STEP	2026-08-31T11:49:29.6872199Z (node:2438) [DEP0040] DeprecationWarning: The `punycode` module is deprecated. Please use a userland alternative instead.
agent-certlab/claude-code-cloud-2026-08-14	UNKNOWN STEP	2026-08-31T11:49:29.6873944Z (Use `node --trace-deprecation ...` to show where the warning was created)
agent-certlab/claude-code-cloud-2026-08-14	UNKNOWN STEP	2026-08-31T11:49:29.7092693Z Node 20 is being deprecated. This workflow is running with Node 24 by default. If you need to temporarily use Node 20, you can set the ACTIONS_ALLOW_USE_UNSECURE_NODE_VERSION=true environment variable. For more information see: https://github.blog/changelog/2025-09-19-deprecation-of-node-20-on-github-actions-runners/
agent-certlab/claude-code-cloud-2026-08-14	UNKNOWN STEP	2026-08-31T11:49:29.7094857Z Post job cleanup.
agent-certlab/claude-code-cloud-2026-08-14	UNKNOWN STEP	2026-08-31T11:49:29.8120946Z [command]/usr/bin/git version
agent-certlab/claude-code-cloud-2026-08-14	UNKNOWN STEP	2026-08-31T11:49:29.8162383Z git version 2.55.0
agent-certlab/claude-code-cloud-2026-08-14	UNKNOWN STEP	2026-08-31T11:49:29.8204757Z Temporarily overriding HOME='/home/runner/work/_temp/fdad0b46-a096-49e7-81c5-efa459c45db0' before making global git config changes
agent-certlab/claude-code-cloud-2026-08-14	UNKNOWN STEP	2026-08-31T11:49:29.8206260Z Adding repository directory to the temporary git global config as a safe directory
agent-certlab/claude-code-cloud-2026-08-14	UNKNOWN STEP	2026-08-31T11:49:29.8211223Z [command]/usr/bin/git config --global --add safe.directory /home/runner/work/vac-protocol/vac-protocol
agent-certlab/claude-code-cloud-2026-08-14	UNKNOWN STEP	2026-08-31T11:49:29.8251724Z [command]/usr/bin/git config --local --name-only --get-regexp core\.sshCommand
agent-certlab/claude-code-cloud-2026-08-14	UNKNOWN STEP	2026-08-31T11:49:29.8289252Z [command]/usr/bin/git submodule foreach --recursive sh -c "git config --local --name-only --get-regexp 'core\.sshCommand' && git config --local --unset-all 'core.sshCommand' || :"
agent-certlab/claude-code-cloud-2026-08-14	UNKNOWN STEP	2026-08-31T11:49:29.8542831Z [command]/usr/bin/git config --local --name-only --get-regexp http\.https\:\/\/github\.com\/\.extraheader
agent-certlab/claude-code-cloud-2026-08-14	UNKNOWN STEP	2026-08-31T11:49:29.8575182Z http.https://github.com/.extraheader
agent-certlab/claude-code-cloud-2026-08-14	UNKNOWN STEP	2026-08-31T11:49:29.8595174Z [command]/usr/bin/git config --local --unset-all http.https://github.com/.extraheader
agent-certlab/claude-code-cloud-2026-08-14	UNKNOWN STEP	2026-08-31T11:49:29.8627474Z [command]/usr/bin/git submodule foreach --recursive sh -c "git config --local --name-only --get-regexp 'http\.https\:\/\/github\.com\/\.extraheader' && git config --local --unset-all 'http.https://github.com/.extraheader' || :"
agent-certlab/claude-code-cloud-2026-08-14	UNKNOWN STEP	2026-08-31T11:49:29.8885400Z [command]/usr/bin/git config --local --name-only --get-regexp ^includeIf\.gitdir:
agent-certlab/claude-code-cloud-2026-08-14	UNKNOWN STEP	2026-08-31T11:49:29.8923368Z [command]/usr/bin/git submodule foreach --recursive git config --local --show-origin --name-only --get-regexp remote.origin.url
agent-certlab/claude-code-cloud-2026-08-14	UNKNOWN STEP	2026-08-31T11:49:29.9321114Z Cleaning up orphan processes
agent-certlab/claude-code-cloud-2026-08-14	UNKNOWN STEP	2026-08-31T11:49:29.9594611Z ##[warning]Node.js 20 is deprecated. The following actions target Node.js 20 but are being forced to run on Node.js 24: actions/checkout@v4, actions/setup-node@v4, actions/setup-python@v5. For more information see: https://github.blog/changelog/2025-09-19-deprecation-of-node-20-on-github-actions-runners/
agent-certlab/aider-intervals-2026-08-14	UNKNOWN STEP	﻿2026-08-31T11:49:13.5433318Z Current runner version: '2.336.0'
agent-certlab/aider-intervals-2026-08-14	UNKNOWN STEP	2026-08-31T11:49:13.5467951Z ##[group]Runner Image Provisioner
agent-certlab/aider-intervals-2026-08-14	UNKNOWN STEP	2026-08-31T11:49:13.5468964Z Hosted Compute Agent
agent-certlab/aider-intervals-2026-08-14	UNKNOWN STEP	2026-08-31T11:49:13.5469661Z Version: 20260819.586
agent-certlab/aider-intervals-2026-08-14	UNKNOWN STEP	2026-08-31T11:49:13.5470365Z Commit: 3cc4a88dfa507ef76119ad1bb3eccc6378bb2b76
agent-certlab/aider-intervals-2026-08-14	UNKNOWN STEP	2026-08-31T11:49:13.5471224Z Build Date: 2026-08-18T23:20:18Z
agent-certlab/aider-intervals-2026-08-14	UNKNOWN STEP	2026-08-31T11:49:13.5471948Z Worker ID: {2f7b0e8d-dd81-4861-9071-40f2cfbfc582}
agent-certlab/aider-intervals-2026-08-14	UNKNOWN STEP	2026-08-31T11:49:13.5472768Z Azure Region: eastus2
agent-certlab/aider-intervals-2026-08-14	UNKNOWN STEP	2026-08-31T11:49:13.5473406Z ##[endgroup]
agent-certlab/aider-intervals-2026-08-14	UNKNOWN STEP	2026-08-31T11:49:13.5474852Z ##[group]Operating System
agent-certlab/aider-intervals-2026-08-14	UNKNOWN STEP	2026-08-31T11:49:13.5475845Z Ubuntu
agent-certlab/aider-intervals-2026-08-14	UNKNOWN STEP	2026-08-31T11:49:13.5476412Z 24.04.4
agent-certlab/aider-intervals-2026-08-14	UNKNOWN STEP	2026-08-31T11:49:13.5476943Z LTS
agent-certlab/aider-intervals-2026-08-14	UNKNOWN STEP	2026-08-31T11:49:13.5477613Z ##[endgroup]
agent-certlab/aider-intervals-2026-08-14	UNKNOWN STEP	2026-08-31T11:49:13.5478238Z ##[group]Runner Image
agent-certlab/aider-intervals-2026-08-14	UNKNOWN STEP	2026-08-31T11:49:13.5478928Z Image: ubuntu-24.04
agent-certlab/aider-intervals-2026-08-14	UNKNOWN STEP	2026-08-31T11:49:13.5479538Z Version: 20260823.283.1
agent-certlab/aider-intervals-2026-08-14	UNKNOWN STEP	2026-08-31T11:49:13.5481291Z Included Software: https://github.com/actions/runner-images/blob/ubuntu24/20260823.283/images/ubuntu/Ubuntu2404-Readme.md
agent-certlab/aider-intervals-2026-08-14	UNKNOWN STEP	2026-08-31T11:49:13.5482937Z Image Release: https://github.com/actions/runner-images/releases/tag/ubuntu24%2F20260823.283
agent-certlab/aider-intervals-2026-08-14	UNKNOWN STEP	2026-08-31T11:49:13.5484404Z ##[endgroup]
agent-certlab/aider-intervals-2026-08-14	UNKNOWN STEP	2026-08-31T11:49:13.5487348Z ##[group]GITHUB_TOKEN Permissions
agent-certlab/aider-intervals-2026-08-14	UNKNOWN STEP	2026-08-31T11:49:13.5495871Z Contents: read
agent-certlab/aider-intervals-2026-08-14	UNKNOWN STEP	2026-08-31T11:49:13.5497527Z Metadata: read
agent-certlab/aider-intervals-2026-08-14	UNKNOWN STEP	2026-08-31T11:49:13.5498317Z ##[endgroup]
agent-certlab/aider-intervals-2026-08-14	UNKNOWN STEP	2026-08-31T11:49:13.5506173Z Secret source: Actions
agent-certlab/aider-intervals-2026-08-14	UNKNOWN STEP	2026-08-31T11:49:13.5507951Z Prepare workflow directory
agent-certlab/aider-intervals-2026-08-14	UNKNOWN STEP	2026-08-31T11:49:13.6172778Z Prepare all required actions
agent-certlab/aider-intervals-2026-08-14	UNKNOWN STEP	2026-08-31T11:49:13.6253895Z Getting action download info
agent-certlab/aider-intervals-2026-08-14	UNKNOWN STEP	2026-08-31T11:49:13.8607805Z Download action repository 'actions/checkout@v4' (SHA:11d5960a326750d5838078e36cf38b85af677262)
agent-certlab/aider-intervals-2026-08-14	UNKNOWN STEP	2026-08-31T11:49:14.0005353Z Download action repository 'actions/setup-python@v5' (SHA:a26af69be951a213d495a4c3e4e4022e16d87065)
agent-certlab/aider-intervals-2026-08-14	UNKNOWN STEP	2026-08-31T11:49:14.1279599Z Download action repository 'actions/setup-node@v4' (SHA:49933ea5288caeca8642d1e84afbd3f7d6820020)
agent-certlab/aider-intervals-2026-08-14	UNKNOWN STEP	2026-08-31T11:49:14.4159335Z Complete job name: agent-certlab/aider-intervals-2026-08-14
agent-certlab/aider-intervals-2026-08-14	UNKNOWN STEP	2026-08-31T11:49:14.5009307Z Node 20 is being deprecated. This workflow is running with Node 24 by default. If you need to temporarily use Node 20, you can set the ACTIONS_ALLOW_USE_UNSECURE_NODE_VERSION=true environment variable. For more information see: https://github.blog/changelog/2025-09-19-deprecation-of-node-20-on-github-actions-runners/
agent-certlab/aider-intervals-2026-08-14	UNKNOWN STEP	2026-08-31T11:49:14.5019520Z ##[group]Run actions/checkout@v4
agent-certlab/aider-intervals-2026-08-14	UNKNOWN STEP	2026-08-31T11:49:14.5020290Z with:
agent-certlab/aider-intervals-2026-08-14	UNKNOWN STEP	2026-08-31T11:49:14.5020772Z   repository: egnaro9/vac-protocol
agent-certlab/aider-intervals-2026-08-14	UNKNOWN STEP	2026-08-31T11:49:14.5026092Z   token: ***
agent-certlab/aider-intervals-2026-08-14	UNKNOWN STEP	2026-08-31T11:49:14.5026575Z   ssh-strict: true
agent-certlab/aider-intervals-2026-08-14	UNKNOWN STEP	2026-08-31T11:49:14.5027047Z   ssh-user: git
agent-certlab/aider-intervals-2026-08-14	UNKNOWN STEP	2026-08-31T11:49:14.5027527Z   persist-credentials: true
agent-certlab/aider-intervals-2026-08-14	UNKNOWN STEP	2026-08-31T11:49:14.5028083Z   clean: true
agent-certlab/aider-intervals-2026-08-14	UNKNOWN STEP	2026-08-31T11:49:14.5028558Z   sparse-checkout-cone-mode: true
agent-certlab/aider-intervals-2026-08-14	UNKNOWN STEP	2026-08-31T11:49:14.5029144Z   fetch-depth: 1
agent-certlab/aider-intervals-2026-08-14	UNKNOWN STEP	2026-08-31T11:49:14.5029605Z   fetch-tags: false
agent-certlab/aider-intervals-2026-08-14	UNKNOWN STEP	2026-08-31T11:49:14.5030090Z   show-progress: true
agent-certlab/aider-intervals-2026-08-14	UNKNOWN STEP	2026-08-31T11:49:14.5030600Z   lfs: false
agent-certlab/aider-intervals-2026-08-14	UNKNOWN STEP	2026-08-31T11:49:14.5031142Z   submodules: false
agent-certlab/aider-intervals-2026-08-14	UNKNOWN STEP	2026-08-31T11:49:14.5031649Z   set-safe-directory: true
agent-certlab/aider-intervals-2026-08-14	UNKNOWN STEP	2026-08-31T11:49:14.5032221Z   allow-unsafe-pr-checkout: false
agent-certlab/aider-intervals-2026-08-14	UNKNOWN STEP	2026-08-31T11:49:14.5033018Z ##[endgroup]
agent-certlab/aider-intervals-2026-08-14	UNKNOWN STEP	2026-08-31T11:49:14.6205208Z Syncing repository: egnaro9/vac-protocol
agent-certlab/aider-intervals-2026-08-14	UNKNOWN STEP	2026-08-31T11:49:14.6208400Z ##[group]Getting Git version info
agent-certlab/aider-intervals-2026-08-14	UNKNOWN STEP	2026-08-31T11:49:14.6209894Z Working directory is '/home/runner/work/vac-protocol/vac-protocol'
agent-certlab/aider-intervals-2026-08-14	UNKNOWN STEP	2026-08-31T11:49:14.6212064Z [command]/usr/bin/git version
agent-certlab/aider-intervals-2026-08-14	UNKNOWN STEP	2026-08-31T11:49:14.6213126Z git version 2.55.0
agent-certlab/aider-intervals-2026-08-14	UNKNOWN STEP	2026-08-31T11:49:14.6275141Z ##[endgroup]
agent-certlab/aider-intervals-2026-08-14	UNKNOWN STEP	2026-08-31T11:49:14.6303216Z Temporarily overriding HOME='/home/runner/work/_temp/0a72ec65-91e9-4ab2-b7d1-792649a8678c' before making global git config changes
agent-certlab/aider-intervals-2026-08-14	UNKNOWN STEP	2026-08-31T11:49:14.6306896Z Adding repository directory to the temporary git global config as a safe directory
agent-certlab/aider-intervals-2026-08-14	UNKNOWN STEP	2026-08-31T11:49:14.6309809Z [command]/usr/bin/git config --global --add safe.directory /home/runner/work/vac-protocol/vac-protocol
agent-certlab/aider-intervals-2026-08-14	UNKNOWN STEP	2026-08-31T11:49:14.6351107Z Deleting the contents of '/home/runner/work/vac-protocol/vac-protocol'
agent-certlab/aider-intervals-2026-08-14	UNKNOWN STEP	2026-08-31T11:49:14.6353876Z ##[group]Initializing the repository
agent-certlab/aider-intervals-2026-08-14	UNKNOWN STEP	2026-08-31T11:49:14.6359032Z [command]/usr/bin/git init /home/runner/work/vac-protocol/vac-protocol
agent-certlab/aider-intervals-2026-08-14	UNKNOWN STEP	2026-08-31T11:49:14.6466072Z hint: Using 'master' as the name for the initial branch. This default branch name
agent-certlab/aider-intervals-2026-08-14	UNKNOWN STEP	2026-08-31T11:49:14.6468260Z hint: will change to "main" in Git 3.0. To configure the initial branch name
agent-certlab/aider-intervals-2026-08-14	UNKNOWN STEP	2026-08-31T11:49:14.6470112Z hint: to use in all of your new repositories, which will suppress this warning,
agent-certlab/aider-intervals-2026-08-14	UNKNOWN STEP	2026-08-31T11:49:14.6471554Z hint: call:
agent-certlab/aider-intervals-2026-08-14	UNKNOWN STEP	2026-08-31T11:49:14.6472224Z hint:
agent-certlab/aider-intervals-2026-08-14	UNKNOWN STEP	2026-08-31T11:49:14.6473090Z hint: 	git config --global init.defaultBranch <name>
agent-certlab/aider-intervals-2026-08-14	UNKNOWN STEP	2026-08-31T11:49:14.6474175Z hint:
agent-certlab/aider-intervals-2026-08-14	UNKNOWN STEP	2026-08-31T11:49:14.6475212Z hint: Names commonly chosen instead of 'master' are 'main', 'trunk' and
agent-certlab/aider-intervals-2026-08-14	UNKNOWN STEP	2026-08-31T11:49:14.6478017Z hint: 'development'. The just-created branch can be renamed via this command:
agent-certlab/aider-intervals-2026-08-14	UNKNOWN STEP	2026-08-31T11:49:14.6479446Z hint:
agent-certlab/aider-intervals-2026-08-14	UNKNOWN STEP	2026-08-31T11:49:14.6480086Z hint: 	git branch -m <name>
agent-certlab/aider-intervals-2026-08-14	UNKNOWN STEP	2026-08-31T11:49:14.6480973Z hint:
agent-certlab/aider-intervals-2026-08-14	UNKNOWN STEP	2026-08-31T11:49:14.6482083Z hint: Disable this message with "git config set advice.defaultBranchName false"
agent-certlab/aider-intervals-2026-08-14	UNKNOWN STEP	2026-08-31T11:49:14.6484157Z Initialized empty Git repository in /home/runner/work/vac-protocol/vac-protocol/.git/
agent-certlab/aider-intervals-2026-08-14	UNKNOWN STEP	2026-08-31T11:49:14.6487527Z [command]/usr/bin/git remote add origin https://github.com/egnaro9/vac-protocol
agent-certlab/aider-intervals-2026-08-14	UNKNOWN STEP	2026-08-31T11:49:14.6536441Z ##[endgroup]
agent-certlab/aider-intervals-2026-08-14	UNKNOWN STEP	2026-08-31T11:49:14.6537815Z ##[group]Disabling automatic garbage collection
agent-certlab/aider-intervals-2026-08-14	UNKNOWN STEP	2026-08-31T11:49:14.6541289Z [command]/usr/bin/git config --local gc.auto 0
agent-certlab/aider-intervals-2026-08-14	UNKNOWN STEP	2026-08-31T11:49:14.6578969Z ##[endgroup]
agent-certlab/aider-intervals-2026-08-14	UNKNOWN STEP	2026-08-31T11:49:14.6580198Z ##[group]Setting up auth
agent-certlab/aider-intervals-2026-08-14	UNKNOWN STEP	2026-08-31T11:49:14.6587327Z [command]/usr/bin/git config --local --name-only --get-regexp core\.sshCommand
agent-certlab/aider-intervals-2026-08-14	UNKNOWN STEP	2026-08-31T11:49:14.6628507Z [command]/usr/bin/git submodule foreach --recursive sh -c "git config --local --name-only --get-regexp 'core\.sshCommand' && git config --local --unset-all 'core.sshCommand' || :"
agent-certlab/aider-intervals-2026-08-14	UNKNOWN STEP	2026-08-31T11:49:14.7003260Z [command]/usr/bin/git config --local --name-only --get-regexp http\.https\:\/\/github\.com\/\.extraheader
agent-certlab/aider-intervals-2026-08-14	UNKNOWN STEP	2026-08-31T11:49:14.7052410Z [command]/usr/bin/git submodule foreach --recursive sh -c "git config --local --name-only --get-regexp 'http\.https\:\/\/github\.com\/\.extraheader' && git config --local --unset-all 'http.https://github.com/.extraheader' || :"
agent-certlab/aider-intervals-2026-08-14	UNKNOWN STEP	2026-08-31T11:49:14.7322856Z [command]/usr/bin/git config --local --name-only --get-regexp ^includeIf\.gitdir:
agent-certlab/aider-intervals-2026-08-14	UNKNOWN STEP	2026-08-31T11:49:14.7368437Z [command]/usr/bin/git submodule foreach --recursive git config --local --show-origin --name-only --get-regexp remote.origin.url
agent-certlab/aider-intervals-2026-08-14	UNKNOWN STEP	2026-08-31T11:49:14.7626355Z [command]/usr/bin/git config --local http.https://github.com/.extraheader AUTHORIZATION: basic ***
agent-certlab/aider-intervals-2026-08-14	UNKNOWN STEP	2026-08-31T11:49:14.7670757Z ##[endgroup]
agent-certlab/aider-intervals-2026-08-14	UNKNOWN STEP	2026-08-31T11:49:14.7671708Z ##[group]Fetching the repository
agent-certlab/aider-intervals-2026-08-14	UNKNOWN STEP	2026-08-31T11:49:14.7681335Z [command]/usr/bin/git -c protocol.version=2 fetch --no-tags --prune --no-recurse-submodules --depth=1 origin +6a05245337cbbcebf1e06180e798ad568848ad2e:refs/remotes/origin/main
agent-certlab/aider-intervals-2026-08-14	UNKNOWN STEP	2026-08-31T11:49:15.0841973Z From https://github.com/egnaro9/vac-protocol
agent-certlab/aider-intervals-2026-08-14	UNKNOWN STEP	2026-08-31T11:49:15.0843792Z  * [new ref]         6a05245337cbbcebf1e06180e798ad568848ad2e -> origin/main
agent-certlab/aider-intervals-2026-08-14	UNKNOWN STEP	2026-08-31T11:49:15.0847986Z ##[endgroup]
agent-certlab/aider-intervals-2026-08-14	UNKNOWN STEP	2026-08-31T11:49:15.0849645Z ##[group]Determining the checkout info
agent-certlab/aider-intervals-2026-08-14	UNKNOWN STEP	2026-08-31T11:49:15.0851593Z ##[endgroup]
agent-certlab/aider-intervals-2026-08-14	UNKNOWN STEP	2026-08-31T11:49:15.0855143Z [command]/usr/bin/git sparse-checkout disable
agent-certlab/aider-intervals-2026-08-14	UNKNOWN STEP	2026-08-31T11:49:15.0910364Z [command]/usr/bin/git config --local --unset-all extensions.worktreeConfig
agent-certlab/aider-intervals-2026-08-14	UNKNOWN STEP	2026-08-31T11:49:15.0947596Z ##[group]Checking out the ref
agent-certlab/aider-intervals-2026-08-14	UNKNOWN STEP	2026-08-31T11:49:15.0951692Z [command]/usr/bin/git checkout --progress --force -B main refs/remotes/origin/main
agent-certlab/aider-intervals-2026-08-14	UNKNOWN STEP	2026-08-31T11:49:15.1250634Z Switched to a new branch 'main'
agent-certlab/aider-intervals-2026-08-14	UNKNOWN STEP	2026-08-31T11:49:15.1259773Z branch 'main' set up to track 'origin/main'.
agent-certlab/aider-intervals-2026-08-14	UNKNOWN STEP	2026-08-31T11:49:15.1273424Z ##[endgroup]
agent-certlab/aider-intervals-2026-08-14	UNKNOWN STEP	2026-08-31T11:49:15.1322651Z [command]/usr/bin/git log -1 --format=%H
agent-certlab/aider-intervals-2026-08-14	UNKNOWN STEP	2026-08-31T11:49:15.1352923Z 6a05245337cbbcebf1e06180e798ad568848ad2e
agent-certlab/aider-intervals-2026-08-14	UNKNOWN STEP	2026-08-31T11:49:15.1835366Z Node 20 is being deprecated. This workflow is running with Node 24 by default. If you need to temporarily use Node 20, you can set the ACTIONS_ALLOW_USE_UNSECURE_NODE_VERSION=true environment variable. For more information see: https://github.blog/changelog/2025-09-19-deprecation-of-node-20-on-github-actions-runners/
agent-certlab/aider-intervals-2026-08-14	UNKNOWN STEP	2026-08-31T11:49:15.1841311Z ##[group]Run actions/setup-python@v5
agent-certlab/aider-intervals-2026-08-14	UNKNOWN STEP	2026-08-31T11:49:15.1842472Z with:
agent-certlab/aider-intervals-2026-08-14	UNKNOWN STEP	2026-08-31T11:49:15.1843382Z   python-version: 3.12
agent-certlab/aider-intervals-2026-08-14	UNKNOWN STEP	2026-08-31T11:49:15.1844414Z   check-latest: false
agent-certlab/aider-intervals-2026-08-14	UNKNOWN STEP	2026-08-31T11:49:15.1853467Z   token: ***
agent-certlab/aider-intervals-2026-08-14	UNKNOWN STEP	2026-08-31T11:49:15.1854422Z   update-environment: true
agent-certlab/aider-intervals-2026-08-14	UNKNOWN STEP	2026-08-31T11:49:15.1855685Z   allow-prereleases: false
agent-certlab/aider-intervals-2026-08-14	UNKNOWN STEP	2026-08-31T11:49:15.1856772Z   freethreaded: false
agent-certlab/aider-intervals-2026-08-14	UNKNOWN STEP	2026-08-31T11:49:15.1857735Z ##[endgroup]
agent-certlab/aider-intervals-2026-08-14	UNKNOWN STEP	2026-08-31T11:49:15.3235769Z ##[group]Installed versions
agent-certlab/aider-intervals-2026-08-14	UNKNOWN STEP	2026-08-31T11:49:15.3723642Z (node:2236) [DEP0040] DeprecationWarning: The `punycode` module is deprecated. Please use a userland alternative instead.
agent-certlab/aider-intervals-2026-08-14	UNKNOWN STEP	2026-08-31T11:49:15.3736448Z (Use `node --trace-deprecation ...` to show where the warning was created)
agent-certlab/aider-intervals-2026-08-14	UNKNOWN STEP	2026-08-31T11:49:15.3738394Z Successfully set up CPython (3.12.14)
agent-certlab/aider-intervals-2026-08-14	UNKNOWN STEP	2026-08-31T11:49:15.3740212Z ##[endgroup]
agent-certlab/aider-intervals-2026-08-14	UNKNOWN STEP	2026-08-31T11:49:15.4046770Z Node 20 is being deprecated. This workflow is running with Node 24 by default. If you need to temporarily use Node 20, you can set the ACTIONS_ALLOW_USE_UNSECURE_NODE_VERSION=true environment variable. For more information see: https://github.blog/changelog/2025-09-19-deprecation-of-node-20-on-github-actions-runners/
agent-certlab/aider-intervals-2026-08-14	UNKNOWN STEP	2026-08-31T11:49:15.4053096Z ##[group]Run actions/setup-node@v4
agent-certlab/aider-intervals-2026-08-14	UNKNOWN STEP	2026-08-31T11:49:15.4054169Z with:
agent-certlab/aider-intervals-2026-08-14	UNKNOWN STEP	2026-08-31T11:49:15.4055007Z   node-version: 22
agent-certlab/aider-intervals-2026-08-14	UNKNOWN STEP	2026-08-31T11:49:15.4056159Z   always-auth: false
agent-certlab/aider-intervals-2026-08-14	UNKNOWN STEP	2026-08-31T11:49:15.4057117Z   check-latest: false
agent-certlab/aider-intervals-2026-08-14	UNKNOWN STEP	2026-08-31T11:49:15.4070203Z   token: ***
agent-certlab/aider-intervals-2026-08-14	UNKNOWN STEP	2026-08-31T11:49:15.4071409Z env:
agent-certlab/aider-intervals-2026-08-14	UNKNOWN STEP	2026-08-31T11:49:15.4072470Z   pythonLocation: /opt/hostedtoolcache/Python/3.12.14/x64
agent-certlab/aider-intervals-2026-08-14	UNKNOWN STEP	2026-08-31T11:49:15.4076034Z   PKG_CONFIG_PATH: /opt/hostedtoolcache/Python/3.12.14/x64/lib/pkgconfig
agent-certlab/aider-intervals-2026-08-14	UNKNOWN STEP	2026-08-31T11:49:15.4079025Z   Python_ROOT_DIR: /opt/hostedtoolcache/Python/3.12.14/x64
agent-certlab/aider-intervals-2026-08-14	UNKNOWN STEP	2026-08-31T11:49:15.4081423Z   Python2_ROOT_DIR: /opt/hostedtoolcache/Python/3.12.14/x64
agent-certlab/aider-intervals-2026-08-14	UNKNOWN STEP	2026-08-31T11:49:15.4084172Z   Python3_ROOT_DIR: /opt/hostedtoolcache/Python/3.12.14/x64
agent-certlab/aider-intervals-2026-08-14	UNKNOWN STEP	2026-08-31T11:49:15.4086817Z   LD_LIBRARY_PATH: /opt/hostedtoolcache/Python/3.12.14/x64/lib
agent-certlab/aider-intervals-2026-08-14	UNKNOWN STEP	2026-08-31T11:49:15.4088987Z ##[endgroup]
agent-certlab/aider-intervals-2026-08-14	UNKNOWN STEP	2026-08-31T11:49:15.5780873Z Found in cache @ /opt/hostedtoolcache/node/22.23.2/x64
agent-certlab/aider-intervals-2026-08-14	UNKNOWN STEP	2026-08-31T11:49:15.5786469Z (node:2244) [DEP0040] DeprecationWarning: The `punycode` module is deprecated. Please use a userland alternative instead.
agent-certlab/aider-intervals-2026-08-14	UNKNOWN STEP	2026-08-31T11:49:15.5789232Z (Use `node --trace-deprecation ...` to show where the warning was created)
agent-certlab/aider-intervals-2026-08-14	UNKNOWN STEP	2026-08-31T11:49:15.5792081Z ##[group]Environment details
agent-certlab/aider-intervals-2026-08-14	UNKNOWN STEP	2026-08-31T11:49:18.5121299Z node: v22.23.2
agent-certlab/aider-intervals-2026-08-14	UNKNOWN STEP	2026-08-31T11:49:18.5122560Z npm: 10.9.8
agent-certlab/aider-intervals-2026-08-14	UNKNOWN STEP	2026-08-31T11:49:18.5122940Z yarn: 1.22.22
agent-certlab/aider-intervals-2026-08-14	UNKNOWN STEP	2026-08-31T11:49:18.5124106Z ##[endgroup]
agent-certlab/aider-intervals-2026-08-14	UNKNOWN STEP	2026-08-31T11:49:18.5270436Z ##[group]Run pip install -e .
agent-certlab/aider-intervals-2026-08-14	UNKNOWN STEP	2026-08-31T11:49:18.5270859Z ^[[36;1mpip install -e .^[[0m
agent-certlab/aider-intervals-2026-08-14	UNKNOWN STEP	2026-08-31T11:49:18.5402150Z shell: /usr/bin/bash -e {0}
agent-certlab/aider-intervals-2026-08-14	UNKNOWN STEP	2026-08-31T11:49:18.5402523Z env:
agent-certlab/aider-intervals-2026-08-14	UNKNOWN STEP	2026-08-31T11:49:18.5402880Z   pythonLocation: /opt/hostedtoolcache/Python/3.12.14/x64
agent-certlab/aider-intervals-2026-08-14	UNKNOWN STEP	2026-08-31T11:49:18.5403406Z   PKG_CONFIG_PATH: /opt/hostedtoolcache/Python/3.12.14/x64/lib/pkgconfig
agent-certlab/aider-intervals-2026-08-14	UNKNOWN STEP	2026-08-31T11:49:18.5403893Z   Python_ROOT_DIR: /opt/hostedtoolcache/Python/3.12.14/x64
agent-certlab/aider-intervals-2026-08-14	UNKNOWN STEP	2026-08-31T11:49:18.5404328Z   Python2_ROOT_DIR: /opt/hostedtoolcache/Python/3.12.14/x64
agent-certlab/aider-intervals-2026-08-14	UNKNOWN STEP	2026-08-31T11:49:18.5404769Z   Python3_ROOT_DIR: /opt/hostedtoolcache/Python/3.12.14/x64
agent-certlab/aider-intervals-2026-08-14	UNKNOWN STEP	2026-08-31T11:49:18.5405204Z   LD_LIBRARY_PATH: /opt/hostedtoolcache/Python/3.12.14/x64/lib
agent-certlab/aider-intervals-2026-08-14	UNKNOWN STEP	2026-08-31T11:49:18.5405796Z ##[endgroup]
agent-certlab/aider-intervals-2026-08-14	UNKNOWN STEP	2026-08-31T11:49:21.2920892Z Obtaining file:///home/runner/work/vac-protocol/vac-protocol
agent-certlab/aider-intervals-2026-08-14	UNKNOWN STEP	2026-08-31T11:49:21.2934408Z   Installing build dependencies: started
agent-certlab/aider-intervals-2026-08-14	UNKNOWN STEP	2026-08-31T11:49:22.6994816Z   Installing build dependencies: finished with status 'done'
agent-certlab/aider-intervals-2026-08-14	UNKNOWN STEP	2026-08-31T11:49:22.7000380Z   Checking if build backend supports build_editable: started
agent-certlab/aider-intervals-2026-08-14	UNKNOWN STEP	2026-08-31T11:49:23.0962246Z   Checking if build backend supports build_editable: finished with status 'done'
agent-certlab/aider-intervals-2026-08-14	UNKNOWN STEP	2026-08-31T11:49:23.0969946Z   Getting requirements to build editable: started
agent-certlab/aider-intervals-2026-08-14	UNKNOWN STEP	2026-08-31T11:49:23.4752089Z   Getting requirements to build editable: finished with status 'done'
agent-certlab/aider-intervals-2026-08-14	UNKNOWN STEP	2026-08-31T11:49:23.4760911Z   Preparing editable metadata (pyproject.toml): started
agent-certlab/aider-intervals-2026-08-14	UNKNOWN STEP	2026-08-31T11:49:23.6872206Z   Preparing editable metadata (pyproject.toml): finished with status 'done'
agent-certlab/aider-intervals-2026-08-14	UNKNOWN STEP	2026-08-31T11:49:23.6912571Z Building wheels for collected packages: vac-protocol
agent-certlab/aider-intervals-2026-08-14	UNKNOWN STEP	2026-08-31T11:49:23.6920402Z   Building editable for vac-protocol (pyproject.toml): started
agent-certlab/aider-intervals-2026-08-14	UNKNOWN STEP	2026-08-31T11:49:23.9219658Z   Building editable for vac-protocol (pyproject.toml): finished with status 'done'
agent-certlab/aider-intervals-2026-08-14	UNKNOWN STEP	2026-08-31T11:49:23.9226669Z   Created wheel for vac-protocol: filename=vac_protocol-0.1.0-0.editable-py3-none-any.whl size=8850 sha256=d24ef8c3a65052784905dc943aafd025ead243a09ce9d86dcfaeaee64e77d300
agent-certlab/aider-intervals-2026-08-14	UNKNOWN STEP	2026-08-31T11:49:23.9228540Z   Stored in directory: /tmp/pip-ephem-wheel-cache-tercp2b6/wheels/31/93/c0/4effb33ea68d4321a176d9cb097b94ea8b1be9d534ea861dec
agent-certlab/aider-intervals-2026-08-14	UNKNOWN STEP	2026-08-31T11:49:23.9255674Z Successfully built vac-protocol
agent-certlab/aider-intervals-2026-08-14	UNKNOWN STEP	2026-08-31T11:49:23.9397515Z Installing collected packages: vac-protocol
agent-certlab/aider-intervals-2026-08-14	UNKNOWN STEP	2026-08-31T11:49:23.9487872Z Successfully installed vac-protocol-0.1.0
agent-certlab/aider-intervals-2026-08-14	UNKNOWN STEP	2026-08-31T11:49:24.0236965Z ##[group]Run python -m vac.registry --fetch-bundle "agent-certlab/aider-intervals-2026-08-14" --dest bundle
agent-certlab/aider-intervals-2026-08-14	UNKNOWN STEP	2026-08-31T11:49:24.0237790Z ^[[36;1mpython -m vac.registry --fetch-bundle "agent-certlab/aider-intervals-2026-08-14" --dest bundle^[[0m
agent-certlab/aider-intervals-2026-08-14	UNKNOWN STEP	2026-08-31T11:49:24.0280025Z shell: /usr/bin/bash -e {0}
agent-certlab/aider-intervals-2026-08-14	UNKNOWN STEP	2026-08-31T11:49:24.0280287Z env:
agent-certlab/aider-intervals-2026-08-14	UNKNOWN STEP	2026-08-31T11:49:24.0280565Z   pythonLocation: /opt/hostedtoolcache/Python/3.12.14/x64
agent-certlab/aider-intervals-2026-08-14	UNKNOWN STEP	2026-08-31T11:49:24.0281034Z   PKG_CONFIG_PATH: /opt/hostedtoolcache/Python/3.12.14/x64/lib/pkgconfig
agent-certlab/aider-intervals-2026-08-14	UNKNOWN STEP	2026-08-31T11:49:24.0281467Z   Python_ROOT_DIR: /opt/hostedtoolcache/Python/3.12.14/x64
agent-certlab/aider-intervals-2026-08-14	UNKNOWN STEP	2026-08-31T11:49:24.0281866Z   Python2_ROOT_DIR: /opt/hostedtoolcache/Python/3.12.14/x64
agent-certlab/aider-intervals-2026-08-14	UNKNOWN STEP	2026-08-31T11:49:24.0282242Z   Python3_ROOT_DIR: /opt/hostedtoolcache/Python/3.12.14/x64
agent-certlab/aider-intervals-2026-08-14	UNKNOWN STEP	2026-08-31T11:49:24.0282625Z   LD_LIBRARY_PATH: /opt/hostedtoolcache/Python/3.12.14/x64/lib
agent-certlab/aider-intervals-2026-08-14	UNKNOWN STEP	2026-08-31T11:49:24.0282969Z ##[endgroup]
agent-certlab/aider-intervals-2026-08-14	UNKNOWN STEP	2026-08-31T11:49:24.4521331Z fetched agent-certlab/aider-intervals-2026-08-14 into bundle: every artifact sha256-verified against the registry
agent-certlab/aider-intervals-2026-08-14	UNKNOWN STEP	2026-08-31T11:49:24.4677659Z ##[group]Run python -m vac.verify bundle
agent-certlab/aider-intervals-2026-08-14	UNKNOWN STEP	2026-08-31T11:49:24.4678014Z ^[[36;1mpython -m vac.verify bundle^[[0m
agent-certlab/aider-intervals-2026-08-14	UNKNOWN STEP	2026-08-31T11:49:24.4719260Z shell: /usr/bin/bash -e {0}
agent-certlab/aider-intervals-2026-08-14	UNKNOWN STEP	2026-08-31T11:49:24.4719517Z env:
agent-certlab/aider-intervals-2026-08-14	UNKNOWN STEP	2026-08-31T11:49:24.4719797Z   pythonLocation: /opt/hostedtoolcache/Python/3.12.14/x64
agent-certlab/aider-intervals-2026-08-14	UNKNOWN STEP	2026-08-31T11:49:24.4720236Z   PKG_CONFIG_PATH: /opt/hostedtoolcache/Python/3.12.14/x64/lib/pkgconfig
agent-certlab/aider-intervals-2026-08-14	UNKNOWN STEP	2026-08-31T11:49:24.4720656Z   Python_ROOT_DIR: /opt/hostedtoolcache/Python/3.12.14/x64
agent-certlab/aider-intervals-2026-08-14	UNKNOWN STEP	2026-08-31T11:49:24.4721031Z   Python2_ROOT_DIR: /opt/hostedtoolcache/Python/3.12.14/x64
agent-certlab/aider-intervals-2026-08-14	UNKNOWN STEP	2026-08-31T11:49:24.4721427Z   Python3_ROOT_DIR: /opt/hostedtoolcache/Python/3.12.14/x64
agent-certlab/aider-intervals-2026-08-14	UNKNOWN STEP	2026-08-31T11:49:24.4721817Z   LD_LIBRARY_PATH: /opt/hostedtoolcache/Python/3.12.14/x64/lib
agent-certlab/aider-intervals-2026-08-14	UNKNOWN STEP	2026-08-31T11:49:24.4722171Z ##[endgroup]
agent-certlab/aider-intervals-2026-08-14	UNKNOWN STEP	2026-08-31T11:49:24.5168156Z structural verification: PASS (bundle)
agent-certlab/aider-intervals-2026-08-14	UNKNOWN STEP	2026-08-31T11:49:24.5168975Z   proved offline: manifest schema, artifact presence + sha256, bundle closure,
agent-certlab/aider-intervals-2026-08-14	UNKNOWN STEP	2026-08-31T11:49:24.5170066Z   stated limitations, stamp agreement, declared results recomputed from artifacts.
agent-certlab/aider-intervals-2026-08-14	UNKNOWN STEP	2026-08-31T11:49:24.5171036Z semantic replay: NOT run by this tool. A structural PASS means the bundle is
agent-certlab/aider-intervals-2026-08-14	UNKNOWN STEP	2026-08-31T11:49:24.5171804Z   internally honest, not that the issuer's grader agrees. To re-earn the
agent-certlab/aider-intervals-2026-08-14	UNKNOWN STEP	2026-08-31T11:49:24.5172377Z   verdicts, run the bundle's replay block at the pinned issuer_commit:
agent-certlab/aider-intervals-2026-08-14	UNKNOWN STEP	2026-08-31T11:49:24.5172872Z     $ git clone https://github.com/egnaro9/agent-certlab issuer
agent-certlab/aider-intervals-2026-08-14	UNKNOWN STEP	2026-08-31T11:49:24.5173269Z     $ git -C issuer checkout 7213f39
agent-certlab/aider-intervals-2026-08-14	UNKNOWN STEP	2026-08-31T11:49:24.5173917Z     $ python -m pip install -e './issuer[test]'
agent-certlab/aider-intervals-2026-08-14	UNKNOWN STEP	2026-08-31T11:49:24.5174271Z     $ python -m certlab.regrade bundle.json
agent-certlab/aider-intervals-2026-08-14	UNKNOWN STEP	2026-08-31T11:49:24.5175062Z     expected: exit 0; regrade reports 'consistent — 6/6 verdicts recomputed identical'
agent-certlab/aider-intervals-2026-08-14	UNKNOWN STEP	2026-08-31T11:49:24.5261252Z ##[group]Run jq -r '.replay.commands[]' bundle/vac.json > replay.sh
agent-certlab/aider-intervals-2026-08-14	UNKNOWN STEP	2026-08-31T11:49:24.5261749Z ^[[36;1mjq -r '.replay.commands[]' bundle/vac.json > replay.sh^[[0m
agent-certlab/aider-intervals-2026-08-14	UNKNOWN STEP	2026-08-31T11:49:24.5262178Z ^[[36;1mecho "--- replay block (sha256-pinned via the registry) ---"^[[0m
agent-certlab/aider-intervals-2026-08-14	UNKNOWN STEP	2026-08-31T11:49:24.5262545Z ^[[36;1mcat replay.sh^[[0m
agent-certlab/aider-intervals-2026-08-14	UNKNOWN STEP	2026-08-31T11:49:24.5262888Z ^[[36;1mecho "--- expected: $(jq -r '.replay.expected' bundle/vac.json)"^[[0m
agent-certlab/aider-intervals-2026-08-14	UNKNOWN STEP	2026-08-31T11:49:24.5263253Z ^[[36;1mcd bundle^[[0m
agent-certlab/aider-intervals-2026-08-14	UNKNOWN STEP	2026-08-31T11:49:24.5263561Z ^[[36;1mbash -euxo pipefail ../replay.sh 2>&1 | tee ../transcript.txt^[[0m
agent-certlab/aider-intervals-2026-08-14	UNKNOWN STEP	2026-08-31T11:49:24.5308970Z shell: /usr/bin/bash --noprofile --norc -e -o pipefail {0}
agent-certlab/aider-intervals-2026-08-14	UNKNOWN STEP	2026-08-31T11:49:24.5309337Z env:
agent-certlab/aider-intervals-2026-08-14	UNKNOWN STEP	2026-08-31T11:49:24.5309640Z   pythonLocation: /opt/hostedtoolcache/Python/3.12.14/x64
agent-certlab/aider-intervals-2026-08-14	UNKNOWN STEP	2026-08-31T11:49:24.5310094Z   PKG_CONFIG_PATH: /opt/hostedtoolcache/Python/3.12.14/x64/lib/pkgconfig
agent-certlab/aider-intervals-2026-08-14	UNKNOWN STEP	2026-08-31T11:49:24.5310654Z   Python_ROOT_DIR: /opt/hostedtoolcache/Python/3.12.14/x64
agent-certlab/aider-intervals-2026-08-14	UNKNOWN STEP	2026-08-31T11:49:24.5311245Z   Python2_ROOT_DIR: /opt/hostedtoolcache/Python/3.12.14/x64
agent-certlab/aider-intervals-2026-08-14	UNKNOWN STEP	2026-08-31T11:49:24.5311772Z   Python3_ROOT_DIR: /opt/hostedtoolcache/Python/3.12.14/x64
agent-certlab/aider-intervals-2026-08-14	UNKNOWN STEP	2026-08-31T11:49:24.5312302Z   LD_LIBRARY_PATH: /opt/hostedtoolcache/Python/3.12.14/x64/lib
agent-certlab/aider-intervals-2026-08-14	UNKNOWN STEP	2026-08-31T11:49:24.5312746Z ##[endgroup]
agent-certlab/aider-intervals-2026-08-14	UNKNOWN STEP	2026-08-31T11:49:24.5415930Z --- replay block (sha256-pinned via the registry) ---
agent-certlab/aider-intervals-2026-08-14	UNKNOWN STEP	2026-08-31T11:49:24.5425882Z git clone https://github.com/egnaro9/agent-certlab issuer
agent-certlab/aider-intervals-2026-08-14	UNKNOWN STEP	2026-08-31T11:49:24.5426579Z git -C issuer checkout 7213f39
agent-certlab/aider-intervals-2026-08-14	UNKNOWN STEP	2026-08-31T11:49:24.5427115Z python -m pip install -e './issuer[test]'
agent-certlab/aider-intervals-2026-08-14	UNKNOWN STEP	2026-08-31T11:49:24.5427495Z python -m certlab.regrade bundle.json
agent-certlab/aider-intervals-2026-08-14	UNKNOWN STEP	2026-08-31T11:49:24.5457847Z --- expected: exit 0; regrade reports 'consistent — 6/6 verdicts recomputed identical'
agent-certlab/aider-intervals-2026-08-14	UNKNOWN STEP	2026-08-31T11:49:24.5474865Z + git clone https://github.com/egnaro9/agent-certlab issuer
agent-certlab/aider-intervals-2026-08-14	UNKNOWN STEP	2026-08-31T11:49:24.5489225Z Cloning into 'issuer'...
agent-certlab/aider-intervals-2026-08-14	UNKNOWN STEP	2026-08-31T11:49:24.8210271Z + git -C issuer checkout 7213f39
agent-certlab/aider-intervals-2026-08-14	UNKNOWN STEP	2026-08-31T11:49:24.8272711Z Note: switching to '7213f39'.
agent-certlab/aider-intervals-2026-08-14	UNKNOWN STEP	2026-08-31T11:49:24.8273045Z 
agent-certlab/aider-intervals-2026-08-14	UNKNOWN STEP	2026-08-31T11:49:24.8273523Z You are in 'detached HEAD' state. You can look around, make experimental
agent-certlab/aider-intervals-2026-08-14	UNKNOWN STEP	2026-08-31T11:49:24.8274434Z changes and commit them, and you can discard any commits you make in this
agent-certlab/aider-intervals-2026-08-14	UNKNOWN STEP	2026-08-31T11:49:24.8275281Z state without impacting any branches by switching back to a branch.
agent-certlab/aider-intervals-2026-08-14	UNKNOWN STEP	2026-08-31T11:49:24.8275929Z 
agent-certlab/aider-intervals-2026-08-14	UNKNOWN STEP	2026-08-31T11:49:24.8276361Z If you want to create a new branch to retain commits you create, you may
agent-certlab/aider-intervals-2026-08-14	UNKNOWN STEP	2026-08-31T11:49:24.8277192Z do so (now or later) by using -c with the switch command. Example:
agent-certlab/aider-intervals-2026-08-14	UNKNOWN STEP	2026-08-31T11:49:24.8277589Z 
agent-certlab/aider-intervals-2026-08-14	UNKNOWN STEP	2026-08-31T11:49:24.8277811Z   git switch -c <new-branch-name>
agent-certlab/aider-intervals-2026-08-14	UNKNOWN STEP	2026-08-31T11:49:24.8278084Z 
agent-certlab/aider-intervals-2026-08-14	UNKNOWN STEP	2026-08-31T11:49:24.8278277Z Or undo this operation with:
agent-certlab/aider-intervals-2026-08-14	UNKNOWN STEP	2026-08-31T11:49:24.8278544Z 
agent-certlab/aider-intervals-2026-08-14	UNKNOWN STEP	2026-08-31T11:49:24.8278698Z   git switch -
agent-certlab/aider-intervals-2026-08-14	UNKNOWN STEP	2026-08-31T11:49:24.8278851Z 
agent-certlab/aider-intervals-2026-08-14	UNKNOWN STEP	2026-08-31T11:49:24.8279144Z Turn off this advice by setting config variable advice.detachedHead to false
agent-certlab/aider-intervals-2026-08-14	UNKNOWN STEP	2026-08-31T11:49:24.8279449Z 
agent-certlab/aider-intervals-2026-08-14	UNKNOWN STEP	2026-08-31T11:49:24.8279937Z HEAD is now at 7213f39 Aider adapter: read-only context and history files out of the graded tree
agent-certlab/aider-intervals-2026-08-14	UNKNOWN STEP	2026-08-31T11:49:24.8280940Z + python -m pip install -e './issuer[test]'
agent-certlab/aider-intervals-2026-08-14	UNKNOWN STEP	2026-08-31T11:49:25.6640103Z Obtaining file:///home/runner/work/vac-protocol/vac-protocol/bundle/issuer
agent-certlab/aider-intervals-2026-08-14	UNKNOWN STEP	2026-08-31T11:49:25.6656514Z   Installing build dependencies: started
agent-certlab/aider-intervals-2026-08-14	UNKNOWN STEP	2026-08-31T11:49:26.6028977Z   Installing build dependencies: finished with status 'done'
agent-certlab/aider-intervals-2026-08-14	UNKNOWN STEP	2026-08-31T11:49:26.6034954Z   Checking if build backend supports build_editable: started
agent-certlab/aider-intervals-2026-08-14	UNKNOWN STEP	2026-08-31T11:49:26.9109667Z   Checking if build backend supports build_editable: finished with status 'done'
agent-certlab/aider-intervals-2026-08-14	UNKNOWN STEP	2026-08-31T11:49:26.9117673Z   Getting requirements to build editable: started
agent-certlab/aider-intervals-2026-08-14	UNKNOWN STEP	2026-08-31T11:49:27.2642734Z   Getting requirements to build editable: finished with status 'done'
agent-certlab/aider-intervals-2026-08-14	UNKNOWN STEP	2026-08-31T11:49:27.2653511Z   Preparing editable metadata (pyproject.toml): started
agent-certlab/aider-intervals-2026-08-14	UNKNOWN STEP	2026-08-31T11:49:27.4699356Z   Preparing editable metadata (pyproject.toml): finished with status 'done'
agent-certlab/aider-intervals-2026-08-14	UNKNOWN STEP	2026-08-31T11:49:27.5672840Z Collecting pytest (from agent-certlab==0.0.1)
agent-certlab/aider-intervals-2026-08-14	UNKNOWN STEP	2026-08-31T11:49:27.6231937Z   Downloading pytest-9.1.1-py3-none-any.whl.metadata (7.6 kB)
agent-certlab/aider-intervals-2026-08-14	UNKNOWN STEP	2026-08-31T11:49:27.6409020Z Collecting iniconfig>=1.0.1 (from pytest->agent-certlab==0.0.1)
agent-certlab/aider-intervals-2026-08-14	UNKNOWN STEP	2026-08-31T11:49:27.6480072Z   Downloading iniconfig-2.3.0-py3-none-any.whl.metadata (2.5 kB)
agent-certlab/aider-intervals-2026-08-14	UNKNOWN STEP	2026-08-31T11:49:27.6787473Z Collecting packaging>=22 (from pytest->agent-certlab==0.0.1)
agent-certlab/aider-intervals-2026-08-14	UNKNOWN STEP	2026-08-31T11:49:27.6860639Z   Downloading packaging-26.3-py3-none-any.whl.metadata (3.5 kB)
agent-certlab/aider-intervals-2026-08-14	UNKNOWN STEP	2026-08-31T11:49:27.7022437Z Collecting pluggy<2,>=1.5 (from pytest->agent-certlab==0.0.1)
agent-certlab/aider-intervals-2026-08-14	UNKNOWN STEP	2026-08-31T11:49:27.7093870Z   Downloading pluggy-1.6.0-py3-none-any.whl.metadata (4.8 kB)
agent-certlab/aider-intervals-2026-08-14	UNKNOWN STEP	2026-08-31T11:49:27.7324627Z Collecting pygments>=2.7.2 (from pytest->agent-certlab==0.0.1)
agent-certlab/aider-intervals-2026-08-14	UNKNOWN STEP	2026-08-31T11:49:27.7427475Z   Downloading pygments-2.21.0-py3-none-any.whl.metadata (2.5 kB)
agent-certlab/aider-intervals-2026-08-14	UNKNOWN STEP	2026-08-31T11:49:27.7550787Z Downloading pytest-9.1.1-py3-none-any.whl (386 kB)
agent-certlab/aider-intervals-2026-08-14	UNKNOWN STEP	2026-08-31T11:49:27.7932662Z Downloading pluggy-1.6.0-py3-none-any.whl (20 kB)
agent-certlab/aider-intervals-2026-08-14	UNKNOWN STEP	2026-08-31T11:49:27.8024542Z Downloading iniconfig-2.3.0-py3-none-any.whl (7.5 kB)
agent-certlab/aider-intervals-2026-08-14	UNKNOWN STEP	2026-08-31T11:49:27.8116207Z Downloading packaging-26.3-py3-none-any.whl (129 kB)
agent-certlab/aider-intervals-2026-08-14	UNKNOWN STEP	2026-08-31T11:49:27.8264949Z Downloading pygments-2.21.0-py3-none-any.whl (1.3 MB)
agent-certlab/aider-intervals-2026-08-14	UNKNOWN STEP	2026-08-31T11:49:27.8818360Z    ━━━━━━━━━━━━━━━━━━━━━━━━━━━━━━━━━━━━━━━━ 1.3/1.3 MB 24.6 MB/s  0:00:00
agent-certlab/aider-intervals-2026-08-14	UNKNOWN STEP	2026-08-31T11:49:27.8986719Z Building wheels for collected packages: agent-certlab
agent-certlab/aider-intervals-2026-08-14	UNKNOWN STEP	2026-08-31T11:49:27.8995859Z   Building editable for agent-certlab (pyproject.toml): started
agent-certlab/aider-intervals-2026-08-14	UNKNOWN STEP	2026-08-31T11:49:28.1379687Z   Building editable for agent-certlab (pyproject.toml): finished with status 'done'
agent-certlab/aider-intervals-2026-08-14	UNKNOWN STEP	2026-08-31T11:49:28.1385413Z   Created wheel for agent-certlab: filename=agent_certlab-0.0.1-0.editable-py3-none-any.whl size=4941 sha256=927a94d5367789def820c8a6c9bd47a9ed9502d34560abd5d47a077fd229b510
agent-certlab/aider-intervals-2026-08-14	UNKNOWN STEP	2026-08-31T11:49:28.1387295Z   Stored in directory: /tmp/pip-ephem-wheel-cache-j2hlzxil/wheels/9c/ec/1b/d9e190e220536733f4048d8fe227b840b2eca03c0a75ceaeaf
agent-certlab/aider-intervals-2026-08-14	UNKNOWN STEP	2026-08-31T11:49:28.1404792Z Successfully built agent-certlab
agent-certlab/aider-intervals-2026-08-14	UNKNOWN STEP	2026-08-31T11:49:28.1610199Z Installing collected packages: pygments, pluggy, packaging, iniconfig, agent-certlab, pytest
agent-certlab/aider-intervals-2026-08-14	UNKNOWN STEP	2026-08-31T11:49:29.3732928Z 
agent-certlab/aider-intervals-2026-08-14	UNKNOWN STEP	2026-08-31T11:49:29.3746894Z Successfully installed agent-certlab-0.0.1 iniconfig-2.3.0 packaging-26.3 pluggy-1.6.0 pygments-2.21.0 pytest-9.1.1
agent-certlab/aider-intervals-2026-08-14	UNKNOWN STEP	2026-08-31T11:49:29.4484876Z + python -m certlab.regrade bundle.json
agent-certlab/aider-intervals-2026-08-14	UNKNOWN STEP	2026-08-31T11:49:31.1427720Z : consistent — 6/6 verdicts recomputed identical
agent-certlab/aider-intervals-2026-08-14	UNKNOWN STEP	2026-08-31T11:49:31.1561196Z ##[group]Run if jq -e '[.results.checks[].profile] | index("certlab-bundle-v1")' bundle/vac.json > /dev/null; then
agent-certlab/aider-intervals-2026-08-14	UNKNOWN STEP	2026-08-31T11:49:31.1561979Z ^[[36;1mif jq -e '[.results.checks[].profile] | index("certlab-bundle-v1")' bundle/vac.json > /dev/null; then^[[0m
agent-certlab/aider-intervals-2026-08-14	UNKNOWN STEP	2026-08-31T11:49:31.1562579Z ^[[36;1m  if grep -Eq 'stale-code|cannot regrade' transcript.txt; then^[[0m
agent-certlab/aider-intervals-2026-08-14	UNKNOWN STEP	2026-08-31T11:49:31.1563273Z ^[[36;1m    echo "regrade REFUSED at the pinned commit — issuer_commit/replay commit does not regrade this bundle (drifted task set or wrong pin)"^[[0m
agent-certlab/aider-intervals-2026-08-14	UNKNOWN STEP	2026-08-31T11:49:31.1563880Z ^[[36;1m    exit 1^[[0m
agent-certlab/aider-intervals-2026-08-14	UNKNOWN STEP	2026-08-31T11:49:31.1564098Z ^[[36;1m  fi^[[0m
agent-certlab/aider-intervals-2026-08-14	UNKNOWN STEP	2026-08-31T11:49:31.1564366Z ^[[36;1m  if ! grep -q 'consistent' transcript.txt; then^[[0m
agent-certlab/aider-intervals-2026-08-14	UNKNOWN STEP	2026-08-31T11:49:31.1564816Z ^[[36;1m    echo "regrade never reported 'consistent' — the verdicts were not re-earned"^[[0m
agent-certlab/aider-intervals-2026-08-14	UNKNOWN STEP	2026-08-31T11:49:31.1565220Z ^[[36;1m    exit 1^[[0m
agent-certlab/aider-intervals-2026-08-14	UNKNOWN STEP	2026-08-31T11:49:31.1565433Z ^[[36;1m  fi^[[0m
agent-certlab/aider-intervals-2026-08-14	UNKNOWN STEP	2026-08-31T11:49:31.1565950Z ^[[36;1melse^[[0m
agent-certlab/aider-intervals-2026-08-14	UNKNOWN STEP	2026-08-31T11:49:31.1566343Z ^[[36;1m  echo "no certlab-bundle-v1 check in this bundle; predicate not applicable"^[[0m
agent-certlab/aider-intervals-2026-08-14	UNKNOWN STEP	2026-08-31T11:49:31.1566731Z ^[[36;1mfi^[[0m
agent-certlab/aider-intervals-2026-08-14	UNKNOWN STEP	2026-08-31T11:49:31.1608049Z shell: /usr/bin/bash -e {0}
agent-certlab/aider-intervals-2026-08-14	UNKNOWN STEP	2026-08-31T11:49:31.1608320Z env:
agent-certlab/aider-intervals-2026-08-14	UNKNOWN STEP	2026-08-31T11:49:31.1608801Z   pythonLocation: /opt/hostedtoolcache/Python/3.12.14/x64
agent-certlab/aider-intervals-2026-08-14	UNKNOWN STEP	2026-08-31T11:49:31.1609254Z   PKG_CONFIG_PATH: /opt/hostedtoolcache/Python/3.12.14/x64/lib/pkgconfig
agent-certlab/aider-intervals-2026-08-14	UNKNOWN STEP	2026-08-31T11:49:31.1609682Z   Python_ROOT_DIR: /opt/hostedtoolcache/Python/3.12.14/x64
agent-certlab/aider-intervals-2026-08-14	UNKNOWN STEP	2026-08-31T11:49:31.1610064Z   Python2_ROOT_DIR: /opt/hostedtoolcache/Python/3.12.14/x64
agent-certlab/aider-intervals-2026-08-14	UNKNOWN STEP	2026-08-31T11:49:31.1610449Z   Python3_ROOT_DIR: /opt/hostedtoolcache/Python/3.12.14/x64
agent-certlab/aider-intervals-2026-08-14	UNKNOWN STEP	2026-08-31T11:49:31.1610836Z   LD_LIBRARY_PATH: /opt/hostedtoolcache/Python/3.12.14/x64/lib
agent-certlab/aider-intervals-2026-08-14	UNKNOWN STEP	2026-08-31T11:49:31.1611164Z ##[endgroup]
agent-certlab/aider-intervals-2026-08-14	UNKNOWN STEP	2026-08-31T11:49:31.1764620Z ##[group]Run if jq -e '[.results.checks[].profile] | index("fleet-board-v1")' bundle/vac.json > /dev/null; then
agent-certlab/aider-intervals-2026-08-14	UNKNOWN STEP	2026-08-31T11:49:31.1765374Z ^[[36;1mif jq -e '[.results.checks[].profile] | index("fleet-board-v1")' bundle/vac.json > /dev/null; then^[[0m
agent-certlab/aider-intervals-2026-08-14	UNKNOWN STEP	2026-08-31T11:49:31.1766196Z ^[[36;1m  if ! grep -q '+ cmp ' transcript.txt; then^[[0m
agent-certlab/aider-intervals-2026-08-14	UNKNOWN STEP	2026-08-31T11:49:31.1766757Z ^[[36;1m    echo "fleet replay block executed no cmp — byte-identity with the downloaded results was never checked"^[[0m
agent-certlab/aider-intervals-2026-08-14	UNKNOWN STEP	2026-08-31T11:49:31.1767286Z ^[[36;1m    exit 1^[[0m
agent-certlab/aider-intervals-2026-08-14	UNKNOWN STEP	2026-08-31T11:49:31.1767513Z ^[[36;1m  fi^[[0m
agent-certlab/aider-intervals-2026-08-14	UNKNOWN STEP	2026-08-31T11:49:31.1767785Z ^[[36;1m  if grep -E 'differ|EOF on' transcript.txt; then^[[0m
agent-certlab/aider-intervals-2026-08-14	UNKNOWN STEP	2026-08-31T11:49:31.1768299Z ^[[36;1m    echo "a byte-compare FAILED — the pinned commit does not reproduce the registered bytes"^[[0m
agent-certlab/aider-intervals-2026-08-14	UNKNOWN STEP	2026-08-31T11:49:31.1768738Z ^[[36;1m    exit 1^[[0m
agent-certlab/aider-intervals-2026-08-14	UNKNOWN STEP	2026-08-31T11:49:31.1768946Z ^[[36;1m  fi^[[0m
agent-certlab/aider-intervals-2026-08-14	UNKNOWN STEP	2026-08-31T11:49:31.1769143Z ^[[36;1melse^[[0m
agent-certlab/aider-intervals-2026-08-14	UNKNOWN STEP	2026-08-31T11:49:31.1769508Z ^[[36;1m  echo "no fleet-board-v1 check in this bundle; predicate not applicable"^[[0m
agent-certlab/aider-intervals-2026-08-14	UNKNOWN STEP	2026-08-31T11:49:31.1769884Z ^[[36;1mfi^[[0m
agent-certlab/aider-intervals-2026-08-14	UNKNOWN STEP	2026-08-31T11:49:31.1808950Z shell: /usr/bin/bash -e {0}
agent-certlab/aider-intervals-2026-08-14	UNKNOWN STEP	2026-08-31T11:49:31.1809209Z env:
agent-certlab/aider-intervals-2026-08-14	UNKNOWN STEP	2026-08-31T11:49:31.1809494Z   pythonLocation: /opt/hostedtoolcache/Python/3.12.14/x64
agent-certlab/aider-intervals-2026-08-14	UNKNOWN STEP	2026-08-31T11:49:31.1809938Z   PKG_CONFIG_PATH: /opt/hostedtoolcache/Python/3.12.14/x64/lib/pkgconfig
agent-certlab/aider-intervals-2026-08-14	UNKNOWN STEP	2026-08-31T11:49:31.1810377Z   Python_ROOT_DIR: /opt/hostedtoolcache/Python/3.12.14/x64
agent-certlab/aider-intervals-2026-08-14	UNKNOWN STEP	2026-08-31T11:49:31.1810770Z   Python2_ROOT_DIR: /opt/hostedtoolcache/Python/3.12.14/x64
agent-certlab/aider-intervals-2026-08-14	UNKNOWN STEP	2026-08-31T11:49:31.1811134Z   Python3_ROOT_DIR: /opt/hostedtoolcache/Python/3.12.14/x64
agent-certlab/aider-intervals-2026-08-14	UNKNOWN STEP	2026-08-31T11:49:31.1811503Z   LD_LIBRARY_PATH: /opt/hostedtoolcache/Python/3.12.14/x64/lib
agent-certlab/aider-intervals-2026-08-14	UNKNOWN STEP	2026-08-31T11:49:31.1811824Z ##[endgroup]
agent-certlab/aider-intervals-2026-08-14	UNKNOWN STEP	2026-08-31T11:49:31.1907583Z no fleet-board-v1 check in this bundle; predicate not applicable
agent-certlab/aider-intervals-2026-08-14	UNKNOWN STEP	2026-08-31T11:49:31.1936491Z ##[group]Run if jq -e '[.results.checks[].profile] | index("evalmut-run-v1")' bundle/vac.json > /dev/null; then
agent-certlab/aider-intervals-2026-08-14	UNKNOWN STEP	2026-08-31T11:49:31.1937255Z ^[[36;1mif jq -e '[.results.checks[].profile] | index("evalmut-run-v1")' bundle/vac.json > /dev/null; then^[[0m
agent-certlab/aider-intervals-2026-08-14	UNKNOWN STEP	2026-08-31T11:49:31.1937778Z ^[[36;1m  if ! grep -q '+ cmp ' transcript.txt; then^[[0m
agent-certlab/aider-intervals-2026-08-14	UNKNOWN STEP	2026-08-31T11:49:31.1938335Z ^[[36;1m    echo "evalmut replay block executed no cmp — byte-identity with the downloaded payload was never checked"^[[0m
agent-certlab/aider-intervals-2026-08-14	UNKNOWN STEP	2026-08-31T11:49:31.1938850Z ^[[36;1m    exit 1^[[0m
agent-certlab/aider-intervals-2026-08-14	UNKNOWN STEP	2026-08-31T11:49:31.1939095Z ^[[36;1m  fi^[[0m
agent-certlab/aider-intervals-2026-08-14	UNKNOWN STEP	2026-08-31T11:49:31.1939363Z ^[[36;1m  if grep -E 'differ|EOF on' transcript.txt; then^[[0m
agent-certlab/aider-intervals-2026-08-14	UNKNOWN STEP	2026-08-31T11:49:31.1939863Z ^[[36;1m    echo "a byte-compare FAILED — the pinned commit does not reproduce the registered bytes"^[[0m
agent-certlab/aider-intervals-2026-08-14	UNKNOWN STEP	2026-08-31T11:49:31.1940314Z ^[[36;1m    exit 1^[[0m
agent-certlab/aider-intervals-2026-08-14	UNKNOWN STEP	2026-08-31T11:49:31.1940531Z ^[[36;1m  fi^[[0m
agent-certlab/aider-intervals-2026-08-14	UNKNOWN STEP	2026-08-31T11:49:31.1940725Z ^[[36;1melse^[[0m
agent-certlab/aider-intervals-2026-08-14	UNKNOWN STEP	2026-08-31T11:49:31.1941100Z ^[[36;1m  echo "no evalmut-run-v1 check in this bundle; predicate not applicable"^[[0m
agent-certlab/aider-intervals-2026-08-14	UNKNOWN STEP	2026-08-31T11:49:31.1941524Z ^[[36;1mfi^[[0m
agent-certlab/aider-intervals-2026-08-14	UNKNOWN STEP	2026-08-31T11:49:31.1981529Z shell: /usr/bin/bash -e {0}
agent-certlab/aider-intervals-2026-08-14	UNKNOWN STEP	2026-08-31T11:49:31.1981789Z env:
agent-certlab/aider-intervals-2026-08-14	UNKNOWN STEP	2026-08-31T11:49:31.1982072Z   pythonLocation: /opt/hostedtoolcache/Python/3.12.14/x64
agent-certlab/aider-intervals-2026-08-14	UNKNOWN STEP	2026-08-31T11:49:31.1982513Z   PKG_CONFIG_PATH: /opt/hostedtoolcache/Python/3.12.14/x64/lib/pkgconfig
agent-certlab/aider-intervals-2026-08-14	UNKNOWN STEP	2026-08-31T11:49:31.1982956Z   Python_ROOT_DIR: /opt/hostedtoolcache/Python/3.12.14/x64
agent-certlab/aider-intervals-2026-08-14	UNKNOWN STEP	2026-08-31T11:49:31.1983338Z   Python2_ROOT_DIR: /opt/hostedtoolcache/Python/3.12.14/x64
agent-certlab/aider-intervals-2026-08-14	UNKNOWN STEP	2026-08-31T11:49:31.1984058Z   Python3_ROOT_DIR: /opt/hostedtoolcache/Python/3.12.14/x64
agent-certlab/aider-intervals-2026-08-14	UNKNOWN STEP	2026-08-31T11:49:31.1984461Z   LD_LIBRARY_PATH: /opt/hostedtoolcache/Python/3.12.14/x64/lib
agent-certlab/aider-intervals-2026-08-14	UNKNOWN STEP	2026-08-31T11:49:31.1984784Z ##[endgroup]
agent-certlab/aider-intervals-2026-08-14	UNKNOWN STEP	2026-08-31T11:49:31.2080489Z no evalmut-run-v1 check in this bundle; predicate not applicable
agent-certlab/aider-intervals-2026-08-14	UNKNOWN STEP	2026-08-31T11:49:31.2109674Z ##[group]Run if jq -e '[.results.checks[].profile] | index("crashkit-battery-v1")' bundle/vac.json > /dev/null; then
agent-certlab/aider-intervals-2026-08-14	UNKNOWN STEP	2026-08-31T11:49:31.2110445Z ^[[36;1mif jq -e '[.results.checks[].profile] | index("crashkit-battery-v1")' bundle/vac.json > /dev/null; then^[[0m
agent-certlab/aider-intervals-2026-08-14	UNKNOWN STEP	2026-08-31T11:49:31.2110959Z ^[[36;1m  if ! grep -q '+ cmp ' transcript.txt; then^[[0m
agent-certlab/aider-intervals-2026-08-14	UNKNOWN STEP	2026-08-31T11:49:31.2111527Z ^[[36;1m    echo "crashkit replay block executed no cmp — byte-identity with the downloaded artifacts was never checked"^[[0m
agent-certlab/aider-intervals-2026-08-14	UNKNOWN STEP	2026-08-31T11:49:31.2112057Z ^[[36;1m    exit 1^[[0m
agent-certlab/aider-intervals-2026-08-14	UNKNOWN STEP	2026-08-31T11:49:31.2112282Z ^[[36;1m  fi^[[0m
agent-certlab/aider-intervals-2026-08-14	UNKNOWN STEP	2026-08-31T11:49:31.2112549Z ^[[36;1m  if grep -E 'differ|EOF on' transcript.txt; then^[[0m
agent-certlab/aider-intervals-2026-08-14	UNKNOWN STEP	2026-08-31T11:49:31.2113064Z ^[[36;1m    echo "a byte-compare FAILED — the pinned commit does not reproduce the registered bytes"^[[0m
agent-certlab/aider-intervals-2026-08-14	UNKNOWN STEP	2026-08-31T11:49:31.2113514Z ^[[36;1m    exit 1^[[0m
agent-certlab/aider-intervals-2026-08-14	UNKNOWN STEP	2026-08-31T11:49:31.2113723Z ^[[36;1m  fi^[[0m
agent-certlab/aider-intervals-2026-08-14	UNKNOWN STEP	2026-08-31T11:49:31.2113914Z ^[[36;1melse^[[0m
agent-certlab/aider-intervals-2026-08-14	UNKNOWN STEP	2026-08-31T11:49:31.2114334Z ^[[36;1m  echo "no crashkit-battery-v1 check in this bundle; predicate not applicable"^[[0m
agent-certlab/aider-intervals-2026-08-14	UNKNOWN STEP	2026-08-31T11:49:31.2114738Z ^[[36;1mfi^[[0m
agent-certlab/aider-intervals-2026-08-14	UNKNOWN STEP	2026-08-31T11:49:31.2156145Z shell: /usr/bin/bash -e {0}
agent-certlab/aider-intervals-2026-08-14	UNKNOWN STEP	2026-08-31T11:49:31.2156419Z env:
agent-certlab/aider-intervals-2026-08-14	UNKNOWN STEP	2026-08-31T11:49:31.2156705Z   pythonLocation: /opt/hostedtoolcache/Python/3.12.14/x64
agent-certlab/aider-intervals-2026-08-14	UNKNOWN STEP	2026-08-31T11:49:31.2157160Z   PKG_CONFIG_PATH: /opt/hostedtoolcache/Python/3.12.14/x64/lib/pkgconfig
agent-certlab/aider-intervals-2026-08-14	UNKNOWN STEP	2026-08-31T11:49:31.2157602Z   Python_ROOT_DIR: /opt/hostedtoolcache/Python/3.12.14/x64
agent-certlab/aider-intervals-2026-08-14	UNKNOWN STEP	2026-08-31T11:49:31.2157983Z   Python2_ROOT_DIR: /opt/hostedtoolcache/Python/3.12.14/x64
agent-certlab/aider-intervals-2026-08-14	UNKNOWN STEP	2026-08-31T11:49:31.2158358Z   Python3_ROOT_DIR: /opt/hostedtoolcache/Python/3.12.14/x64
agent-certlab/aider-intervals-2026-08-14	UNKNOWN STEP	2026-08-31T11:49:31.2158739Z   LD_LIBRARY_PATH: /opt/hostedtoolcache/Python/3.12.14/x64/lib
agent-certlab/aider-intervals-2026-08-14	UNKNOWN STEP	2026-08-31T11:49:31.2159083Z ##[endgroup]
agent-certlab/aider-intervals-2026-08-14	UNKNOWN STEP	2026-08-31T11:49:31.2256960Z no crashkit-battery-v1 check in this bundle; predicate not applicable
agent-certlab/aider-intervals-2026-08-14	UNKNOWN STEP	2026-08-31T11:49:31.2285739Z ##[group]Run if jq -e '[.results.checks[].profile] | index("modeldrift-board-v1")' bundle/vac.json > /dev/null; then
agent-certlab/aider-intervals-2026-08-14	UNKNOWN STEP	2026-08-31T11:49:31.2286561Z ^[[36;1mif jq -e '[.results.checks[].profile] | index("modeldrift-board-v1")' bundle/vac.json > /dev/null; then^[[0m
agent-certlab/aider-intervals-2026-08-14	UNKNOWN STEP	2026-08-31T11:49:31.2287085Z ^[[36;1m  if ! grep -q '+ cmp ' transcript.txt; then^[[0m
agent-certlab/aider-intervals-2026-08-14	UNKNOWN STEP	2026-08-31T11:49:31.2287675Z ^[[36;1m    echo "modeldrift replay block executed no cmp — byte-identity with the downloaded artifacts was never checked"^[[0m
agent-certlab/aider-intervals-2026-08-14	UNKNOWN STEP	2026-08-31T11:49:31.2288209Z ^[[36;1m    exit 1^[[0m
agent-certlab/aider-intervals-2026-08-14	UNKNOWN STEP	2026-08-31T11:49:31.2288435Z ^[[36;1m  fi^[[0m
agent-certlab/aider-intervals-2026-08-14	UNKNOWN STEP	2026-08-31T11:49:31.2288702Z ^[[36;1m  if grep -E 'differ|EOF on' transcript.txt; then^[[0m
agent-certlab/aider-intervals-2026-08-14	UNKNOWN STEP	2026-08-31T11:49:31.2289197Z ^[[36;1m    echo "a byte-compare FAILED — the pinned commit does not reproduce the registered bytes"^[[0m
agent-certlab/aider-intervals-2026-08-14	UNKNOWN STEP	2026-08-31T11:49:31.2289660Z ^[[36;1m    exit 1^[[0m
agent-certlab/aider-intervals-2026-08-14	UNKNOWN STEP	2026-08-31T11:49:31.2289861Z ^[[36;1m  fi^[[0m
agent-certlab/aider-intervals-2026-08-14	UNKNOWN STEP	2026-08-31T11:49:31.2290051Z ^[[36;1melse^[[0m
agent-certlab/aider-intervals-2026-08-14	UNKNOWN STEP	2026-08-31T11:49:31.2290434Z ^[[36;1m  echo "no modeldrift-board-v1 check in this bundle; predicate not applicable"^[[0m
agent-certlab/aider-intervals-2026-08-14	UNKNOWN STEP	2026-08-31T11:49:31.2290833Z ^[[36;1mfi^[[0m
agent-certlab/aider-intervals-2026-08-14	UNKNOWN STEP	2026-08-31T11:49:31.2331101Z shell: /usr/bin/bash -e {0}
agent-certlab/aider-intervals-2026-08-14	UNKNOWN STEP	2026-08-31T11:49:31.2331374Z env:
agent-certlab/aider-intervals-2026-08-14	UNKNOWN STEP	2026-08-31T11:49:31.2331650Z   pythonLocation: /opt/hostedtoolcache/Python/3.12.14/x64
agent-certlab/aider-intervals-2026-08-14	UNKNOWN STEP	2026-08-31T11:49:31.2332096Z   PKG_CONFIG_PATH: /opt/hostedtoolcache/Python/3.12.14/x64/lib/pkgconfig
agent-certlab/aider-intervals-2026-08-14	UNKNOWN STEP	2026-08-31T11:49:31.2332531Z   Python_ROOT_DIR: /opt/hostedtoolcache/Python/3.12.14/x64
agent-certlab/aider-intervals-2026-08-14	UNKNOWN STEP	2026-08-31T11:49:31.2332912Z   Python2_ROOT_DIR: /opt/hostedtoolcache/Python/3.12.14/x64
agent-certlab/aider-intervals-2026-08-14	UNKNOWN STEP	2026-08-31T11:49:31.2333296Z   Python3_ROOT_DIR: /opt/hostedtoolcache/Python/3.12.14/x64
agent-certlab/aider-intervals-2026-08-14	UNKNOWN STEP	2026-08-31T11:49:31.2333677Z   LD_LIBRARY_PATH: /opt/hostedtoolcache/Python/3.12.14/x64/lib
agent-certlab/aider-intervals-2026-08-14	UNKNOWN STEP	2026-08-31T11:49:31.2334011Z ##[endgroup]
agent-certlab/aider-intervals-2026-08-14	UNKNOWN STEP	2026-08-31T11:49:31.2436559Z no modeldrift-board-v1 check in this bundle; predicate not applicable
agent-certlab/aider-intervals-2026-08-14	UNKNOWN STEP	2026-08-31T11:49:31.2533030Z Node 20 is being deprecated. This workflow is running with Node 24 by default. If you need to temporarily use Node 20, you can set the ACTIONS_ALLOW_USE_UNSECURE_NODE_VERSION=true environment variable. For more information see: https://github.blog/changelog/2025-09-19-deprecation-of-node-20-on-github-actions-runners/
agent-certlab/aider-intervals-2026-08-14	UNKNOWN STEP	2026-08-31T11:49:31.2534256Z Post job cleanup.
agent-certlab/aider-intervals-2026-08-14	UNKNOWN STEP	2026-08-31T11:49:31.3825246Z (node:2421) [DEP0040] DeprecationWarning: The `punycode` module is deprecated. Please use a userland alternative instead.
agent-certlab/aider-intervals-2026-08-14	UNKNOWN STEP	2026-08-31T11:49:31.3826207Z (Use `node --trace-deprecation ...` to show where the warning was created)
agent-certlab/aider-intervals-2026-08-14	UNKNOWN STEP	2026-08-31T11:49:31.4006733Z Node 20 is being deprecated. This workflow is running with Node 24 by default. If you need to temporarily use Node 20, you can set the ACTIONS_ALLOW_USE_UNSECURE_NODE_VERSION=true environment variable. For more information see: https://github.blog/changelog/2025-09-19-deprecation-of-node-20-on-github-actions-runners/
agent-certlab/aider-intervals-2026-08-14	UNKNOWN STEP	2026-08-31T11:49:31.4008120Z Post job cleanup.
agent-certlab/aider-intervals-2026-08-14	UNKNOWN STEP	2026-08-31T11:49:31.5311741Z (node:2429) [DEP0040] DeprecationWarning: The `punycode` module is deprecated. Please use a userland alternative instead.
agent-certlab/aider-intervals-2026-08-14	UNKNOWN STEP	2026-08-31T11:49:31.5313224Z (Use `node --trace-deprecation ...` to show where the warning was created)
agent-certlab/aider-intervals-2026-08-14	UNKNOWN STEP	2026-08-31T11:49:31.5544845Z Node 20 is being deprecated. This workflow is running with Node 24 by default. If you need to temporarily use Node 20, you can set the ACTIONS_ALLOW_USE_UNSECURE_NODE_VERSION=true environment variable. For more information see: https://github.blog/changelog/2025-09-19-deprecation-of-node-20-on-github-actions-runners/
agent-certlab/aider-intervals-2026-08-14	UNKNOWN STEP	2026-08-31T11:49:31.5546170Z Post job cleanup.
agent-certlab/aider-intervals-2026-08-14	UNKNOWN STEP	2026-08-31T11:49:31.6503308Z [command]/usr/bin/git version
agent-certlab/aider-intervals-2026-08-14	UNKNOWN STEP	2026-08-31T11:49:31.6551679Z git version 2.55.0
agent-certlab/aider-intervals-2026-08-14	UNKNOWN STEP	2026-08-31T11:49:31.6595164Z Temporarily overriding HOME='/home/runner/work/_temp/cbaad9b7-b577-4d0a-8910-0228bde455d7' before making global git config changes
agent-certlab/aider-intervals-2026-08-14	UNKNOWN STEP	2026-08-31T11:49:31.6596455Z Adding repository directory to the temporary git global config as a safe directory
agent-certlab/aider-intervals-2026-08-14	UNKNOWN STEP	2026-08-31T11:49:31.6606809Z [command]/usr/bin/git config --global --add safe.directory /home/runner/work/vac-protocol/vac-protocol
agent-certlab/aider-intervals-2026-08-14	UNKNOWN STEP	2026-08-31T11:49:31.6647212Z [command]/usr/bin/git config --local --name-only --get-regexp core\.sshCommand
agent-certlab/aider-intervals-2026-08-14	UNKNOWN STEP	2026-08-31T11:49:31.6685810Z [command]/usr/bin/git submodule foreach --recursive sh -c "git config --local --name-only --get-regexp 'core\.sshCommand' && git config --local --unset-all 'core.sshCommand' || :"
agent-certlab/aider-intervals-2026-08-14	UNKNOWN STEP	2026-08-31T11:49:31.6966647Z [command]/usr/bin/git config --local --name-only --get-regexp http\.https\:\/\/github\.com\/\.extraheader
agent-certlab/aider-intervals-2026-08-14	UNKNOWN STEP	2026-08-31T11:49:31.7000554Z http.https://github.com/.extraheader
agent-certlab/aider-intervals-2026-08-14	UNKNOWN STEP	2026-08-31T11:49:31.7013183Z [command]/usr/bin/git config --local --unset-all http.https://github.com/.extraheader
agent-certlab/aider-intervals-2026-08-14	UNKNOWN STEP	2026-08-31T11:49:31.7061093Z [command]/usr/bin/git submodule foreach --recursive sh -c "git config --local --name-only --get-regexp 'http\.https\:\/\/github\.com\/\.extraheader' && git config --local --unset-all 'http.https://github.com/.extraheader' || :"
agent-certlab/aider-intervals-2026-08-14	UNKNOWN STEP	2026-08-31T11:49:31.7337679Z [command]/usr/bin/git config --local --name-only --get-regexp ^includeIf\.gitdir:
agent-certlab/aider-intervals-2026-08-14	UNKNOWN STEP	2026-08-31T11:49:31.7384690Z [command]/usr/bin/git submodule foreach --recursive git config --local --show-origin --name-only --get-regexp remote.origin.url
agent-certlab/aider-intervals-2026-08-14	UNKNOWN STEP	2026-08-31T11:49:31.7809877Z Cleaning up orphan processes
agent-certlab/aider-intervals-2026-08-14	UNKNOWN STEP	2026-08-31T11:49:31.8116087Z ##[warning]Node.js 20 is deprecated. The following actions target Node.js 20 but are being forced to run on Node.js 24: actions/checkout@v4, actions/setup-node@v4, actions/setup-python@v5. For more information see: https://github.blog/changelog/2025-09-19-deprecation-of-node-20-on-github-actions-runners/
evalmut/vac	UNKNOWN STEP	﻿2026-08-31T11:49:13.7564358Z Current runner version: '2.337.0'
evalmut/vac	UNKNOWN STEP	2026-08-31T11:49:13.7583757Z ##[group]Runner Image Provisioner
evalmut/vac	UNKNOWN STEP	2026-08-31T11:49:13.7584506Z Hosted Compute Agent
evalmut/vac	UNKNOWN STEP	2026-08-31T11:49:13.7584971Z Version: 20260819.586
evalmut/vac	UNKNOWN STEP	2026-08-31T11:49:13.7585556Z Commit: 3cc4a88dfa507ef76119ad1bb3eccc6378bb2b76
evalmut/vac	UNKNOWN STEP	2026-08-31T11:49:13.7586183Z Build Date: 2026-08-18T23:20:18Z
evalmut/vac	UNKNOWN STEP	2026-08-31T11:49:13.7586835Z Worker ID: {fd016b80-b88c-441e-a429-4ef194728001}
evalmut/vac	UNKNOWN STEP	2026-08-31T11:49:13.7587424Z Azure Region: westus3
evalmut/vac	UNKNOWN STEP	2026-08-31T11:49:13.7587898Z ##[endgroup]
evalmut/vac	UNKNOWN STEP	2026-08-31T11:49:13.7589289Z ##[group]Operating System
evalmut/vac	UNKNOWN STEP	2026-08-31T11:49:13.7589837Z Ubuntu
evalmut/vac	UNKNOWN STEP	2026-08-31T11:49:13.7590347Z 24.04.4
evalmut/vac	UNKNOWN STEP	2026-08-31T11:49:13.7590781Z LTS
evalmut/vac	UNKNOWN STEP	2026-08-31T11:49:13.7591213Z ##[endgroup]
evalmut/vac	UNKNOWN STEP	2026-08-31T11:49:13.7591722Z ##[group]Runner Image
evalmut/vac	UNKNOWN STEP	2026-08-31T11:49:13.7592217Z Image: ubuntu-24.04
evalmut/vac	UNKNOWN STEP	2026-08-31T11:49:13.7592672Z Version: 20260823.283.1
evalmut/vac	UNKNOWN STEP	2026-08-31T11:49:13.7593733Z Included Software: https://github.com/actions/runner-images/blob/ubuntu24/20260823.283/images/ubuntu/Ubuntu2404-Readme.md
evalmut/vac	UNKNOWN STEP	2026-08-31T11:49:13.7595020Z Image Release: https://github.com/actions/runner-images/releases/tag/ubuntu24%2F20260823.283
evalmut/vac	UNKNOWN STEP	2026-08-31T11:49:13.7595832Z ##[endgroup]
evalmut/vac	UNKNOWN STEP	2026-08-31T11:49:13.7596772Z ##[group]GITHUB_TOKEN Permissions
evalmut/vac	UNKNOWN STEP	2026-08-31T11:49:13.7598375Z Contents: read
evalmut/vac	UNKNOWN STEP	2026-08-31T11:49:13.7599170Z Metadata: read
evalmut/vac	UNKNOWN STEP	2026-08-31T11:49:13.7599719Z ##[endgroup]
evalmut/vac	UNKNOWN STEP	2026-08-31T11:49:13.7601382Z Secret source: Actions
evalmut/vac	UNKNOWN STEP	2026-08-31T11:49:13.7602443Z Prepare workflow directory
evalmut/vac	UNKNOWN STEP	2026-08-31T11:49:13.7872136Z Prepare all required actions
evalmut/vac	UNKNOWN STEP	2026-08-31T11:49:13.7926462Z Getting action download info
evalmut/vac	UNKNOWN STEP	2026-08-31T11:49:14.0920040Z Download action repository 'actions/checkout@v4' (SHA:11d5960a326750d5838078e36cf38b85af677262)
evalmut/vac	UNKNOWN STEP	2026-08-31T11:49:14.2201498Z Download action repository 'actions/setup-python@v5' (SHA:a26af69be951a213d495a4c3e4e4022e16d87065)
evalmut/vac	UNKNOWN STEP	2026-08-31T11:49:14.2891022Z Download action repository 'actions/setup-node@v4' (SHA:49933ea5288caeca8642d1e84afbd3f7d6820020)
evalmut/vac	UNKNOWN STEP	2026-08-31T11:49:14.4744221Z Complete job name: evalmut/vac
evalmut/vac	UNKNOWN STEP	2026-08-31T11:49:14.5390482Z Node 20 is being deprecated. This workflow is running with Node 24 by default. If you need to temporarily use Node 20, you can set the ACTIONS_ALLOW_USE_UNSECURE_NODE_VERSION=true environment variable. For more information see: https://github.blog/changelog/2025-09-19-deprecation-of-node-20-on-github-actions-runners/
evalmut/vac	UNKNOWN STEP	2026-08-31T11:49:14.5397239Z ##[group]Run actions/checkout@v4
evalmut/vac	UNKNOWN STEP	2026-08-31T11:49:14.5397786Z with:
evalmut/vac	UNKNOWN STEP	2026-08-31T11:49:14.5398139Z   repository: egnaro9/vac-protocol
evalmut/vac	UNKNOWN STEP	2026-08-31T11:49:14.5401629Z   token: ***
evalmut/vac	UNKNOWN STEP	2026-08-31T11:49:14.5401965Z   ssh-strict: true
evalmut/vac	UNKNOWN STEP	2026-08-31T11:49:14.5402303Z   ssh-user: git
evalmut/vac	UNKNOWN STEP	2026-08-31T11:49:14.5402647Z   persist-credentials: true
evalmut/vac	UNKNOWN STEP	2026-08-31T11:49:14.5403023Z   clean: true
evalmut/vac	UNKNOWN STEP	2026-08-31T11:49:14.5403374Z   sparse-checkout-cone-mode: true
evalmut/vac	UNKNOWN STEP	2026-08-31T11:49:14.5403776Z   fetch-depth: 1
evalmut/vac	UNKNOWN STEP	2026-08-31T11:49:14.5404107Z   fetch-tags: false
evalmut/vac	UNKNOWN STEP	2026-08-31T11:49:14.5404451Z   show-progress: true
evalmut/vac	UNKNOWN STEP	2026-08-31T11:49:14.5404797Z   lfs: false
evalmut/vac	UNKNOWN STEP	2026-08-31T11:49:14.5405152Z   submodules: false
evalmut/vac	UNKNOWN STEP	2026-08-31T11:49:14.5405510Z   set-safe-directory: true
evalmut/vac	UNKNOWN STEP	2026-08-31T11:49:14.5405901Z   allow-unsafe-pr-checkout: false
evalmut/vac	UNKNOWN STEP	2026-08-31T11:49:14.5406467Z ##[endgroup]
evalmut/vac	UNKNOWN STEP	2026-08-31T11:49:14.6216130Z Syncing repository: egnaro9/vac-protocol
evalmut/vac	UNKNOWN STEP	2026-08-31T11:49:14.6218049Z ##[group]Getting Git version info
evalmut/vac	UNKNOWN STEP	2026-08-31T11:49:14.6219132Z Working directory is '/home/runner/work/vac-protocol/vac-protocol'
evalmut/vac	UNKNOWN STEP	2026-08-31T11:49:14.6220428Z [command]/usr/bin/git version
evalmut/vac	UNKNOWN STEP	2026-08-31T11:49:14.6293924Z git version 2.55.0
evalmut/vac	UNKNOWN STEP	2026-08-31T11:49:14.6349376Z ##[endgroup]
evalmut/vac	UNKNOWN STEP	2026-08-31T11:49:14.6371517Z Temporarily overriding HOME='/home/runner/work/_temp/4f9c5200-b258-426c-aaa5-af3d6ab7a492' before making global git config changes
evalmut/vac	UNKNOWN STEP	2026-08-31T11:49:14.6372571Z Adding repository directory to the temporary git global config as a safe directory
evalmut/vac	UNKNOWN STEP	2026-08-31T11:49:14.6373495Z [command]/usr/bin/git config --global --add safe.directory /home/runner/work/vac-protocol/vac-protocol
evalmut/vac	UNKNOWN STEP	2026-08-31T11:49:14.6374813Z Deleting the contents of '/home/runner/work/vac-protocol/vac-protocol'
evalmut/vac	UNKNOWN STEP	2026-08-31T11:49:14.6379347Z ##[group]Initializing the repository
evalmut/vac	UNKNOWN STEP	2026-08-31T11:49:14.6387808Z [command]/usr/bin/git init /home/runner/work/vac-protocol/vac-protocol
evalmut/vac	UNKNOWN STEP	2026-08-31T11:49:14.6460517Z hint: Using 'master' as the name for the initial branch. This default branch name
evalmut/vac	UNKNOWN STEP	2026-08-31T11:49:14.6461806Z hint: will change to "main" in Git 3.0. To configure the initial branch name
evalmut/vac	UNKNOWN STEP	2026-08-31T11:49:14.6462556Z hint: to use in all of your new repositories, which will suppress this warning,
evalmut/vac	UNKNOWN STEP	2026-08-31T11:49:14.6463323Z hint: call:
evalmut/vac	UNKNOWN STEP	2026-08-31T11:49:14.6463649Z hint:
evalmut/vac	UNKNOWN STEP	2026-08-31T11:49:14.6464057Z hint: 	git config --global init.defaultBranch <name>
evalmut/vac	UNKNOWN STEP	2026-08-31T11:49:14.6464537Z hint:
evalmut/vac	UNKNOWN STEP	2026-08-31T11:49:14.6464989Z hint: Names commonly chosen instead of 'master' are 'main', 'trunk' and
evalmut/vac	UNKNOWN STEP	2026-08-31T11:49:14.6465709Z hint: 'development'. The just-created branch can be renamed via this command:
evalmut/vac	UNKNOWN STEP	2026-08-31T11:49:14.6466271Z hint:
evalmut/vac	UNKNOWN STEP	2026-08-31T11:49:14.6466599Z hint: 	git branch -m <name>
evalmut/vac	UNKNOWN STEP	2026-08-31T11:49:14.6467012Z hint:
evalmut/vac	UNKNOWN STEP	2026-08-31T11:49:14.6467494Z hint: Disable this message with "git config set advice.defaultBranchName false"
evalmut/vac	UNKNOWN STEP	2026-08-31T11:49:14.6472328Z Initialized empty Git repository in /home/runner/work/vac-protocol/vac-protocol/.git/
evalmut/vac	UNKNOWN STEP	2026-08-31T11:49:14.6480718Z [command]/usr/bin/git remote add origin https://github.com/egnaro9/vac-protocol
evalmut/vac	UNKNOWN STEP	2026-08-31T11:49:14.6519127Z ##[endgroup]
evalmut/vac	UNKNOWN STEP	2026-08-31T11:49:14.6520058Z ##[group]Disabling automatic garbage collection
evalmut/vac	UNKNOWN STEP	2026-08-31T11:49:14.6522330Z [command]/usr/bin/git config --local gc.auto 0
evalmut/vac	UNKNOWN STEP	2026-08-31T11:49:14.6552528Z ##[endgroup]
evalmut/vac	UNKNOWN STEP	2026-08-31T11:49:14.6553605Z ##[group]Setting up auth
evalmut/vac	UNKNOWN STEP	2026-08-31T11:49:14.6557849Z [command]/usr/bin/git config --local --name-only --get-regexp core\.sshCommand
evalmut/vac	UNKNOWN STEP	2026-08-31T11:49:14.6593875Z [command]/usr/bin/git submodule foreach --recursive sh -c "git config --local --name-only --get-regexp 'core\.sshCommand' && git config --local --unset-all 'core.sshCommand' || :"
evalmut/vac	UNKNOWN STEP	2026-08-31T11:49:14.6879568Z [command]/usr/bin/git config --local --name-only --get-regexp http\.https\:\/\/github\.com\/\.extraheader
evalmut/vac	UNKNOWN STEP	2026-08-31T11:49:14.6918010Z [command]/usr/bin/git submodule foreach --recursive sh -c "git config --local --name-only --get-regexp 'http\.https\:\/\/github\.com\/\.extraheader' && git config --local --unset-all 'http.https://github.com/.extraheader' || :"
evalmut/vac	UNKNOWN STEP	2026-08-31T11:49:14.7114416Z [command]/usr/bin/git config --local --name-only --get-regexp ^includeIf\.gitdir:
evalmut/vac	UNKNOWN STEP	2026-08-31T11:49:14.7144389Z [command]/usr/bin/git submodule foreach --recursive git config --local --show-origin --name-only --get-regexp remote.origin.url
evalmut/vac	UNKNOWN STEP	2026-08-31T11:49:14.7335524Z [command]/usr/bin/git config --local http.https://github.com/.extraheader AUTHORIZATION: basic ***
evalmut/vac	UNKNOWN STEP	2026-08-31T11:49:14.7368983Z ##[endgroup]
evalmut/vac	UNKNOWN STEP	2026-08-31T11:49:14.7369955Z ##[group]Fetching the repository
evalmut/vac	UNKNOWN STEP	2026-08-31T11:49:14.7377281Z [command]/usr/bin/git -c protocol.version=2 fetch --no-tags --prune --no-recurse-submodules --depth=1 origin +6a05245337cbbcebf1e06180e798ad568848ad2e:refs/remotes/origin/main
evalmut/vac	UNKNOWN STEP	2026-08-31T11:49:15.7703104Z From https://github.com/egnaro9/vac-protocol
evalmut/vac	UNKNOWN STEP	2026-08-31T11:49:15.7704916Z  * [new ref]         6a05245337cbbcebf1e06180e798ad568848ad2e -> origin/main
evalmut/vac	UNKNOWN STEP	2026-08-31T11:49:15.7707891Z ##[endgroup]
evalmut/vac	UNKNOWN STEP	2026-08-31T11:49:15.7709220Z ##[group]Determining the checkout info
evalmut/vac	UNKNOWN STEP	2026-08-31T11:49:15.7710492Z ##[endgroup]
evalmut/vac	UNKNOWN STEP	2026-08-31T11:49:15.7712127Z [command]/usr/bin/git sparse-checkout disable
evalmut/vac	UNKNOWN STEP	2026-08-31T11:49:15.7752942Z [command]/usr/bin/git config --local --unset-all extensions.worktreeConfig
evalmut/vac	UNKNOWN STEP	2026-08-31T11:49:15.7782827Z ##[group]Checking out the ref
evalmut/vac	UNKNOWN STEP	2026-08-31T11:49:15.7784102Z [command]/usr/bin/git checkout --progress --force -B main refs/remotes/origin/main
evalmut/vac	UNKNOWN STEP	2026-08-31T11:49:15.8013999Z Switched to a new branch 'main'
evalmut/vac	UNKNOWN STEP	2026-08-31T11:49:15.8018049Z branch 'main' set up to track 'origin/main'.
evalmut/vac	UNKNOWN STEP	2026-08-31T11:49:15.8023432Z ##[endgroup]
evalmut/vac	UNKNOWN STEP	2026-08-31T11:49:15.8057659Z [command]/usr/bin/git log -1 --format=%H
evalmut/vac	UNKNOWN STEP	2026-08-31T11:49:15.8080321Z 6a05245337cbbcebf1e06180e798ad568848ad2e
evalmut/vac	UNKNOWN STEP	2026-08-31T11:49:15.8441159Z Node 20 is being deprecated. This workflow is running with Node 24 by default. If you need to temporarily use Node 20, you can set the ACTIONS_ALLOW_USE_UNSECURE_NODE_VERSION=true environment variable. For more information see: https://github.blog/changelog/2025-09-19-deprecation-of-node-20-on-github-actions-runners/
evalmut/vac	UNKNOWN STEP	2026-08-31T11:49:15.8445522Z ##[group]Run actions/setup-python@v5
evalmut/vac	UNKNOWN STEP	2026-08-31T11:49:15.8446442Z with:
evalmut/vac	UNKNOWN STEP	2026-08-31T11:49:15.8447140Z   python-version: 3.12
evalmut/vac	UNKNOWN STEP	2026-08-31T11:49:15.8447939Z   check-latest: false
evalmut/vac	UNKNOWN STEP	2026-08-31T11:49:15.8455774Z   token: ***
evalmut/vac	UNKNOWN STEP	2026-08-31T11:49:15.8456529Z   update-environment: true
evalmut/vac	UNKNOWN STEP	2026-08-31T11:49:15.8457403Z   allow-prereleases: false
evalmut/vac	UNKNOWN STEP	2026-08-31T11:49:15.8458330Z   freethreaded: false
evalmut/vac	UNKNOWN STEP	2026-08-31T11:49:15.8459097Z ##[endgroup]
evalmut/vac	UNKNOWN STEP	2026-08-31T11:49:15.9484690Z ##[group]Installed versions
evalmut/vac	UNKNOWN STEP	2026-08-31T11:49:15.9547307Z (node:2025) [DEP0040] DeprecationWarning: The `punycode` module is deprecated. Please use a userland alternative instead.
evalmut/vac	UNKNOWN STEP	2026-08-31T11:49:15.9550363Z (Use `node --trace-deprecation ...` to show where the warning was created)
evalmut/vac	UNKNOWN STEP	2026-08-31T11:49:15.9552336Z Successfully set up CPython (3.12.14)
evalmut/vac	UNKNOWN STEP	2026-08-31T11:49:15.9554465Z ##[endgroup]
evalmut/vac	UNKNOWN STEP	2026-08-31T11:49:15.9841129Z Node 20 is being deprecated. This workflow is running with Node 24 by default. If you need to temporarily use Node 20, you can set the ACTIONS_ALLOW_USE_UNSECURE_NODE_VERSION=true environment variable. For more information see: https://github.blog/changelog/2025-09-19-deprecation-of-node-20-on-github-actions-runners/
evalmut/vac	UNKNOWN STEP	2026-08-31T11:49:15.9847755Z ##[group]Run actions/setup-node@v4
evalmut/vac	UNKNOWN STEP	2026-08-31T11:49:15.9849193Z with:
evalmut/vac	UNKNOWN STEP	2026-08-31T11:49:15.9850220Z   node-version: 22
evalmut/vac	UNKNOWN STEP	2026-08-31T11:49:15.9851291Z   always-auth: false
evalmut/vac	UNKNOWN STEP	2026-08-31T11:49:15.9852374Z   check-latest: false
evalmut/vac	UNKNOWN STEP	2026-08-31T11:49:15.9862644Z   token: ***
evalmut/vac	UNKNOWN STEP	2026-08-31T11:49:15.9863699Z env:
evalmut/vac	UNKNOWN STEP	2026-08-31T11:49:15.9864725Z   pythonLocation: /opt/hostedtoolcache/Python/3.12.14/x64
evalmut/vac	UNKNOWN STEP	2026-08-31T11:49:15.9866294Z   PKG_CONFIG_PATH: /opt/hostedtoolcache/Python/3.12.14/x64/lib/pkgconfig
evalmut/vac	UNKNOWN STEP	2026-08-31T11:49:15.9867711Z   Python_ROOT_DIR: /opt/hostedtoolcache/Python/3.12.14/x64
evalmut/vac	UNKNOWN STEP	2026-08-31T11:49:15.9869185Z   Python2_ROOT_DIR: /opt/hostedtoolcache/Python/3.12.14/x64
evalmut/vac	UNKNOWN STEP	2026-08-31T11:49:15.9870441Z   Python3_ROOT_DIR: /opt/hostedtoolcache/Python/3.12.14/x64
evalmut/vac	UNKNOWN STEP	2026-08-31T11:49:15.9871696Z   LD_LIBRARY_PATH: /opt/hostedtoolcache/Python/3.12.14/x64/lib
evalmut/vac	UNKNOWN STEP	2026-08-31T11:49:15.9872958Z ##[endgroup]
evalmut/vac	UNKNOWN STEP	2026-08-31T11:49:16.1024009Z (node:2033) [DEP0040] DeprecationWarning: The `punycode` module is deprecated. Please use a userland alternative instead.
evalmut/vac	UNKNOWN STEP	2026-08-31T11:49:16.1026549Z (Use `node --trace-deprecation ...` to show where the warning was created)
evalmut/vac	UNKNOWN STEP	2026-08-31T11:49:16.1027990Z Found in cache @ /opt/hostedtoolcache/node/22.23.2/x64
evalmut/vac	UNKNOWN STEP	2026-08-31T11:49:16.1029768Z ##[group]Environment details
evalmut/vac	UNKNOWN STEP	2026-08-31T11:49:16.8259882Z node: v22.23.2
evalmut/vac	UNKNOWN STEP	2026-08-31T11:49:16.8260248Z npm: 10.9.8
evalmut/vac	UNKNOWN STEP	2026-08-31T11:49:16.8260474Z yarn: 1.22.22
evalmut/vac	UNKNOWN STEP	2026-08-31T11:49:16.8261373Z ##[endgroup]
evalmut/vac	UNKNOWN STEP	2026-08-31T11:49:16.8375447Z ##[group]Run pip install -e .
evalmut/vac	UNKNOWN STEP	2026-08-31T11:49:16.8375793Z ^[[36;1mpip install -e .^[[0m
evalmut/vac	UNKNOWN STEP	2026-08-31T11:49:16.8421497Z shell: /usr/bin/bash -e {0}
evalmut/vac	UNKNOWN STEP	2026-08-31T11:49:16.8421766Z env:
evalmut/vac	UNKNOWN STEP	2026-08-31T11:49:16.8422033Z   pythonLocation: /opt/hostedtoolcache/Python/3.12.14/x64
evalmut/vac	UNKNOWN STEP	2026-08-31T11:49:16.8422430Z   PKG_CONFIG_PATH: /opt/hostedtoolcache/Python/3.12.14/x64/lib/pkgconfig
evalmut/vac	UNKNOWN STEP	2026-08-31T11:49:16.8422826Z   Python_ROOT_DIR: /opt/hostedtoolcache/Python/3.12.14/x64
evalmut/vac	UNKNOWN STEP	2026-08-31T11:49:16.8423159Z   Python2_ROOT_DIR: /opt/hostedtoolcache/Python/3.12.14/x64
evalmut/vac	UNKNOWN STEP	2026-08-31T11:49:16.8423488Z   Python3_ROOT_DIR: /opt/hostedtoolcache/Python/3.12.14/x64
evalmut/vac	UNKNOWN STEP	2026-08-31T11:49:16.8423821Z   LD_LIBRARY_PATH: /opt/hostedtoolcache/Python/3.12.14/x64/lib
evalmut/vac	UNKNOWN STEP	2026-08-31T11:49:16.8424118Z ##[endgroup]
evalmut/vac	UNKNOWN STEP	2026-08-31T11:49:17.5680194Z Obtaining file:///home/runner/work/vac-protocol/vac-protocol
evalmut/vac	UNKNOWN STEP	2026-08-31T11:49:17.5686848Z   Installing build dependencies: started
evalmut/vac	UNKNOWN STEP	2026-08-31T11:49:19.7033904Z   Installing build dependencies: finished with status 'done'
evalmut/vac	UNKNOWN STEP	2026-08-31T11:49:19.7038884Z   Checking if build backend supports build_editable: started
evalmut/vac	UNKNOWN STEP	2026-08-31T11:49:20.0655750Z   Checking if build backend supports build_editable: finished with status 'done'
evalmut/vac	UNKNOWN STEP	2026-08-31T11:49:20.0662173Z   Getting requirements to build editable: started
evalmut/vac	UNKNOWN STEP	2026-08-31T11:49:20.4188448Z   Getting requirements to build editable: finished with status 'done'
evalmut/vac	UNKNOWN STEP	2026-08-31T11:49:20.4195251Z   Preparing editable metadata (pyproject.toml): started
evalmut/vac	UNKNOWN STEP	2026-08-31T11:49:20.5787202Z   Preparing editable metadata (pyproject.toml): finished with status 'done'
evalmut/vac	UNKNOWN STEP	2026-08-31T11:49:20.5817276Z Building wheels for collected packages: vac-protocol
evalmut/vac	UNKNOWN STEP	2026-08-31T11:49:20.5823540Z   Building editable for vac-protocol (pyproject.toml): started
evalmut/vac	UNKNOWN STEP	2026-08-31T11:49:20.7982923Z   Building editable for vac-protocol (pyproject.toml): finished with status 'done'
evalmut/vac	UNKNOWN STEP	2026-08-31T11:49:20.7988535Z   Created wheel for vac-protocol: filename=vac_protocol-0.1.0-0.editable-py3-none-any.whl size=8850 sha256=a638b325fd29ee383b9de6dc21c033dd2106a005cb8bdb15ac52b99daa45e9e5
evalmut/vac	UNKNOWN STEP	2026-08-31T11:49:20.7990206Z   Stored in directory: /tmp/pip-ephem-wheel-cache-0kklmovy/wheels/31/93/c0/4effb33ea68d4321a176d9cb097b94ea8b1be9d534ea861dec
evalmut/vac	UNKNOWN STEP	2026-08-31T11:49:20.8011083Z Successfully built vac-protocol
evalmut/vac	UNKNOWN STEP	2026-08-31T11:49:20.8116753Z Installing collected packages: vac-protocol
evalmut/vac	UNKNOWN STEP	2026-08-31T11:49:21.2737275Z Successfully installed vac-protocol-0.1.0
evalmut/vac	UNKNOWN STEP	2026-08-31T11:49:21.3230334Z ##[group]Run python -m vac.registry --fetch-bundle "evalmut/vac" --dest bundle
evalmut/vac	UNKNOWN STEP	2026-08-31T11:49:21.3230814Z ^[[36;1mpython -m vac.registry --fetch-bundle "evalmut/vac" --dest bundle^[[0m
evalmut/vac	UNKNOWN STEP	2026-08-31T11:49:21.3265695Z shell: /usr/bin/bash -e {0}
evalmut/vac	UNKNOWN STEP	2026-08-31T11:49:21.3265898Z env:
evalmut/vac	UNKNOWN STEP	2026-08-31T11:49:21.3266117Z   pythonLocation: /opt/hostedtoolcache/Python/3.12.14/x64
evalmut/vac	UNKNOWN STEP	2026-08-31T11:49:21.3266461Z   PKG_CONFIG_PATH: /opt/hostedtoolcache/Python/3.12.14/x64/lib/pkgconfig
evalmut/vac	UNKNOWN STEP	2026-08-31T11:49:21.3266794Z   Python_ROOT_DIR: /opt/hostedtoolcache/Python/3.12.14/x64
evalmut/vac	UNKNOWN STEP	2026-08-31T11:49:21.3267090Z   Python2_ROOT_DIR: /opt/hostedtoolcache/Python/3.12.14/x64
evalmut/vac	UNKNOWN STEP	2026-08-31T11:49:21.3267400Z   Python3_ROOT_DIR: /opt/hostedtoolcache/Python/3.12.14/x64
evalmut/vac	UNKNOWN STEP	2026-08-31T11:49:21.3267698Z   LD_LIBRARY_PATH: /opt/hostedtoolcache/Python/3.12.14/x64/lib
evalmut/vac	UNKNOWN STEP	2026-08-31T11:49:21.3267951Z ##[endgroup]
evalmut/vac	UNKNOWN STEP	2026-08-31T11:49:23.6207333Z fetched evalmut/vac into bundle: every artifact sha256-verified against the registry
evalmut/vac	UNKNOWN STEP	2026-08-31T11:49:23.6341179Z ##[group]Run python -m vac.verify bundle
evalmut/vac	UNKNOWN STEP	2026-08-31T11:49:23.6341456Z ^[[36;1mpython -m vac.verify bundle^[[0m
evalmut/vac	UNKNOWN STEP	2026-08-31T11:49:23.6374776Z shell: /usr/bin/bash -e {0}
evalmut/vac	UNKNOWN STEP	2026-08-31T11:49:23.6374983Z env:
evalmut/vac	UNKNOWN STEP	2026-08-31T11:49:23.6375201Z   pythonLocation: /opt/hostedtoolcache/Python/3.12.14/x64
evalmut/vac	UNKNOWN STEP	2026-08-31T11:49:23.6375557Z   PKG_CONFIG_PATH: /opt/hostedtoolcache/Python/3.12.14/x64/lib/pkgconfig
evalmut/vac	UNKNOWN STEP	2026-08-31T11:49:23.6375887Z   Python_ROOT_DIR: /opt/hostedtoolcache/Python/3.12.14/x64
evalmut/vac	UNKNOWN STEP	2026-08-31T11:49:23.6376182Z   Python2_ROOT_DIR: /opt/hostedtoolcache/Python/3.12.14/x64
evalmut/vac	UNKNOWN STEP	2026-08-31T11:49:23.6376472Z   Python3_ROOT_DIR: /opt/hostedtoolcache/Python/3.12.14/x64
evalmut/vac	UNKNOWN STEP	2026-08-31T11:49:23.6376785Z   LD_LIBRARY_PATH: /opt/hostedtoolcache/Python/3.12.14/x64/lib
evalmut/vac	UNKNOWN STEP	2026-08-31T11:49:23.6377042Z ##[endgroup]
evalmut/vac	UNKNOWN STEP	2026-08-31T11:49:23.6742751Z structural verification: PASS (bundle)
evalmut/vac	UNKNOWN STEP	2026-08-31T11:49:23.6743412Z   proved offline: manifest schema, artifact presence + sha256, bundle closure,
evalmut/vac	UNKNOWN STEP	2026-08-31T11:49:23.6744223Z   stated limitations, stamp agreement, declared results recomputed from artifacts.
evalmut/vac	UNKNOWN STEP	2026-08-31T11:49:23.6745009Z semantic replay: NOT run by this tool. A structural PASS means the bundle is
evalmut/vac	UNKNOWN STEP	2026-08-31T11:49:23.6745706Z   internally honest, not that the issuer's grader agrees. To re-earn the
evalmut/vac	UNKNOWN STEP	2026-08-31T11:49:23.6746302Z   verdicts, run the bundle's replay block at the pinned issuer_commit:
evalmut/vac	UNKNOWN STEP	2026-08-31T11:49:23.6746680Z     $ git clone https://github.com/egnaro9/evalmut issuer
evalmut/vac	UNKNOWN STEP	2026-08-31T11:49:23.6746982Z     $ git -C issuer checkout d620efd
evalmut/vac	UNKNOWN STEP	2026-08-31T11:49:23.6747259Z     $ python -m pip install gradecore==0.10.2 ./issuer
evalmut/vac	UNKNOWN STEP	2026-08-31T11:49:23.6747537Z     $ ( cd issuer && python emit_vac.py )
evalmut/vac	UNKNOWN STEP	2026-08-31T11:49:23.6748678Z     $ for f in dogfood_fixtures.json dogfood_gradecore.txt dogfood_gradecore.json operators.json promptfoo_fixtures.json promptfoo_ports.txt promptfoo_ports.json vac.json; do cmp issuer/vac/$f $f || exit 1; done
evalmut/vac	UNKNOWN STEP	2026-08-31T11:49:23.6751234Z     expected: every command exits 0 and every cmp stays silent: the emitter re-runs the whole battery at the stamped commit and re-emits all seven artifacts plus vac.json byte-identical to this bundle (commands run from the bundle directory). Inside the emitter each `evalmut run` exits 1 BY DESIGN — the found holes fail evalmut's own CI gate; the finding is the result — and the emitter treats exit 0 and 1 both as success. The emitter forces UTF-8 output in its subprocesses, so locale cannot perturb the rendered report glyphs.
evalmut/vac	UNKNOWN STEP	2026-08-31T11:49:23.6806982Z ##[group]Run jq -r '.replay.commands[]' bundle/vac.json > replay.sh
evalmut/vac	UNKNOWN STEP	2026-08-31T11:49:23.6807348Z ^[[36;1mjq -r '.replay.commands[]' bundle/vac.json > replay.sh^[[0m
evalmut/vac	UNKNOWN STEP	2026-08-31T11:49:23.6807700Z ^[[36;1mecho "--- replay block (sha256-pinned via the registry) ---"^[[0m
evalmut/vac	UNKNOWN STEP	2026-08-31T11:49:23.6807984Z ^[[36;1mcat replay.sh^[[0m
evalmut/vac	UNKNOWN STEP	2026-08-31T11:49:23.6808474Z ^[[36;1mecho "--- expected: $(jq -r '.replay.expected' bundle/vac.json)"^[[0m
evalmut/vac	UNKNOWN STEP	2026-08-31T11:49:23.6808766Z ^[[36;1mcd bundle^[[0m
evalmut/vac	UNKNOWN STEP	2026-08-31T11:49:23.6809012Z ^[[36;1mbash -euxo pipefail ../replay.sh 2>&1 | tee ../transcript.txt^[[0m
evalmut/vac	UNKNOWN STEP	2026-08-31T11:49:23.6842556Z shell: /usr/bin/bash --noprofile --norc -e -o pipefail {0}
evalmut/vac	UNKNOWN STEP	2026-08-31T11:49:23.6842837Z env:
evalmut/vac	UNKNOWN STEP	2026-08-31T11:49:23.6843061Z   pythonLocation: /opt/hostedtoolcache/Python/3.12.14/x64
evalmut/vac	UNKNOWN STEP	2026-08-31T11:49:23.6843418Z   PKG_CONFIG_PATH: /opt/hostedtoolcache/Python/3.12.14/x64/lib/pkgconfig
evalmut/vac	UNKNOWN STEP	2026-08-31T11:49:23.6843766Z   Python_ROOT_DIR: /opt/hostedtoolcache/Python/3.12.14/x64
evalmut/vac	UNKNOWN STEP	2026-08-31T11:49:23.6844094Z   Python2_ROOT_DIR: /opt/hostedtoolcache/Python/3.12.14/x64
evalmut/vac	UNKNOWN STEP	2026-08-31T11:49:23.6844392Z   Python3_ROOT_DIR: /opt/hostedtoolcache/Python/3.12.14/x64
evalmut/vac	UNKNOWN STEP	2026-08-31T11:49:23.6844691Z   LD_LIBRARY_PATH: /opt/hostedtoolcache/Python/3.12.14/x64/lib
evalmut/vac	UNKNOWN STEP	2026-08-31T11:49:23.6844947Z ##[endgroup]
evalmut/vac	UNKNOWN STEP	2026-08-31T11:49:23.6917795Z --- replay block (sha256-pinned via the registry) ---
evalmut/vac	UNKNOWN STEP	2026-08-31T11:49:23.6926108Z git clone https://github.com/egnaro9/evalmut issuer
evalmut/vac	UNKNOWN STEP	2026-08-31T11:49:23.6926591Z git -C issuer checkout d620efd
evalmut/vac	UNKNOWN STEP	2026-08-31T11:49:23.6926889Z python -m pip install gradecore==0.10.2 ./issuer
evalmut/vac	UNKNOWN STEP	2026-08-31T11:49:23.6927180Z ( cd issuer && python emit_vac.py )
evalmut/vac	UNKNOWN STEP	2026-08-31T11:49:23.6927991Z for f in dogfood_fixtures.json dogfood_gradecore.txt dogfood_gradecore.json operators.json promptfoo_fixtures.json promptfoo_ports.txt promptfoo_ports.json vac.json; do cmp issuer/vac/$f $f || exit 1; done
evalmut/vac	UNKNOWN STEP	2026-08-31T11:49:23.6953309Z --- expected: every command exits 0 and every cmp stays silent: the emitter re-runs the whole battery at the stamped commit and re-emits all seven artifacts plus vac.json byte-identical to this bundle (commands run from the bundle directory). Inside the emitter each `evalmut run` exits 1 BY DESIGN — the found holes fail evalmut's own CI gate; the finding is the result — and the emitter treats exit 0 and 1 both as success. The emitter forces UTF-8 output in its subprocesses, so locale cannot perturb the rendered report glyphs.
evalmut/vac	UNKNOWN STEP	2026-08-31T11:49:23.6963160Z + git clone https://github.com/egnaro9/evalmut issuer
evalmut/vac	UNKNOWN STEP	2026-08-31T11:49:23.6974343Z Cloning into 'issuer'...
evalmut/vac	UNKNOWN STEP	2026-08-31T11:49:25.4284883Z + git -C issuer checkout d620efd
evalmut/vac	UNKNOWN STEP	2026-08-31T11:49:25.4374245Z Note: switching to 'd620efd'.
evalmut/vac	UNKNOWN STEP	2026-08-31T11:49:25.4374485Z 
evalmut/vac	UNKNOWN STEP	2026-08-31T11:49:25.4374859Z You are in 'detached HEAD' state. You can look around, make experimental
evalmut/vac	UNKNOWN STEP	2026-08-31T11:49:25.4375348Z changes and commit them, and you can discard any commits you make in this
evalmut/vac	UNKNOWN STEP	2026-08-31T11:49:25.4375781Z state without impacting any branches by switching back to a branch.
evalmut/vac	UNKNOWN STEP	2026-08-31T11:49:25.4376026Z 
evalmut/vac	UNKNOWN STEP	2026-08-31T11:49:25.4376234Z If you want to create a new branch to retain commits you create, you may
evalmut/vac	UNKNOWN STEP	2026-08-31T11:49:25.4376643Z do so (now or later) by using -c with the switch command. Example:
evalmut/vac	UNKNOWN STEP	2026-08-31T11:49:25.4377039Z 
evalmut/vac	UNKNOWN STEP	2026-08-31T11:49:25.4377161Z   git switch -c <new-branch-name>
evalmut/vac	UNKNOWN STEP	2026-08-31T11:49:25.4377302Z 
evalmut/vac	UNKNOWN STEP	2026-08-31T11:49:25.4377412Z Or undo this operation with:
evalmut/vac	UNKNOWN STEP	2026-08-31T11:49:25.4377546Z 
evalmut/vac	UNKNOWN STEP	2026-08-31T11:49:25.4377623Z   git switch -
evalmut/vac	UNKNOWN STEP	2026-08-31T11:49:25.4377728Z 
evalmut/vac	UNKNOWN STEP	2026-08-31T11:49:25.4378014Z Turn off this advice by setting config variable advice.detachedHead to false
evalmut/vac	UNKNOWN STEP	2026-08-31T11:49:25.4378545Z 
evalmut/vac	UNKNOWN STEP	2026-08-31T11:49:25.4378961Z HEAD is now at d620efd code_sha256 fingerprints the grader's SOURCE, not its bytecode
evalmut/vac	UNKNOWN STEP	2026-08-31T11:49:25.4379602Z + python -m pip install gradecore==0.10.2 ./issuer
evalmut/vac	UNKNOWN STEP	2026-08-31T11:49:25.6813584Z Processing ./issuer
evalmut/vac	UNKNOWN STEP	2026-08-31T11:49:25.6826036Z   Installing build dependencies: started
evalmut/vac	UNKNOWN STEP	2026-08-31T11:49:26.0837092Z   Installing build dependencies: finished with status 'done'
evalmut/vac	UNKNOWN STEP	2026-08-31T11:49:26.0841521Z   Getting requirements to build wheel: started
evalmut/vac	UNKNOWN STEP	2026-08-31T11:49:26.4588661Z   Getting requirements to build wheel: finished with status 'done'
evalmut/vac	UNKNOWN STEP	2026-08-31T11:49:26.4595327Z   Preparing metadata (pyproject.toml): started
evalmut/vac	UNKNOWN STEP	2026-08-31T11:49:26.6119060Z   Preparing metadata (pyproject.toml): finished with status 'done'
evalmut/vac	UNKNOWN STEP	2026-08-31T11:49:26.8230154Z Collecting gradecore==0.10.2
evalmut/vac	UNKNOWN STEP	2026-08-31T11:49:26.8800852Z   Downloading gradecore-0.10.2-py3-none-any.whl.metadata (4.2 kB)
evalmut/vac	UNKNOWN STEP	2026-08-31T11:49:26.8943886Z Downloading gradecore-0.10.2-py3-none-any.whl (22 kB)
evalmut/vac	UNKNOWN STEP	2026-08-31T11:49:26.9054462Z Building wheels for collected packages: evalmut
evalmut/vac	UNKNOWN STEP	2026-08-31T11:49:26.9060727Z   Building wheel for evalmut (pyproject.toml): started
evalmut/vac	UNKNOWN STEP	2026-08-31T11:49:27.0839511Z   Building wheel for evalmut (pyproject.toml): finished with status 'done'
evalmut/vac	UNKNOWN STEP	2026-08-31T11:49:27.0844490Z   Created wheel for evalmut: filename=evalmut-0.1.0-py3-none-any.whl size=99919 sha256=27924802ae64555e8c1bc4c21339d74c2208b2478f78fda0e3f3fc1121692cef
evalmut/vac	UNKNOWN STEP	2026-08-31T11:49:27.0845861Z   Stored in directory: /tmp/pip-ephem-wheel-cache-ar303gh1/wheels/9c/ec/1b/d9e190e220536733f4048d8fe227b840b2eca03c0a75ceaeaf
evalmut/vac	UNKNOWN STEP	2026-08-31T11:49:27.0863846Z Successfully built evalmut
evalmut/vac	UNKNOWN STEP	2026-08-31T11:49:27.0983594Z Installing collected packages: gradecore, evalmut
evalmut/vac	UNKNOWN STEP	2026-08-31T11:49:27.1629033Z 
evalmut/vac	UNKNOWN STEP	2026-08-31T11:49:27.1637266Z Successfully installed evalmut-0.1.0 gradecore-0.10.2
evalmut/vac	UNKNOWN STEP	2026-08-31T11:49:27.2137737Z + cd issuer
evalmut/vac	UNKNOWN STEP	2026-08-31T11:49:27.2138090Z + python emit_vac.py
evalmut/vac	UNKNOWN STEP	2026-08-31T11:49:27.9174410Z stamped d620efd; wrote 7 artifacts + their byte-copies + vac/vac.json
evalmut/vac	UNKNOWN STEP	2026-08-31T11:49:27.9282442Z + for f in dogfood_fixtures.json dogfood_gradecore.txt dogfood_gradecore.json operators.json promptfoo_fixtures.json promptfoo_ports.txt promptfoo_ports.json vac.json
evalmut/vac	UNKNOWN STEP	2026-08-31T11:49:27.9283133Z + cmp issuer/vac/dogfood_fixtures.json dogfood_fixtures.json
evalmut/vac	UNKNOWN STEP	2026-08-31T11:49:27.9295310Z + for f in dogfood_fixtures.json dogfood_gradecore.txt dogfood_gradecore.json operators.json promptfoo_fixtures.json promptfoo_ports.txt promptfoo_ports.json vac.json
evalmut/vac	UNKNOWN STEP	2026-08-31T11:49:27.9296384Z + cmp issuer/vac/dogfood_gradecore.txt dogfood_gradecore.txt
evalmut/vac	UNKNOWN STEP	2026-08-31T11:49:27.9306013Z + for f in dogfood_fixtures.json dogfood_gradecore.txt dogfood_gradecore.json operators.json promptfoo_fixtures.json promptfoo_ports.txt promptfoo_ports.json vac.json
evalmut/vac	UNKNOWN STEP	2026-08-31T11:49:27.9307061Z + cmp issuer/vac/dogfood_gradecore.json dogfood_gradecore.json
evalmut/vac	UNKNOWN STEP	2026-08-31T11:49:27.9317075Z + for f in dogfood_fixtures.json dogfood_gradecore.txt dogfood_gradecore.json operators.json promptfoo_fixtures.json promptfoo_ports.txt promptfoo_ports.json vac.json
evalmut/vac	UNKNOWN STEP	2026-08-31T11:49:27.9317935Z + cmp issuer/vac/operators.json operators.json
evalmut/vac	UNKNOWN STEP	2026-08-31T11:49:27.9328123Z + for f in dogfood_fixtures.json dogfood_gradecore.txt dogfood_gradecore.json operators.json promptfoo_fixtures.json promptfoo_ports.txt promptfoo_ports.json vac.json
evalmut/vac	UNKNOWN STEP	2026-08-31T11:49:27.9329449Z + cmp issuer/vac/promptfoo_fixtures.json promptfoo_fixtures.json
evalmut/vac	UNKNOWN STEP	2026-08-31T11:49:27.9338746Z + for f in dogfood_fixtures.json dogfood_gradecore.txt dogfood_gradecore.json operators.json promptfoo_fixtures.json promptfoo_ports.txt promptfoo_ports.json vac.json
evalmut/vac	UNKNOWN STEP	2026-08-31T11:49:27.9340251Z + cmp issuer/vac/promptfoo_ports.txt promptfoo_ports.txt
evalmut/vac	UNKNOWN STEP	2026-08-31T11:49:27.9349001Z + for f in dogfood_fixtures.json dogfood_gradecore.txt dogfood_gradecore.json operators.json promptfoo_fixtures.json promptfoo_ports.txt promptfoo_ports.json vac.json
evalmut/vac	UNKNOWN STEP	2026-08-31T11:49:27.9350281Z + cmp issuer/vac/promptfoo_ports.json promptfoo_ports.json
evalmut/vac	UNKNOWN STEP	2026-08-31T11:49:27.9359234Z + for f in dogfood_fixtures.json dogfood_gradecore.txt dogfood_gradecore.json operators.json promptfoo_fixtures.json promptfoo_ports.txt promptfoo_ports.json vac.json
evalmut/vac	UNKNOWN STEP	2026-08-31T11:49:27.9359873Z + cmp issuer/vac/vac.json vac.json
evalmut/vac	UNKNOWN STEP	2026-08-31T11:49:27.9405061Z ##[group]Run if jq -e '[.results.checks[].profile] | index("certlab-bundle-v1")' bundle/vac.json > /dev/null; then
evalmut/vac	UNKNOWN STEP	2026-08-31T11:49:27.9405676Z ^[[36;1mif jq -e '[.results.checks[].profile] | index("certlab-bundle-v1")' bundle/vac.json > /dev/null; then^[[0m
evalmut/vac	UNKNOWN STEP	2026-08-31T11:49:27.9406129Z ^[[36;1m  if grep -Eq 'stale-code|cannot regrade' transcript.txt; then^[[0m
evalmut/vac	UNKNOWN STEP	2026-08-31T11:49:27.9406689Z ^[[36;1m    echo "regrade REFUSED at the pinned commit — issuer_commit/replay commit does not regrade this bundle (drifted task set or wrong pin)"^[[0m
evalmut/vac	UNKNOWN STEP	2026-08-31T11:49:27.9407169Z ^[[36;1m    exit 1^[[0m
evalmut/vac	UNKNOWN STEP	2026-08-31T11:49:27.9407348Z ^[[36;1m  fi^[[0m
evalmut/vac	UNKNOWN STEP	2026-08-31T11:49:27.9407575Z ^[[36;1m  if ! grep -q 'consistent' transcript.txt; then^[[0m
evalmut/vac	UNKNOWN STEP	2026-08-31T11:49:27.9407932Z ^[[36;1m    echo "regrade never reported 'consistent' — the verdicts were not re-earned"^[[0m
evalmut/vac	UNKNOWN STEP	2026-08-31T11:49:27.9408468Z ^[[36;1m    exit 1^[[0m
evalmut/vac	UNKNOWN STEP	2026-08-31T11:49:27.9408638Z ^[[36;1m  fi^[[0m
evalmut/vac	UNKNOWN STEP	2026-08-31T11:49:27.9408795Z ^[[36;1melse^[[0m
evalmut/vac	UNKNOWN STEP	2026-08-31T11:49:27.9409093Z ^[[36;1m  echo "no certlab-bundle-v1 check in this bundle; predicate not applicable"^[[0m
evalmut/vac	UNKNOWN STEP	2026-08-31T11:49:27.9409414Z ^[[36;1mfi^[[0m
evalmut/vac	UNKNOWN STEP	2026-08-31T11:49:27.9442283Z shell: /usr/bin/bash -e {0}
evalmut/vac	UNKNOWN STEP	2026-08-31T11:49:27.9442487Z env:
evalmut/vac	UNKNOWN STEP	2026-08-31T11:49:27.9442712Z   pythonLocation: /opt/hostedtoolcache/Python/3.12.14/x64
evalmut/vac	UNKNOWN STEP	2026-08-31T11:49:27.9443058Z   PKG_CONFIG_PATH: /opt/hostedtoolcache/Python/3.12.14/x64/lib/pkgconfig
evalmut/vac	UNKNOWN STEP	2026-08-31T11:49:27.9443399Z   Python_ROOT_DIR: /opt/hostedtoolcache/Python/3.12.14/x64
evalmut/vac	UNKNOWN STEP	2026-08-31T11:49:27.9443692Z   Python2_ROOT_DIR: /opt/hostedtoolcache/Python/3.12.14/x64
evalmut/vac	UNKNOWN STEP	2026-08-31T11:49:27.9443975Z   Python3_ROOT_DIR: /opt/hostedtoolcache/Python/3.12.14/x64
evalmut/vac	UNKNOWN STEP	2026-08-31T11:49:27.9444278Z   LD_LIBRARY_PATH: /opt/hostedtoolcache/Python/3.12.14/x64/lib
evalmut/vac	UNKNOWN STEP	2026-08-31T11:49:27.9444537Z ##[endgroup]
evalmut/vac	UNKNOWN STEP	2026-08-31T11:49:27.9516554Z no certlab-bundle-v1 check in this bundle; predicate not applicable
evalmut/vac	UNKNOWN STEP	2026-08-31T11:49:27.9537725Z ##[group]Run if jq -e '[.results.checks[].profile] | index("fleet-board-v1")' bundle/vac.json > /dev/null; then
evalmut/vac	UNKNOWN STEP	2026-08-31T11:49:27.9539752Z ^[[36;1mif jq -e '[.results.checks[].profile] | index("fleet-board-v1")' bundle/vac.json > /dev/null; then^[[0m
evalmut/vac	UNKNOWN STEP	2026-08-31T11:49:27.9540145Z ^[[36;1m  if ! grep -q '+ cmp ' transcript.txt; then^[[0m
evalmut/vac	UNKNOWN STEP	2026-08-31T11:49:27.9540579Z ^[[36;1m    echo "fleet replay block executed no cmp — byte-identity with the downloaded results was never checked"^[[0m
evalmut/vac	UNKNOWN STEP	2026-08-31T11:49:27.9540997Z ^[[36;1m    exit 1^[[0m
evalmut/vac	UNKNOWN STEP	2026-08-31T11:49:27.9541174Z ^[[36;1m  fi^[[0m
evalmut/vac	UNKNOWN STEP	2026-08-31T11:49:27.9541384Z ^[[36;1m  if grep -E 'differ|EOF on' transcript.txt; then^[[0m
evalmut/vac	UNKNOWN STEP	2026-08-31T11:49:27.9541776Z ^[[36;1m    echo "a byte-compare FAILED — the pinned commit does not reproduce the registered bytes"^[[0m
evalmut/vac	UNKNOWN STEP	2026-08-31T11:49:27.9542114Z ^[[36;1m    exit 1^[[0m
evalmut/vac	UNKNOWN STEP	2026-08-31T11:49:27.9542279Z ^[[36;1m  fi^[[0m
evalmut/vac	UNKNOWN STEP	2026-08-31T11:49:27.9542436Z ^[[36;1melse^[[0m
evalmut/vac	UNKNOWN STEP	2026-08-31T11:49:27.9542739Z ^[[36;1m  echo "no fleet-board-v1 check in this bundle; predicate not applicable"^[[0m
evalmut/vac	UNKNOWN STEP	2026-08-31T11:49:27.9543037Z ^[[36;1mfi^[[0m
evalmut/vac	UNKNOWN STEP	2026-08-31T11:49:27.9571746Z shell: /usr/bin/bash -e {0}
evalmut/vac	UNKNOWN STEP	2026-08-31T11:49:27.9571945Z env:
evalmut/vac	UNKNOWN STEP	2026-08-31T11:49:27.9572163Z   pythonLocation: /opt/hostedtoolcache/Python/3.12.14/x64
evalmut/vac	UNKNOWN STEP	2026-08-31T11:49:27.9572512Z   PKG_CONFIG_PATH: /opt/hostedtoolcache/Python/3.12.14/x64/lib/pkgconfig
evalmut/vac	UNKNOWN STEP	2026-08-31T11:49:27.9572845Z   Python_ROOT_DIR: /opt/hostedtoolcache/Python/3.12.14/x64
evalmut/vac	UNKNOWN STEP	2026-08-31T11:49:27.9573279Z   Python2_ROOT_DIR: /opt/hostedtoolcache/Python/3.12.14/x64
evalmut/vac	UNKNOWN STEP	2026-08-31T11:49:27.9573566Z   Python3_ROOT_DIR: /opt/hostedtoolcache/Python/3.12.14/x64
evalmut/vac	UNKNOWN STEP	2026-08-31T11:49:27.9573855Z   LD_LIBRARY_PATH: /opt/hostedtoolcache/Python/3.12.14/x64/lib
evalmut/vac	UNKNOWN STEP	2026-08-31T11:49:27.9574113Z ##[endgroup]
evalmut/vac	UNKNOWN STEP	2026-08-31T11:49:27.9644786Z no fleet-board-v1 check in this bundle; predicate not applicable
evalmut/vac	UNKNOWN STEP	2026-08-31T11:49:27.9665391Z ##[group]Run if jq -e '[.results.checks[].profile] | index("evalmut-run-v1")' bundle/vac.json > /dev/null; then
evalmut/vac	UNKNOWN STEP	2026-08-31T11:49:27.9665930Z ^[[36;1mif jq -e '[.results.checks[].profile] | index("evalmut-run-v1")' bundle/vac.json > /dev/null; then^[[0m
evalmut/vac	UNKNOWN STEP	2026-08-31T11:49:27.9666352Z ^[[36;1m  if ! grep -q '+ cmp ' transcript.txt; then^[[0m
evalmut/vac	UNKNOWN STEP	2026-08-31T11:49:27.9666847Z ^[[36;1m    echo "evalmut replay block executed no cmp — byte-identity with the downloaded payload was never checked"^[[0m
evalmut/vac	UNKNOWN STEP	2026-08-31T11:49:27.9667253Z ^[[36;1m    exit 1^[[0m
evalmut/vac	UNKNOWN STEP	2026-08-31T11:49:27.9667425Z ^[[36;1m  fi^[[0m
evalmut/vac	UNKNOWN STEP	2026-08-31T11:49:27.9667653Z ^[[36;1m  if grep -E 'differ|EOF on' transcript.txt; then^[[0m
evalmut/vac	UNKNOWN STEP	2026-08-31T11:49:27.9668043Z ^[[36;1m    echo "a byte-compare FAILED — the pinned commit does not reproduce the registered bytes"^[[0m
evalmut/vac	UNKNOWN STEP	2026-08-31T11:49:27.9668578Z ^[[36;1m    exit 1^[[0m
evalmut/vac	UNKNOWN STEP	2026-08-31T11:49:27.9668741Z ^[[36;1m  fi^[[0m
evalmut/vac	UNKNOWN STEP	2026-08-31T11:49:27.9668898Z ^[[36;1melse^[[0m
evalmut/vac	UNKNOWN STEP	2026-08-31T11:49:27.9669192Z ^[[36;1m  echo "no evalmut-run-v1 check in this bundle; predicate not applicable"^[[0m
evalmut/vac	UNKNOWN STEP	2026-08-31T11:49:27.9669490Z ^[[36;1mfi^[[0m
evalmut/vac	UNKNOWN STEP	2026-08-31T11:49:27.9697473Z shell: /usr/bin/bash -e {0}
evalmut/vac	UNKNOWN STEP	2026-08-31T11:49:27.9697682Z env:
evalmut/vac	UNKNOWN STEP	2026-08-31T11:49:27.9697899Z   pythonLocation: /opt/hostedtoolcache/Python/3.12.14/x64
evalmut/vac	UNKNOWN STEP	2026-08-31T11:49:27.9698406Z   PKG_CONFIG_PATH: /opt/hostedtoolcache/Python/3.12.14/x64/lib/pkgconfig
evalmut/vac	UNKNOWN STEP	2026-08-31T11:49:27.9698748Z   Python_ROOT_DIR: /opt/hostedtoolcache/Python/3.12.14/x64
evalmut/vac	UNKNOWN STEP	2026-08-31T11:49:27.9699044Z   Python2_ROOT_DIR: /opt/hostedtoolcache/Python/3.12.14/x64
evalmut/vac	UNKNOWN STEP	2026-08-31T11:49:27.9699347Z   Python3_ROOT_DIR: /opt/hostedtoolcache/Python/3.12.14/x64
evalmut/vac	UNKNOWN STEP	2026-08-31T11:49:27.9699648Z   LD_LIBRARY_PATH: /opt/hostedtoolcache/Python/3.12.14/x64/lib
evalmut/vac	UNKNOWN STEP	2026-08-31T11:49:27.9699904Z ##[endgroup]
evalmut/vac	UNKNOWN STEP	2026-08-31T11:49:27.9811395Z ##[group]Run if jq -e '[.results.checks[].profile] | index("crashkit-battery-v1")' bundle/vac.json > /dev/null; then
evalmut/vac	UNKNOWN STEP	2026-08-31T11:49:27.9811983Z ^[[36;1mif jq -e '[.results.checks[].profile] | index("crashkit-battery-v1")' bundle/vac.json > /dev/null; then^[[0m
evalmut/vac	UNKNOWN STEP	2026-08-31T11:49:27.9812400Z ^[[36;1m  if ! grep -q '+ cmp ' transcript.txt; then^[[0m
evalmut/vac	UNKNOWN STEP	2026-08-31T11:49:27.9812848Z ^[[36;1m    echo "crashkit replay block executed no cmp — byte-identity with the downloaded artifacts was never checked"^[[0m
evalmut/vac	UNKNOWN STEP	2026-08-31T11:49:27.9813267Z ^[[36;1m    exit 1^[[0m
evalmut/vac	UNKNOWN STEP	2026-08-31T11:49:27.9813451Z ^[[36;1m  fi^[[0m
evalmut/vac	UNKNOWN STEP	2026-08-31T11:49:27.9813660Z ^[[36;1m  if grep -E 'differ|EOF on' transcript.txt; then^[[0m
evalmut/vac	UNKNOWN STEP	2026-08-31T11:49:27.9814050Z ^[[36;1m    echo "a byte-compare FAILED — the pinned commit does not reproduce the registered bytes"^[[0m
evalmut/vac	UNKNOWN STEP	2026-08-31T11:49:27.9814402Z ^[[36;1m    exit 1^[[0m
evalmut/vac	UNKNOWN STEP	2026-08-31T11:49:27.9814569Z ^[[36;1m  fi^[[0m
evalmut/vac	UNKNOWN STEP	2026-08-31T11:49:27.9814725Z ^[[36;1melse^[[0m
evalmut/vac	UNKNOWN STEP	2026-08-31T11:49:27.9815037Z ^[[36;1m  echo "no crashkit-battery-v1 check in this bundle; predicate not applicable"^[[0m
evalmut/vac	UNKNOWN STEP	2026-08-31T11:49:27.9815351Z ^[[36;1mfi^[[0m
evalmut/vac	UNKNOWN STEP	2026-08-31T11:49:27.9843636Z shell: /usr/bin/bash -e {0}
evalmut/vac	UNKNOWN STEP	2026-08-31T11:49:27.9843842Z env:
evalmut/vac	UNKNOWN STEP	2026-08-31T11:49:27.9844061Z   pythonLocation: /opt/hostedtoolcache/Python/3.12.14/x64
evalmut/vac	UNKNOWN STEP	2026-08-31T11:49:27.9844409Z   PKG_CONFIG_PATH: /opt/hostedtoolcache/Python/3.12.14/x64/lib/pkgconfig
evalmut/vac	UNKNOWN STEP	2026-08-31T11:49:27.9844745Z   Python_ROOT_DIR: /opt/hostedtoolcache/Python/3.12.14/x64
evalmut/vac	UNKNOWN STEP	2026-08-31T11:49:27.9845038Z   Python2_ROOT_DIR: /opt/hostedtoolcache/Python/3.12.14/x64
evalmut/vac	UNKNOWN STEP	2026-08-31T11:49:27.9845326Z   Python3_ROOT_DIR: /opt/hostedtoolcache/Python/3.12.14/x64
evalmut/vac	UNKNOWN STEP	2026-08-31T11:49:27.9845626Z   LD_LIBRARY_PATH: /opt/hostedtoolcache/Python/3.12.14/x64/lib
evalmut/vac	UNKNOWN STEP	2026-08-31T11:49:27.9845883Z ##[endgroup]
evalmut/vac	UNKNOWN STEP	2026-08-31T11:49:27.9915459Z no crashkit-battery-v1 check in this bundle; predicate not applicable
evalmut/vac	UNKNOWN STEP	2026-08-31T11:49:27.9935268Z ##[group]Run if jq -e '[.results.checks[].profile] | index("modeldrift-board-v1")' bundle/vac.json > /dev/null; then
evalmut/vac	UNKNOWN STEP	2026-08-31T11:49:27.9935846Z ^[[36;1mif jq -e '[.results.checks[].profile] | index("modeldrift-board-v1")' bundle/vac.json > /dev/null; then^[[0m
evalmut/vac	UNKNOWN STEP	2026-08-31T11:49:27.9936256Z ^[[36;1m  if ! grep -q '+ cmp ' transcript.txt; then^[[0m
evalmut/vac	UNKNOWN STEP	2026-08-31T11:49:27.9936700Z ^[[36;1m    echo "modeldrift replay block executed no cmp — byte-identity with the downloaded artifacts was never checked"^[[0m
evalmut/vac	UNKNOWN STEP	2026-08-31T11:49:27.9937126Z ^[[36;1m    exit 1^[[0m
evalmut/vac	UNKNOWN STEP	2026-08-31T11:49:27.9937307Z ^[[36;1m  fi^[[0m
evalmut/vac	UNKNOWN STEP	2026-08-31T11:49:27.9937520Z ^[[36;1m  if grep -E 'differ|EOF on' transcript.txt; then^[[0m
evalmut/vac	UNKNOWN STEP	2026-08-31T11:49:27.9937925Z ^[[36;1m    echo "a byte-compare FAILED — the pinned commit does not reproduce the registered bytes"^[[0m
evalmut/vac	UNKNOWN STEP	2026-08-31T11:49:27.9938522Z ^[[36;1m    exit 1^[[0m
evalmut/vac	UNKNOWN STEP	2026-08-31T11:49:27.9938689Z ^[[36;1m  fi^[[0m
evalmut/vac	UNKNOWN STEP	2026-08-31T11:49:27.9938841Z ^[[36;1melse^[[0m
evalmut/vac	UNKNOWN STEP	2026-08-31T11:49:27.9939155Z ^[[36;1m  echo "no modeldrift-board-v1 check in this bundle; predicate not applicable"^[[0m
evalmut/vac	UNKNOWN STEP	2026-08-31T11:49:27.9939482Z ^[[36;1mfi^[[0m
evalmut/vac	UNKNOWN STEP	2026-08-31T11:49:27.9967486Z shell: /usr/bin/bash -e {0}
evalmut/vac	UNKNOWN STEP	2026-08-31T11:49:27.9967698Z env:
evalmut/vac	UNKNOWN STEP	2026-08-31T11:49:27.9967917Z   pythonLocation: /opt/hostedtoolcache/Python/3.12.14/x64
evalmut/vac	UNKNOWN STEP	2026-08-31T11:49:27.9968409Z   PKG_CONFIG_PATH: /opt/hostedtoolcache/Python/3.12.14/x64/lib/pkgconfig
evalmut/vac	UNKNOWN STEP	2026-08-31T11:49:27.9968757Z   Python_ROOT_DIR: /opt/hostedtoolcache/Python/3.12.14/x64
evalmut/vac	UNKNOWN STEP	2026-08-31T11:49:27.9969066Z   Python2_ROOT_DIR: /opt/hostedtoolcache/Python/3.12.14/x64
evalmut/vac	UNKNOWN STEP	2026-08-31T11:49:27.9969360Z   Python3_ROOT_DIR: /opt/hostedtoolcache/Python/3.12.14/x64
evalmut/vac	UNKNOWN STEP	2026-08-31T11:49:27.9969657Z   LD_LIBRARY_PATH: /opt/hostedtoolcache/Python/3.12.14/x64/lib
evalmut/vac	UNKNOWN STEP	2026-08-31T11:49:27.9969922Z ##[endgroup]
evalmut/vac	UNKNOWN STEP	2026-08-31T11:49:28.0039020Z no modeldrift-board-v1 check in this bundle; predicate not applicable
evalmut/vac	UNKNOWN STEP	2026-08-31T11:49:28.0112349Z Node 20 is being deprecated. This workflow is running with Node 24 by default. If you need to temporarily use Node 20, you can set the ACTIONS_ALLOW_USE_UNSECURE_NODE_VERSION=true environment variable. For more information see: https://github.blog/changelog/2025-09-19-deprecation-of-node-20-on-github-actions-runners/
evalmut/vac	UNKNOWN STEP	2026-08-31T11:49:28.0113267Z Post job cleanup.
evalmut/vac	UNKNOWN STEP	2026-08-31T11:49:28.1084327Z (node:2222) [DEP0040] DeprecationWarning: The `punycode` module is deprecated. Please use a userland alternative instead.
evalmut/vac	UNKNOWN STEP	2026-08-31T11:49:28.1084969Z (Use `node --trace-deprecation ...` to show where the warning was created)
evalmut/vac	UNKNOWN STEP	2026-08-31T11:49:28.1246231Z Node 20 is being deprecated. This workflow is running with Node 24 by default. If you need to temporarily use Node 20, you can set the ACTIONS_ALLOW_USE_UNSECURE_NODE_VERSION=true environment variable. For more information see: https://github.blog/changelog/2025-09-19-deprecation-of-node-20-on-github-actions-runners/
evalmut/vac	UNKNOWN STEP	2026-08-31T11:49:28.1247141Z Post job cleanup.
evalmut/vac	UNKNOWN STEP	2026-08-31T11:49:28.2331682Z (node:2230) [DEP0040] DeprecationWarning: The `punycode` module is deprecated. Please use a userland alternative instead.
evalmut/vac	UNKNOWN STEP	2026-08-31T11:49:28.2332990Z (Use `node --trace-deprecation ...` to show where the warning was created)
evalmut/vac	UNKNOWN STEP	2026-08-31T11:49:28.2522871Z Node 20 is being deprecated. This workflow is running with Node 24 by default. If you need to temporarily use Node 20, you can set the ACTIONS_ALLOW_USE_UNSECURE_NODE_VERSION=true environment variable. For more information see: https://github.blog/changelog/2025-09-19-deprecation-of-node-20-on-github-actions-runners/
evalmut/vac	UNKNOWN STEP	2026-08-31T11:49:28.2524485Z Post job cleanup.
evalmut/vac	UNKNOWN STEP	2026-08-31T11:49:28.3240141Z [command]/usr/bin/git version
evalmut/vac	UNKNOWN STEP	2026-08-31T11:49:28.3275282Z git version 2.55.0
evalmut/vac	UNKNOWN STEP	2026-08-31T11:49:28.3307418Z Temporarily overriding HOME='/home/runner/work/_temp/096b6d9a-b892-400f-a726-27304ce55822' before making global git config changes
evalmut/vac	UNKNOWN STEP	2026-08-31T11:49:28.3308722Z Adding repository directory to the temporary git global config as a safe directory
evalmut/vac	UNKNOWN STEP	2026-08-31T11:49:28.3311994Z [command]/usr/bin/git config --global --add safe.directory /home/runner/work/vac-protocol/vac-protocol
evalmut/vac	UNKNOWN STEP	2026-08-31T11:49:28.3346121Z [command]/usr/bin/git config --local --name-only --get-regexp core\.sshCommand
evalmut/vac	UNKNOWN STEP	2026-08-31T11:49:28.3375217Z [command]/usr/bin/git submodule foreach --recursive sh -c "git config --local --name-only --get-regexp 'core\.sshCommand' && git config --local --unset-all 'core.sshCommand' || :"
evalmut/vac	UNKNOWN STEP	2026-08-31T11:49:28.3608374Z [command]/usr/bin/git config --local --name-only --get-regexp http\.https\:\/\/github\.com\/\.extraheader
evalmut/vac	UNKNOWN STEP	2026-08-31T11:49:28.3634044Z http.https://github.com/.extraheader
evalmut/vac	UNKNOWN STEP	2026-08-31T11:49:28.3643845Z [command]/usr/bin/git config --local --unset-all http.https://github.com/.extraheader
evalmut/vac	UNKNOWN STEP	2026-08-31T11:49:28.3678420Z [command]/usr/bin/git submodule foreach --recursive sh -c "git config --local --name-only --get-regexp 'http\.https\:\/\/github\.com\/\.extraheader' && git config --local --unset-all 'http.https://github.com/.extraheader' || :"
evalmut/vac	UNKNOWN STEP	2026-08-31T11:49:28.3891112Z [command]/usr/bin/git config --local --name-only --get-regexp ^includeIf\.gitdir:
evalmut/vac	UNKNOWN STEP	2026-08-31T11:49:28.3923639Z [command]/usr/bin/git submodule foreach --recursive git config --local --show-origin --name-only --get-regexp remote.origin.url
evalmut/vac	UNKNOWN STEP	2026-08-31T11:49:28.4254869Z Cleaning up orphan processes
evalmut/vac	UNKNOWN STEP	2026-08-31T11:49:28.4527480Z ##[warning]Node.js 20 is deprecated. The following actions target Node.js 20 but are being forced to run on Node.js 24: actions/checkout@v4, actions/setup-node@v4, actions/setup-python@v5. For more information see: https://github.blog/changelog/2025-09-19-deprecation-of-node-20-on-github-actions-runners/
model-drift/vac	UNKNOWN STEP	﻿2026-08-31T11:49:14.4448957Z Current runner version: '2.337.0'
model-drift/vac	UNKNOWN STEP	2026-08-31T11:49:14.4469207Z ##[group]Runner Image Provisioner
model-drift/vac	UNKNOWN STEP	2026-08-31T11:49:14.4469863Z Hosted Compute Agent
model-drift/vac	UNKNOWN STEP	2026-08-31T11:49:14.4470329Z Version: 20260819.586
model-drift/vac	UNKNOWN STEP	2026-08-31T11:49:14.4470777Z Commit: 3cc4a88dfa507ef76119ad1bb3eccc6378bb2b76
model-drift/vac	UNKNOWN STEP	2026-08-31T11:49:14.4471301Z Build Date: 2026-08-18T23:20:18Z
model-drift/vac	UNKNOWN STEP	2026-08-31T11:49:14.4472124Z Worker ID: {70bce79c-b9cf-4533-869d-d35af6d314fc}
model-drift/vac	UNKNOWN STEP	2026-08-31T11:49:14.4472650Z Azure Region: centralus
model-drift/vac	UNKNOWN STEP	2026-08-31T11:49:14.4473070Z ##[endgroup]
model-drift/vac	UNKNOWN STEP	2026-08-31T11:49:14.4474117Z ##[group]Operating System
model-drift/vac	UNKNOWN STEP	2026-08-31T11:49:14.4474570Z Ubuntu
model-drift/vac	UNKNOWN STEP	2026-08-31T11:49:14.4474962Z 24.04.4
model-drift/vac	UNKNOWN STEP	2026-08-31T11:49:14.4475320Z LTS
model-drift/vac	UNKNOWN STEP	2026-08-31T11:49:14.4475690Z ##[endgroup]
model-drift/vac	UNKNOWN STEP	2026-08-31T11:49:14.4476070Z ##[group]Runner Image
model-drift/vac	UNKNOWN STEP	2026-08-31T11:49:14.4476486Z Image: ubuntu-24.04
model-drift/vac	UNKNOWN STEP	2026-08-31T11:49:14.4476918Z Version: 20260823.283.1
model-drift/vac	UNKNOWN STEP	2026-08-31T11:49:14.4477805Z Included Software: https://github.com/actions/runner-images/blob/ubuntu24/20260823.283/images/ubuntu/Ubuntu2404-Readme.md
model-drift/vac	UNKNOWN STEP	2026-08-31T11:49:14.4478938Z Image Release: https://github.com/actions/runner-images/releases/tag/ubuntu24%2F20260823.283
model-drift/vac	UNKNOWN STEP	2026-08-31T11:49:14.4479591Z ##[endgroup]
model-drift/vac	UNKNOWN STEP	2026-08-31T11:49:14.4480404Z ##[group]GITHUB_TOKEN Permissions
model-drift/vac	UNKNOWN STEP	2026-08-31T11:49:14.4482548Z Contents: read
model-drift/vac	UNKNOWN STEP	2026-08-31T11:49:14.4483098Z Metadata: read
model-drift/vac	UNKNOWN STEP	2026-08-31T11:49:14.4483490Z ##[endgroup]
model-drift/vac	UNKNOWN STEP	2026-08-31T11:49:14.4485110Z Secret source: Actions
model-drift/vac	UNKNOWN STEP	2026-08-31T11:49:14.4485894Z Prepare workflow directory
model-drift/vac	UNKNOWN STEP	2026-08-31T11:49:14.5352399Z Prepare all required actions
model-drift/vac	UNKNOWN STEP	2026-08-31T11:49:14.5389859Z Getting action download info
model-drift/vac	UNKNOWN STEP	2026-08-31T11:49:14.7465645Z Download action repository 'actions/checkout@v4' (SHA:11d5960a326750d5838078e36cf38b85af677262)
model-drift/vac	UNKNOWN STEP	2026-08-31T11:49:16.0776627Z Download action repository 'actions/setup-python@v5' (SHA:a26af69be951a213d495a4c3e4e4022e16d87065)
model-drift/vac	UNKNOWN STEP	2026-08-31T11:49:16.3836272Z Download action repository 'actions/setup-node@v4' (SHA:49933ea5288caeca8642d1e84afbd3f7d6820020)
model-drift/vac	UNKNOWN STEP	2026-08-31T11:49:17.2008691Z Complete job name: model-drift/vac
model-drift/vac	UNKNOWN STEP	2026-08-31T11:49:17.2528251Z Node 20 is being deprecated. This workflow is running with Node 24 by default. If you need to temporarily use Node 20, you can set the ACTIONS_ALLOW_USE_UNSECURE_NODE_VERSION=true environment variable. For more information see: https://github.blog/changelog/2025-09-19-deprecation-of-node-20-on-github-actions-runners/
model-drift/vac	UNKNOWN STEP	2026-08-31T11:49:17.2534106Z ##[group]Run actions/checkout@v4
model-drift/vac	UNKNOWN STEP	2026-08-31T11:49:17.2534833Z with:
model-drift/vac	UNKNOWN STEP	2026-08-31T11:49:17.2535193Z   repository: egnaro9/vac-protocol
model-drift/vac	UNKNOWN STEP	2026-08-31T11:49:17.2537141Z   token: ***
model-drift/vac	UNKNOWN STEP	2026-08-31T11:49:17.2537399Z   ssh-strict: true
model-drift/vac	UNKNOWN STEP	2026-08-31T11:49:17.2537703Z   ssh-user: git
model-drift/vac	UNKNOWN STEP	2026-08-31T11:49:17.2537988Z   persist-credentials: true
model-drift/vac	UNKNOWN STEP	2026-08-31T11:49:17.2538297Z   clean: true
model-drift/vac	UNKNOWN STEP	2026-08-31T11:49:17.2538579Z   sparse-checkout-cone-mode: true
model-drift/vac	UNKNOWN STEP	2026-08-31T11:49:17.2538916Z   fetch-depth: 1
model-drift/vac	UNKNOWN STEP	2026-08-31T11:49:17.2539203Z   fetch-tags: false
model-drift/vac	UNKNOWN STEP	2026-08-31T11:49:17.2539475Z   show-progress: true
model-drift/vac	UNKNOWN STEP	2026-08-31T11:49:17.2539753Z   lfs: false
model-drift/vac	UNKNOWN STEP	2026-08-31T11:49:17.2540105Z   submodules: false
model-drift/vac	UNKNOWN STEP	2026-08-31T11:49:17.2540386Z   set-safe-directory: true
model-drift/vac	UNKNOWN STEP	2026-08-31T11:49:17.2540687Z   allow-unsafe-pr-checkout: false
model-drift/vac	UNKNOWN STEP	2026-08-31T11:49:17.2541141Z ##[endgroup]
model-drift/vac	UNKNOWN STEP	2026-08-31T11:49:17.3349463Z Syncing repository: egnaro9/vac-protocol
model-drift/vac	UNKNOWN STEP	2026-08-31T11:49:17.3351075Z ##[group]Getting Git version info
model-drift/vac	UNKNOWN STEP	2026-08-31T11:49:17.3351832Z Working directory is '/home/runner/work/vac-protocol/vac-protocol'
model-drift/vac	UNKNOWN STEP	2026-08-31T11:49:17.3352865Z [command]/usr/bin/git version
model-drift/vac	UNKNOWN STEP	2026-08-31T11:49:17.5991111Z git version 2.55.0
model-drift/vac	UNKNOWN STEP	2026-08-31T11:49:17.6007546Z ##[endgroup]
model-drift/vac	UNKNOWN STEP	2026-08-31T11:49:17.6022246Z Temporarily overriding HOME='/home/runner/work/_temp/f64ad8c7-2345-4009-963a-8d57d40908ab' before making global git config changes
model-drift/vac	UNKNOWN STEP	2026-08-31T11:49:17.6023385Z Adding repository directory to the temporary git global config as a safe directory
model-drift/vac	UNKNOWN STEP	2026-08-31T11:49:17.6027458Z [command]/usr/bin/git config --global --add safe.directory /home/runner/work/vac-protocol/vac-protocol
model-drift/vac	UNKNOWN STEP	2026-08-31T11:49:17.6073349Z Deleting the contents of '/home/runner/work/vac-protocol/vac-protocol'
model-drift/vac	UNKNOWN STEP	2026-08-31T11:49:17.6076628Z ##[group]Initializing the repository
model-drift/vac	UNKNOWN STEP	2026-08-31T11:49:17.6080430Z [command]/usr/bin/git init /home/runner/work/vac-protocol/vac-protocol
model-drift/vac	UNKNOWN STEP	2026-08-31T11:49:17.6722456Z hint: Using 'master' as the name for the initial branch. This default branch name
model-drift/vac	UNKNOWN STEP	2026-08-31T11:49:17.6723149Z hint: will change to "main" in Git 3.0. To configure the initial branch name
model-drift/vac	UNKNOWN STEP	2026-08-31T11:49:17.6723659Z hint: to use in all of your new repositories, which will suppress this warning,
model-drift/vac	UNKNOWN STEP	2026-08-31T11:49:17.6724111Z hint: call:
model-drift/vac	UNKNOWN STEP	2026-08-31T11:49:17.6724427Z hint:
model-drift/vac	UNKNOWN STEP	2026-08-31T11:49:17.6724826Z hint: 	git config --global init.defaultBranch <name>
model-drift/vac	UNKNOWN STEP	2026-08-31T11:49:17.6725150Z hint:
model-drift/vac	UNKNOWN STEP	2026-08-31T11:49:17.6725527Z hint: Names commonly chosen instead of 'master' are 'main', 'trunk' and
model-drift/vac	UNKNOWN STEP	2026-08-31T11:49:17.6725991Z hint: 'development'. The just-created branch can be renamed via this command:
model-drift/vac	UNKNOWN STEP	2026-08-31T11:49:17.6726382Z hint:
model-drift/vac	UNKNOWN STEP	2026-08-31T11:49:17.6726617Z hint: 	git branch -m <name>
model-drift/vac	UNKNOWN STEP	2026-08-31T11:49:17.6726963Z hint:
model-drift/vac	UNKNOWN STEP	2026-08-31T11:49:17.6727299Z hint: Disable this message with "git config set advice.defaultBranchName false"
model-drift/vac	UNKNOWN STEP	2026-08-31T11:49:17.6728201Z Initialized empty Git repository in /home/runner/work/vac-protocol/vac-protocol/.git/
model-drift/vac	UNKNOWN STEP	2026-08-31T11:49:17.6732662Z [command]/usr/bin/git remote add origin https://github.com/egnaro9/vac-protocol
model-drift/vac	UNKNOWN STEP	2026-08-31T11:49:17.6779911Z ##[endgroup]
model-drift/vac	UNKNOWN STEP	2026-08-31T11:49:17.6780592Z ##[group]Disabling automatic garbage collection
model-drift/vac	UNKNOWN STEP	2026-08-31T11:49:17.6785761Z [command]/usr/bin/git config --local gc.auto 0
model-drift/vac	UNKNOWN STEP	2026-08-31T11:49:17.6814715Z ##[endgroup]
model-drift/vac	UNKNOWN STEP	2026-08-31T11:49:17.6815505Z ##[group]Setting up auth
model-drift/vac	UNKNOWN STEP	2026-08-31T11:49:17.6822440Z [command]/usr/bin/git config --local --name-only --get-regexp core\.sshCommand
model-drift/vac	UNKNOWN STEP	2026-08-31T11:49:17.6849804Z [command]/usr/bin/git submodule foreach --recursive sh -c "git config --local --name-only --get-regexp 'core\.sshCommand' && git config --local --unset-all 'core.sshCommand' || :"
model-drift/vac	UNKNOWN STEP	2026-08-31T11:49:17.9708666Z [command]/usr/bin/git config --local --name-only --get-regexp http\.https\:\/\/github\.com\/\.extraheader
model-drift/vac	UNKNOWN STEP	2026-08-31T11:49:17.9739912Z [command]/usr/bin/git submodule foreach --recursive sh -c "git config --local --name-only --get-regexp 'http\.https\:\/\/github\.com\/\.extraheader' && git config --local --unset-all 'http.https://github.com/.extraheader' || :"
model-drift/vac	UNKNOWN STEP	2026-08-31T11:49:17.9904740Z [command]/usr/bin/git config --local --name-only --get-regexp ^includeIf\.gitdir:
model-drift/vac	UNKNOWN STEP	2026-08-31T11:49:17.9935418Z [command]/usr/bin/git submodule foreach --recursive git config --local --show-origin --name-only --get-regexp remote.origin.url
model-drift/vac	UNKNOWN STEP	2026-08-31T11:49:18.0090817Z [command]/usr/bin/git config --local http.https://github.com/.extraheader AUTHORIZATION: basic ***
model-drift/vac	UNKNOWN STEP	2026-08-31T11:49:18.0701876Z ##[endgroup]
model-drift/vac	UNKNOWN STEP	2026-08-31T11:49:18.0703064Z ##[group]Fetching the repository
model-drift/vac	UNKNOWN STEP	2026-08-31T11:49:18.0710462Z [command]/usr/bin/git -c protocol.version=2 fetch --no-tags --prune --no-recurse-submodules --depth=1 origin +6a05245337cbbcebf1e06180e798ad568848ad2e:refs/remotes/origin/main
model-drift/vac	UNKNOWN STEP	2026-08-31T11:49:19.3472920Z From https://github.com/egnaro9/vac-protocol
model-drift/vac	UNKNOWN STEP	2026-08-31T11:49:19.3474476Z  * [new ref]         6a05245337cbbcebf1e06180e798ad568848ad2e -> origin/main
model-drift/vac	UNKNOWN STEP	2026-08-31T11:49:19.3478048Z ##[endgroup]
model-drift/vac	UNKNOWN STEP	2026-08-31T11:49:19.3478947Z ##[group]Determining the checkout info
model-drift/vac	UNKNOWN STEP	2026-08-31T11:49:19.3479737Z ##[endgroup]
model-drift/vac	UNKNOWN STEP	2026-08-31T11:49:19.3481477Z [command]/usr/bin/git sparse-checkout disable
model-drift/vac	UNKNOWN STEP	2026-08-31T11:49:19.3532900Z [command]/usr/bin/git config --local --unset-all extensions.worktreeConfig
model-drift/vac	UNKNOWN STEP	2026-08-31T11:49:19.3546237Z ##[group]Checking out the ref
model-drift/vac	UNKNOWN STEP	2026-08-31T11:49:19.3550401Z [command]/usr/bin/git checkout --progress --force -B main refs/remotes/origin/main
model-drift/vac	UNKNOWN STEP	2026-08-31T11:49:19.4448807Z Switched to a new branch 'main'
model-drift/vac	UNKNOWN STEP	2026-08-31T11:49:19.4450954Z branch 'main' set up to track 'origin/main'.
model-drift/vac	UNKNOWN STEP	2026-08-31T11:49:19.4455432Z ##[endgroup]
model-drift/vac	UNKNOWN STEP	2026-08-31T11:49:19.4568944Z [command]/usr/bin/git log -1 --format=%H
model-drift/vac	UNKNOWN STEP	2026-08-31T11:49:19.4589298Z 6a05245337cbbcebf1e06180e798ad568848ad2e
model-drift/vac	UNKNOWN STEP	2026-08-31T11:49:19.4793252Z Node 20 is being deprecated. This workflow is running with Node 24 by default. If you need to temporarily use Node 20, you can set the ACTIONS_ALLOW_USE_UNSECURE_NODE_VERSION=true environment variable. For more information see: https://github.blog/changelog/2025-09-19-deprecation-of-node-20-on-github-actions-runners/
model-drift/vac	UNKNOWN STEP	2026-08-31T11:49:19.4794788Z ##[group]Run actions/setup-python@v5
model-drift/vac	UNKNOWN STEP	2026-08-31T11:49:19.4795171Z with:
model-drift/vac	UNKNOWN STEP	2026-08-31T11:49:19.4795446Z   python-version: 3.12
model-drift/vac	UNKNOWN STEP	2026-08-31T11:49:19.4795700Z   check-latest: false
model-drift/vac	UNKNOWN STEP	2026-08-31T11:49:19.4797629Z   token: ***
model-drift/vac	UNKNOWN STEP	2026-08-31T11:49:19.4797882Z   update-environment: true
model-drift/vac	UNKNOWN STEP	2026-08-31T11:49:19.4798194Z   allow-prereleases: false
model-drift/vac	UNKNOWN STEP	2026-08-31T11:49:19.4798421Z   freethreaded: false
model-drift/vac	UNKNOWN STEP	2026-08-31T11:49:19.4798651Z ##[endgroup]
model-drift/vac	UNKNOWN STEP	2026-08-31T11:49:19.5772861Z ##[group]Installed versions
model-drift/vac	UNKNOWN STEP	2026-08-31T11:49:19.7883028Z (node:2010) [DEP0040] DeprecationWarning: The `punycode` module is deprecated. Please use a userland alternative instead.
model-drift/vac	UNKNOWN STEP	2026-08-31T11:49:19.7883839Z (Use `node --trace-deprecation ...` to show where the warning was created)
model-drift/vac	UNKNOWN STEP	2026-08-31T11:49:19.7884300Z Successfully set up CPython (3.12.14)
model-drift/vac	UNKNOWN STEP	2026-08-31T11:49:19.7884884Z ##[endgroup]
model-drift/vac	UNKNOWN STEP	2026-08-31T11:49:19.8102240Z Node 20 is being deprecated. This workflow is running with Node 24 by default. If you need to temporarily use Node 20, you can set the ACTIONS_ALLOW_USE_UNSECURE_NODE_VERSION=true environment variable. For more information see: https://github.blog/changelog/2025-09-19-deprecation-of-node-20-on-github-actions-runners/
model-drift/vac	UNKNOWN STEP	2026-08-31T11:49:19.8103818Z ##[group]Run actions/setup-node@v4
model-drift/vac	UNKNOWN STEP	2026-08-31T11:49:19.8104151Z with:
model-drift/vac	UNKNOWN STEP	2026-08-31T11:49:19.8104421Z   node-version: 22
model-drift/vac	UNKNOWN STEP	2026-08-31T11:49:19.8104723Z   always-auth: false
model-drift/vac	UNKNOWN STEP	2026-08-31T11:49:19.8105014Z   check-latest: false
model-drift/vac	UNKNOWN STEP	2026-08-31T11:49:19.8107900Z   token: ***
model-drift/vac	UNKNOWN STEP	2026-08-31T11:49:19.8108170Z env:
model-drift/vac	UNKNOWN STEP	2026-08-31T11:49:19.8108504Z   pythonLocation: /opt/hostedtoolcache/Python/3.12.14/x64
model-drift/vac	UNKNOWN STEP	2026-08-31T11:49:19.8109065Z   PKG_CONFIG_PATH: /opt/hostedtoolcache/Python/3.12.14/x64/lib/pkgconfig
model-drift/vac	UNKNOWN STEP	2026-08-31T11:49:19.8109609Z   Python_ROOT_DIR: /opt/hostedtoolcache/Python/3.12.14/x64
model-drift/vac	UNKNOWN STEP	2026-08-31T11:49:19.8110227Z   Python2_ROOT_DIR: /opt/hostedtoolcache/Python/3.12.14/x64
model-drift/vac	UNKNOWN STEP	2026-08-31T11:49:19.8110691Z   Python3_ROOT_DIR: /opt/hostedtoolcache/Python/3.12.14/x64
model-drift/vac	UNKNOWN STEP	2026-08-31T11:49:19.8111173Z   LD_LIBRARY_PATH: /opt/hostedtoolcache/Python/3.12.14/x64/lib
model-drift/vac	UNKNOWN STEP	2026-08-31T11:49:19.8111766Z ##[endgroup]
model-drift/vac	UNKNOWN STEP	2026-08-31T11:49:20.2239897Z Found in cache @ /opt/hostedtoolcache/node/22.23.2/x64
model-drift/vac	UNKNOWN STEP	2026-08-31T11:49:20.2245208Z (node:2018) [DEP0040] DeprecationWarning: The `punycode` module is deprecated. Please use a userland alternative instead.
model-drift/vac	UNKNOWN STEP	2026-08-31T11:49:20.2246181Z (Use `node --trace-deprecation ...` to show where the warning was created)
model-drift/vac	UNKNOWN STEP	2026-08-31T11:49:20.2247546Z ##[group]Environment details
model-drift/vac	UNKNOWN STEP	2026-08-31T11:49:30.7428600Z node: v22.23.2
model-drift/vac	UNKNOWN STEP	2026-08-31T11:49:30.7429592Z npm: 10.9.8
model-drift/vac	UNKNOWN STEP	2026-08-31T11:49:30.7429965Z yarn: 1.22.22
model-drift/vac	UNKNOWN STEP	2026-08-31T11:49:30.7430934Z ##[endgroup]
model-drift/vac	UNKNOWN STEP	2026-08-31T11:49:30.7537110Z ##[group]Run pip install -e .
model-drift/vac	UNKNOWN STEP	2026-08-31T11:49:30.7537518Z ^[[36;1mpip install -e .^[[0m
model-drift/vac	UNKNOWN STEP	2026-08-31T11:49:30.7614762Z shell: /usr/bin/bash -e {0}
model-drift/vac	UNKNOWN STEP	2026-08-31T11:49:30.7615097Z env:
model-drift/vac	UNKNOWN STEP	2026-08-31T11:49:30.7615428Z   pythonLocation: /opt/hostedtoolcache/Python/3.12.14/x64
model-drift/vac	UNKNOWN STEP	2026-08-31T11:49:30.7615871Z   PKG_CONFIG_PATH: /opt/hostedtoolcache/Python/3.12.14/x64/lib/pkgconfig
model-drift/vac	UNKNOWN STEP	2026-08-31T11:49:30.7616263Z   Python_ROOT_DIR: /opt/hostedtoolcache/Python/3.12.14/x64
model-drift/vac	UNKNOWN STEP	2026-08-31T11:49:30.7616654Z   Python2_ROOT_DIR: /opt/hostedtoolcache/Python/3.12.14/x64
model-drift/vac	UNKNOWN STEP	2026-08-31T11:49:30.7617011Z   Python3_ROOT_DIR: /opt/hostedtoolcache/Python/3.12.14/x64
model-drift/vac	UNKNOWN STEP	2026-08-31T11:49:30.7617371Z   LD_LIBRARY_PATH: /opt/hostedtoolcache/Python/3.12.14/x64/lib
model-drift/vac	UNKNOWN STEP	2026-08-31T11:49:30.7617749Z ##[endgroup]
model-drift/vac	UNKNOWN STEP	2026-08-31T11:49:34.6388476Z Obtaining file:///home/runner/work/vac-protocol/vac-protocol
model-drift/vac	UNKNOWN STEP	2026-08-31T11:49:34.6394460Z   Installing build dependencies: started
model-drift/vac	UNKNOWN STEP	2026-08-31T11:49:35.4820555Z   Installing build dependencies: finished with status 'done'
model-drift/vac	UNKNOWN STEP	2026-08-31T11:49:35.4825248Z   Checking if build backend supports build_editable: started
model-drift/vac	UNKNOWN STEP	2026-08-31T11:49:35.8764221Z   Checking if build backend supports build_editable: finished with status 'done'
model-drift/vac	UNKNOWN STEP	2026-08-31T11:49:35.8770449Z   Getting requirements to build editable: started
model-drift/vac	UNKNOWN STEP	2026-08-31T11:49:36.2117518Z   Getting requirements to build editable: finished with status 'done'
model-drift/vac	UNKNOWN STEP	2026-08-31T11:49:36.2124919Z   Preparing editable metadata (pyproject.toml): started
model-drift/vac	UNKNOWN STEP	2026-08-31T11:49:36.3587943Z   Preparing editable metadata (pyproject.toml): finished with status 'done'
model-drift/vac	UNKNOWN STEP	2026-08-31T11:49:36.3617188Z Building wheels for collected packages: vac-protocol
model-drift/vac	UNKNOWN STEP	2026-08-31T11:49:36.3622247Z   Building editable for vac-protocol (pyproject.toml): started
model-drift/vac	UNKNOWN STEP	2026-08-31T11:49:36.5584184Z   Building editable for vac-protocol (pyproject.toml): finished with status 'done'
model-drift/vac	UNKNOWN STEP	2026-08-31T11:49:36.5589204Z   Created wheel for vac-protocol: filename=vac_protocol-0.1.0-0.editable-py3-none-any.whl size=8850 sha256=b054efe3b66316a120225dce33c0d4839a948c7f4bb715dd37435af4da6d86bc
model-drift/vac	UNKNOWN STEP	2026-08-31T11:49:36.5590739Z   Stored in directory: /tmp/pip-ephem-wheel-cache-co_m9nhq/wheels/31/93/c0/4effb33ea68d4321a176d9cb097b94ea8b1be9d534ea861dec
model-drift/vac	UNKNOWN STEP	2026-08-31T11:49:36.5613410Z Successfully built vac-protocol
model-drift/vac	UNKNOWN STEP	2026-08-31T11:49:36.5718739Z Installing collected packages: vac-protocol
model-drift/vac	UNKNOWN STEP	2026-08-31T11:49:36.6395075Z Successfully installed vac-protocol-0.1.0
model-drift/vac	UNKNOWN STEP	2026-08-31T11:49:36.7098038Z ##[group]Run python -m vac.registry --fetch-bundle "model-drift/vac" --dest bundle
model-drift/vac	UNKNOWN STEP	2026-08-31T11:49:36.7098553Z ^[[36;1mpython -m vac.registry --fetch-bundle "model-drift/vac" --dest bundle^[[0m
model-drift/vac	UNKNOWN STEP	2026-08-31T11:49:36.7118680Z shell: /usr/bin/bash -e {0}
model-drift/vac	UNKNOWN STEP	2026-08-31T11:49:36.7118961Z env:
model-drift/vac	UNKNOWN STEP	2026-08-31T11:49:36.7119286Z   pythonLocation: /opt/hostedtoolcache/Python/3.12.14/x64
model-drift/vac	UNKNOWN STEP	2026-08-31T11:49:36.7119655Z   PKG_CONFIG_PATH: /opt/hostedtoolcache/Python/3.12.14/x64/lib/pkgconfig
model-drift/vac	UNKNOWN STEP	2026-08-31T11:49:36.7120063Z   Python_ROOT_DIR: /opt/hostedtoolcache/Python/3.12.14/x64
model-drift/vac	UNKNOWN STEP	2026-08-31T11:49:36.7120411Z   Python2_ROOT_DIR: /opt/hostedtoolcache/Python/3.12.14/x64
model-drift/vac	UNKNOWN STEP	2026-08-31T11:49:36.7120771Z   Python3_ROOT_DIR: /opt/hostedtoolcache/Python/3.12.14/x64
model-drift/vac	UNKNOWN STEP	2026-08-31T11:49:36.7121155Z   LD_LIBRARY_PATH: /opt/hostedtoolcache/Python/3.12.14/x64/lib
model-drift/vac	UNKNOWN STEP	2026-08-31T11:49:36.7121447Z ##[endgroup]
model-drift/vac	UNKNOWN STEP	2026-08-31T11:49:38.3755087Z fetched model-drift/vac into bundle: every artifact sha256-verified against the registry
model-drift/vac	UNKNOWN STEP	2026-08-31T11:49:38.4236415Z ##[group]Run python -m vac.verify bundle
model-drift/vac	UNKNOWN STEP	2026-08-31T11:49:38.4236764Z ^[[36;1mpython -m vac.verify bundle^[[0m
model-drift/vac	UNKNOWN STEP	2026-08-31T11:49:38.4258510Z shell: /usr/bin/bash -e {0}
model-drift/vac	UNKNOWN STEP	2026-08-31T11:49:38.4259153Z env:
model-drift/vac	UNKNOWN STEP	2026-08-31T11:49:38.4259471Z   pythonLocation: /opt/hostedtoolcache/Python/3.12.14/x64
model-drift/vac	UNKNOWN STEP	2026-08-31T11:49:38.4259852Z   PKG_CONFIG_PATH: /opt/hostedtoolcache/Python/3.12.14/x64/lib/pkgconfig
model-drift/vac	UNKNOWN STEP	2026-08-31T11:49:38.4260247Z   Python_ROOT_DIR: /opt/hostedtoolcache/Python/3.12.14/x64
model-drift/vac	UNKNOWN STEP	2026-08-31T11:49:38.4260594Z   Python2_ROOT_DIR: /opt/hostedtoolcache/Python/3.12.14/x64
model-drift/vac	UNKNOWN STEP	2026-08-31T11:49:38.4260928Z   Python3_ROOT_DIR: /opt/hostedtoolcache/Python/3.12.14/x64
model-drift/vac	UNKNOWN STEP	2026-08-31T11:49:38.4261295Z   LD_LIBRARY_PATH: /opt/hostedtoolcache/Python/3.12.14/x64/lib
model-drift/vac	UNKNOWN STEP	2026-08-31T11:49:38.4261729Z ##[endgroup]
model-drift/vac	UNKNOWN STEP	2026-08-31T11:49:38.5688219Z structural verification: PASS (bundle)
model-drift/vac	UNKNOWN STEP	2026-08-31T11:49:38.5688808Z   proved offline: manifest schema, artifact presence + sha256, bundle closure,
model-drift/vac	UNKNOWN STEP	2026-08-31T11:49:38.5689601Z   stated limitations, stamp agreement, declared results recomputed from artifacts.
model-drift/vac	UNKNOWN STEP	2026-08-31T11:49:38.5690094Z semantic replay: NOT run by this tool. A structural PASS means the bundle is
model-drift/vac	UNKNOWN STEP	2026-08-31T11:49:38.5690565Z   internally honest, not that the issuer's grader agrees. To re-earn the
model-drift/vac	UNKNOWN STEP	2026-08-31T11:49:38.5691070Z   verdicts, run the bundle's replay block at the pinned issuer_commit:
model-drift/vac	UNKNOWN STEP	2026-08-31T11:49:38.5691460Z     $ git clone https://github.com/egnaro9/model-drift issuer
model-drift/vac	UNKNOWN STEP	2026-08-31T11:49:38.5691942Z     $ git -C issuer checkout 9ee59e3
model-drift/vac	UNKNOWN STEP	2026-08-31T11:49:38.5692251Z     $ ( cd issuer && python3 emit_vac.py )
model-drift/vac	UNKNOWN STEP	2026-08-31T11:49:38.5693127Z     $ for f in RESULTS.md flips.json drift_board.json models.json narrative.json standings.json suite-fingerprint.json vac.json; do cmp issuer/vac/$f $f || exit 1; done
model-drift/vac	UNKNOWN STEP	2026-08-31T11:49:38.5693825Z     $ python3 -m venv v && v/bin/pip install -q -e 'issuer[dev]' && v/bin/pytest -q issuer
model-drift/vac	UNKNOWN STEP	2026-08-31T11:49:38.5695830Z     expected: every command exits 0 and every cmp stays silent: the emitter re-derives the whole bundle offline from the rows committed at the stamped commit — no network, no model calls, no clock — byte-identical to this one (commands run from the bundle directory), and the full test suite passes. Requires CPython >= 3.11; the committed narrative.json was produced under CI's 3.12 and this bundle was cut and byte-verified against it under 3.14 — repo CI re-emits at the stamped commit under 3.12 and diffs
model-drift/vac	UNKNOWN STEP	2026-08-31T11:49:38.6326970Z ##[group]Run jq -r '.replay.commands[]' bundle/vac.json > replay.sh
model-drift/vac	UNKNOWN STEP	2026-08-31T11:49:38.6327535Z ^[[36;1mjq -r '.replay.commands[]' bundle/vac.json > replay.sh^[[0m
model-drift/vac	UNKNOWN STEP	2026-08-31T11:49:38.6328124Z ^[[36;1mecho "--- replay block (sha256-pinned via the registry) ---"^[[0m
model-drift/vac	UNKNOWN STEP	2026-08-31T11:49:38.6328570Z ^[[36;1mcat replay.sh^[[0m
model-drift/vac	UNKNOWN STEP	2026-08-31T11:49:38.6329016Z ^[[36;1mecho "--- expected: $(jq -r '.replay.expected' bundle/vac.json)"^[[0m
model-drift/vac	UNKNOWN STEP	2026-08-31T11:49:38.6329470Z ^[[36;1mcd bundle^[[0m
model-drift/vac	UNKNOWN STEP	2026-08-31T11:49:38.6329876Z ^[[36;1mbash -euxo pipefail ../replay.sh 2>&1 | tee ../transcript.txt^[[0m
model-drift/vac	UNKNOWN STEP	2026-08-31T11:49:38.6357264Z shell: /usr/bin/bash --noprofile --norc -e -o pipefail {0}
model-drift/vac	UNKNOWN STEP	2026-08-31T11:49:38.6357657Z env:
model-drift/vac	UNKNOWN STEP	2026-08-31T11:49:38.6357990Z   pythonLocation: /opt/hostedtoolcache/Python/3.12.14/x64
model-drift/vac	UNKNOWN STEP	2026-08-31T11:49:38.6358380Z   PKG_CONFIG_PATH: /opt/hostedtoolcache/Python/3.12.14/x64/lib/pkgconfig
model-drift/vac	UNKNOWN STEP	2026-08-31T11:49:38.6358803Z   Python_ROOT_DIR: /opt/hostedtoolcache/Python/3.12.14/x64
model-drift/vac	UNKNOWN STEP	2026-08-31T11:49:38.6359242Z   Python2_ROOT_DIR: /opt/hostedtoolcache/Python/3.12.14/x64
model-drift/vac	UNKNOWN STEP	2026-08-31T11:49:38.6359661Z   Python3_ROOT_DIR: /opt/hostedtoolcache/Python/3.12.14/x64
model-drift/vac	UNKNOWN STEP	2026-08-31T11:49:38.6360007Z   LD_LIBRARY_PATH: /opt/hostedtoolcache/Python/3.12.14/x64/lib
model-drift/vac	UNKNOWN STEP	2026-08-31T11:49:38.6360360Z ##[endgroup]
model-drift/vac	UNKNOWN STEP	2026-08-31T11:49:38.7390123Z --- replay block (sha256-pinned via the registry) ---
model-drift/vac	UNKNOWN STEP	2026-08-31T11:49:38.7397628Z git clone https://github.com/egnaro9/model-drift issuer
model-drift/vac	UNKNOWN STEP	2026-08-31T11:49:38.7398951Z git -C issuer checkout 9ee59e3
model-drift/vac	UNKNOWN STEP	2026-08-31T11:49:38.7399460Z ( cd issuer && python3 emit_vac.py )
model-drift/vac	UNKNOWN STEP	2026-08-31T11:49:38.7400429Z for f in RESULTS.md flips.json drift_board.json models.json narrative.json standings.json suite-fingerprint.json vac.json; do cmp issuer/vac/$f $f || exit 1; done
model-drift/vac	UNKNOWN STEP	2026-08-31T11:49:38.7401885Z python3 -m venv v && v/bin/pip install -q -e 'issuer[dev]' && v/bin/pytest -q issuer
model-drift/vac	UNKNOWN STEP	2026-08-31T11:49:38.7421960Z --- expected: every command exits 0 and every cmp stays silent: the emitter re-derives the whole bundle offline from the rows committed at the stamped commit — no network, no model calls, no clock — byte-identical to this one (commands run from the bundle directory), and the full test suite passes. Requires CPython >= 3.11; the committed narrative.json was produced under CI's 3.12 and this bundle was cut and byte-verified against it under 3.14 — repo CI re-emits at the stamped commit under 3.12 and diffs
model-drift/vac	UNKNOWN STEP	2026-08-31T11:49:38.7432080Z + git clone https://github.com/egnaro9/model-drift issuer
model-drift/vac	UNKNOWN STEP	2026-08-31T11:49:38.7441224Z Cloning into 'issuer'...
model-drift/vac	UNKNOWN STEP	2026-08-31T11:49:39.7486401Z + git -C issuer checkout 9ee59e3
model-drift/vac	UNKNOWN STEP	2026-08-31T11:49:39.7566324Z Note: switching to '9ee59e3'.
model-drift/vac	UNKNOWN STEP	2026-08-31T11:49:39.7566576Z 
model-drift/vac	UNKNOWN STEP	2026-08-31T11:49:39.7567864Z You are in 'detached HEAD' state. You can look around, make experimental
model-drift/vac	UNKNOWN STEP	2026-08-31T11:49:39.7568731Z changes and commit them, and you can discard any commits you make in this
model-drift/vac	UNKNOWN STEP	2026-08-31T11:49:39.7569490Z state without impacting any branches by switching back to a branch.
model-drift/vac	UNKNOWN STEP	2026-08-31T11:49:39.7569899Z 
model-drift/vac	UNKNOWN STEP	2026-08-31T11:49:39.7570186Z If you want to create a new branch to retain commits you create, you may
model-drift/vac	UNKNOWN STEP	2026-08-31T11:49:39.7570695Z do so (now or later) by using -c with the switch command. Example:
model-drift/vac	UNKNOWN STEP	2026-08-31T11:49:39.7571130Z 
model-drift/vac	UNKNOWN STEP	2026-08-31T11:49:39.7572126Z   git switch -c <new-branch-name>
model-drift/vac	UNKNOWN STEP	2026-08-31T11:49:39.7572433Z 
model-drift/vac	UNKNOWN STEP	2026-08-31T11:49:39.7572573Z Or undo this operation with:
model-drift/vac	UNKNOWN STEP	2026-08-31T11:49:39.7572767Z 
model-drift/vac	UNKNOWN STEP	2026-08-31T11:49:39.7572886Z   git switch -
model-drift/vac	UNKNOWN STEP	2026-08-31T11:49:39.7573027Z 
model-drift/vac	UNKNOWN STEP	2026-08-31T11:49:39.7573323Z Turn off this advice by setting config variable advice.detachedHead to false
model-drift/vac	UNKNOWN STEP	2026-08-31T11:49:39.7573741Z 
model-drift/vac	UNKNOWN STEP	2026-08-31T11:49:39.7574143Z HEAD is now at 9ee59e3 board: publish the floor, the qualifying standing, and the run it excluded
model-drift/vac	UNKNOWN STEP	2026-08-31T11:49:39.7574652Z + cd issuer
model-drift/vac	UNKNOWN STEP	2026-08-31T11:49:39.7574956Z + python3 emit_vac.py
model-drift/vac	UNKNOWN STEP	2026-08-31T11:49:39.8419666Z Traceback (most recent call last):
model-drift/vac	UNKNOWN STEP	2026-08-31T11:49:39.8420717Z   File "/home/runner/work/vac-protocol/vac-protocol/bundle/issuer/emit_vac.py", line 423, in <module>
model-drift/vac	UNKNOWN STEP	2026-08-31T11:49:39.8423251Z     emit()
model-drift/vac	UNKNOWN STEP	2026-08-31T11:49:39.8425081Z   File "/home/runner/work/vac-protocol/vac-protocol/bundle/issuer/emit_vac.py", line 418, in emit
model-drift/vac	UNKNOWN STEP	2026-08-31T11:49:39.8426397Z     write_bundle(files, ROOT / "vac")
model-drift/vac	UNKNOWN STEP	2026-08-31T11:49:39.8427938Z   File "/home/runner/work/vac-protocol/vac-protocol/bundle/issuer/emit_vac.py", line 410, in write_bundle
model-drift/vac	UNKNOWN STEP	2026-08-31T11:49:39.8429412Z     raise RuntimeError(f"unexpected file in the closed bundle: {stale}")
model-drift/vac	UNKNOWN STEP	2026-08-31T11:49:39.8433101Z RuntimeError: unexpected file in the closed bundle: /home/runner/work/vac-protocol/vac-protocol/bundle/issuer/vac/metrics.json
model-drift/vac	UNKNOWN STEP	2026-08-31T11:49:39.8545231Z ##[error]Process completed with exit code 1.
model-drift/vac	UNKNOWN STEP	2026-08-31T11:49:39.8662324Z Node 20 is being deprecated. This workflow is running with Node 24 by default. If you need to temporarily use Node 20, you can set the ACTIONS_ALLOW_USE_UNSECURE_NODE_VERSION=true environment variable. For more information see: https://github.blog/changelog/2025-09-19-deprecation-of-node-20-on-github-actions-runners/
model-drift/vac	UNKNOWN STEP	2026-08-31T11:49:39.8663335Z Post job cleanup.
model-drift/vac	UNKNOWN STEP	2026-08-31T11:49:39.9305303Z [command]/usr/bin/git version
model-drift/vac	UNKNOWN STEP	2026-08-31T11:49:39.9341340Z git version 2.55.0
model-drift/vac	UNKNOWN STEP	2026-08-31T11:49:39.9373153Z Temporarily overriding HOME='/home/runner/work/_temp/92594426-d349-4147-81c6-c52ef13f4880' before making global git config changes
model-drift/vac	UNKNOWN STEP	2026-08-31T11:49:39.9374071Z Adding repository directory to the temporary git global config as a safe directory
model-drift/vac	UNKNOWN STEP	2026-08-31T11:49:39.9378306Z [command]/usr/bin/git config --global --add safe.directory /home/runner/work/vac-protocol/vac-protocol
model-drift/vac	UNKNOWN STEP	2026-08-31T11:49:39.9408333Z [command]/usr/bin/git config --local --name-only --get-regexp core\.sshCommand
model-drift/vac	UNKNOWN STEP	2026-08-31T11:49:39.9434755Z [command]/usr/bin/git submodule foreach --recursive sh -c "git config --local --name-only --get-regexp 'core\.sshCommand' && git config --local --unset-all 'core.sshCommand' || :"
model-drift/vac	UNKNOWN STEP	2026-08-31T11:49:39.9612079Z [command]/usr/bin/git config --local --name-only --get-regexp http\.https\:\/\/github\.com\/\.extraheader
model-drift/vac	UNKNOWN STEP	2026-08-31T11:49:39.9930692Z http.https://github.com/.extraheader
model-drift/vac	UNKNOWN STEP	2026-08-31T11:49:39.9943084Z [command]/usr/bin/git config --local --unset-all http.https://github.com/.extraheader
model-drift/vac	UNKNOWN STEP	2026-08-31T11:49:39.9979090Z [command]/usr/bin/git submodule foreach --recursive sh -c "git config --local --name-only --get-regexp 'http\.https\:\/\/github\.com\/\.extraheader' && git config --local --unset-all 'http.https://github.com/.extraheader' || :"
model-drift/vac	UNKNOWN STEP	2026-08-31T11:49:40.0152176Z [command]/usr/bin/git config --local --name-only --get-regexp ^includeIf\.gitdir:
model-drift/vac	UNKNOWN STEP	2026-08-31T11:49:40.0177771Z [command]/usr/bin/git submodule foreach --recursive git config --local --show-origin --name-only --get-regexp remote.origin.url
model-drift/vac	UNKNOWN STEP	2026-08-31T11:49:40.0450437Z Cleaning up orphan processes
model-drift/vac	UNKNOWN STEP	2026-08-31T11:49:40.0619137Z ##[warning]Node.js 20 is deprecated. The following actions target Node.js 20 but are being forced to run on Node.js 24: actions/checkout@v4, actions/setup-node@v4, actions/setup-python@v5. For more information see: https://github.blog/changelog/2025-09-19-deprecation-of-node-20-on-github-actions-runners/
reference-fleet/vac	UNKNOWN STEP	﻿2026-08-31T11:49:14.6248360Z Current runner version: '2.336.0'
reference-fleet/vac	UNKNOWN STEP	2026-08-31T11:49:14.6270827Z ##[group]Runner Image Provisioner
reference-fleet/vac	UNKNOWN STEP	2026-08-31T11:49:14.6271892Z Hosted Compute Agent
reference-fleet/vac	UNKNOWN STEP	2026-08-31T11:49:14.6272483Z Version: 20260819.586
reference-fleet/vac	UNKNOWN STEP	2026-08-31T11:49:14.6273125Z Commit: 3cc4a88dfa507ef76119ad1bb3eccc6378bb2b76
reference-fleet/vac	UNKNOWN STEP	2026-08-31T11:49:14.6273903Z Build Date: 2026-08-18T23:20:18Z
reference-fleet/vac	UNKNOWN STEP	2026-08-31T11:49:14.6274589Z Worker ID: {a730295d-1b27-4d5f-898a-7c92847697d8}
reference-fleet/vac	UNKNOWN STEP	2026-08-31T11:49:14.6275320Z Azure Region: northcentralus
reference-fleet/vac	UNKNOWN STEP	2026-08-31T11:49:14.6275922Z ##[endgroup]
reference-fleet/vac	UNKNOWN STEP	2026-08-31T11:49:14.6277489Z ##[group]Operating System
reference-fleet/vac	UNKNOWN STEP	2026-08-31T11:49:14.6278245Z Ubuntu
reference-fleet/vac	UNKNOWN STEP	2026-08-31T11:49:14.6278767Z 24.04.4
reference-fleet/vac	UNKNOWN STEP	2026-08-31T11:49:14.6279310Z LTS
reference-fleet/vac	UNKNOWN STEP	2026-08-31T11:49:14.6279831Z ##[endgroup]
reference-fleet/vac	UNKNOWN STEP	2026-08-31T11:49:14.6280821Z ##[group]Runner Image
reference-fleet/vac	UNKNOWN STEP	2026-08-31T11:49:14.6281810Z Image: ubuntu-24.04
reference-fleet/vac	UNKNOWN STEP	2026-08-31T11:49:14.6282375Z Version: 20260823.283.1
reference-fleet/vac	UNKNOWN STEP	2026-08-31T11:49:14.6283579Z Included Software: https://github.com/actions/runner-images/blob/ubuntu24/20260823.283/images/ubuntu/Ubuntu2404-Readme.md
reference-fleet/vac	UNKNOWN STEP	2026-08-31T11:49:14.6285071Z Image Release: https://github.com/actions/runner-images/releases/tag/ubuntu24%2F20260823.283
reference-fleet/vac	UNKNOWN STEP	2026-08-31T11:49:14.6286088Z ##[endgroup]
reference-fleet/vac	UNKNOWN STEP	2026-08-31T11:49:14.6287121Z ##[group]GITHUB_TOKEN Permissions
reference-fleet/vac	UNKNOWN STEP	2026-08-31T11:49:14.6289440Z Contents: read
reference-fleet/vac	UNKNOWN STEP	2026-08-31T11:49:14.6290066Z Metadata: read
reference-fleet/vac	UNKNOWN STEP	2026-08-31T11:49:14.6290667Z ##[endgroup]
reference-fleet/vac	UNKNOWN STEP	2026-08-31T11:49:14.6292882Z Secret source: Actions
reference-fleet/vac	UNKNOWN STEP	2026-08-31T11:49:14.6294201Z Prepare workflow directory
reference-fleet/vac	UNKNOWN STEP	2026-08-31T11:49:14.6610297Z Prepare all required actions
reference-fleet/vac	UNKNOWN STEP	2026-08-31T11:49:14.6653647Z Getting action download info
reference-fleet/vac	UNKNOWN STEP	2026-08-31T11:49:14.9011436Z Download action repository 'actions/checkout@v4' (SHA:11d5960a326750d5838078e36cf38b85af677262)
reference-fleet/vac	UNKNOWN STEP	2026-08-31T11:49:15.0157591Z Download action repository 'actions/setup-python@v5' (SHA:a26af69be951a213d495a4c3e4e4022e16d87065)
reference-fleet/vac	UNKNOWN STEP	2026-08-31T11:49:15.0881835Z Download action repository 'actions/setup-node@v4' (SHA:49933ea5288caeca8642d1e84afbd3f7d6820020)
reference-fleet/vac	UNKNOWN STEP	2026-08-31T11:49:15.2742029Z Complete job name: reference-fleet/vac
reference-fleet/vac	UNKNOWN STEP	2026-08-31T11:49:15.3466923Z Node 20 is being deprecated. This workflow is running with Node 24 by default. If you need to temporarily use Node 20, you can set the ACTIONS_ALLOW_USE_UNSECURE_NODE_VERSION=true environment variable. For more information see: https://github.blog/changelog/2025-09-19-deprecation-of-node-20-on-github-actions-runners/
reference-fleet/vac	UNKNOWN STEP	2026-08-31T11:49:15.3475284Z ##[group]Run actions/checkout@v4
reference-fleet/vac	UNKNOWN STEP	2026-08-31T11:49:15.3475987Z with:
reference-fleet/vac	UNKNOWN STEP	2026-08-31T11:49:15.3476436Z   repository: egnaro9/vac-protocol
reference-fleet/vac	UNKNOWN STEP	2026-08-31T11:49:15.3480065Z   token: ***
reference-fleet/vac	UNKNOWN STEP	2026-08-31T11:49:15.3480481Z   ssh-strict: true
reference-fleet/vac	UNKNOWN STEP	2026-08-31T11:49:15.3480903Z   ssh-user: git
reference-fleet/vac	UNKNOWN STEP	2026-08-31T11:49:15.3481758Z   persist-credentials: true
reference-fleet/vac	UNKNOWN STEP	2026-08-31T11:49:15.3482254Z   clean: true
reference-fleet/vac	UNKNOWN STEP	2026-08-31T11:49:15.3482697Z   sparse-checkout-cone-mode: true
reference-fleet/vac	UNKNOWN STEP	2026-08-31T11:49:15.3483206Z   fetch-depth: 1
reference-fleet/vac	UNKNOWN STEP	2026-08-31T11:49:15.3483626Z   fetch-tags: false
reference-fleet/vac	UNKNOWN STEP	2026-08-31T11:49:15.3484049Z   show-progress: true
reference-fleet/vac	UNKNOWN STEP	2026-08-31T11:49:15.3484490Z   lfs: false
reference-fleet/vac	UNKNOWN STEP	2026-08-31T11:49:15.3484941Z   submodules: false
reference-fleet/vac	UNKNOWN STEP	2026-08-31T11:49:15.3485384Z   set-safe-directory: true
reference-fleet/vac	UNKNOWN STEP	2026-08-31T11:49:15.3485878Z   allow-unsafe-pr-checkout: false
reference-fleet/vac	UNKNOWN STEP	2026-08-31T11:49:15.3486678Z ##[endgroup]
reference-fleet/vac	UNKNOWN STEP	2026-08-31T11:49:15.4438043Z Syncing repository: egnaro9/vac-protocol
reference-fleet/vac	UNKNOWN STEP	2026-08-31T11:49:15.4440678Z ##[group]Getting Git version info
reference-fleet/vac	UNKNOWN STEP	2026-08-31T11:49:15.4442169Z Working directory is '/home/runner/work/vac-protocol/vac-protocol'
reference-fleet/vac	UNKNOWN STEP	2026-08-31T11:49:15.4443804Z [command]/usr/bin/git version
reference-fleet/vac	UNKNOWN STEP	2026-08-31T11:49:15.4528392Z git version 2.55.0
reference-fleet/vac	UNKNOWN STEP	2026-08-31T11:49:15.4551263Z ##[endgroup]
reference-fleet/vac	UNKNOWN STEP	2026-08-31T11:49:15.4572698Z Temporarily overriding HOME='/home/runner/work/_temp/0724afbb-98b3-414c-bdaa-e7d5312705d9' before making global git config changes
reference-fleet/vac	UNKNOWN STEP	2026-08-31T11:49:15.4581488Z Adding repository directory to the temporary git global config as a safe directory
reference-fleet/vac	UNKNOWN STEP	2026-08-31T11:49:15.4583510Z [command]/usr/bin/git config --global --add safe.directory /home/runner/work/vac-protocol/vac-protocol
reference-fleet/vac	UNKNOWN STEP	2026-08-31T11:49:15.4622291Z Deleting the contents of '/home/runner/work/vac-protocol/vac-protocol'
reference-fleet/vac	UNKNOWN STEP	2026-08-31T11:49:15.4626178Z ##[group]Initializing the repository
reference-fleet/vac	UNKNOWN STEP	2026-08-31T11:49:15.4630867Z [command]/usr/bin/git init /home/runner/work/vac-protocol/vac-protocol
reference-fleet/vac	UNKNOWN STEP	2026-08-31T11:49:15.4723729Z hint: Using 'master' as the name for the initial branch. This default branch name
reference-fleet/vac	UNKNOWN STEP	2026-08-31T11:49:15.4725426Z hint: will change to "main" in Git 3.0. To configure the initial branch name
reference-fleet/vac	UNKNOWN STEP	2026-08-31T11:49:15.4732381Z hint: to use in all of your new repositories, which will suppress this warning,
reference-fleet/vac	UNKNOWN STEP	2026-08-31T11:49:15.4734427Z hint: call:
reference-fleet/vac	UNKNOWN STEP	2026-08-31T11:49:15.4735148Z hint:
reference-fleet/vac	UNKNOWN STEP	2026-08-31T11:49:15.4735969Z hint: 	git config --global init.defaultBranch <name>
reference-fleet/vac	UNKNOWN STEP	2026-08-31T11:49:15.4737035Z hint:
reference-fleet/vac	UNKNOWN STEP	2026-08-31T11:49:15.4738284Z hint: Names commonly chosen instead of 'master' are 'main', 'trunk' and
reference-fleet/vac	UNKNOWN STEP	2026-08-31T11:49:15.4739839Z hint: 'development'. The just-created branch can be renamed via this command:
reference-fleet/vac	UNKNOWN STEP	2026-08-31T11:49:15.4741300Z hint:
reference-fleet/vac	UNKNOWN STEP	2026-08-31T11:49:15.4742037Z hint: 	git branch -m <name>
reference-fleet/vac	UNKNOWN STEP	2026-08-31T11:49:15.4742820Z hint:
reference-fleet/vac	UNKNOWN STEP	2026-08-31T11:49:15.4744131Z hint: Disable this message with "git config set advice.defaultBranchName false"
reference-fleet/vac	UNKNOWN STEP	2026-08-31T11:49:15.4746678Z Initialized empty Git repository in /home/runner/work/vac-protocol/vac-protocol/.git/
reference-fleet/vac	UNKNOWN STEP	2026-08-31T11:49:15.4749497Z [command]/usr/bin/git remote add origin https://github.com/egnaro9/vac-protocol
reference-fleet/vac	UNKNOWN STEP	2026-08-31T11:49:15.4784015Z ##[endgroup]
reference-fleet/vac	UNKNOWN STEP	2026-08-31T11:49:15.4785263Z ##[group]Disabling automatic garbage collection
reference-fleet/vac	UNKNOWN STEP	2026-08-31T11:49:15.4787864Z [command]/usr/bin/git config --local gc.auto 0
reference-fleet/vac	UNKNOWN STEP	2026-08-31T11:49:15.4818535Z ##[endgroup]
reference-fleet/vac	UNKNOWN STEP	2026-08-31T11:49:15.4819703Z ##[group]Setting up auth
reference-fleet/vac	UNKNOWN STEP	2026-08-31T11:49:15.4851072Z [command]/usr/bin/git config --local --name-only --get-regexp core\.sshCommand
reference-fleet/vac	UNKNOWN STEP	2026-08-31T11:49:15.4867769Z [command]/usr/bin/git submodule foreach --recursive sh -c "git config --local --name-only --get-regexp 'core\.sshCommand' && git config --local --unset-all 'core.sshCommand' || :"
reference-fleet/vac	UNKNOWN STEP	2026-08-31T11:49:15.5179461Z [command]/usr/bin/git config --local --name-only --get-regexp http\.https\:\/\/github\.com\/\.extraheader
reference-fleet/vac	UNKNOWN STEP	2026-08-31T11:49:15.5216780Z [command]/usr/bin/git submodule foreach --recursive sh -c "git config --local --name-only --get-regexp 'http\.https\:\/\/github\.com\/\.extraheader' && git config --local --unset-all 'http.https://github.com/.extraheader' || :"
reference-fleet/vac	UNKNOWN STEP	2026-08-31T11:49:15.5445221Z [command]/usr/bin/git config --local --name-only --get-regexp ^includeIf\.gitdir:
reference-fleet/vac	UNKNOWN STEP	2026-08-31T11:49:15.5477770Z [command]/usr/bin/git submodule foreach --recursive git config --local --show-origin --name-only --get-regexp remote.origin.url
reference-fleet/vac	UNKNOWN STEP	2026-08-31T11:49:15.5715797Z [command]/usr/bin/git config --local http.https://github.com/.extraheader AUTHORIZATION: basic ***
reference-fleet/vac	UNKNOWN STEP	2026-08-31T11:49:15.5753121Z ##[endgroup]
reference-fleet/vac	UNKNOWN STEP	2026-08-31T11:49:15.5753921Z ##[group]Fetching the repository
reference-fleet/vac	UNKNOWN STEP	2026-08-31T11:49:15.5762533Z [command]/usr/bin/git -c protocol.version=2 fetch --no-tags --prune --no-recurse-submodules --depth=1 origin +6a05245337cbbcebf1e06180e798ad568848ad2e:refs/remotes/origin/main
reference-fleet/vac	UNKNOWN STEP	2026-08-31T11:49:16.0224477Z From https://github.com/egnaro9/vac-protocol
reference-fleet/vac	UNKNOWN STEP	2026-08-31T11:49:16.0225856Z  * [new ref]         6a05245337cbbcebf1e06180e798ad568848ad2e -> origin/main
reference-fleet/vac	UNKNOWN STEP	2026-08-31T11:49:16.0230935Z ##[endgroup]
reference-fleet/vac	UNKNOWN STEP	2026-08-31T11:49:16.0233137Z ##[group]Determining the checkout info
reference-fleet/vac	UNKNOWN STEP	2026-08-31T11:49:16.0235092Z ##[endgroup]
reference-fleet/vac	UNKNOWN STEP	2026-08-31T11:49:16.0240789Z [command]/usr/bin/git sparse-checkout disable
reference-fleet/vac	UNKNOWN STEP	2026-08-31T11:49:16.0288019Z [command]/usr/bin/git config --local --unset-all extensions.worktreeConfig
reference-fleet/vac	UNKNOWN STEP	2026-08-31T11:49:16.0322224Z ##[group]Checking out the ref
reference-fleet/vac	UNKNOWN STEP	2026-08-31T11:49:16.0323267Z [command]/usr/bin/git checkout --progress --force -B main refs/remotes/origin/main
reference-fleet/vac	UNKNOWN STEP	2026-08-31T11:49:16.0589079Z Switched to a new branch 'main'
reference-fleet/vac	UNKNOWN STEP	2026-08-31T11:49:16.0594765Z branch 'main' set up to track 'origin/main'.
reference-fleet/vac	UNKNOWN STEP	2026-08-31T11:49:16.0600749Z ##[endgroup]
reference-fleet/vac	UNKNOWN STEP	2026-08-31T11:49:16.0647351Z [command]/usr/bin/git log -1 --format=%H
reference-fleet/vac	UNKNOWN STEP	2026-08-31T11:49:16.0674082Z 6a05245337cbbcebf1e06180e798ad568848ad2e
reference-fleet/vac	UNKNOWN STEP	2026-08-31T11:49:16.1029054Z Node 20 is being deprecated. This workflow is running with Node 24 by default. If you need to temporarily use Node 20, you can set the ACTIONS_ALLOW_USE_UNSECURE_NODE_VERSION=true environment variable. For more information see: https://github.blog/changelog/2025-09-19-deprecation-of-node-20-on-github-actions-runners/
reference-fleet/vac	UNKNOWN STEP	2026-08-31T11:49:16.1031911Z ##[group]Run actions/setup-python@v5
reference-fleet/vac	UNKNOWN STEP	2026-08-31T11:49:16.1032486Z with:
reference-fleet/vac	UNKNOWN STEP	2026-08-31T11:49:16.1032922Z   python-version: 3.12
reference-fleet/vac	UNKNOWN STEP	2026-08-31T11:49:16.1033424Z   check-latest: false
reference-fleet/vac	UNKNOWN STEP	2026-08-31T11:49:16.1037299Z   token: ***
reference-fleet/vac	UNKNOWN STEP	2026-08-31T11:49:16.1037781Z   update-environment: true
reference-fleet/vac	UNKNOWN STEP	2026-08-31T11:49:16.1038315Z   allow-prereleases: false
reference-fleet/vac	UNKNOWN STEP	2026-08-31T11:49:16.1038830Z   freethreaded: false
reference-fleet/vac	UNKNOWN STEP	2026-08-31T11:49:16.1039309Z ##[endgroup]
reference-fleet/vac	UNKNOWN STEP	2026-08-31T11:49:16.2284676Z ##[group]Installed versions
reference-fleet/vac	UNKNOWN STEP	2026-08-31T11:49:16.2364309Z (node:2246) [DEP0040] DeprecationWarning: The `punycode` module is deprecated. Please use a userland alternative instead.
reference-fleet/vac	UNKNOWN STEP	2026-08-31T11:49:16.2366409Z (Use `node --trace-deprecation ...` to show where the warning was created)
reference-fleet/vac	UNKNOWN STEP	2026-08-31T11:49:16.2367660Z Successfully set up CPython (3.12.14)
reference-fleet/vac	UNKNOWN STEP	2026-08-31T11:49:16.2369052Z ##[endgroup]
reference-fleet/vac	UNKNOWN STEP	2026-08-31T11:49:16.2609787Z Node 20 is being deprecated. This workflow is running with Node 24 by default. If you need to temporarily use Node 20, you can set the ACTIONS_ALLOW_USE_UNSECURE_NODE_VERSION=true environment variable. For more information see: https://github.blog/changelog/2025-09-19-deprecation-of-node-20-on-github-actions-runners/
reference-fleet/vac	UNKNOWN STEP	2026-08-31T11:49:16.2613631Z ##[group]Run actions/setup-node@v4
reference-fleet/vac	UNKNOWN STEP	2026-08-31T11:49:16.2614507Z with:
reference-fleet/vac	UNKNOWN STEP	2026-08-31T11:49:16.2615132Z   node-version: 22
reference-fleet/vac	UNKNOWN STEP	2026-08-31T11:49:16.2615951Z   always-auth: false
reference-fleet/vac	UNKNOWN STEP	2026-08-31T11:49:16.2617315Z   check-latest: false
reference-fleet/vac	UNKNOWN STEP	2026-08-31T11:49:16.2625480Z   token: ***
reference-fleet/vac	UNKNOWN STEP	2026-08-31T11:49:16.2626189Z env:
reference-fleet/vac	UNKNOWN STEP	2026-08-31T11:49:16.2626887Z   pythonLocation: /opt/hostedtoolcache/Python/3.12.14/x64
reference-fleet/vac	UNKNOWN STEP	2026-08-31T11:49:16.2627736Z   PKG_CONFIG_PATH: /opt/hostedtoolcache/Python/3.12.14/x64/lib/pkgconfig
reference-fleet/vac	UNKNOWN STEP	2026-08-31T11:49:16.2628875Z   Python_ROOT_DIR: /opt/hostedtoolcache/Python/3.12.14/x64
reference-fleet/vac	UNKNOWN STEP	2026-08-31T11:49:16.2629664Z   Python2_ROOT_DIR: /opt/hostedtoolcache/Python/3.12.14/x64
reference-fleet/vac	UNKNOWN STEP	2026-08-31T11:49:16.2630684Z   Python3_ROOT_DIR: /opt/hostedtoolcache/Python/3.12.14/x64
reference-fleet/vac	UNKNOWN STEP	2026-08-31T11:49:16.2631725Z   LD_LIBRARY_PATH: /opt/hostedtoolcache/Python/3.12.14/x64/lib
reference-fleet/vac	UNKNOWN STEP	2026-08-31T11:49:16.2632495Z ##[endgroup]
reference-fleet/vac	UNKNOWN STEP	2026-08-31T11:49:16.3963343Z Found in cache @ /opt/hostedtoolcache/node/22.23.2/x64
reference-fleet/vac	UNKNOWN STEP	2026-08-31T11:49:16.3967756Z (node:2254) [DEP0040] DeprecationWarning: The `punycode` module is deprecated. Please use a userland alternative instead.
reference-fleet/vac	UNKNOWN STEP	2026-08-31T11:49:16.3970562Z (Use `node --trace-deprecation ...` to show where the warning was created)
reference-fleet/vac	UNKNOWN STEP	2026-08-31T11:49:16.3973256Z ##[group]Environment details
reference-fleet/vac	UNKNOWN STEP	2026-08-31T11:49:16.7139187Z node: v22.23.2
reference-fleet/vac	UNKNOWN STEP	2026-08-31T11:49:16.7140225Z npm: 10.9.8
reference-fleet/vac	UNKNOWN STEP	2026-08-31T11:49:16.7140921Z yarn: 1.22.22
reference-fleet/vac	UNKNOWN STEP	2026-08-31T11:49:16.7143226Z ##[endgroup]
reference-fleet/vac	UNKNOWN STEP	2026-08-31T11:49:16.7296475Z ##[group]Run pip install -e .
reference-fleet/vac	UNKNOWN STEP	2026-08-31T11:49:16.7297850Z ^[[36;1mpip install -e .^[[0m
reference-fleet/vac	UNKNOWN STEP	2026-08-31T11:49:16.7346676Z shell: /usr/bin/bash -e {0}
reference-fleet/vac	UNKNOWN STEP	2026-08-31T11:49:16.7347781Z env:
reference-fleet/vac	UNKNOWN STEP	2026-08-31T11:49:16.7348907Z   pythonLocation: /opt/hostedtoolcache/Python/3.12.14/x64
reference-fleet/vac	UNKNOWN STEP	2026-08-31T11:49:16.7350816Z   PKG_CONFIG_PATH: /opt/hostedtoolcache/Python/3.12.14/x64/lib/pkgconfig
reference-fleet/vac	UNKNOWN STEP	2026-08-31T11:49:16.7353104Z   Python_ROOT_DIR: /opt/hostedtoolcache/Python/3.12.14/x64
reference-fleet/vac	UNKNOWN STEP	2026-08-31T11:49:16.7354831Z   Python2_ROOT_DIR: /opt/hostedtoolcache/Python/3.12.14/x64
reference-fleet/vac	UNKNOWN STEP	2026-08-31T11:49:16.7356567Z   Python3_ROOT_DIR: /opt/hostedtoolcache/Python/3.12.14/x64
reference-fleet/vac	UNKNOWN STEP	2026-08-31T11:49:16.7358304Z   LD_LIBRARY_PATH: /opt/hostedtoolcache/Python/3.12.14/x64/lib
reference-fleet/vac	UNKNOWN STEP	2026-08-31T11:49:16.7359776Z ##[endgroup]
reference-fleet/vac	UNKNOWN STEP	2026-08-31T11:49:17.3606869Z Obtaining file:///home/runner/work/vac-protocol/vac-protocol
reference-fleet/vac	UNKNOWN STEP	2026-08-31T11:49:17.3616432Z   Installing build dependencies: started
reference-fleet/vac	UNKNOWN STEP	2026-08-31T11:49:18.0249065Z   Installing build dependencies: finished with status 'done'
reference-fleet/vac	UNKNOWN STEP	2026-08-31T11:49:18.0253390Z   Checking if build backend supports build_editable: started
reference-fleet/vac	UNKNOWN STEP	2026-08-31T11:49:18.3187039Z   Checking if build backend supports build_editable: finished with status 'done'
reference-fleet/vac	UNKNOWN STEP	2026-08-31T11:49:18.3194434Z   Getting requirements to build editable: started
reference-fleet/vac	UNKNOWN STEP	2026-08-31T11:49:18.6346358Z   Getting requirements to build editable: finished with status 'done'
reference-fleet/vac	UNKNOWN STEP	2026-08-31T11:49:18.6355262Z   Preparing editable metadata (pyproject.toml): started
reference-fleet/vac	UNKNOWN STEP	2026-08-31T11:49:18.8134380Z   Preparing editable metadata (pyproject.toml): finished with status 'done'
reference-fleet/vac	UNKNOWN STEP	2026-08-31T11:49:18.8188367Z Building wheels for collected packages: vac-protocol
reference-fleet/vac	UNKNOWN STEP	2026-08-31T11:49:18.8198519Z   Building editable for vac-protocol (pyproject.toml): started
reference-fleet/vac	UNKNOWN STEP	2026-08-31T11:49:19.0162794Z   Building editable for vac-protocol (pyproject.toml): finished with status 'done'
reference-fleet/vac	UNKNOWN STEP	2026-08-31T11:49:19.0171263Z   Created wheel for vac-protocol: filename=vac_protocol-0.1.0-0.editable-py3-none-any.whl size=8850 sha256=383f22eac25a345ab45333364c3bd3471c6ab837638e77af2dfd664a7e215560
reference-fleet/vac	UNKNOWN STEP	2026-08-31T11:49:19.0173995Z   Stored in directory: /tmp/pip-ephem-wheel-cache-kix9im5q/wheels/31/93/c0/4effb33ea68d4321a176d9cb097b94ea8b1be9d534ea861dec
reference-fleet/vac	UNKNOWN STEP	2026-08-31T11:49:19.0209739Z Successfully built vac-protocol
reference-fleet/vac	UNKNOWN STEP	2026-08-31T11:49:19.0364567Z Installing collected packages: vac-protocol
reference-fleet/vac	UNKNOWN STEP	2026-08-31T11:49:19.0449619Z Successfully installed vac-protocol-0.1.0
reference-fleet/vac	UNKNOWN STEP	2026-08-31T11:49:19.0972103Z ##[group]Run python -m vac.registry --fetch-bundle "reference-fleet/vac" --dest bundle
reference-fleet/vac	UNKNOWN STEP	2026-08-31T11:49:19.0972737Z ^[[36;1mpython -m vac.registry --fetch-bundle "reference-fleet/vac" --dest bundle^[[0m
reference-fleet/vac	UNKNOWN STEP	2026-08-31T11:49:19.1012761Z shell: /usr/bin/bash -e {0}
reference-fleet/vac	UNKNOWN STEP	2026-08-31T11:49:19.1013026Z env:
reference-fleet/vac	UNKNOWN STEP	2026-08-31T11:49:19.1013299Z   pythonLocation: /opt/hostedtoolcache/Python/3.12.14/x64
reference-fleet/vac	UNKNOWN STEP	2026-08-31T11:49:19.1013761Z   PKG_CONFIG_PATH: /opt/hostedtoolcache/Python/3.12.14/x64/lib/pkgconfig
reference-fleet/vac	UNKNOWN STEP	2026-08-31T11:49:19.1014228Z   Python_ROOT_DIR: /opt/hostedtoolcache/Python/3.12.14/x64
reference-fleet/vac	UNKNOWN STEP	2026-08-31T11:49:19.1014626Z   Python2_ROOT_DIR: /opt/hostedtoolcache/Python/3.12.14/x64
reference-fleet/vac	UNKNOWN STEP	2026-08-31T11:49:19.1015034Z   Python3_ROOT_DIR: /opt/hostedtoolcache/Python/3.12.14/x64
reference-fleet/vac	UNKNOWN STEP	2026-08-31T11:49:19.1015421Z   LD_LIBRARY_PATH: /opt/hostedtoolcache/Python/3.12.14/x64/lib
reference-fleet/vac	UNKNOWN STEP	2026-08-31T11:49:19.1015743Z ##[endgroup]
reference-fleet/vac	UNKNOWN STEP	2026-08-31T11:49:20.1177094Z fetched reference-fleet/vac into bundle: every artifact sha256-verified against the registry
reference-fleet/vac	UNKNOWN STEP	2026-08-31T11:49:20.1307647Z ##[group]Run python -m vac.verify bundle
reference-fleet/vac	UNKNOWN STEP	2026-08-31T11:49:20.1307995Z ^[[36;1mpython -m vac.verify bundle^[[0m
reference-fleet/vac	UNKNOWN STEP	2026-08-31T11:49:20.1343272Z shell: /usr/bin/bash -e {0}
reference-fleet/vac	UNKNOWN STEP	2026-08-31T11:49:20.1343544Z env:
reference-fleet/vac	UNKNOWN STEP	2026-08-31T11:49:20.1343798Z   pythonLocation: /opt/hostedtoolcache/Python/3.12.14/x64
reference-fleet/vac	UNKNOWN STEP	2026-08-31T11:49:20.1344215Z   PKG_CONFIG_PATH: /opt/hostedtoolcache/Python/3.12.14/x64/lib/pkgconfig
reference-fleet/vac	UNKNOWN STEP	2026-08-31T11:49:20.1344632Z   Python_ROOT_DIR: /opt/hostedtoolcache/Python/3.12.14/x64
reference-fleet/vac	UNKNOWN STEP	2026-08-31T11:49:20.1344994Z   Python2_ROOT_DIR: /opt/hostedtoolcache/Python/3.12.14/x64
reference-fleet/vac	UNKNOWN STEP	2026-08-31T11:49:20.1345395Z   Python3_ROOT_DIR: /opt/hostedtoolcache/Python/3.12.14/x64
reference-fleet/vac	UNKNOWN STEP	2026-08-31T11:49:20.1345756Z   LD_LIBRARY_PATH: /opt/hostedtoolcache/Python/3.12.14/x64/lib
reference-fleet/vac	UNKNOWN STEP	2026-08-31T11:49:20.1346077Z ##[endgroup]
reference-fleet/vac	UNKNOWN STEP	2026-08-31T11:49:20.1841637Z structural verification: PASS (bundle)
reference-fleet/vac	UNKNOWN STEP	2026-08-31T11:49:20.1842895Z   proved offline: manifest schema, artifact presence + sha256, bundle closure,
reference-fleet/vac	UNKNOWN STEP	2026-08-31T11:49:20.1844226Z   stated limitations, stamp agreement, declared results recomputed from artifacts.
reference-fleet/vac	UNKNOWN STEP	2026-08-31T11:49:20.1845648Z semantic replay: NOT run by this tool. A structural PASS means the bundle is
reference-fleet/vac	UNKNOWN STEP	2026-08-31T11:49:20.1846849Z   internally honest, not that the issuer's grader agrees. To re-earn the
reference-fleet/vac	UNKNOWN STEP	2026-08-31T11:49:20.1848004Z   verdicts, run the bundle's replay block at the pinned issuer_commit:
reference-fleet/vac	UNKNOWN STEP	2026-08-31T11:49:20.1849028Z     $ git clone https://github.com/egnaro9/reference-fleet
reference-fleet/vac	UNKNOWN STEP	2026-08-31T11:49:20.1849615Z     $ git -C reference-fleet checkout 3894bc9
reference-fleet/vac	UNKNOWN STEP	2026-08-31T11:49:20.1850070Z     $ pip install -e "./reference-fleet[audit]"
reference-fleet/vac	UNKNOWN STEP	2026-08-31T11:49:20.1850824Z     $ ( cd reference-fleet && python audit/run_audit.py )
reference-fleet/vac	UNKNOWN STEP	2026-08-31T11:49:20.1853998Z     $ cmp reference-fleet/board/vac/gradecore_diligent.json gradecore_diligent.json && cmp reference-fleet/board/vac/gradecore_diligent.jsonl gradecore_diligent.jsonl && cmp reference-fleet/board/vac/naive_contains.json naive_contains.json && cmp reference-fleet/board/vac/naive_contains.jsonl naive_contains.jsonl && cmp reference-fleet/board/vac/promptfoo_docs_style_asserts.json promptfoo_docs_style_asserts.json && cmp reference-fleet/board/vac/promptfoo_docs_style_asserts.jsonl promptfoo_docs_style_asserts.jsonl && cmp reference-fleet/board/vac/vac.json vac.json
reference-fleet/vac	UNKNOWN STEP	2026-08-31T11:49:20.1856832Z     expected: every command exits 0 and cmp stays silent: the audit at the stamped commit re-emits every per-suite aggregate, its raw stream, and vac.json byte-identical to this bundle (commands run from the bundle directory)
reference-fleet/vac	UNKNOWN STEP	2026-08-31T11:49:20.1919380Z ##[group]Run jq -r '.replay.commands[]' bundle/vac.json > replay.sh
reference-fleet/vac	UNKNOWN STEP	2026-08-31T11:49:20.1919909Z ^[[36;1mjq -r '.replay.commands[]' bundle/vac.json > replay.sh^[[0m
reference-fleet/vac	UNKNOWN STEP	2026-08-31T11:49:20.1920363Z ^[[36;1mecho "--- replay block (sha256-pinned via the registry) ---"^[[0m
reference-fleet/vac	UNKNOWN STEP	2026-08-31T11:49:20.1920741Z ^[[36;1mcat replay.sh^[[0m
reference-fleet/vac	UNKNOWN STEP	2026-08-31T11:49:20.1921337Z ^[[36;1mecho "--- expected: $(jq -r '.replay.expected' bundle/vac.json)"^[[0m
reference-fleet/vac	UNKNOWN STEP	2026-08-31T11:49:20.1921749Z ^[[36;1mcd bundle^[[0m
reference-fleet/vac	UNKNOWN STEP	2026-08-31T11:49:20.1922072Z ^[[36;1mbash -euxo pipefail ../replay.sh 2>&1 | tee ../transcript.txt^[[0m
reference-fleet/vac	UNKNOWN STEP	2026-08-31T11:49:20.1959246Z shell: /usr/bin/bash --noprofile --norc -e -o pipefail {0}
reference-fleet/vac	UNKNOWN STEP	2026-08-31T11:49:20.1959610Z env:
reference-fleet/vac	UNKNOWN STEP	2026-08-31T11:49:20.1959890Z   pythonLocation: /opt/hostedtoolcache/Python/3.12.14/x64
reference-fleet/vac	UNKNOWN STEP	2026-08-31T11:49:20.1960339Z   PKG_CONFIG_PATH: /opt/hostedtoolcache/Python/3.12.14/x64/lib/pkgconfig
reference-fleet/vac	UNKNOWN STEP	2026-08-31T11:49:20.1960796Z   Python_ROOT_DIR: /opt/hostedtoolcache/Python/3.12.14/x64
reference-fleet/vac	UNKNOWN STEP	2026-08-31T11:49:20.1961449Z   Python2_ROOT_DIR: /opt/hostedtoolcache/Python/3.12.14/x64
reference-fleet/vac	UNKNOWN STEP	2026-08-31T11:49:20.1961863Z   Python3_ROOT_DIR: /opt/hostedtoolcache/Python/3.12.14/x64
reference-fleet/vac	UNKNOWN STEP	2026-08-31T11:49:20.1962258Z   LD_LIBRARY_PATH: /opt/hostedtoolcache/Python/3.12.14/x64/lib
reference-fleet/vac	UNKNOWN STEP	2026-08-31T11:49:20.1962595Z ##[endgroup]
reference-fleet/vac	UNKNOWN STEP	2026-08-31T11:49:20.2046231Z --- replay block (sha256-pinned via the registry) ---
reference-fleet/vac	UNKNOWN STEP	2026-08-31T11:49:20.2055902Z git clone https://github.com/egnaro9/reference-fleet
reference-fleet/vac	UNKNOWN STEP	2026-08-31T11:49:20.2056538Z git -C reference-fleet checkout 3894bc9
reference-fleet/vac	UNKNOWN STEP	2026-08-31T11:49:20.2056943Z pip install -e "./reference-fleet[audit]"
reference-fleet/vac	UNKNOWN STEP	2026-08-31T11:49:20.2057358Z ( cd reference-fleet && python audit/run_audit.py )
reference-fleet/vac	UNKNOWN STEP	2026-08-31T11:49:20.2060077Z cmp reference-fleet/board/vac/gradecore_diligent.json gradecore_diligent.json && cmp reference-fleet/board/vac/gradecore_diligent.jsonl gradecore_diligent.jsonl && cmp reference-fleet/board/vac/naive_contains.json naive_contains.json && cmp reference-fleet/board/vac/naive_contains.jsonl naive_contains.jsonl && cmp reference-fleet/board/vac/promptfoo_docs_style_asserts.json promptfoo_docs_style_asserts.json && cmp reference-fleet/board/vac/promptfoo_docs_style_asserts.jsonl promptfoo_docs_style_asserts.jsonl && cmp reference-fleet/board/vac/vac.json vac.json
reference-fleet/vac	UNKNOWN STEP	2026-08-31T11:49:20.2085786Z --- expected: every command exits 0 and cmp stays silent: the audit at the stamped commit re-emits every per-suite aggregate, its raw stream, and vac.json byte-identical to this bundle (commands run from the bundle directory)
reference-fleet/vac	UNKNOWN STEP	2026-08-31T11:49:20.2100213Z + git clone https://github.com/egnaro9/reference-fleet
reference-fleet/vac	UNKNOWN STEP	2026-08-31T11:49:20.2112257Z Cloning into 'reference-fleet'...
reference-fleet/vac	UNKNOWN STEP	2026-08-31T11:49:21.0930923Z + git -C reference-fleet checkout 3894bc9
reference-fleet/vac	UNKNOWN STEP	2026-08-31T11:49:21.1290792Z Note: switching to '3894bc9'.
reference-fleet/vac	UNKNOWN STEP	2026-08-31T11:49:21.1291450Z 
reference-fleet/vac	UNKNOWN STEP	2026-08-31T11:49:21.1292043Z You are in 'detached HEAD' state. You can look around, make experimental
reference-fleet/vac	UNKNOWN STEP	2026-08-31T11:49:21.1293163Z changes and commit them, and you can discard any commits you make in this
reference-fleet/vac	UNKNOWN STEP	2026-08-31T11:49:21.1294272Z state without impacting any branches by switching back to a branch.
reference-fleet/vac	UNKNOWN STEP	2026-08-31T11:49:21.1295262Z 
reference-fleet/vac	UNKNOWN STEP	2026-08-31T11:49:21.1295811Z If you want to create a new branch to retain commits you create, you may
reference-fleet/vac	UNKNOWN STEP	2026-08-31T11:49:21.1296860Z do so (now or later) by using -c with the switch command. Example:
reference-fleet/vac	UNKNOWN STEP	2026-08-31T11:49:21.1297380Z 
reference-fleet/vac	UNKNOWN STEP	2026-08-31T11:49:21.1297639Z   git switch -c <new-branch-name>
reference-fleet/vac	UNKNOWN STEP	2026-08-31T11:49:21.1297991Z 
reference-fleet/vac	UNKNOWN STEP	2026-08-31T11:49:21.1298232Z Or undo this operation with:
reference-fleet/vac	UNKNOWN STEP	2026-08-31T11:49:21.1298560Z 
reference-fleet/vac	UNKNOWN STEP	2026-08-31T11:49:21.1298745Z   git switch -
reference-fleet/vac	UNKNOWN STEP	2026-08-31T11:49:21.1298985Z 
reference-fleet/vac	UNKNOWN STEP	2026-08-31T11:49:21.1299562Z Turn off this advice by setting config variable advice.detachedHead to false
reference-fleet/vac	UNKNOWN STEP	2026-08-31T11:49:21.1300162Z 
reference-fleet/vac	UNKNOWN STEP	2026-08-31T11:49:21.1300787Z HEAD is now at 3894bc9 audit: one check per suite, publishing suite_* claims only
reference-fleet/vac	UNKNOWN STEP	2026-08-31T11:49:21.1302035Z + pip install -e './reference-fleet[audit]'
reference-fleet/vac	UNKNOWN STEP	2026-08-31T11:49:21.4233900Z Obtaining file:///home/runner/work/vac-protocol/vac-protocol/bundle/reference-fleet
reference-fleet/vac	UNKNOWN STEP	2026-08-31T11:49:21.4248350Z   Installing build dependencies: started
reference-fleet/vac	UNKNOWN STEP	2026-08-31T11:49:21.9041925Z   Installing build dependencies: finished with status 'done'
reference-fleet/vac	UNKNOWN STEP	2026-08-31T11:49:21.9048954Z   Checking if build backend supports build_editable: started
reference-fleet/vac	UNKNOWN STEP	2026-08-31T11:49:22.1632862Z   Checking if build backend supports build_editable: finished with status 'done'
reference-fleet/vac	UNKNOWN STEP	2026-08-31T11:49:22.1639548Z   Getting requirements to build editable: started
reference-fleet/vac	UNKNOWN STEP	2026-08-31T11:49:22.4683055Z   Getting requirements to build editable: finished with status 'done'
reference-fleet/vac	UNKNOWN STEP	2026-08-31T11:49:22.4692293Z   Preparing editable metadata (pyproject.toml): started
reference-fleet/vac	UNKNOWN STEP	2026-08-31T11:49:22.6430226Z   Preparing editable metadata (pyproject.toml): finished with status 'done'
reference-fleet/vac	UNKNOWN STEP	2026-08-31T11:49:22.7184667Z Collecting gradecore>=0.10 (from reference-fleet==0.0.1)
reference-fleet/vac	UNKNOWN STEP	2026-08-31T11:49:22.7627374Z   Downloading gradecore-0.10.2-py3-none-any.whl.metadata (4.2 kB)
reference-fleet/vac	UNKNOWN STEP	2026-08-31T11:49:22.8005136Z Collecting pytest (from reference-fleet==0.0.1)
reference-fleet/vac	UNKNOWN STEP	2026-08-31T11:49:22.8040721Z   Downloading pytest-9.1.1-py3-none-any.whl.metadata (7.6 kB)
reference-fleet/vac	UNKNOWN STEP	2026-08-31T11:49:22.8148584Z Collecting iniconfig>=1.0.1 (from pytest->reference-fleet==0.0.1)
reference-fleet/vac	UNKNOWN STEP	2026-08-31T11:49:22.8178579Z   Downloading iniconfig-2.3.0-py3-none-any.whl.metadata (2.5 kB)
reference-fleet/vac	UNKNOWN STEP	2026-08-31T11:49:22.8310340Z Collecting packaging>=22 (from pytest->reference-fleet==0.0.1)
reference-fleet/vac	UNKNOWN STEP	2026-08-31T11:49:22.8340962Z   Downloading packaging-26.3-py3-none-any.whl.metadata (3.5 kB)
reference-fleet/vac	UNKNOWN STEP	2026-08-31T11:49:22.8451167Z Collecting pluggy<2,>=1.5 (from pytest->reference-fleet==0.0.1)
reference-fleet/vac	UNKNOWN STEP	2026-08-31T11:49:22.8481099Z   Downloading pluggy-1.6.0-py3-none-any.whl.metadata (4.8 kB)
reference-fleet/vac	UNKNOWN STEP	2026-08-31T11:49:22.8645134Z Collecting pygments>=2.7.2 (from pytest->reference-fleet==0.0.1)
reference-fleet/vac	UNKNOWN STEP	2026-08-31T11:49:22.8675895Z   Downloading pygments-2.21.0-py3-none-any.whl.metadata (2.5 kB)
reference-fleet/vac	UNKNOWN STEP	2026-08-31T11:49:22.8764596Z Downloading gradecore-0.10.2-py3-none-any.whl (22 kB)
reference-fleet/vac	UNKNOWN STEP	2026-08-31T11:49:22.8827912Z Downloading pytest-9.1.1-py3-none-any.whl (386 kB)
reference-fleet/vac	UNKNOWN STEP	2026-08-31T11:49:22.8953336Z Downloading pluggy-1.6.0-py3-none-any.whl (20 kB)
reference-fleet/vac	UNKNOWN STEP	2026-08-31T11:49:22.9004812Z Downloading iniconfig-2.3.0-py3-none-any.whl (7.5 kB)
reference-fleet/vac	UNKNOWN STEP	2026-08-31T11:49:22.9051850Z Downloading packaging-26.3-py3-none-any.whl (129 kB)
reference-fleet/vac	UNKNOWN STEP	2026-08-31T11:49:22.9108595Z Downloading pygments-2.21.0-py3-none-any.whl (1.3 MB)
reference-fleet/vac	UNKNOWN STEP	2026-08-31T11:49:22.9249193Z    ━━━━━━━━━━━━━━━━━━━━━━━━━━━━━━━━━━━━━━━━ 1.3/1.3 MB 104.2 MB/s  0:00:00
reference-fleet/vac	UNKNOWN STEP	2026-08-31T11:49:22.9411802Z Building wheels for collected packages: reference-fleet
reference-fleet/vac	UNKNOWN STEP	2026-08-31T11:49:22.9419610Z   Building editable for reference-fleet (pyproject.toml): started
reference-fleet/vac	UNKNOWN STEP	2026-08-31T11:49:23.1362344Z   Building editable for reference-fleet (pyproject.toml): finished with status 'done'
reference-fleet/vac	UNKNOWN STEP	2026-08-31T11:49:23.1367597Z   Created wheel for reference-fleet: filename=reference_fleet-0.0.1-0.editable-py3-none-any.whl size=6809 sha256=fc07baa92276d9af24b16453810fe53434406d942e9dedf1595d51ca8dcbdc11
reference-fleet/vac	UNKNOWN STEP	2026-08-31T11:49:23.1369031Z   Stored in directory: /tmp/pip-ephem-wheel-cache-u4g1jyle/wheels/b1/81/4c/ebd55ccbf61fdc9cd6a7013c26035f95e5dbf4ebf9e72e7333
reference-fleet/vac	UNKNOWN STEP	2026-08-31T11:49:23.1385468Z Successfully built reference-fleet
reference-fleet/vac	UNKNOWN STEP	2026-08-31T11:49:23.1589120Z Installing collected packages: reference-fleet, pygments, pluggy, packaging, iniconfig, gradecore, pytest
reference-fleet/vac	UNKNOWN STEP	2026-08-31T11:49:24.2059692Z 
reference-fleet/vac	UNKNOWN STEP	2026-08-31T11:49:24.2072798Z Successfully installed gradecore-0.10.2 iniconfig-2.3.0 packaging-26.3 pluggy-1.6.0 pygments-2.21.0 pytest-9.1.1 reference-fleet-0.0.1
reference-fleet/vac	UNKNOWN STEP	2026-08-31T11:49:24.2570139Z + cd reference-fleet
reference-fleet/vac	UNKNOWN STEP	2026-08-31T11:49:24.2570552Z + python audit/run_audit.py
reference-fleet/vac	UNKNOWN STEP	2026-08-31T11:50:17.3809569Z Traceback (most recent call last):
reference-fleet/vac	UNKNOWN STEP	2026-08-31T11:50:17.3810732Z   File "/home/runner/work/vac-protocol/vac-protocol/bundle/reference-fleet/audit/run_audit.py", line 581, in <module>
reference-fleet/vac	UNKNOWN STEP	2026-08-31T11:50:17.3811953Z     emit_vac(result, raw)
reference-fleet/vac	UNKNOWN STEP	2026-08-31T11:50:17.3813005Z   File "/home/runner/work/vac-protocol/vac-protocol/bundle/reference-fleet/audit/run_audit.py", line 527, in emit_vac
reference-fleet/vac	UNKNOWN STEP	2026-08-31T11:50:17.3814553Z     raise RuntimeError(f"unexpected file in the closed bundle: {stale}")
reference-fleet/vac	UNKNOWN STEP	2026-08-31T11:50:17.3815928Z RuntimeError: unexpected file in the closed bundle: /home/runner/work/vac-protocol/vac-protocol/bundle/reference-fleet/board/vac/results.json
reference-fleet/vac	UNKNOWN STEP	2026-08-31T11:50:17.3944627Z ##[error]Process completed with exit code 1.
reference-fleet/vac	UNKNOWN STEP	2026-08-31T11:50:17.4100173Z Node 20 is being deprecated. This workflow is running with Node 24 by default. If you need to temporarily use Node 20, you can set the ACTIONS_ALLOW_USE_UNSECURE_NODE_VERSION=true environment variable. For more information see: https://github.blog/changelog/2025-09-19-deprecation-of-node-20-on-github-actions-runners/
reference-fleet/vac	UNKNOWN STEP	2026-08-31T11:50:17.4101675Z Post job cleanup.
reference-fleet/vac	UNKNOWN STEP	2026-08-31T11:50:17.4870335Z [command]/usr/bin/git version
reference-fleet/vac	UNKNOWN STEP	2026-08-31T11:50:17.4911868Z git version 2.55.0
reference-fleet/vac	UNKNOWN STEP	2026-08-31T11:50:17.4982102Z Temporarily overriding HOME='/home/runner/work/_temp/493a61be-88fc-4933-9ec1-e80242d957c5' before making global git config changes
reference-fleet/vac	UNKNOWN STEP	2026-08-31T11:50:17.4983737Z Adding repository directory to the temporary git global config as a safe directory
reference-fleet/vac	UNKNOWN STEP	2026-08-31T11:50:17.4988695Z [command]/usr/bin/git config --global --add safe.directory /home/runner/work/vac-protocol/vac-protocol
reference-fleet/vac	UNKNOWN STEP	2026-08-31T11:50:17.5024605Z [command]/usr/bin/git config --local --name-only --get-regexp core\.sshCommand
reference-fleet/vac	UNKNOWN STEP	2026-08-31T11:50:17.5074715Z [command]/usr/bin/git submodule foreach --recursive sh -c "git config --local --name-only --get-regexp 'core\.sshCommand' && git config --local --unset-all 'core.sshCommand' || :"
reference-fleet/vac	UNKNOWN STEP	2026-08-31T11:50:17.5301740Z [command]/usr/bin/git config --local --name-only --get-regexp http\.https\:\/\/github\.com\/\.extraheader
reference-fleet/vac	UNKNOWN STEP	2026-08-31T11:50:17.5330579Z http.https://github.com/.extraheader
reference-fleet/vac	UNKNOWN STEP	2026-08-31T11:50:17.5343051Z [command]/usr/bin/git config --local --unset-all http.https://github.com/.extraheader
reference-fleet/vac	UNKNOWN STEP	2026-08-31T11:50:17.5378531Z [command]/usr/bin/git submodule foreach --recursive sh -c "git config --local --name-only --get-regexp 'http\.https\:\/\/github\.com\/\.extraheader' && git config --local --unset-all 'http.https://github.com/.extraheader' || :"
reference-fleet/vac	UNKNOWN STEP	2026-08-31T11:50:17.5618117Z [command]/usr/bin/git config --local --name-only --get-regexp ^includeIf\.gitdir:
reference-fleet/vac	UNKNOWN STEP	2026-08-31T11:50:17.5654276Z [command]/usr/bin/git submodule foreach --recursive git config --local --show-origin --name-only --get-regexp remote.origin.url
reference-fleet/vac	UNKNOWN STEP	2026-08-31T11:50:17.6010105Z Cleaning up orphan processes
reference-fleet/vac	UNKNOWN STEP	2026-08-31T11:50:17.6378571Z ##[warning]Node.js 20 is deprecated. The following actions target Node.js 20 but are being forced to run on Node.js 24: actions/checkout@v4, actions/setup-node@v4, actions/setup-python@v5. For more information see: https://github.blog/changelog/2025-09-19-deprecation-of-node-20-on-github-actions-runners/
crashkit/vac	UNKNOWN STEP	﻿2026-08-31T11:49:13.7982299Z Current runner version: '2.337.0'
crashkit/vac	UNKNOWN STEP	2026-08-31T11:49:13.8007976Z ##[group]Runner Image Provisioner
crashkit/vac	UNKNOWN STEP	2026-08-31T11:49:13.8008896Z Hosted Compute Agent
crashkit/vac	UNKNOWN STEP	2026-08-31T11:49:13.8009517Z Version: 20260819.586
crashkit/vac	UNKNOWN STEP	2026-08-31T11:49:13.8010260Z Commit: 3cc4a88dfa507ef76119ad1bb3eccc6378bb2b76
crashkit/vac	UNKNOWN STEP	2026-08-31T11:49:13.8011019Z Build Date: 2026-08-18T23:20:18Z
crashkit/vac	UNKNOWN STEP	2026-08-31T11:49:13.8011766Z Worker ID: {fa557243-ab66-462d-9858-c0383e3e2ad3}
crashkit/vac	UNKNOWN STEP	2026-08-31T11:49:13.8012658Z Azure Region: eastus
crashkit/vac	UNKNOWN STEP	2026-08-31T11:49:13.8013607Z ##[endgroup]
crashkit/vac	UNKNOWN STEP	2026-08-31T11:49:13.8015414Z ##[group]Operating System
crashkit/vac	UNKNOWN STEP	2026-08-31T11:49:13.8016141Z Ubuntu
crashkit/vac	UNKNOWN STEP	2026-08-31T11:49:13.8016803Z 24.04.4
crashkit/vac	UNKNOWN STEP	2026-08-31T11:49:13.8017399Z LTS
crashkit/vac	UNKNOWN STEP	2026-08-31T11:49:13.8017953Z ##[endgroup]
crashkit/vac	UNKNOWN STEP	2026-08-31T11:49:13.8018596Z ##[group]Runner Image
crashkit/vac	UNKNOWN STEP	2026-08-31T11:49:13.8019215Z Image: ubuntu-24.04
crashkit/vac	UNKNOWN STEP	2026-08-31T11:49:13.8019888Z Version: 20260823.283.1
crashkit/vac	UNKNOWN STEP	2026-08-31T11:49:13.8021200Z Included Software: https://github.com/actions/runner-images/blob/ubuntu24/20260823.283/images/ubuntu/Ubuntu2404-Readme.md
crashkit/vac	UNKNOWN STEP	2026-08-31T11:49:13.8022886Z Image Release: https://github.com/actions/runner-images/releases/tag/ubuntu24%2F20260823.283
crashkit/vac	UNKNOWN STEP	2026-08-31T11:49:13.8024182Z ##[endgroup]
crashkit/vac	UNKNOWN STEP	2026-08-31T11:49:13.8025960Z ##[group]GITHUB_TOKEN Permissions
crashkit/vac	UNKNOWN STEP	2026-08-31T11:49:13.8028224Z Contents: read
crashkit/vac	UNKNOWN STEP	2026-08-31T11:49:13.8028956Z Metadata: read
crashkit/vac	UNKNOWN STEP	2026-08-31T11:49:13.8029730Z ##[endgroup]
crashkit/vac	UNKNOWN STEP	2026-08-31T11:49:13.8032100Z Secret source: Actions
crashkit/vac	UNKNOWN STEP	2026-08-31T11:49:13.8033743Z Prepare workflow directory
crashkit/vac	UNKNOWN STEP	2026-08-31T11:49:13.8367363Z Prepare all required actions
crashkit/vac	UNKNOWN STEP	2026-08-31T11:49:13.8416087Z Getting action download info
crashkit/vac	UNKNOWN STEP	2026-08-31T11:49:14.0658183Z Download action repository 'actions/checkout@v4' (SHA:11d5960a326750d5838078e36cf38b85af677262)
crashkit/vac	UNKNOWN STEP	2026-08-31T11:49:14.2021418Z Download action repository 'actions/setup-python@v5' (SHA:a26af69be951a213d495a4c3e4e4022e16d87065)
crashkit/vac	UNKNOWN STEP	2026-08-31T11:49:14.2846778Z Download action repository 'actions/setup-node@v4' (SHA:49933ea5288caeca8642d1e84afbd3f7d6820020)
crashkit/vac	UNKNOWN STEP	2026-08-31T11:49:14.4845192Z Complete job name: crashkit/vac
crashkit/vac	UNKNOWN STEP	2026-08-31T11:49:14.5647693Z Node 20 is being deprecated. This workflow is running with Node 24 by default. If you need to temporarily use Node 20, you can set the ACTIONS_ALLOW_USE_UNSECURE_NODE_VERSION=true environment variable. For more information see: https://github.blog/changelog/2025-09-19-deprecation-of-node-20-on-github-actions-runners/
crashkit/vac	UNKNOWN STEP	2026-08-31T11:49:14.5656680Z ##[group]Run actions/checkout@v4
crashkit/vac	UNKNOWN STEP	2026-08-31T11:49:14.5657486Z with:
crashkit/vac	UNKNOWN STEP	2026-08-31T11:49:14.5657968Z   repository: egnaro9/vac-protocol
crashkit/vac	UNKNOWN STEP	2026-08-31T11:49:14.5662017Z   token: ***
crashkit/vac	UNKNOWN STEP	2026-08-31T11:49:14.5662468Z   ssh-strict: true
crashkit/vac	UNKNOWN STEP	2026-08-31T11:49:14.5662912Z   ssh-user: git
crashkit/vac	UNKNOWN STEP	2026-08-31T11:49:14.5663639Z   persist-credentials: true
crashkit/vac	UNKNOWN STEP	2026-08-31T11:49:14.5664166Z   clean: true
crashkit/vac	UNKNOWN STEP	2026-08-31T11:49:14.5664629Z   sparse-checkout-cone-mode: true
crashkit/vac	UNKNOWN STEP	2026-08-31T11:49:14.5665231Z   fetch-depth: 1
crashkit/vac	UNKNOWN STEP	2026-08-31T11:49:14.5665689Z   fetch-tags: false
crashkit/vac	UNKNOWN STEP	2026-08-31T11:49:14.5666153Z   show-progress: true
crashkit/vac	UNKNOWN STEP	2026-08-31T11:49:14.5666618Z   lfs: false
crashkit/vac	UNKNOWN STEP	2026-08-31T11:49:14.5667096Z   submodules: false
crashkit/vac	UNKNOWN STEP	2026-08-31T11:49:14.5667582Z   set-safe-directory: true
crashkit/vac	UNKNOWN STEP	2026-08-31T11:49:14.5668105Z   allow-unsafe-pr-checkout: false
crashkit/vac	UNKNOWN STEP	2026-08-31T11:49:14.5668912Z ##[endgroup]
crashkit/vac	UNKNOWN STEP	2026-08-31T11:49:14.6710533Z Syncing repository: egnaro9/vac-protocol
crashkit/vac	UNKNOWN STEP	2026-08-31T11:49:14.6713954Z ##[group]Getting Git version info
crashkit/vac	UNKNOWN STEP	2026-08-31T11:49:14.6714825Z Working directory is '/home/runner/work/vac-protocol/vac-protocol'
crashkit/vac	UNKNOWN STEP	2026-08-31T11:49:14.6716034Z [command]/usr/bin/git version
crashkit/vac	UNKNOWN STEP	2026-08-31T11:49:14.6819054Z git version 2.55.0
crashkit/vac	UNKNOWN STEP	2026-08-31T11:49:14.6845051Z ##[endgroup]
crashkit/vac	UNKNOWN STEP	2026-08-31T11:49:14.6858116Z Temporarily overriding HOME='/home/runner/work/_temp/358b4826-7ef7-4021-91b9-00a37ddf27cb' before making global git config changes
crashkit/vac	UNKNOWN STEP	2026-08-31T11:49:14.6862951Z Adding repository directory to the temporary git global config as a safe directory
crashkit/vac	UNKNOWN STEP	2026-08-31T11:49:14.6865184Z [command]/usr/bin/git config --global --add safe.directory /home/runner/work/vac-protocol/vac-protocol
crashkit/vac	UNKNOWN STEP	2026-08-31T11:49:14.6920470Z Deleting the contents of '/home/runner/work/vac-protocol/vac-protocol'
crashkit/vac	UNKNOWN STEP	2026-08-31T11:49:14.6925698Z ##[group]Initializing the repository
crashkit/vac	UNKNOWN STEP	2026-08-31T11:49:14.6931470Z [command]/usr/bin/git init /home/runner/work/vac-protocol/vac-protocol
crashkit/vac	UNKNOWN STEP	2026-08-31T11:49:14.7054449Z hint: Using 'master' as the name for the initial branch. This default branch name
crashkit/vac	UNKNOWN STEP	2026-08-31T11:49:14.7056548Z hint: will change to "main" in Git 3.0. To configure the initial branch name
crashkit/vac	UNKNOWN STEP	2026-08-31T11:49:14.7063837Z hint: to use in all of your new repositories, which will suppress this warning,
crashkit/vac	UNKNOWN STEP	2026-08-31T11:49:14.7065867Z hint: call:
crashkit/vac	UNKNOWN STEP	2026-08-31T11:49:14.7066975Z hint:
crashkit/vac	UNKNOWN STEP	2026-08-31T11:49:14.7068124Z hint: 	git config --global init.defaultBranch <name>
crashkit/vac	UNKNOWN STEP	2026-08-31T11:49:14.7069587Z hint:
crashkit/vac	UNKNOWN STEP	2026-08-31T11:49:14.7071075Z hint: Names commonly chosen instead of 'master' are 'main', 'trunk' and
crashkit/vac	UNKNOWN STEP	2026-08-31T11:49:14.7073527Z hint: 'development'. The just-created branch can be renamed via this command:
crashkit/vac	UNKNOWN STEP	2026-08-31T11:49:14.7074924Z hint:
crashkit/vac	UNKNOWN STEP	2026-08-31T11:49:14.7075708Z hint: 	git branch -m <name>
crashkit/vac	UNKNOWN STEP	2026-08-31T11:49:14.7076677Z hint:
crashkit/vac	UNKNOWN STEP	2026-08-31T11:49:14.7077835Z hint: Disable this message with "git config set advice.defaultBranchName false"
crashkit/vac	UNKNOWN STEP	2026-08-31T11:49:14.7079690Z Initialized empty Git repository in /home/runner/work/vac-protocol/vac-protocol/.git/
crashkit/vac	UNKNOWN STEP	2026-08-31T11:49:14.7082561Z [command]/usr/bin/git remote add origin https://github.com/egnaro9/vac-protocol
crashkit/vac	UNKNOWN STEP	2026-08-31T11:49:14.7130788Z ##[endgroup]
crashkit/vac	UNKNOWN STEP	2026-08-31T11:49:14.7132127Z ##[group]Disabling automatic garbage collection
crashkit/vac	UNKNOWN STEP	2026-08-31T11:49:14.7136057Z [command]/usr/bin/git config --local gc.auto 0
crashkit/vac	UNKNOWN STEP	2026-08-31T11:49:14.7170430Z ##[endgroup]
crashkit/vac	UNKNOWN STEP	2026-08-31T11:49:14.7171745Z ##[group]Setting up auth
crashkit/vac	UNKNOWN STEP	2026-08-31T11:49:14.7179249Z [command]/usr/bin/git config --local --name-only --get-regexp core\.sshCommand
crashkit/vac	UNKNOWN STEP	2026-08-31T11:49:14.7226125Z [command]/usr/bin/git submodule foreach --recursive sh -c "git config --local --name-only --get-regexp 'core\.sshCommand' && git config --local --unset-all 'core.sshCommand' || :"
crashkit/vac	UNKNOWN STEP	2026-08-31T11:49:14.7649436Z [command]/usr/bin/git config --local --name-only --get-regexp http\.https\:\/\/github\.com\/\.extraheader
crashkit/vac	UNKNOWN STEP	2026-08-31T11:49:14.7691111Z [command]/usr/bin/git submodule foreach --recursive sh -c "git config --local --name-only --get-regexp 'http\.https\:\/\/github\.com\/\.extraheader' && git config --local --unset-all 'http.https://github.com/.extraheader' || :"
crashkit/vac	UNKNOWN STEP	2026-08-31T11:49:14.7934496Z [command]/usr/bin/git config --local --name-only --get-regexp ^includeIf\.gitdir:
crashkit/vac	UNKNOWN STEP	2026-08-31T11:49:14.7975170Z [command]/usr/bin/git submodule foreach --recursive git config --local --show-origin --name-only --get-regexp remote.origin.url
crashkit/vac	UNKNOWN STEP	2026-08-31T11:49:14.8231514Z [command]/usr/bin/git config --local http.https://github.com/.extraheader AUTHORIZATION: basic ***
crashkit/vac	UNKNOWN STEP	2026-08-31T11:49:14.8275139Z ##[endgroup]
crashkit/vac	UNKNOWN STEP	2026-08-31T11:49:14.8276623Z ##[group]Fetching the repository
crashkit/vac	UNKNOWN STEP	2026-08-31T11:49:14.8287675Z [command]/usr/bin/git -c protocol.version=2 fetch --no-tags --prune --no-recurse-submodules --depth=1 origin +6a05245337cbbcebf1e06180e798ad568848ad2e:refs/remotes/origin/main
crashkit/vac	UNKNOWN STEP	2026-08-31T11:49:15.1594875Z From https://github.com/egnaro9/vac-protocol
crashkit/vac	UNKNOWN STEP	2026-08-31T11:49:15.1595952Z  * [new ref]         6a05245337cbbcebf1e06180e798ad568848ad2e -> origin/main
crashkit/vac	UNKNOWN STEP	2026-08-31T11:49:15.1599079Z ##[endgroup]
crashkit/vac	UNKNOWN STEP	2026-08-31T11:49:15.1599932Z ##[group]Determining the checkout info
crashkit/vac	UNKNOWN STEP	2026-08-31T11:49:15.1601414Z ##[endgroup]
crashkit/vac	UNKNOWN STEP	2026-08-31T11:49:15.1689046Z [command]/usr/bin/git sparse-checkout disable
crashkit/vac	UNKNOWN STEP	2026-08-31T11:49:15.1691996Z [command]/usr/bin/git config --local --unset-all extensions.worktreeConfig
crashkit/vac	UNKNOWN STEP	2026-08-31T11:49:15.1704526Z ##[group]Checking out the ref
crashkit/vac	UNKNOWN STEP	2026-08-31T11:49:15.1709816Z [command]/usr/bin/git checkout --progress --force -B main refs/remotes/origin/main
crashkit/vac	UNKNOWN STEP	2026-08-31T11:49:15.2009328Z Switched to a new branch 'main'
crashkit/vac	UNKNOWN STEP	2026-08-31T11:49:15.2014681Z branch 'main' set up to track 'origin/main'.
crashkit/vac	UNKNOWN STEP	2026-08-31T11:49:15.2022151Z ##[endgroup]
crashkit/vac	UNKNOWN STEP	2026-08-31T11:49:15.2066608Z [command]/usr/bin/git log -1 --format=%H
crashkit/vac	UNKNOWN STEP	2026-08-31T11:49:15.2092742Z 6a05245337cbbcebf1e06180e798ad568848ad2e
crashkit/vac	UNKNOWN STEP	2026-08-31T11:49:15.2540504Z Node 20 is being deprecated. This workflow is running with Node 24 by default. If you need to temporarily use Node 20, you can set the ACTIONS_ALLOW_USE_UNSECURE_NODE_VERSION=true environment variable. For more information see: https://github.blog/changelog/2025-09-19-deprecation-of-node-20-on-github-actions-runners/
crashkit/vac	UNKNOWN STEP	2026-08-31T11:49:15.2547285Z ##[group]Run actions/setup-python@v5
crashkit/vac	UNKNOWN STEP	2026-08-31T11:49:15.2548478Z with:
crashkit/vac	UNKNOWN STEP	2026-08-31T11:49:15.2549321Z   python-version: 3.12
crashkit/vac	UNKNOWN STEP	2026-08-31T11:49:15.2550329Z   check-latest: false
crashkit/vac	UNKNOWN STEP	2026-08-31T11:49:15.2561475Z   token: ***
crashkit/vac	UNKNOWN STEP	2026-08-31T11:49:15.2562440Z   update-environment: true
crashkit/vac	UNKNOWN STEP	2026-08-31T11:49:15.2563815Z   allow-prereleases: false
crashkit/vac	UNKNOWN STEP	2026-08-31T11:49:15.2564878Z   freethreaded: false
crashkit/vac	UNKNOWN STEP	2026-08-31T11:49:15.2565838Z ##[endgroup]
crashkit/vac	UNKNOWN STEP	2026-08-31T11:49:15.3892781Z ##[group]Installed versions
crashkit/vac	UNKNOWN STEP	2026-08-31T11:49:15.3989991Z (node:2257) [DEP0040] DeprecationWarning: The `punycode` module is deprecated. Please use a userland alternative instead.
crashkit/vac	UNKNOWN STEP	2026-08-31T11:49:15.3994121Z (Use `node --trace-deprecation ...` to show where the warning was created)
crashkit/vac	UNKNOWN STEP	2026-08-31T11:49:15.3997157Z Successfully set up CPython (3.12.14)
crashkit/vac	UNKNOWN STEP	2026-08-31T11:49:15.3999968Z ##[endgroup]
crashkit/vac	UNKNOWN STEP	2026-08-31T11:49:15.4461223Z Node 20 is being deprecated. This workflow is running with Node 24 by default. If you need to temporarily use Node 20, you can set the ACTIONS_ALLOW_USE_UNSECURE_NODE_VERSION=true environment variable. For more information see: https://github.blog/changelog/2025-09-19-deprecation-of-node-20-on-github-actions-runners/
crashkit/vac	UNKNOWN STEP	2026-08-31T11:49:15.4468845Z ##[group]Run actions/setup-node@v4
crashkit/vac	UNKNOWN STEP	2026-08-31T11:49:15.4469946Z with:
crashkit/vac	UNKNOWN STEP	2026-08-31T11:49:15.4470739Z   node-version: 22
crashkit/vac	UNKNOWN STEP	2026-08-31T11:49:15.4471611Z   always-auth: false
crashkit/vac	UNKNOWN STEP	2026-08-31T11:49:15.4472546Z   check-latest: false
crashkit/vac	UNKNOWN STEP	2026-08-31T11:49:15.4483025Z   token: ***
crashkit/vac	UNKNOWN STEP	2026-08-31T11:49:15.4484083Z env:
crashkit/vac	UNKNOWN STEP	2026-08-31T11:49:15.4485100Z   pythonLocation: /opt/hostedtoolcache/Python/3.12.14/x64
crashkit/vac	UNKNOWN STEP	2026-08-31T11:49:15.4486884Z   PKG_CONFIG_PATH: /opt/hostedtoolcache/Python/3.12.14/x64/lib/pkgconfig
crashkit/vac	UNKNOWN STEP	2026-08-31T11:49:15.4488690Z   Python_ROOT_DIR: /opt/hostedtoolcache/Python/3.12.14/x64
crashkit/vac	UNKNOWN STEP	2026-08-31T11:49:15.4490319Z   Python2_ROOT_DIR: /opt/hostedtoolcache/Python/3.12.14/x64
crashkit/vac	UNKNOWN STEP	2026-08-31T11:49:15.4491909Z   Python3_ROOT_DIR: /opt/hostedtoolcache/Python/3.12.14/x64
crashkit/vac	UNKNOWN STEP	2026-08-31T11:49:15.4493723Z   LD_LIBRARY_PATH: /opt/hostedtoolcache/Python/3.12.14/x64/lib
crashkit/vac	UNKNOWN STEP	2026-08-31T11:49:15.4495069Z ##[endgroup]
crashkit/vac	UNKNOWN STEP	2026-08-31T11:49:15.6077156Z (node:2266) [DEP0040] DeprecationWarning: The `punycode` module is deprecated. Please use a userland alternative instead.
crashkit/vac	UNKNOWN STEP	2026-08-31T11:49:15.6081738Z (Use `node --trace-deprecation ...` to show where the warning was created)
crashkit/vac	UNKNOWN STEP	2026-08-31T11:49:15.6085060Z Found in cache @ /opt/hostedtoolcache/node/22.23.2/x64
crashkit/vac	UNKNOWN STEP	2026-08-31T11:49:15.6088500Z ##[group]Environment details
crashkit/vac	UNKNOWN STEP	2026-08-31T11:49:16.0357713Z node: v22.23.2
crashkit/vac	UNKNOWN STEP	2026-08-31T11:49:16.0358282Z npm: 10.9.8
crashkit/vac	UNKNOWN STEP	2026-08-31T11:49:16.0358638Z yarn: 1.22.22
crashkit/vac	UNKNOWN STEP	2026-08-31T11:49:16.0359907Z ##[endgroup]
crashkit/vac	UNKNOWN STEP	2026-08-31T11:49:16.0521370Z ##[group]Run pip install -e .
crashkit/vac	UNKNOWN STEP	2026-08-31T11:49:16.0521944Z ^[[36;1mpip install -e .^[[0m
crashkit/vac	UNKNOWN STEP	2026-08-31T11:49:16.0574580Z shell: /usr/bin/bash -e {0}
crashkit/vac	UNKNOWN STEP	2026-08-31T11:49:16.0575028Z env:
crashkit/vac	UNKNOWN STEP	2026-08-31T11:49:16.0575480Z   pythonLocation: /opt/hostedtoolcache/Python/3.12.14/x64
crashkit/vac	UNKNOWN STEP	2026-08-31T11:49:16.0576108Z   PKG_CONFIG_PATH: /opt/hostedtoolcache/Python/3.12.14/x64/lib/pkgconfig
crashkit/vac	UNKNOWN STEP	2026-08-31T11:49:16.0576742Z   Python_ROOT_DIR: /opt/hostedtoolcache/Python/3.12.14/x64
crashkit/vac	UNKNOWN STEP	2026-08-31T11:49:16.0577328Z   Python2_ROOT_DIR: /opt/hostedtoolcache/Python/3.12.14/x64
crashkit/vac	UNKNOWN STEP	2026-08-31T11:49:16.0577903Z   Python3_ROOT_DIR: /opt/hostedtoolcache/Python/3.12.14/x64
crashkit/vac	UNKNOWN STEP	2026-08-31T11:49:16.0578480Z   LD_LIBRARY_PATH: /opt/hostedtoolcache/Python/3.12.14/x64/lib
crashkit/vac	UNKNOWN STEP	2026-08-31T11:49:16.0578977Z ##[endgroup]
crashkit/vac	UNKNOWN STEP	2026-08-31T11:49:16.8592915Z Obtaining file:///home/runner/work/vac-protocol/vac-protocol
crashkit/vac	UNKNOWN STEP	2026-08-31T11:49:16.8604844Z   Installing build dependencies: started
crashkit/vac	UNKNOWN STEP	2026-08-31T11:49:17.5692899Z   Installing build dependencies: finished with status 'done'
crashkit/vac	UNKNOWN STEP	2026-08-31T11:49:17.5698157Z   Checking if build backend supports build_editable: started
crashkit/vac	UNKNOWN STEP	2026-08-31T11:49:17.9014649Z   Checking if build backend supports build_editable: finished with status 'done'
crashkit/vac	UNKNOWN STEP	2026-08-31T11:49:17.9022277Z   Getting requirements to build editable: started
crashkit/vac	UNKNOWN STEP	2026-08-31T11:49:18.2508847Z   Getting requirements to build editable: finished with status 'done'
crashkit/vac	UNKNOWN STEP	2026-08-31T11:49:18.2517811Z   Preparing editable metadata (pyproject.toml): started
crashkit/vac	UNKNOWN STEP	2026-08-31T11:49:18.4503389Z   Preparing editable metadata (pyproject.toml): finished with status 'done'
crashkit/vac	UNKNOWN STEP	2026-08-31T11:49:18.4540727Z Building wheels for collected packages: vac-protocol
crashkit/vac	UNKNOWN STEP	2026-08-31T11:49:18.4555074Z   Building editable for vac-protocol (pyproject.toml): started
crashkit/vac	UNKNOWN STEP	2026-08-31T11:49:18.6746832Z   Building editable for vac-protocol (pyproject.toml): finished with status 'done'
crashkit/vac	UNKNOWN STEP	2026-08-31T11:49:18.6754416Z   Created wheel for vac-protocol: filename=vac_protocol-0.1.0-0.editable-py3-none-any.whl size=8850 sha256=383f22eac25a345ab45333364c3bd3471c6ab837638e77af2dfd664a7e215560
crashkit/vac	UNKNOWN STEP	2026-08-31T11:49:18.6756893Z   Stored in directory: /tmp/pip-ephem-wheel-cache-nz1pbs2j/wheels/31/93/c0/4effb33ea68d4321a176d9cb097b94ea8b1be9d534ea861dec
crashkit/vac	UNKNOWN STEP	2026-08-31T11:49:18.6782557Z Successfully built vac-protocol
crashkit/vac	UNKNOWN STEP	2026-08-31T11:49:18.6916450Z Installing collected packages: vac-protocol
crashkit/vac	UNKNOWN STEP	2026-08-31T11:49:18.7010060Z Successfully installed vac-protocol-0.1.0
crashkit/vac	UNKNOWN STEP	2026-08-31T11:49:18.7651353Z ##[group]Run python -m vac.registry --fetch-bundle "crashkit/vac" --dest bundle
crashkit/vac	UNKNOWN STEP	2026-08-31T11:49:18.7652010Z ^[[36;1mpython -m vac.registry --fetch-bundle "crashkit/vac" --dest bundle^[[0m
crashkit/vac	UNKNOWN STEP	2026-08-31T11:49:18.7692802Z shell: /usr/bin/bash -e {0}
crashkit/vac	UNKNOWN STEP	2026-08-31T11:49:18.7693267Z env:
crashkit/vac	UNKNOWN STEP	2026-08-31T11:49:18.7693563Z   pythonLocation: /opt/hostedtoolcache/Python/3.12.14/x64
crashkit/vac	UNKNOWN STEP	2026-08-31T11:49:18.7694019Z   PKG_CONFIG_PATH: /opt/hostedtoolcache/Python/3.12.14/x64/lib/pkgconfig
crashkit/vac	UNKNOWN STEP	2026-08-31T11:49:18.7694500Z   Python_ROOT_DIR: /opt/hostedtoolcache/Python/3.12.14/x64
crashkit/vac	UNKNOWN STEP	2026-08-31T11:49:18.7694907Z   Python2_ROOT_DIR: /opt/hostedtoolcache/Python/3.12.14/x64
crashkit/vac	UNKNOWN STEP	2026-08-31T11:49:18.7695315Z   Python3_ROOT_DIR: /opt/hostedtoolcache/Python/3.12.14/x64
crashkit/vac	UNKNOWN STEP	2026-08-31T11:49:18.7695719Z   LD_LIBRARY_PATH: /opt/hostedtoolcache/Python/3.12.14/x64/lib
crashkit/vac	UNKNOWN STEP	2026-08-31T11:49:18.7696048Z ##[endgroup]
crashkit/vac	UNKNOWN STEP	2026-08-31T11:49:19.7339841Z fetched crashkit/vac into bundle: every artifact sha256-verified against the registry
crashkit/vac	UNKNOWN STEP	2026-08-31T11:49:19.7483926Z ##[group]Run python -m vac.verify bundle
crashkit/vac	UNKNOWN STEP	2026-08-31T11:49:19.7484344Z ^[[36;1mpython -m vac.verify bundle^[[0m
crashkit/vac	UNKNOWN STEP	2026-08-31T11:49:19.7521898Z shell: /usr/bin/bash -e {0}
crashkit/vac	UNKNOWN STEP	2026-08-31T11:49:19.7522149Z env:
crashkit/vac	UNKNOWN STEP	2026-08-31T11:49:19.7522419Z   pythonLocation: /opt/hostedtoolcache/Python/3.12.14/x64
crashkit/vac	UNKNOWN STEP	2026-08-31T11:49:19.7522855Z   PKG_CONFIG_PATH: /opt/hostedtoolcache/Python/3.12.14/x64/lib/pkgconfig
crashkit/vac	UNKNOWN STEP	2026-08-31T11:49:19.7523607Z   Python_ROOT_DIR: /opt/hostedtoolcache/Python/3.12.14/x64
crashkit/vac	UNKNOWN STEP	2026-08-31T11:49:19.7524003Z   Python2_ROOT_DIR: /opt/hostedtoolcache/Python/3.12.14/x64
crashkit/vac	UNKNOWN STEP	2026-08-31T11:49:19.7524381Z   Python3_ROOT_DIR: /opt/hostedtoolcache/Python/3.12.14/x64
crashkit/vac	UNKNOWN STEP	2026-08-31T11:49:19.7524812Z   LD_LIBRARY_PATH: /opt/hostedtoolcache/Python/3.12.14/x64/lib
crashkit/vac	UNKNOWN STEP	2026-08-31T11:49:19.7525137Z ##[endgroup]
crashkit/vac	UNKNOWN STEP	2026-08-31T11:49:19.7961021Z structural verification: PASS (bundle)
crashkit/vac	UNKNOWN STEP	2026-08-31T11:49:19.7962104Z   proved offline: manifest schema, artifact presence + sha256, bundle closure,
crashkit/vac	UNKNOWN STEP	2026-08-31T11:49:19.7963655Z   stated limitations, stamp agreement, declared results recomputed from artifacts.
crashkit/vac	UNKNOWN STEP	2026-08-31T11:49:19.7964819Z semantic replay: NOT run by this tool. A structural PASS means the bundle is
crashkit/vac	UNKNOWN STEP	2026-08-31T11:49:19.7965750Z   internally honest, not that the issuer's grader agrees. To re-earn the
crashkit/vac	UNKNOWN STEP	2026-08-31T11:49:19.7966677Z   verdicts, run the bundle's replay block at the pinned issuer_commit:
crashkit/vac	UNKNOWN STEP	2026-08-31T11:49:19.7967701Z     $ git clone https://github.com/egnaro9/model-drift && git -C model-drift checkout 3df0ccb
crashkit/vac	UNKNOWN STEP	2026-08-31T11:49:19.7968797Z     $ git clone https://github.com/egnaro9/crashkit issuer && git -C issuer checkout 2405a18
crashkit/vac	UNKNOWN STEP	2026-08-31T11:49:19.7969997Z     $ python -m pip install gradecore==0.10.0 ./model-drift ./issuer
crashkit/vac	UNKNOWN STEP	2026-08-31T11:49:19.7970542Z     $ ( cd issuer && python emit_vac.py )
crashkit/vac	UNKNOWN STEP	2026-08-31T11:49:19.7972542Z     $ for f in adversarial_safe.eval_run.json adversarial_vulnerable.eval_run.json agentic_safe.eval_run.json agentic_vulnerable.eval_run.json grading_replay_safe.eval_run.json grading_replay_vulnerable.eval_run.json modeldrift_suite.eval_run.json variance_flaky_n10.report.json vac.json; do cmp issuer/vac/$f $f || exit 1; done
crashkit/vac	UNKNOWN STEP	2026-08-31T11:49:19.7978152Z     expected: every command exits 0 and every cmp stays silent: the emitter re-runs the four crashkit.cli battery subprocesses and the three in-process grading paths at the stamped commit and re-emits all eight artifacts plus vac.json byte-identical to this bundle (commands run from the bundle directory). The emitter itself refuses a dirty tree, refuses a payload whose metrics disagree with its own case rows, and refuses any twin control off its exact 0.0/1.0 score — so a successful replay re-earns the controls, not just the bytes.
crashkit/vac	UNKNOWN STEP	2026-08-31T11:49:19.8055800Z ##[group]Run jq -r '.replay.commands[]' bundle/vac.json > replay.sh
crashkit/vac	UNKNOWN STEP	2026-08-31T11:49:19.8056346Z ^[[36;1mjq -r '.replay.commands[]' bundle/vac.json > replay.sh^[[0m
crashkit/vac	UNKNOWN STEP	2026-08-31T11:49:19.8056785Z ^[[36;1mecho "--- replay block (sha256-pinned via the registry) ---"^[[0m
crashkit/vac	UNKNOWN STEP	2026-08-31T11:49:19.8057152Z ^[[36;1mcat replay.sh^[[0m
crashkit/vac	UNKNOWN STEP	2026-08-31T11:49:19.8057496Z ^[[36;1mecho "--- expected: $(jq -r '.replay.expected' bundle/vac.json)"^[[0m
crashkit/vac	UNKNOWN STEP	2026-08-31T11:49:19.8057867Z ^[[36;1mcd bundle^[[0m
crashkit/vac	UNKNOWN STEP	2026-08-31T11:49:19.8058180Z ^[[36;1mbash -euxo pipefail ../replay.sh 2>&1 | tee ../transcript.txt^[[0m
crashkit/vac	UNKNOWN STEP	2026-08-31T11:49:19.8099072Z shell: /usr/bin/bash --noprofile --norc -e -o pipefail {0}
crashkit/vac	UNKNOWN STEP	2026-08-31T11:49:19.8099432Z env:
crashkit/vac	UNKNOWN STEP	2026-08-31T11:49:19.8099700Z   pythonLocation: /opt/hostedtoolcache/Python/3.12.14/x64
crashkit/vac	UNKNOWN STEP	2026-08-31T11:49:19.8100134Z   PKG_CONFIG_PATH: /opt/hostedtoolcache/Python/3.12.14/x64/lib/pkgconfig
crashkit/vac	UNKNOWN STEP	2026-08-31T11:49:19.8100569Z   Python_ROOT_DIR: /opt/hostedtoolcache/Python/3.12.14/x64
crashkit/vac	UNKNOWN STEP	2026-08-31T11:49:19.8101015Z   Python2_ROOT_DIR: /opt/hostedtoolcache/Python/3.12.14/x64
crashkit/vac	UNKNOWN STEP	2026-08-31T11:49:19.8101406Z   Python3_ROOT_DIR: /opt/hostedtoolcache/Python/3.12.14/x64
crashkit/vac	UNKNOWN STEP	2026-08-31T11:49:19.8101803Z   LD_LIBRARY_PATH: /opt/hostedtoolcache/Python/3.12.14/x64/lib
crashkit/vac	UNKNOWN STEP	2026-08-31T11:49:19.8102143Z ##[endgroup]
crashkit/vac	UNKNOWN STEP	2026-08-31T11:49:19.8194342Z --- replay block (sha256-pinned via the registry) ---
crashkit/vac	UNKNOWN STEP	2026-08-31T11:49:19.8203804Z git clone https://github.com/egnaro9/model-drift && git -C model-drift checkout 3df0ccb
crashkit/vac	UNKNOWN STEP	2026-08-31T11:49:19.8204838Z git clone https://github.com/egnaro9/crashkit issuer && git -C issuer checkout 2405a18
crashkit/vac	UNKNOWN STEP	2026-08-31T11:49:19.8205466Z python -m pip install gradecore==0.10.0 ./model-drift ./issuer
crashkit/vac	UNKNOWN STEP	2026-08-31T11:49:19.8205902Z ( cd issuer && python emit_vac.py )
crashkit/vac	UNKNOWN STEP	2026-08-31T11:49:19.8207493Z for f in adversarial_safe.eval_run.json adversarial_vulnerable.eval_run.json agentic_safe.eval_run.json agentic_vulnerable.eval_run.json grading_replay_safe.eval_run.json grading_replay_vulnerable.eval_run.json modeldrift_suite.eval_run.json variance_flaky_n10.report.json vac.json; do cmp issuer/vac/$f $f || exit 1; done
crashkit/vac	UNKNOWN STEP	2026-08-31T11:49:19.8237560Z --- expected: every command exits 0 and every cmp stays silent: the emitter re-runs the four crashkit.cli battery subprocesses and the three in-process grading paths at the stamped commit and re-emits all eight artifacts plus vac.json byte-identical to this bundle (commands run from the bundle directory). The emitter itself refuses a dirty tree, refuses a payload whose metrics disagree with its own case rows, and refuses any twin control off its exact 0.0/1.0 score — so a successful replay re-earns the controls, not just the bytes.
crashkit/vac	UNKNOWN STEP	2026-08-31T11:49:19.8250303Z + git clone https://github.com/egnaro9/model-drift
crashkit/vac	UNKNOWN STEP	2026-08-31T11:49:19.8262448Z Cloning into 'model-drift'...
crashkit/vac	UNKNOWN STEP	2026-08-31T11:49:20.1718578Z + git -C model-drift checkout 3df0ccb
crashkit/vac	UNKNOWN STEP	2026-08-31T11:49:20.1818611Z Note: switching to '3df0ccb'.
crashkit/vac	UNKNOWN STEP	2026-08-31T11:49:20.1819389Z 
crashkit/vac	UNKNOWN STEP	2026-08-31T11:49:20.1820586Z You are in 'detached HEAD' state. You can look around, make experimental
crashkit/vac	UNKNOWN STEP	2026-08-31T11:49:20.1821726Z changes and commit them, and you can discard any commits you make in this
crashkit/vac	UNKNOWN STEP	2026-08-31T11:49:20.1822794Z state without impacting any branches by switching back to a branch.
crashkit/vac	UNKNOWN STEP	2026-08-31T11:49:20.1823643Z 
crashkit/vac	UNKNOWN STEP	2026-08-31T11:49:20.1824191Z If you want to create a new branch to retain commits you create, you may
crashkit/vac	UNKNOWN STEP	2026-08-31T11:49:20.1825202Z do so (now or later) by using -c with the switch command. Example:
crashkit/vac	UNKNOWN STEP	2026-08-31T11:49:20.1825710Z 
crashkit/vac	UNKNOWN STEP	2026-08-31T11:49:20.1826024Z   git switch -c <new-branch-name>
crashkit/vac	UNKNOWN STEP	2026-08-31T11:49:20.1826453Z 
crashkit/vac	UNKNOWN STEP	2026-08-31T11:49:20.1826764Z Or undo this operation with:
crashkit/vac	UNKNOWN STEP	2026-08-31T11:49:20.1827171Z 
crashkit/vac	UNKNOWN STEP	2026-08-31T11:49:20.1827364Z   git switch -
crashkit/vac	UNKNOWN STEP	2026-08-31T11:49:20.1827587Z 
crashkit/vac	UNKNOWN STEP	2026-08-31T11:49:20.1828146Z Turn off this advice by setting config variable advice.detachedHead to false
crashkit/vac	UNKNOWN STEP	2026-08-31T11:49:20.1828735Z 
crashkit/vac	UNKNOWN STEP	2026-08-31T11:49:20.1829458Z HEAD is now at 3df0ccb metrics: emit suite_size and suite_version, and let the page state them
crashkit/vac	UNKNOWN STEP	2026-08-31T11:49:20.1830946Z + git clone https://github.com/egnaro9/crashkit issuer
crashkit/vac	UNKNOWN STEP	2026-08-31T11:49:20.1839825Z Cloning into 'issuer'...
crashkit/vac	UNKNOWN STEP	2026-08-31T11:49:20.4632125Z + git -C issuer checkout 2405a18
crashkit/vac	UNKNOWN STEP	2026-08-31T11:49:20.4686581Z Note: switching to '2405a18'.
crashkit/vac	UNKNOWN STEP	2026-08-31T11:49:20.4686926Z 
crashkit/vac	UNKNOWN STEP	2026-08-31T11:49:20.4687442Z You are in 'detached HEAD' state. You can look around, make experimental
crashkit/vac	UNKNOWN STEP	2026-08-31T11:49:20.4688188Z changes and commit them, and you can discard any commits you make in this
crashkit/vac	UNKNOWN STEP	2026-08-31T11:49:20.4688787Z state without impacting any branches by switching back to a branch.
crashkit/vac	UNKNOWN STEP	2026-08-31T11:49:20.4689103Z 
crashkit/vac	UNKNOWN STEP	2026-08-31T11:49:20.4689391Z If you want to create a new branch to retain commits you create, you may
crashkit/vac	UNKNOWN STEP	2026-08-31T11:49:20.4689959Z do so (now or later) by using -c with the switch command. Example:
crashkit/vac	UNKNOWN STEP	2026-08-31T11:49:20.4690243Z 
crashkit/vac	UNKNOWN STEP	2026-08-31T11:49:20.4690386Z   git switch -c <new-branch-name>
crashkit/vac	UNKNOWN STEP	2026-08-31T11:49:20.4690571Z 
crashkit/vac	UNKNOWN STEP	2026-08-31T11:49:20.4690711Z Or undo this operation with:
crashkit/vac	UNKNOWN STEP	2026-08-31T11:49:20.4690930Z 
crashkit/vac	UNKNOWN STEP	2026-08-31T11:49:20.4691037Z   git switch -
crashkit/vac	UNKNOWN STEP	2026-08-31T11:49:20.4691209Z 
crashkit/vac	UNKNOWN STEP	2026-08-31T11:49:20.4691744Z Turn off this advice by setting config variable advice.detachedHead to false
crashkit/vac	UNKNOWN STEP	2026-08-31T11:49:20.4692339Z 
crashkit/vac	UNKNOWN STEP	2026-08-31T11:49:20.4692982Z HEAD is now at 2405a18 vac: emit at 0.2, and let the artifact filenames own the public names
crashkit/vac	UNKNOWN STEP	2026-08-31T11:49:20.4694328Z + python -m pip install gradecore==0.10.0 ./model-drift ./issuer
crashkit/vac	UNKNOWN STEP	2026-08-31T11:49:20.7816237Z Processing ./model-drift
crashkit/vac	UNKNOWN STEP	2026-08-31T11:49:20.7831720Z   Installing build dependencies: started
crashkit/vac	UNKNOWN STEP	2026-08-31T11:49:21.3119711Z   Installing build dependencies: finished with status 'done'
crashkit/vac	UNKNOWN STEP	2026-08-31T11:49:21.3134109Z   Getting requirements to build wheel: started
crashkit/vac	UNKNOWN STEP	2026-08-31T11:49:21.7784773Z   Getting requirements to build wheel: finished with status 'done'
crashkit/vac	UNKNOWN STEP	2026-08-31T11:49:21.7794167Z   Preparing metadata (pyproject.toml): started
crashkit/vac	UNKNOWN STEP	2026-08-31T11:49:21.9729789Z   Preparing metadata (pyproject.toml): finished with status 'done'
crashkit/vac	UNKNOWN STEP	2026-08-31T11:49:21.9747089Z Processing ./issuer
crashkit/vac	UNKNOWN STEP	2026-08-31T11:49:21.9765167Z   Installing build dependencies: started
crashkit/vac	UNKNOWN STEP	2026-08-31T11:49:22.5045344Z   Installing build dependencies: finished with status 'done'
crashkit/vac	UNKNOWN STEP	2026-08-31T11:49:22.5051510Z   Getting requirements to build wheel: started
crashkit/vac	UNKNOWN STEP	2026-08-31T11:49:22.9711123Z   Getting requirements to build wheel: finished with status 'done'
crashkit/vac	UNKNOWN STEP	2026-08-31T11:49:22.9721002Z   Preparing metadata (pyproject.toml): started
crashkit/vac	UNKNOWN STEP	2026-08-31T11:49:23.1670747Z   Preparing metadata (pyproject.toml): finished with status 'done'
crashkit/vac	UNKNOWN STEP	2026-08-31T11:49:23.2295215Z Collecting gradecore==0.10.0
crashkit/vac	UNKNOWN STEP	2026-08-31T11:49:23.2764450Z   Downloading gradecore-0.10.0-py3-none-any.whl.metadata (3.7 kB)
crashkit/vac	UNKNOWN STEP	2026-08-31T11:49:23.3332045Z Collecting fastapi>=0.110 (from crashkit==0.1.0)
crashkit/vac	UNKNOWN STEP	2026-08-31T11:49:23.3367205Z   Downloading fastapi-0.141.1-py3-none-any.whl.metadata (27 kB)
crashkit/vac	UNKNOWN STEP	2026-08-31T11:49:23.3676187Z Collecting uvicorn>=0.27 (from uvicorn[standard]>=0.27->crashkit==0.1.0)
crashkit/vac	UNKNOWN STEP	2026-08-31T11:49:23.3717735Z   Downloading uvicorn-0.52.4-py3-none-any.whl.metadata (6.6 kB)
crashkit/vac	UNKNOWN STEP	2026-08-31T11:49:23.3964019Z Collecting starlette>=0.46.0 (from fastapi>=0.110->crashkit==0.1.0)
crashkit/vac	UNKNOWN STEP	2026-08-31T11:49:23.3997839Z   Downloading starlette-1.6.0-py3-none-any.whl.metadata (6.4 kB)
crashkit/vac	UNKNOWN STEP	2026-08-31T11:49:23.5108525Z Collecting pydantic>=2.9.0 (from fastapi>=0.110->crashkit==0.1.0)
crashkit/vac	UNKNOWN STEP	2026-08-31T11:49:23.5142653Z   Downloading pydantic-2.13.5-py3-none-any.whl.metadata (110 kB)
crashkit/vac	UNKNOWN STEP	2026-08-31T11:49:23.5396910Z Collecting typing-extensions>=4.8.0 (from fastapi>=0.110->crashkit==0.1.0)
crashkit/vac	UNKNOWN STEP	2026-08-31T11:49:23.5430738Z   Downloading typing_extensions-4.16.0-py3-none-any.whl.metadata (3.3 kB)
crashkit/vac	UNKNOWN STEP	2026-08-31T11:49:23.5541141Z Collecting typing-inspection>=0.4.2 (from fastapi>=0.110->crashkit==0.1.0)
crashkit/vac	UNKNOWN STEP	2026-08-31T11:49:23.5572628Z   Downloading typing_inspection-0.4.4-py3-none-any.whl.metadata (2.6 kB)
crashkit/vac	UNKNOWN STEP	2026-08-31T11:49:23.5672158Z Collecting annotated-doc>=0.0.2 (from fastapi>=0.110->crashkit==0.1.0)
crashkit/vac	UNKNOWN STEP	2026-08-31T11:49:23.5703266Z   Downloading annotated_doc-0.0.5-py3-none-any.whl.metadata (6.5 kB)
crashkit/vac	UNKNOWN STEP	2026-08-31T11:49:23.5816459Z Collecting annotated-types>=0.6.0 (from pydantic>=2.9.0->fastapi>=0.110->crashkit==0.1.0)
crashkit/vac	UNKNOWN STEP	2026-08-31T11:49:23.5848716Z   Downloading annotated_types-0.8.0-py3-none-any.whl.metadata (15 kB)
crashkit/vac	UNKNOWN STEP	2026-08-31T11:49:24.2278712Z Collecting pydantic-core==2.46.5 (from pydantic>=2.9.0->fastapi>=0.110->crashkit==0.1.0)
crashkit/vac	UNKNOWN STEP	2026-08-31T11:49:24.2313965Z   Downloading pydantic_core-2.46.5-cp312-cp312-manylinux_2_17_x86_64.manylinux2014_x86_64.whl.metadata (6.6 kB)
crashkit/vac	UNKNOWN STEP	2026-08-31T11:49:24.2734295Z Collecting anyio<5,>=3.6.2 (from starlette>=0.46.0->fastapi>=0.110->crashkit==0.1.0)
crashkit/vac	UNKNOWN STEP	2026-08-31T11:49:24.2768449Z   Downloading anyio-4.14.2-py3-none-any.whl.metadata (4.6 kB)
crashkit/vac	UNKNOWN STEP	2026-08-31T11:49:24.2920497Z Collecting idna>=2.8 (from anyio<5,>=3.6.2->starlette>=0.46.0->fastapi>=0.110->crashkit==0.1.0)
crashkit/vac	UNKNOWN STEP	2026-08-31T11:49:24.2953033Z   Downloading idna-3.19-py3-none-any.whl.metadata (9.2 kB)
crashkit/vac	UNKNOWN STEP	2026-08-31T11:49:24.3148172Z Collecting click>=7.0 (from uvicorn>=0.27->uvicorn[standard]>=0.27->crashkit==0.1.0)
crashkit/vac	UNKNOWN STEP	2026-08-31T11:49:24.3180422Z   Downloading click-8.5.0-py3-none-any.whl.metadata (2.6 kB)
crashkit/vac	UNKNOWN STEP	2026-08-31T11:49:24.3290068Z Collecting h11>=0.8 (from uvicorn>=0.27->uvicorn[standard]>=0.27->crashkit==0.1.0)
crashkit/vac	UNKNOWN STEP	2026-08-31T11:49:24.3320216Z   Downloading h11-0.16.0-py3-none-any.whl.metadata (8.3 kB)
crashkit/vac	UNKNOWN STEP	2026-08-31T11:49:24.3628318Z Collecting httptools>=0.8.0 (from uvicorn[standard]>=0.27->crashkit==0.1.0)
crashkit/vac	UNKNOWN STEP	2026-08-31T11:49:24.3662911Z   Downloading httptools-0.8.0-cp312-cp312-manylinux1_x86_64.manylinux_2_28_x86_64.manylinux_2_5_x86_64.whl.metadata (3.5 kB)
crashkit/vac	UNKNOWN STEP	2026-08-31T11:49:24.3809733Z Collecting python-dotenv>=0.13 (from uvicorn[standard]>=0.27->crashkit==0.1.0)
crashkit/vac	UNKNOWN STEP	2026-08-31T11:49:24.3841331Z   Downloading python_dotenv-1.2.3-py3-none-any.whl.metadata (29 kB)
crashkit/vac	UNKNOWN STEP	2026-08-31T11:49:24.4196991Z Collecting pyyaml>=5.1 (from uvicorn[standard]>=0.27->crashkit==0.1.0)
crashkit/vac	UNKNOWN STEP	2026-08-31T11:49:24.4230437Z   Downloading pyyaml-6.0.3-cp312-cp312-manylinux2014_x86_64.manylinux_2_17_x86_64.manylinux_2_28_x86_64.whl.metadata (2.4 kB)
crashkit/vac	UNKNOWN STEP	2026-08-31T11:49:24.4581138Z Collecting uvloop>=0.15.1 (from uvicorn[standard]>=0.27->crashkit==0.1.0)
crashkit/vac	UNKNOWN STEP	2026-08-31T11:49:24.4614170Z   Downloading uvloop-0.22.1-cp312-cp312-manylinux2014_x86_64.manylinux_2_17_x86_64.manylinux_2_28_x86_64.whl.metadata (4.9 kB)
crashkit/vac	UNKNOWN STEP	2026-08-31T11:49:24.5299069Z Collecting watchfiles>=0.20 (from uvicorn[standard]>=0.27->crashkit==0.1.0)
crashkit/vac	UNKNOWN STEP	2026-08-31T11:49:24.5332393Z   Downloading watchfiles-1.2.0-cp312-cp312-manylinux_2_17_x86_64.manylinux2014_x86_64.whl.metadata (4.9 kB)
crashkit/vac	UNKNOWN STEP	2026-08-31T11:49:24.6316751Z Collecting websockets>=13.0 (from uvicorn[standard]>=0.27->crashkit==0.1.0)
crashkit/vac	UNKNOWN STEP	2026-08-31T11:49:24.6352926Z   Downloading websockets-17.1-cp312-cp312-manylinux1_x86_64.manylinux_2_28_x86_64.manylinux_2_5_x86_64.whl.metadata (6.3 kB)
crashkit/vac	UNKNOWN STEP	2026-08-31T11:49:24.6479705Z Downloading gradecore-0.10.0-py3-none-any.whl (21 kB)
crashkit/vac	UNKNOWN STEP	2026-08-31T11:49:24.6534464Z Downloading fastapi-0.141.1-py3-none-any.whl (131 kB)
crashkit/vac	UNKNOWN STEP	2026-08-31T11:49:24.6605733Z Downloading annotated_doc-0.0.5-py3-none-any.whl (5.3 kB)
crashkit/vac	UNKNOWN STEP	2026-08-31T11:49:24.6660512Z Downloading pydantic-2.13.5-py3-none-any.whl (472 kB)
crashkit/vac	UNKNOWN STEP	2026-08-31T11:49:24.6782039Z Downloading pydantic_core-2.46.5-cp312-cp312-manylinux_2_17_x86_64.manylinux2014_x86_64.whl (2.1 MB)
crashkit/vac	UNKNOWN STEP	2026-08-31T11:49:24.7037729Z    ━━━━━━━━━━━━━━━━━━━━━━━━━━━━━━━━━━━━━━━━ 2.1/2.1 MB 89.5 MB/s  0:00:00
crashkit/vac	UNKNOWN STEP	2026-08-31T11:49:24.7070444Z Downloading annotated_types-0.8.0-py3-none-any.whl (13 kB)
crashkit/vac	UNKNOWN STEP	2026-08-31T11:49:24.7131957Z Downloading starlette-1.6.0-py3-none-any.whl (75 kB)
crashkit/vac	UNKNOWN STEP	2026-08-31T11:49:24.7190302Z Downloading anyio-4.14.2-py3-none-any.whl (125 kB)
crashkit/vac	UNKNOWN STEP	2026-08-31T11:49:24.7243959Z Downloading idna-3.19-py3-none-any.whl (68 kB)
crashkit/vac	UNKNOWN STEP	2026-08-31T11:49:24.7296038Z Downloading typing_extensions-4.16.0-py3-none-any.whl (45 kB)
crashkit/vac	UNKNOWN STEP	2026-08-31T11:49:24.7345291Z Downloading typing_inspection-0.4.4-py3-none-any.whl (14 kB)
crashkit/vac	UNKNOWN STEP	2026-08-31T11:49:24.7393913Z Downloading uvicorn-0.52.4-py3-none-any.whl (79 kB)
crashkit/vac	UNKNOWN STEP	2026-08-31T11:49:24.7447241Z Downloading click-8.5.0-py3-none-any.whl (125 kB)
crashkit/vac	UNKNOWN STEP	2026-08-31T11:49:24.7500685Z Downloading h11-0.16.0-py3-none-any.whl (37 kB)
crashkit/vac	UNKNOWN STEP	2026-08-31T11:49:24.7552845Z Downloading httptools-0.8.0-cp312-cp312-manylinux1_x86_64.manylinux_2_28_x86_64.manylinux_2_5_x86_64.whl (523 kB)
crashkit/vac	UNKNOWN STEP	2026-08-31T11:49:24.7639930Z Downloading python_dotenv-1.2.3-py3-none-any.whl (22 kB)
crashkit/vac	UNKNOWN STEP	2026-08-31T11:49:24.7739008Z Downloading pyyaml-6.0.3-cp312-cp312-manylinux2014_x86_64.manylinux_2_17_x86_64.manylinux_2_28_x86_64.whl (807 kB)
crashkit/vac	UNKNOWN STEP	2026-08-31T11:49:24.7831594Z    ━━━━━━━━━━━━━━━━━━━━━━━━━━━━━━━━━━━━━━━━ 807.9/807.9 kB 93.1 MB/s  0:00:00
crashkit/vac	UNKNOWN STEP	2026-08-31T11:49:24.7867526Z Downloading uvloop-0.22.1-cp312-cp312-manylinux2014_x86_64.manylinux_2_17_x86_64.manylinux_2_28_x86_64.whl (4.4 MB)
crashkit/vac	UNKNOWN STEP	2026-08-31T11:49:24.8131519Z    ━━━━━━━━━━━━━━━━━━━━━━━━━━━━━━━━━━━━━━━━ 4.4/4.4 MB 174.3 MB/s  0:00:00
crashkit/vac	UNKNOWN STEP	2026-08-31T11:49:24.8165936Z Downloading watchfiles-1.2.0-cp312-cp312-manylinux_2_17_x86_64.manylinux2014_x86_64.whl (456 kB)
crashkit/vac	UNKNOWN STEP	2026-08-31T11:49:24.8228570Z Downloading websockets-17.1-cp312-cp312-manylinux1_x86_64.manylinux_2_28_x86_64.manylinux_2_5_x86_64.whl (224 kB)
crashkit/vac	UNKNOWN STEP	2026-08-31T11:49:24.8818618Z Building wheels for collected packages: model-drift, crashkit
crashkit/vac	UNKNOWN STEP	2026-08-31T11:49:24.8828053Z   Building wheel for model-drift (pyproject.toml): started
crashkit/vac	UNKNOWN STEP	2026-08-31T11:49:25.0997589Z   Building wheel for model-drift (pyproject.toml): finished with status 'done'
crashkit/vac	UNKNOWN STEP	2026-08-31T11:49:25.1004103Z   Created wheel for model-drift: filename=model_drift-0.1.0-py3-none-any.whl size=38267 sha256=8cbe50df79a779ddde786c67e7460c3118c949e1cbf1c5d27573fab4fc1cce07
crashkit/vac	UNKNOWN STEP	2026-08-31T11:49:25.1006032Z   Stored in directory: /tmp/pip-ephem-wheel-cache-8j6ojo37/wheels/bf/a9/90/158518099a917f455f80fb46a9dddd551f3e12df6c0df76e39
crashkit/vac	UNKNOWN STEP	2026-08-31T11:49:25.1028714Z   Building wheel for crashkit (pyproject.toml): started
crashkit/vac	UNKNOWN STEP	2026-08-31T11:49:25.3195779Z   Building wheel for crashkit (pyproject.toml): finished with status 'done'
crashkit/vac	UNKNOWN STEP	2026-08-31T11:49:25.3201087Z   Created wheel for crashkit: filename=crashkit-0.1.0-py3-none-any.whl size=23288 sha256=034ffb20345aa33cbd5e03a9620af9e95834556a77ca0390c2ac88ac758d2354
crashkit/vac	UNKNOWN STEP	2026-08-31T11:49:25.3203722Z   Stored in directory: /tmp/pip-ephem-wheel-cache-8j6ojo37/wheels/9c/ec/1b/d9e190e220536733f4048d8fe227b840b2eca03c0a75ceaeaf
crashkit/vac	UNKNOWN STEP	2026-08-31T11:49:25.3218824Z Successfully built model-drift crashkit
crashkit/vac	UNKNOWN STEP	2026-08-31T11:49:25.3669518Z Installing collected packages: websockets, uvloop, typing-extensions, pyyaml, python-dotenv, model-drift, idna, httptools, h11, gradecore, click, annotated-types, annotated-doc, uvicorn, typing-inspection, pydantic-core, anyio, watchfiles, starlette, pydantic, fastapi, crashkit
crashkit/vac	UNKNOWN STEP	2026-08-31T11:49:26.6020419Z 
crashkit/vac	UNKNOWN STEP	2026-08-31T11:49:26.6047987Z Successfully installed annotated-doc-0.0.5 annotated-types-0.8.0 anyio-4.14.2 click-8.5.0 crashkit-0.1.0 fastapi-0.141.1 gradecore-0.10.0 h11-0.16.0 httptools-0.8.0 idna-3.19 model-drift-0.1.0 pydantic-2.13.5 pydantic-core-2.46.5 python-dotenv-1.2.3 pyyaml-6.0.3 starlette-1.6.0 typing-extensions-4.16.0 typing-inspection-0.4.4 uvicorn-0.52.4 uvloop-0.22.1 watchfiles-1.2.0 websockets-17.1
crashkit/vac	UNKNOWN STEP	2026-08-31T11:49:26.7239312Z + cd issuer
crashkit/vac	UNKNOWN STEP	2026-08-31T11:49:26.7239805Z + python emit_vac.py
crashkit/vac	UNKNOWN STEP	2026-08-31T11:49:27.1997649Z stamped 2405a18; wrote 8 artifacts + vac/vac.json
crashkit/vac	UNKNOWN STEP	2026-08-31T11:49:27.2109735Z + for f in adversarial_safe.eval_run.json adversarial_vulnerable.eval_run.json agentic_safe.eval_run.json agentic_vulnerable.eval_run.json grading_replay_safe.eval_run.json grading_replay_vulnerable.eval_run.json modeldrift_suite.eval_run.json variance_flaky_n10.report.json vac.json
crashkit/vac	UNKNOWN STEP	2026-08-31T11:49:27.2111666Z + cmp issuer/vac/adversarial_safe.eval_run.json adversarial_safe.eval_run.json
crashkit/vac	UNKNOWN STEP	2026-08-31T11:49:27.2124018Z + for f in adversarial_safe.eval_run.json adversarial_vulnerable.eval_run.json agentic_safe.eval_run.json agentic_vulnerable.eval_run.json grading_replay_safe.eval_run.json grading_replay_vulnerable.eval_run.json modeldrift_suite.eval_run.json variance_flaky_n10.report.json vac.json
crashkit/vac	UNKNOWN STEP	2026-08-31T11:49:27.2126489Z + cmp issuer/vac/adversarial_vulnerable.eval_run.json adversarial_vulnerable.eval_run.json
crashkit/vac	UNKNOWN STEP	2026-08-31T11:49:27.2137208Z + for f in adversarial_safe.eval_run.json adversarial_vulnerable.eval_run.json agentic_safe.eval_run.json agentic_vulnerable.eval_run.json grading_replay_safe.eval_run.json grading_replay_vulnerable.eval_run.json modeldrift_suite.eval_run.json variance_flaky_n10.report.json vac.json
crashkit/vac	UNKNOWN STEP	2026-08-31T11:49:27.2138734Z + cmp issuer/vac/agentic_safe.eval_run.json agentic_safe.eval_run.json
crashkit/vac	UNKNOWN STEP	2026-08-31T11:49:27.2149308Z + for f in adversarial_safe.eval_run.json adversarial_vulnerable.eval_run.json agentic_safe.eval_run.json agentic_vulnerable.eval_run.json grading_replay_safe.eval_run.json grading_replay_vulnerable.eval_run.json modeldrift_suite.eval_run.json variance_flaky_n10.report.json vac.json
crashkit/vac	UNKNOWN STEP	2026-08-31T11:49:27.2150687Z + cmp issuer/vac/agentic_vulnerable.eval_run.json agentic_vulnerable.eval_run.json
crashkit/vac	UNKNOWN STEP	2026-08-31T11:49:27.2160679Z + for f in adversarial_safe.eval_run.json adversarial_vulnerable.eval_run.json agentic_safe.eval_run.json agentic_vulnerable.eval_run.json grading_replay_safe.eval_run.json grading_replay_vulnerable.eval_run.json modeldrift_suite.eval_run.json variance_flaky_n10.report.json vac.json
crashkit/vac	UNKNOWN STEP	2026-08-31T11:49:27.2162141Z + cmp issuer/vac/grading_replay_safe.eval_run.json grading_replay_safe.eval_run.json
crashkit/vac	UNKNOWN STEP	2026-08-31T11:49:27.2171957Z + for f in adversarial_safe.eval_run.json adversarial_vulnerable.eval_run.json agentic_safe.eval_run.json agentic_vulnerable.eval_run.json grading_replay_safe.eval_run.json grading_replay_vulnerable.eval_run.json modeldrift_suite.eval_run.json variance_flaky_n10.report.json vac.json
crashkit/vac	UNKNOWN STEP	2026-08-31T11:49:27.2173684Z + cmp issuer/vac/grading_replay_vulnerable.eval_run.json grading_replay_vulnerable.eval_run.json
crashkit/vac	UNKNOWN STEP	2026-08-31T11:49:27.2183416Z + for f in adversarial_safe.eval_run.json adversarial_vulnerable.eval_run.json agentic_safe.eval_run.json agentic_vulnerable.eval_run.json grading_replay_safe.eval_run.json grading_replay_vulnerable.eval_run.json modeldrift_suite.eval_run.json variance_flaky_n10.report.json vac.json
crashkit/vac	UNKNOWN STEP	2026-08-31T11:49:27.2184877Z + cmp issuer/vac/modeldrift_suite.eval_run.json modeldrift_suite.eval_run.json
crashkit/vac	UNKNOWN STEP	2026-08-31T11:49:27.2194565Z + for f in adversarial_safe.eval_run.json adversarial_vulnerable.eval_run.json agentic_safe.eval_run.json agentic_vulnerable.eval_run.json grading_replay_safe.eval_run.json grading_replay_vulnerable.eval_run.json modeldrift_suite.eval_run.json variance_flaky_n10.report.json vac.json
crashkit/vac	UNKNOWN STEP	2026-08-31T11:49:27.2196045Z + cmp issuer/vac/variance_flaky_n10.report.json variance_flaky_n10.report.json
crashkit/vac	UNKNOWN STEP	2026-08-31T11:49:27.2205603Z + for f in adversarial_safe.eval_run.json adversarial_vulnerable.eval_run.json agentic_safe.eval_run.json agentic_vulnerable.eval_run.json grading_replay_safe.eval_run.json grading_replay_vulnerable.eval_run.json modeldrift_suite.eval_run.json variance_flaky_n10.report.json vac.json
crashkit/vac	UNKNOWN STEP	2026-08-31T11:49:27.2206992Z + cmp issuer/vac/vac.json vac.json
crashkit/vac	UNKNOWN STEP	2026-08-31T11:49:27.2254235Z ##[group]Run if jq -e '[.results.checks[].profile] | index("certlab-bundle-v1")' bundle/vac.json > /dev/null; then
crashkit/vac	UNKNOWN STEP	2026-08-31T11:49:27.2255046Z ^[[36;1mif jq -e '[.results.checks[].profile] | index("certlab-bundle-v1")' bundle/vac.json > /dev/null; then^[[0m
crashkit/vac	UNKNOWN STEP	2026-08-31T11:49:27.2255811Z ^[[36;1m  if grep -Eq 'stale-code|cannot regrade' transcript.txt; then^[[0m
crashkit/vac	UNKNOWN STEP	2026-08-31T11:49:27.2256530Z ^[[36;1m    echo "regrade REFUSED at the pinned commit — issuer_commit/replay commit does not regrade this bundle (drifted task set or wrong pin)"^[[0m
crashkit/vac	UNKNOWN STEP	2026-08-31T11:49:27.2257137Z ^[[36;1m    exit 1^[[0m
crashkit/vac	UNKNOWN STEP	2026-08-31T11:49:27.2257341Z ^[[36;1m  fi^[[0m
crashkit/vac	UNKNOWN STEP	2026-08-31T11:49:27.2257598Z ^[[36;1m  if ! grep -q 'consistent' transcript.txt; then^[[0m
crashkit/vac	UNKNOWN STEP	2026-08-31T11:49:27.2258059Z ^[[36;1m    echo "regrade never reported 'consistent' — the verdicts were not re-earned"^[[0m
crashkit/vac	UNKNOWN STEP	2026-08-31T11:49:27.2258475Z ^[[36;1m    exit 1^[[0m
crashkit/vac	UNKNOWN STEP	2026-08-31T11:49:27.2258672Z ^[[36;1m  fi^[[0m
crashkit/vac	UNKNOWN STEP	2026-08-31T11:49:27.2258853Z ^[[36;1melse^[[0m
crashkit/vac	UNKNOWN STEP	2026-08-31T11:49:27.2259239Z ^[[36;1m  echo "no certlab-bundle-v1 check in this bundle; predicate not applicable"^[[0m
crashkit/vac	UNKNOWN STEP	2026-08-31T11:49:27.2259641Z ^[[36;1mfi^[[0m
crashkit/vac	UNKNOWN STEP	2026-08-31T11:49:27.2297233Z shell: /usr/bin/bash -e {0}
crashkit/vac	UNKNOWN STEP	2026-08-31T11:49:27.2297497Z env:
crashkit/vac	UNKNOWN STEP	2026-08-31T11:49:27.2297771Z   pythonLocation: /opt/hostedtoolcache/Python/3.12.14/x64
crashkit/vac	UNKNOWN STEP	2026-08-31T11:49:27.2298213Z   PKG_CONFIG_PATH: /opt/hostedtoolcache/Python/3.12.14/x64/lib/pkgconfig
crashkit/vac	UNKNOWN STEP	2026-08-31T11:49:27.2298646Z   Python_ROOT_DIR: /opt/hostedtoolcache/Python/3.12.14/x64
crashkit/vac	UNKNOWN STEP	2026-08-31T11:49:27.2299067Z   Python2_ROOT_DIR: /opt/hostedtoolcache/Python/3.12.14/x64
crashkit/vac	UNKNOWN STEP	2026-08-31T11:49:27.2299479Z   Python3_ROOT_DIR: /opt/hostedtoolcache/Python/3.12.14/x64
crashkit/vac	UNKNOWN STEP	2026-08-31T11:49:27.2299868Z   LD_LIBRARY_PATH: /opt/hostedtoolcache/Python/3.12.14/x64/lib
crashkit/vac	UNKNOWN STEP	2026-08-31T11:49:27.2300197Z ##[endgroup]
crashkit/vac	UNKNOWN STEP	2026-08-31T11:49:27.2387607Z no certlab-bundle-v1 check in this bundle; predicate not applicable
crashkit/vac	UNKNOWN STEP	2026-08-31T11:49:27.2415209Z ##[group]Run if jq -e '[.results.checks[].profile] | index("fleet-board-v1")' bundle/vac.json > /dev/null; then
crashkit/vac	UNKNOWN STEP	2026-08-31T11:49:27.2415954Z ^[[36;1mif jq -e '[.results.checks[].profile] | index("fleet-board-v1")' bundle/vac.json > /dev/null; then^[[0m
crashkit/vac	UNKNOWN STEP	2026-08-31T11:49:27.2416463Z ^[[36;1m  if ! grep -q '+ cmp ' transcript.txt; then^[[0m
crashkit/vac	UNKNOWN STEP	2026-08-31T11:49:27.2417024Z ^[[36;1m    echo "fleet replay block executed no cmp — byte-identity with the downloaded results was never checked"^[[0m
crashkit/vac	UNKNOWN STEP	2026-08-31T11:49:27.2417537Z ^[[36;1m    exit 1^[[0m
crashkit/vac	UNKNOWN STEP	2026-08-31T11:49:27.2417746Z ^[[36;1m  fi^[[0m
crashkit/vac	UNKNOWN STEP	2026-08-31T11:49:27.2418001Z ^[[36;1m  if grep -E 'differ|EOF on' transcript.txt; then^[[0m
crashkit/vac	UNKNOWN STEP	2026-08-31T11:49:27.2418497Z ^[[36;1m    echo "a byte-compare FAILED — the pinned commit does not reproduce the registered bytes"^[[0m
crashkit/vac	UNKNOWN STEP	2026-08-31T11:49:27.2418945Z ^[[36;1m    exit 1^[[0m
crashkit/vac	UNKNOWN STEP	2026-08-31T11:49:27.2419143Z ^[[36;1m  fi^[[0m
crashkit/vac	UNKNOWN STEP	2026-08-31T11:49:27.2419323Z ^[[36;1melse^[[0m
crashkit/vac	UNKNOWN STEP	2026-08-31T11:49:27.2419674Z ^[[36;1m  echo "no fleet-board-v1 check in this bundle; predicate not applicable"^[[0m
crashkit/vac	UNKNOWN STEP	2026-08-31T11:49:27.2420058Z ^[[36;1mfi^[[0m
crashkit/vac	UNKNOWN STEP	2026-08-31T11:49:27.2454553Z shell: /usr/bin/bash -e {0}
crashkit/vac	UNKNOWN STEP	2026-08-31T11:49:27.2454799Z env:
crashkit/vac	UNKNOWN STEP	2026-08-31T11:49:27.2455064Z   pythonLocation: /opt/hostedtoolcache/Python/3.12.14/x64
crashkit/vac	UNKNOWN STEP	2026-08-31T11:49:27.2455499Z   PKG_CONFIG_PATH: /opt/hostedtoolcache/Python/3.12.14/x64/lib/pkgconfig
crashkit/vac	UNKNOWN STEP	2026-08-31T11:49:27.2455946Z   Python_ROOT_DIR: /opt/hostedtoolcache/Python/3.12.14/x64
crashkit/vac	UNKNOWN STEP	2026-08-31T11:49:27.2456323Z   Python2_ROOT_DIR: /opt/hostedtoolcache/Python/3.12.14/x64
crashkit/vac	UNKNOWN STEP	2026-08-31T11:49:27.2456709Z   Python3_ROOT_DIR: /opt/hostedtoolcache/Python/3.12.14/x64
crashkit/vac	UNKNOWN STEP	2026-08-31T11:49:27.2457100Z   LD_LIBRARY_PATH: /opt/hostedtoolcache/Python/3.12.14/x64/lib
crashkit/vac	UNKNOWN STEP	2026-08-31T11:49:27.2457421Z ##[endgroup]
crashkit/vac	UNKNOWN STEP	2026-08-31T11:49:27.2541872Z no fleet-board-v1 check in this bundle; predicate not applicable
crashkit/vac	UNKNOWN STEP	2026-08-31T11:49:27.2566932Z ##[group]Run if jq -e '[.results.checks[].profile] | index("evalmut-run-v1")' bundle/vac.json > /dev/null; then
crashkit/vac	UNKNOWN STEP	2026-08-31T11:49:27.2567717Z ^[[36;1mif jq -e '[.results.checks[].profile] | index("evalmut-run-v1")' bundle/vac.json > /dev/null; then^[[0m
crashkit/vac	UNKNOWN STEP	2026-08-31T11:49:27.2568258Z ^[[36;1m  if ! grep -q '+ cmp ' transcript.txt; then^[[0m
crashkit/vac	UNKNOWN STEP	2026-08-31T11:49:27.2568824Z ^[[36;1m    echo "evalmut replay block executed no cmp — byte-identity with the downloaded payload was never checked"^[[0m
crashkit/vac	UNKNOWN STEP	2026-08-31T11:49:27.2569511Z ^[[36;1m    exit 1^[[0m
crashkit/vac	UNKNOWN STEP	2026-08-31T11:49:27.2569720Z ^[[36;1m  fi^[[0m
crashkit/vac	UNKNOWN STEP	2026-08-31T11:49:27.2569978Z ^[[36;1m  if grep -E 'differ|EOF on' transcript.txt; then^[[0m
crashkit/vac	UNKNOWN STEP	2026-08-31T11:49:27.2570484Z ^[[36;1m    echo "a byte-compare FAILED — the pinned commit does not reproduce the registered bytes"^[[0m
crashkit/vac	UNKNOWN STEP	2026-08-31T11:49:27.2570928Z ^[[36;1m    exit 1^[[0m
crashkit/vac	UNKNOWN STEP	2026-08-31T11:49:27.2571126Z ^[[36;1m  fi^[[0m
crashkit/vac	UNKNOWN STEP	2026-08-31T11:49:27.2571309Z ^[[36;1melse^[[0m
crashkit/vac	UNKNOWN STEP	2026-08-31T11:49:27.2571675Z ^[[36;1m  echo "no evalmut-run-v1 check in this bundle; predicate not applicable"^[[0m
crashkit/vac	UNKNOWN STEP	2026-08-31T11:49:27.2572057Z ^[[36;1mfi^[[0m
crashkit/vac	UNKNOWN STEP	2026-08-31T11:49:27.2605695Z shell: /usr/bin/bash -e {0}
crashkit/vac	UNKNOWN STEP	2026-08-31T11:49:27.2605944Z env:
crashkit/vac	UNKNOWN STEP	2026-08-31T11:49:27.2606223Z   pythonLocation: /opt/hostedtoolcache/Python/3.12.14/x64
crashkit/vac	UNKNOWN STEP	2026-08-31T11:49:27.2606673Z   PKG_CONFIG_PATH: /opt/hostedtoolcache/Python/3.12.14/x64/lib/pkgconfig
crashkit/vac	UNKNOWN STEP	2026-08-31T11:49:27.2607123Z   Python_ROOT_DIR: /opt/hostedtoolcache/Python/3.12.14/x64
crashkit/vac	UNKNOWN STEP	2026-08-31T11:49:27.2607515Z   Python2_ROOT_DIR: /opt/hostedtoolcache/Python/3.12.14/x64
crashkit/vac	UNKNOWN STEP	2026-08-31T11:49:27.2607907Z   Python3_ROOT_DIR: /opt/hostedtoolcache/Python/3.12.14/x64
crashkit/vac	UNKNOWN STEP	2026-08-31T11:49:27.2608305Z   LD_LIBRARY_PATH: /opt/hostedtoolcache/Python/3.12.14/x64/lib
crashkit/vac	UNKNOWN STEP	2026-08-31T11:49:27.2608629Z ##[endgroup]
crashkit/vac	UNKNOWN STEP	2026-08-31T11:49:27.2691101Z no evalmut-run-v1 check in this bundle; predicate not applicable
crashkit/vac	UNKNOWN STEP	2026-08-31T11:49:27.2719004Z ##[group]Run if jq -e '[.results.checks[].profile] | index("crashkit-battery-v1")' bundle/vac.json > /dev/null; then
crashkit/vac	UNKNOWN STEP	2026-08-31T11:49:27.2719810Z ^[[36;1mif jq -e '[.results.checks[].profile] | index("crashkit-battery-v1")' bundle/vac.json > /dev/null; then^[[0m
crashkit/vac	UNKNOWN STEP	2026-08-31T11:49:27.2720344Z ^[[36;1m  if ! grep -q '+ cmp ' transcript.txt; then^[[0m
crashkit/vac	UNKNOWN STEP	2026-08-31T11:49:27.2720920Z ^[[36;1m    echo "crashkit replay block executed no cmp — byte-identity with the downloaded artifacts was never checked"^[[0m
crashkit/vac	UNKNOWN STEP	2026-08-31T11:49:27.2721457Z ^[[36;1m    exit 1^[[0m
crashkit/vac	UNKNOWN STEP	2026-08-31T11:49:27.2721669Z ^[[36;1m  fi^[[0m
crashkit/vac	UNKNOWN STEP	2026-08-31T11:49:27.2721937Z ^[[36;1m  if grep -E 'differ|EOF on' transcript.txt; then^[[0m
crashkit/vac	UNKNOWN STEP	2026-08-31T11:49:27.2722446Z ^[[36;1m    echo "a byte-compare FAILED — the pinned commit does not reproduce the registered bytes"^[[0m
crashkit/vac	UNKNOWN STEP	2026-08-31T11:49:27.2722891Z ^[[36;1m    exit 1^[[0m
crashkit/vac	UNKNOWN STEP	2026-08-31T11:49:27.2723379Z ^[[36;1m  fi^[[0m
crashkit/vac	UNKNOWN STEP	2026-08-31T11:49:27.2723579Z ^[[36;1melse^[[0m
crashkit/vac	UNKNOWN STEP	2026-08-31T11:49:27.2723961Z ^[[36;1m  echo "no crashkit-battery-v1 check in this bundle; predicate not applicable"^[[0m
crashkit/vac	UNKNOWN STEP	2026-08-31T11:49:27.2724370Z ^[[36;1mfi^[[0m
crashkit/vac	UNKNOWN STEP	2026-08-31T11:49:27.2757380Z shell: /usr/bin/bash -e {0}
crashkit/vac	UNKNOWN STEP	2026-08-31T11:49:27.2757628Z env:
crashkit/vac	UNKNOWN STEP	2026-08-31T11:49:27.2757892Z   pythonLocation: /opt/hostedtoolcache/Python/3.12.14/x64
crashkit/vac	UNKNOWN STEP	2026-08-31T11:49:27.2758339Z   PKG_CONFIG_PATH: /opt/hostedtoolcache/Python/3.12.14/x64/lib/pkgconfig
crashkit/vac	UNKNOWN STEP	2026-08-31T11:49:27.2758783Z   Python_ROOT_DIR: /opt/hostedtoolcache/Python/3.12.14/x64
crashkit/vac	UNKNOWN STEP	2026-08-31T11:49:27.2759160Z   Python2_ROOT_DIR: /opt/hostedtoolcache/Python/3.12.14/x64
crashkit/vac	UNKNOWN STEP	2026-08-31T11:49:27.2759539Z   Python3_ROOT_DIR: /opt/hostedtoolcache/Python/3.12.14/x64
crashkit/vac	UNKNOWN STEP	2026-08-31T11:49:27.2759929Z   LD_LIBRARY_PATH: /opt/hostedtoolcache/Python/3.12.14/x64/lib
crashkit/vac	UNKNOWN STEP	2026-08-31T11:49:27.2760250Z ##[endgroup]
crashkit/vac	UNKNOWN STEP	2026-08-31T11:49:27.2897474Z ##[group]Run if jq -e '[.results.checks[].profile] | index("modeldrift-board-v1")' bundle/vac.json > /dev/null; then
crashkit/vac	UNKNOWN STEP	2026-08-31T11:49:27.2898253Z ^[[36;1mif jq -e '[.results.checks[].profile] | index("modeldrift-board-v1")' bundle/vac.json > /dev/null; then^[[0m
crashkit/vac	UNKNOWN STEP	2026-08-31T11:49:27.2898785Z ^[[36;1m  if ! grep -q '+ cmp ' transcript.txt; then^[[0m
crashkit/vac	UNKNOWN STEP	2026-08-31T11:49:27.2899368Z ^[[36;1m    echo "modeldrift replay block executed no cmp — byte-identity with the downloaded artifacts was never checked"^[[0m
crashkit/vac	UNKNOWN STEP	2026-08-31T11:49:27.2899921Z ^[[36;1m    exit 1^[[0m
crashkit/vac	UNKNOWN STEP	2026-08-31T11:49:27.2900131Z ^[[36;1m  fi^[[0m
crashkit/vac	UNKNOWN STEP	2026-08-31T11:49:27.2900392Z ^[[36;1m  if grep -E 'differ|EOF on' transcript.txt; then^[[0m
crashkit/vac	UNKNOWN STEP	2026-08-31T11:49:27.2900902Z ^[[36;1m    echo "a byte-compare FAILED — the pinned commit does not reproduce the registered bytes"^[[0m
crashkit/vac	UNKNOWN STEP	2026-08-31T11:49:27.2901537Z ^[[36;1m    exit 1^[[0m
crashkit/vac	UNKNOWN STEP	2026-08-31T11:49:27.2901735Z ^[[36;1m  fi^[[0m
crashkit/vac	UNKNOWN STEP	2026-08-31T11:49:27.2901915Z ^[[36;1melse^[[0m
crashkit/vac	UNKNOWN STEP	2026-08-31T11:49:27.2902302Z ^[[36;1m  echo "no modeldrift-board-v1 check in this bundle; predicate not applicable"^[[0m
crashkit/vac	UNKNOWN STEP	2026-08-31T11:49:27.2902717Z ^[[36;1mfi^[[0m
crashkit/vac	UNKNOWN STEP	2026-08-31T11:49:27.2937702Z shell: /usr/bin/bash -e {0}
crashkit/vac	UNKNOWN STEP	2026-08-31T11:49:27.2937948Z env:
crashkit/vac	UNKNOWN STEP	2026-08-31T11:49:27.2938216Z   pythonLocation: /opt/hostedtoolcache/Python/3.12.14/x64
crashkit/vac	UNKNOWN STEP	2026-08-31T11:49:27.2938654Z   PKG_CONFIG_PATH: /opt/hostedtoolcache/Python/3.12.14/x64/lib/pkgconfig
crashkit/vac	UNKNOWN STEP	2026-08-31T11:49:27.2939100Z   Python_ROOT_DIR: /opt/hostedtoolcache/Python/3.12.14/x64
crashkit/vac	UNKNOWN STEP	2026-08-31T11:49:27.2939489Z   Python2_ROOT_DIR: /opt/hostedtoolcache/Python/3.12.14/x64
crashkit/vac	UNKNOWN STEP	2026-08-31T11:49:27.2939867Z   Python3_ROOT_DIR: /opt/hostedtoolcache/Python/3.12.14/x64
crashkit/vac	UNKNOWN STEP	2026-08-31T11:49:27.2940246Z   LD_LIBRARY_PATH: /opt/hostedtoolcache/Python/3.12.14/x64/lib
crashkit/vac	UNKNOWN STEP	2026-08-31T11:49:27.2940566Z ##[endgroup]
crashkit/vac	UNKNOWN STEP	2026-08-31T11:49:27.3024684Z no modeldrift-board-v1 check in this bundle; predicate not applicable
crashkit/vac	UNKNOWN STEP	2026-08-31T11:49:27.3132934Z Node 20 is being deprecated. This workflow is running with Node 24 by default. If you need to temporarily use Node 20, you can set the ACTIONS_ALLOW_USE_UNSECURE_NODE_VERSION=true environment variable. For more information see: https://github.blog/changelog/2025-09-19-deprecation-of-node-20-on-github-actions-runners/
crashkit/vac	UNKNOWN STEP	2026-08-31T11:49:27.3134550Z Post job cleanup.
crashkit/vac	UNKNOWN STEP	2026-08-31T11:49:27.4404175Z (node:2490) [DEP0040] DeprecationWarning: The `punycode` module is deprecated. Please use a userland alternative instead.
crashkit/vac	UNKNOWN STEP	2026-08-31T11:49:27.4405242Z (Use `node --trace-deprecation ...` to show where the warning was created)
crashkit/vac	UNKNOWN STEP	2026-08-31T11:49:27.4653895Z Node 20 is being deprecated. This workflow is running with Node 24 by default. If you need to temporarily use Node 20, you can set the ACTIONS_ALLOW_USE_UNSECURE_NODE_VERSION=true environment variable. For more information see: https://github.blog/changelog/2025-09-19-deprecation-of-node-20-on-github-actions-runners/
crashkit/vac	UNKNOWN STEP	2026-08-31T11:49:27.4656147Z Post job cleanup.
crashkit/vac	UNKNOWN STEP	2026-08-31T11:49:27.5898778Z (node:2498) [DEP0040] DeprecationWarning: The `punycode` module is deprecated. Please use a userland alternative instead.
crashkit/vac	UNKNOWN STEP	2026-08-31T11:49:27.5899902Z (Use `node --trace-deprecation ...` to show where the warning was created)
crashkit/vac	UNKNOWN STEP	2026-08-31T11:49:27.6124666Z Node 20 is being deprecated. This workflow is running with Node 24 by default. If you need to temporarily use Node 20, you can set the ACTIONS_ALLOW_USE_UNSECURE_NODE_VERSION=true environment variable. For more information see: https://github.blog/changelog/2025-09-19-deprecation-of-node-20-on-github-actions-runners/
crashkit/vac	UNKNOWN STEP	2026-08-31T11:49:27.6126857Z Post job cleanup.
crashkit/vac	UNKNOWN STEP	2026-08-31T11:49:27.7010964Z [command]/usr/bin/git version
crashkit/vac	UNKNOWN STEP	2026-08-31T11:49:27.7059108Z git version 2.55.0
crashkit/vac	UNKNOWN STEP	2026-08-31T11:49:27.7102034Z Temporarily overriding HOME='/home/runner/work/_temp/c7a5d06e-36f9-469a-865a-591430f8e25a' before making global git config changes
crashkit/vac	UNKNOWN STEP	2026-08-31T11:49:27.7104055Z Adding repository directory to the temporary git global config as a safe directory
crashkit/vac	UNKNOWN STEP	2026-08-31T11:49:27.7109345Z [command]/usr/bin/git config --global --add safe.directory /home/runner/work/vac-protocol/vac-protocol
crashkit/vac	UNKNOWN STEP	2026-08-31T11:49:27.7156021Z [command]/usr/bin/git config --local --name-only --get-regexp core\.sshCommand
crashkit/vac	UNKNOWN STEP	2026-08-31T11:49:27.7202274Z [command]/usr/bin/git submodule foreach --recursive sh -c "git config --local --name-only --get-regexp 'core\.sshCommand' && git config --local --unset-all 'core.sshCommand' || :"
crashkit/vac	UNKNOWN STEP	2026-08-31T11:49:27.7474773Z [command]/usr/bin/git config --local --name-only --get-regexp http\.https\:\/\/github\.com\/\.extraheader
crashkit/vac	UNKNOWN STEP	2026-08-31T11:49:27.7507441Z http.https://github.com/.extraheader
crashkit/vac	UNKNOWN STEP	2026-08-31T11:49:27.7520532Z [command]/usr/bin/git config --local --unset-all http.https://github.com/.extraheader
crashkit/vac	UNKNOWN STEP	2026-08-31T11:49:27.7555471Z [command]/usr/bin/git submodule foreach --recursive sh -c "git config --local --name-only --get-regexp 'http\.https\:\/\/github\.com\/\.extraheader' && git config --local --unset-all 'http.https://github.com/.extraheader' || :"
crashkit/vac	UNKNOWN STEP	2026-08-31T11:49:27.7833955Z [command]/usr/bin/git config --local --name-only --get-regexp ^includeIf\.gitdir:
crashkit/vac	UNKNOWN STEP	2026-08-31T11:49:27.7877061Z [command]/usr/bin/git submodule foreach --recursive git config --local --show-origin --name-only --get-regexp remote.origin.url
crashkit/vac	UNKNOWN STEP	2026-08-31T11:49:27.8261852Z Cleaning up orphan processes
crashkit/vac	UNKNOWN STEP	2026-08-31T11:49:27.8536574Z ##[warning]Node.js 20 is deprecated. The following actions target Node.js 20 but are being forced to run on Node.js 24: actions/checkout@v4, actions/setup-node@v4, actions/setup-python@v5. For more information see: https://github.blog/changelog/2025-09-19-deprecation-of-node-20-on-github-actions-runners/
