refusal-coverage	UNKNOWN STEP	﻿2026-08-28T10:21:21.2470616Z Current runner version: '2.336.0'
refusal-coverage	UNKNOWN STEP	2026-08-28T10:21:21.2496376Z ##[group]Runner Image Provisioner
refusal-coverage	UNKNOWN STEP	2026-08-28T10:21:21.2497403Z Hosted Compute Agent
refusal-coverage	UNKNOWN STEP	2026-08-28T10:21:21.2498028Z Version: 20260819.586
refusal-coverage	UNKNOWN STEP	2026-08-28T10:21:21.2498697Z Commit: 3cc4a88dfa507ef76119ad1bb3eccc6378bb2b76
refusal-coverage	UNKNOWN STEP	2026-08-28T10:21:21.2499565Z Build Date: 2026-08-18T23:20:18Z
refusal-coverage	UNKNOWN STEP	2026-08-28T10:21:21.2500511Z Worker ID: {706e36af-5c2a-4467-87b4-547e34c15548}
refusal-coverage	UNKNOWN STEP	2026-08-28T10:21:21.2501326Z Azure Region: westus
refusal-coverage	UNKNOWN STEP	2026-08-28T10:21:21.2501954Z ##[endgroup]
refusal-coverage	UNKNOWN STEP	2026-08-28T10:21:21.2503485Z ##[group]Operating System
refusal-coverage	UNKNOWN STEP	2026-08-28T10:21:21.2504294Z Ubuntu
refusal-coverage	UNKNOWN STEP	2026-08-28T10:21:21.2504853Z 24.04.4
refusal-coverage	UNKNOWN STEP	2026-08-28T10:21:21.2505463Z LTS
refusal-coverage	UNKNOWN STEP	2026-08-28T10:21:21.2506033Z ##[endgroup]
refusal-coverage	UNKNOWN STEP	2026-08-28T10:21:21.2506654Z ##[group]Runner Image
refusal-coverage	UNKNOWN STEP	2026-08-28T10:21:21.2507341Z Image: ubuntu-24.04
refusal-coverage	UNKNOWN STEP	2026-08-28T10:21:21.2507948Z Version: 20260823.283.1
refusal-coverage	UNKNOWN STEP	2026-08-28T10:21:21.2509755Z Included Software: https://github.com/actions/runner-images/blob/ubuntu24/20260823.283/images/ubuntu/Ubuntu2404-Readme.md
refusal-coverage	UNKNOWN STEP	2026-08-28T10:21:21.2511724Z Image Release: https://github.com/actions/runner-images/releases/tag/ubuntu24%2F20260823.283
refusal-coverage	UNKNOWN STEP	2026-08-28T10:21:21.2512848Z ##[endgroup]
refusal-coverage	UNKNOWN STEP	2026-08-28T10:21:21.2514242Z ##[group]GITHUB_TOKEN Permissions
refusal-coverage	UNKNOWN STEP	2026-08-28T10:21:21.2516414Z Contents: read
refusal-coverage	UNKNOWN STEP	2026-08-28T10:21:21.2517084Z Metadata: read
refusal-coverage	UNKNOWN STEP	2026-08-28T10:21:21.2517713Z Packages: read
refusal-coverage	UNKNOWN STEP	2026-08-28T10:21:21.2518381Z ##[endgroup]
refusal-coverage	UNKNOWN STEP	2026-08-28T10:21:21.2520974Z Secret source: Actions
refusal-coverage	UNKNOWN STEP	2026-08-28T10:21:21.2522257Z Prepare workflow directory
refusal-coverage	UNKNOWN STEP	2026-08-28T10:21:21.2875661Z Prepare all required actions
refusal-coverage	UNKNOWN STEP	2026-08-28T10:21:21.2930398Z Getting action download info
refusal-coverage	UNKNOWN STEP	2026-08-28T10:21:21.6631154Z Download action repository 'actions/checkout@v4' (SHA:11d5960a326750d5838078e36cf38b85af677262)
refusal-coverage	UNKNOWN STEP	2026-08-28T10:21:21.7885952Z Download action repository 'actions/setup-python@v5' (SHA:a26af69be951a213d495a4c3e4e4022e16d87065)
refusal-coverage	UNKNOWN STEP	2026-08-28T10:21:22.0097223Z Complete job name: refusal-coverage
refusal-coverage	UNKNOWN STEP	2026-08-28T10:21:22.0882163Z Node 20 is being deprecated. This workflow is running with Node 24 by default. If you need to temporarily use Node 20, you can set the ACTIONS_ALLOW_USE_UNSECURE_NODE_VERSION=true environment variable. For more information see: https://github.blog/changelog/2025-09-19-deprecation-of-node-20-on-github-actions-runners/
refusal-coverage	UNKNOWN STEP	2026-08-28T10:21:22.0891617Z ##[group]Run actions/checkout@v4
refusal-coverage	UNKNOWN STEP	2026-08-28T10:21:22.0892359Z with:
refusal-coverage	UNKNOWN STEP	2026-08-28T10:21:22.0892813Z   repository: egnaro9/vac-protocol
refusal-coverage	UNKNOWN STEP	2026-08-28T10:21:22.0896577Z   token: ***
refusal-coverage	UNKNOWN STEP	2026-08-28T10:21:22.0897018Z   ssh-strict: true
refusal-coverage	UNKNOWN STEP	2026-08-28T10:21:22.0897448Z   ssh-user: git
refusal-coverage	UNKNOWN STEP	2026-08-28T10:21:22.0897884Z   persist-credentials: true
refusal-coverage	UNKNOWN STEP	2026-08-28T10:21:22.0898364Z   clean: true
refusal-coverage	UNKNOWN STEP	2026-08-28T10:21:22.0898807Z   sparse-checkout-cone-mode: true
refusal-coverage	UNKNOWN STEP	2026-08-28T10:21:22.0899323Z   fetch-depth: 1
refusal-coverage	UNKNOWN STEP	2026-08-28T10:21:22.0899751Z   fetch-tags: false
refusal-coverage	UNKNOWN STEP	2026-08-28T10:21:22.0900393Z   show-progress: true
refusal-coverage	UNKNOWN STEP	2026-08-28T10:21:22.0900837Z   lfs: false
refusal-coverage	UNKNOWN STEP	2026-08-28T10:21:22.0901283Z   submodules: false
refusal-coverage	UNKNOWN STEP	2026-08-28T10:21:22.0901727Z   set-safe-directory: true
refusal-coverage	UNKNOWN STEP	2026-08-28T10:21:22.0902246Z   allow-unsafe-pr-checkout: false
refusal-coverage	UNKNOWN STEP	2026-08-28T10:21:22.0903028Z ##[endgroup]
refusal-coverage	UNKNOWN STEP	2026-08-28T10:21:22.1942913Z Syncing repository: egnaro9/vac-protocol
refusal-coverage	UNKNOWN STEP	2026-08-28T10:21:22.1945929Z ##[group]Getting Git version info
refusal-coverage	UNKNOWN STEP	2026-08-28T10:21:22.1947186Z Working directory is '/home/runner/work/vac-protocol/vac-protocol'
refusal-coverage	UNKNOWN STEP	2026-08-28T10:21:22.1948983Z [command]/usr/bin/git version
refusal-coverage	UNKNOWN STEP	2026-08-28T10:21:22.2047923Z git version 2.55.0
refusal-coverage	UNKNOWN STEP	2026-08-28T10:21:22.2073103Z ##[endgroup]
refusal-coverage	UNKNOWN STEP	2026-08-28T10:21:22.2089000Z Temporarily overriding HOME='/home/runner/work/_temp/9e7b2abe-0fce-41c4-8589-0702ae93ff64' before making global git config changes
refusal-coverage	UNKNOWN STEP	2026-08-28T10:21:22.2092030Z Adding repository directory to the temporary git global config as a safe directory
refusal-coverage	UNKNOWN STEP	2026-08-28T10:21:22.2101519Z [command]/usr/bin/git config --global --add safe.directory /home/runner/work/vac-protocol/vac-protocol
refusal-coverage	UNKNOWN STEP	2026-08-28T10:21:22.2176224Z Deleting the contents of '/home/runner/work/vac-protocol/vac-protocol'
refusal-coverage	UNKNOWN STEP	2026-08-28T10:21:22.2178393Z ##[group]Initializing the repository
refusal-coverage	UNKNOWN STEP	2026-08-28T10:21:22.2180304Z [command]/usr/bin/git init /home/runner/work/vac-protocol/vac-protocol
refusal-coverage	UNKNOWN STEP	2026-08-28T10:21:22.2307140Z hint: Using 'master' as the name for the initial branch. This default branch name
refusal-coverage	UNKNOWN STEP	2026-08-28T10:21:22.2322143Z hint: will change to "main" in Git 3.0. To configure the initial branch name
refusal-coverage	UNKNOWN STEP	2026-08-28T10:21:22.2323988Z hint: to use in all of your new repositories, which will suppress this warning,
refusal-coverage	UNKNOWN STEP	2026-08-28T10:21:22.2325221Z hint: call:
refusal-coverage	UNKNOWN STEP	2026-08-28T10:21:22.2325860Z hint:
refusal-coverage	UNKNOWN STEP	2026-08-28T10:21:22.2326654Z hint: 	git config --global init.defaultBranch <name>
refusal-coverage	UNKNOWN STEP	2026-08-28T10:21:22.2327625Z hint:
refusal-coverage	UNKNOWN STEP	2026-08-28T10:21:22.2328637Z hint: Names commonly chosen instead of 'master' are 'main', 'trunk' and
refusal-coverage	UNKNOWN STEP	2026-08-28T10:21:22.2330463Z hint: 'development'. The just-created branch can be renamed via this command:
refusal-coverage	UNKNOWN STEP	2026-08-28T10:21:22.2331680Z hint:
refusal-coverage	UNKNOWN STEP	2026-08-28T10:21:22.2332331Z hint: 	git branch -m <name>
refusal-coverage	UNKNOWN STEP	2026-08-28T10:21:22.2333185Z hint:
refusal-coverage	UNKNOWN STEP	2026-08-28T10:21:22.2334255Z hint: Disable this message with "git config set advice.defaultBranchName false"
refusal-coverage	UNKNOWN STEP	2026-08-28T10:21:22.2335965Z Initialized empty Git repository in /home/runner/work/vac-protocol/vac-protocol/.git/
refusal-coverage	UNKNOWN STEP	2026-08-28T10:21:22.2338841Z [command]/usr/bin/git remote add origin https://github.com/egnaro9/vac-protocol
refusal-coverage	UNKNOWN STEP	2026-08-28T10:21:22.2390368Z ##[endgroup]
refusal-coverage	UNKNOWN STEP	2026-08-28T10:21:22.2391234Z ##[group]Disabling automatic garbage collection
refusal-coverage	UNKNOWN STEP	2026-08-28T10:21:22.2395495Z [command]/usr/bin/git config --local gc.auto 0
refusal-coverage	UNKNOWN STEP	2026-08-28T10:21:22.2433782Z ##[endgroup]
refusal-coverage	UNKNOWN STEP	2026-08-28T10:21:22.2434660Z ##[group]Setting up auth
refusal-coverage	UNKNOWN STEP	2026-08-28T10:21:22.2441785Z [command]/usr/bin/git config --local --name-only --get-regexp core\.sshCommand
refusal-coverage	UNKNOWN STEP	2026-08-28T10:21:22.2477986Z [command]/usr/bin/git submodule foreach --recursive sh -c "git config --local --name-only --get-regexp 'core\.sshCommand' && git config --local --unset-all 'core.sshCommand' || :"
refusal-coverage	UNKNOWN STEP	2026-08-28T10:21:22.2857559Z [command]/usr/bin/git config --local --name-only --get-regexp http\.https\:\/\/github\.com\/\.extraheader
refusal-coverage	UNKNOWN STEP	2026-08-28T10:21:22.2897922Z [command]/usr/bin/git submodule foreach --recursive sh -c "git config --local --name-only --get-regexp 'http\.https\:\/\/github\.com\/\.extraheader' && git config --local --unset-all 'http.https://github.com/.extraheader' || :"
refusal-coverage	UNKNOWN STEP	2026-08-28T10:21:22.3147396Z [command]/usr/bin/git config --local --name-only --get-regexp ^includeIf\.gitdir:
refusal-coverage	UNKNOWN STEP	2026-08-28T10:21:22.3190996Z [command]/usr/bin/git submodule foreach --recursive git config --local --show-origin --name-only --get-regexp remote.origin.url
refusal-coverage	UNKNOWN STEP	2026-08-28T10:21:22.3455499Z [command]/usr/bin/git config --local http.https://github.com/.extraheader AUTHORIZATION: basic ***
refusal-coverage	UNKNOWN STEP	2026-08-28T10:21:22.3506540Z ##[endgroup]
refusal-coverage	UNKNOWN STEP	2026-08-28T10:21:22.3507352Z ##[group]Fetching the repository
refusal-coverage	UNKNOWN STEP	2026-08-28T10:21:22.3523892Z [command]/usr/bin/git -c protocol.version=2 fetch --no-tags --prune --no-recurse-submodules --depth=1 origin +2e5734b1bf26fd93ac1de7243c6d39348371a233:refs/remotes/origin/main
refusal-coverage	UNKNOWN STEP	2026-08-28T10:21:23.0040541Z From https://github.com/egnaro9/vac-protocol
refusal-coverage	UNKNOWN STEP	2026-08-28T10:21:23.0042364Z  * [new ref]         2e5734b1bf26fd93ac1de7243c6d39348371a233 -> origin/main
refusal-coverage	UNKNOWN STEP	2026-08-28T10:21:23.0045698Z ##[endgroup]
refusal-coverage	UNKNOWN STEP	2026-08-28T10:21:23.0047227Z ##[group]Determining the checkout info
refusal-coverage	UNKNOWN STEP	2026-08-28T10:21:23.0049032Z ##[endgroup]
refusal-coverage	UNKNOWN STEP	2026-08-28T10:21:23.0055468Z [command]/usr/bin/git sparse-checkout disable
refusal-coverage	UNKNOWN STEP	2026-08-28T10:21:23.0111997Z [command]/usr/bin/git config --local --unset-all extensions.worktreeConfig
refusal-coverage	UNKNOWN STEP	2026-08-28T10:21:23.0148463Z ##[group]Checking out the ref
refusal-coverage	UNKNOWN STEP	2026-08-28T10:21:23.0154401Z [command]/usr/bin/git checkout --progress --force -B main refs/remotes/origin/main
refusal-coverage	UNKNOWN STEP	2026-08-28T10:21:23.0434906Z Switched to a new branch 'main'
refusal-coverage	UNKNOWN STEP	2026-08-28T10:21:23.0438956Z branch 'main' set up to track 'origin/main'.
refusal-coverage	UNKNOWN STEP	2026-08-28T10:21:23.0479238Z ##[endgroup]
refusal-coverage	UNKNOWN STEP	2026-08-28T10:21:23.0528930Z [command]/usr/bin/git log -1 --format=%H
refusal-coverage	UNKNOWN STEP	2026-08-28T10:21:23.0562426Z 2e5734b1bf26fd93ac1de7243c6d39348371a233
refusal-coverage	UNKNOWN STEP	2026-08-28T10:21:23.0988131Z Node 20 is being deprecated. This workflow is running with Node 24 by default. If you need to temporarily use Node 20, you can set the ACTIONS_ALLOW_USE_UNSECURE_NODE_VERSION=true environment variable. For more information see: https://github.blog/changelog/2025-09-19-deprecation-of-node-20-on-github-actions-runners/
refusal-coverage	UNKNOWN STEP	2026-08-28T10:21:23.0992757Z ##[group]Run actions/setup-python@v5
refusal-coverage	UNKNOWN STEP	2026-08-28T10:21:23.0993468Z with:
refusal-coverage	UNKNOWN STEP	2026-08-28T10:21:23.0993954Z   python-version: 3.12
refusal-coverage	UNKNOWN STEP	2026-08-28T10:21:23.0994534Z   check-latest: false
refusal-coverage	UNKNOWN STEP	2026-08-28T10:21:23.0999696Z   token: ***
refusal-coverage	UNKNOWN STEP	2026-08-28T10:21:23.1000576Z   update-environment: true
refusal-coverage	UNKNOWN STEP	2026-08-28T10:21:23.1001232Z   allow-prereleases: false
refusal-coverage	UNKNOWN STEP	2026-08-28T10:21:23.1001853Z   freethreaded: false
refusal-coverage	UNKNOWN STEP	2026-08-28T10:21:23.1002405Z ##[endgroup]
refusal-coverage	UNKNOWN STEP	2026-08-28T10:21:23.2353056Z ##[group]Installed versions
refusal-coverage	UNKNOWN STEP	2026-08-28T10:21:23.2441616Z (node:2206) [DEP0040] DeprecationWarning: The `punycode` module is deprecated. Please use a userland alternative instead.
refusal-coverage	UNKNOWN STEP	2026-08-28T10:21:23.2444717Z (Use `node --trace-deprecation ...` to show where the warning was created)
refusal-coverage	UNKNOWN STEP	2026-08-28T10:21:23.2446490Z Successfully set up CPython (3.12.14)
refusal-coverage	UNKNOWN STEP	2026-08-28T10:21:23.2448312Z ##[endgroup]
refusal-coverage	UNKNOWN STEP	2026-08-28T10:21:23.2774935Z Node 20 is being deprecated. This workflow is running with Node 24 by default. If you need to temporarily use Node 20, you can set the ACTIONS_ALLOW_USE_UNSECURE_NODE_VERSION=true environment variable. For more information see: https://github.blog/changelog/2025-09-19-deprecation-of-node-20-on-github-actions-runners/
refusal-coverage	UNKNOWN STEP	2026-08-28T10:21:23.2780245Z ##[group]Run actions/checkout@v4
refusal-coverage	UNKNOWN STEP	2026-08-28T10:21:23.2781354Z with:
refusal-coverage	UNKNOWN STEP	2026-08-28T10:21:23.2782687Z   repository: egnaro9/crashkit
refusal-coverage	UNKNOWN STEP	2026-08-28T10:21:23.2783937Z   path: _issuers/crashkit
refusal-coverage	UNKNOWN STEP	2026-08-28T10:21:23.2794225Z   token: ***
refusal-coverage	UNKNOWN STEP	2026-08-28T10:21:23.2795061Z   ssh-strict: true
refusal-coverage	UNKNOWN STEP	2026-08-28T10:21:23.2795881Z   ssh-user: git
refusal-coverage	UNKNOWN STEP	2026-08-28T10:21:23.2796718Z   persist-credentials: true
refusal-coverage	UNKNOWN STEP	2026-08-28T10:21:23.2797678Z   clean: true
refusal-coverage	UNKNOWN STEP	2026-08-28T10:21:23.2798515Z   sparse-checkout-cone-mode: true
refusal-coverage	UNKNOWN STEP	2026-08-28T10:21:23.2799566Z   fetch-depth: 1
refusal-coverage	UNKNOWN STEP	2026-08-28T10:21:23.2800701Z   fetch-tags: false
refusal-coverage	UNKNOWN STEP	2026-08-28T10:21:23.2801558Z   show-progress: true
refusal-coverage	UNKNOWN STEP	2026-08-28T10:21:23.2802476Z   lfs: false
refusal-coverage	UNKNOWN STEP	2026-08-28T10:21:23.2803252Z   submodules: false
refusal-coverage	UNKNOWN STEP	2026-08-28T10:21:23.2804111Z   set-safe-directory: true
refusal-coverage	UNKNOWN STEP	2026-08-28T10:21:23.2805110Z   allow-unsafe-pr-checkout: false
refusal-coverage	UNKNOWN STEP	2026-08-28T10:21:23.2806144Z env:
refusal-coverage	UNKNOWN STEP	2026-08-28T10:21:23.2807170Z   pythonLocation: /opt/hostedtoolcache/Python/3.12.14/x64
refusal-coverage	UNKNOWN STEP	2026-08-28T10:21:23.2808973Z   PKG_CONFIG_PATH: /opt/hostedtoolcache/Python/3.12.14/x64/lib/pkgconfig
refusal-coverage	UNKNOWN STEP	2026-08-28T10:21:23.2811022Z   Python_ROOT_DIR: /opt/hostedtoolcache/Python/3.12.14/x64
refusal-coverage	UNKNOWN STEP	2026-08-28T10:21:23.2812681Z   Python2_ROOT_DIR: /opt/hostedtoolcache/Python/3.12.14/x64
refusal-coverage	UNKNOWN STEP	2026-08-28T10:21:23.2814433Z   Python3_ROOT_DIR: /opt/hostedtoolcache/Python/3.12.14/x64
refusal-coverage	UNKNOWN STEP	2026-08-28T10:21:23.2816041Z   LD_LIBRARY_PATH: /opt/hostedtoolcache/Python/3.12.14/x64/lib
refusal-coverage	UNKNOWN STEP	2026-08-28T10:21:23.2817397Z ##[endgroup]
refusal-coverage	UNKNOWN STEP	2026-08-28T10:21:23.3789525Z Syncing repository: egnaro9/crashkit
refusal-coverage	UNKNOWN STEP	2026-08-28T10:21:23.3792205Z ##[group]Getting Git version info
refusal-coverage	UNKNOWN STEP	2026-08-28T10:21:23.3794407Z Working directory is '/home/runner/work/vac-protocol/vac-protocol/_issuers/crashkit'
refusal-coverage	UNKNOWN STEP	2026-08-28T10:21:23.3839316Z [command]/usr/bin/git version
refusal-coverage	UNKNOWN STEP	2026-08-28T10:21:23.3887167Z git version 2.55.0
refusal-coverage	UNKNOWN STEP	2026-08-28T10:21:23.3911711Z ##[endgroup]
refusal-coverage	UNKNOWN STEP	2026-08-28T10:21:23.3928669Z Temporarily overriding HOME='/home/runner/work/_temp/6c88f61a-cef9-4b74-94ba-396d7eedfb4d' before making global git config changes
refusal-coverage	UNKNOWN STEP	2026-08-28T10:21:23.3932028Z Adding repository directory to the temporary git global config as a safe directory
refusal-coverage	UNKNOWN STEP	2026-08-28T10:21:23.3937092Z [command]/usr/bin/git config --global --add safe.directory /home/runner/work/vac-protocol/vac-protocol/_issuers/crashkit
refusal-coverage	UNKNOWN STEP	2026-08-28T10:21:23.3978690Z ##[group]Initializing the repository
refusal-coverage	UNKNOWN STEP	2026-08-28T10:21:23.3986263Z [command]/usr/bin/git init /home/runner/work/vac-protocol/vac-protocol/_issuers/crashkit
refusal-coverage	UNKNOWN STEP	2026-08-28T10:21:23.4035703Z hint: Using 'master' as the name for the initial branch. This default branch name
refusal-coverage	UNKNOWN STEP	2026-08-28T10:21:23.4037528Z hint: will change to "main" in Git 3.0. To configure the initial branch name
refusal-coverage	UNKNOWN STEP	2026-08-28T10:21:23.4038827Z hint: to use in all of your new repositories, which will suppress this warning,
refusal-coverage	UNKNOWN STEP	2026-08-28T10:21:23.4039772Z hint: call:
refusal-coverage	UNKNOWN STEP	2026-08-28T10:21:23.4040730Z hint:
refusal-coverage	UNKNOWN STEP	2026-08-28T10:21:23.4041785Z hint: 	git config --global init.defaultBranch <name>
refusal-coverage	UNKNOWN STEP	2026-08-28T10:21:23.4043128Z hint:
refusal-coverage	UNKNOWN STEP	2026-08-28T10:21:23.4044442Z hint: Names commonly chosen instead of 'master' are 'main', 'trunk' and
refusal-coverage	UNKNOWN STEP	2026-08-28T10:21:23.4046503Z hint: 'development'. The just-created branch can be renamed via this command:
refusal-coverage	UNKNOWN STEP	2026-08-28T10:21:23.4048171Z hint:
refusal-coverage	UNKNOWN STEP	2026-08-28T10:21:23.4048994Z hint: 	git branch -m <name>
refusal-coverage	UNKNOWN STEP	2026-08-28T10:21:23.4050191Z hint:
refusal-coverage	UNKNOWN STEP	2026-08-28T10:21:23.4051494Z hint: Disable this message with "git config set advice.defaultBranchName false"
refusal-coverage	UNKNOWN STEP	2026-08-28T10:21:23.4055104Z Initialized empty Git repository in /home/runner/work/vac-protocol/vac-protocol/_issuers/crashkit/.git/
refusal-coverage	UNKNOWN STEP	2026-08-28T10:21:23.4057596Z [command]/usr/bin/git remote add origin https://github.com/egnaro9/crashkit
refusal-coverage	UNKNOWN STEP	2026-08-28T10:21:23.4098930Z ##[endgroup]
refusal-coverage	UNKNOWN STEP	2026-08-28T10:21:23.4101192Z ##[group]Disabling automatic garbage collection
refusal-coverage	UNKNOWN STEP	2026-08-28T10:21:23.4103926Z [command]/usr/bin/git config --local gc.auto 0
refusal-coverage	UNKNOWN STEP	2026-08-28T10:21:23.4138722Z ##[endgroup]
refusal-coverage	UNKNOWN STEP	2026-08-28T10:21:23.4140779Z ##[group]Setting up auth
refusal-coverage	UNKNOWN STEP	2026-08-28T10:21:23.4148005Z [command]/usr/bin/git config --local --name-only --get-regexp core\.sshCommand
refusal-coverage	UNKNOWN STEP	2026-08-28T10:21:23.4189082Z [command]/usr/bin/git submodule foreach --recursive sh -c "git config --local --name-only --get-regexp 'core\.sshCommand' && git config --local --unset-all 'core.sshCommand' || :"
refusal-coverage	UNKNOWN STEP	2026-08-28T10:21:23.4482636Z [command]/usr/bin/git config --local --name-only --get-regexp http\.https\:\/\/github\.com\/\.extraheader
refusal-coverage	UNKNOWN STEP	2026-08-28T10:21:23.4526557Z [command]/usr/bin/git submodule foreach --recursive sh -c "git config --local --name-only --get-regexp 'http\.https\:\/\/github\.com\/\.extraheader' && git config --local --unset-all 'http.https://github.com/.extraheader' || :"
refusal-coverage	UNKNOWN STEP	2026-08-28T10:21:23.4813335Z [command]/usr/bin/git config --local --name-only --get-regexp ^includeIf\.gitdir:
refusal-coverage	UNKNOWN STEP	2026-08-28T10:21:23.4846646Z [command]/usr/bin/git submodule foreach --recursive git config --local --show-origin --name-only --get-regexp remote.origin.url
refusal-coverage	UNKNOWN STEP	2026-08-28T10:21:23.5089436Z [command]/usr/bin/git config --local http.https://github.com/.extraheader AUTHORIZATION: basic ***
refusal-coverage	UNKNOWN STEP	2026-08-28T10:21:23.5132668Z ##[endgroup]
refusal-coverage	UNKNOWN STEP	2026-08-28T10:21:23.5133777Z ##[group]Determining the default branch
refusal-coverage	UNKNOWN STEP	2026-08-28T10:21:23.5136574Z Retrieving the default branch name
refusal-coverage	UNKNOWN STEP	2026-08-28T10:21:23.8611744Z Default branch 'main'
refusal-coverage	UNKNOWN STEP	2026-08-28T10:21:23.8614572Z ##[endgroup]
refusal-coverage	UNKNOWN STEP	2026-08-28T10:21:23.8617416Z ##[group]Fetching the repository
refusal-coverage	UNKNOWN STEP	2026-08-28T10:21:23.8634006Z [command]/usr/bin/git -c protocol.version=2 fetch --no-tags --prune --no-recurse-submodules --depth=1 origin +refs/heads/main:refs/remotes/origin/main
refusal-coverage	UNKNOWN STEP	2026-08-28T10:21:24.6323063Z From https://github.com/egnaro9/crashkit
refusal-coverage	UNKNOWN STEP	2026-08-28T10:21:24.6332786Z  * [new branch]      main       -> origin/main
refusal-coverage	UNKNOWN STEP	2026-08-28T10:21:24.6336573Z ##[endgroup]
refusal-coverage	UNKNOWN STEP	2026-08-28T10:21:24.6338174Z ##[group]Determining the checkout info
refusal-coverage	UNKNOWN STEP	2026-08-28T10:21:24.6339427Z ##[endgroup]
refusal-coverage	UNKNOWN STEP	2026-08-28T10:21:24.6342439Z [command]/usr/bin/git sparse-checkout disable
refusal-coverage	UNKNOWN STEP	2026-08-28T10:21:24.6438167Z [command]/usr/bin/git config --local --unset-all extensions.worktreeConfig
refusal-coverage	UNKNOWN STEP	2026-08-28T10:21:24.6477064Z ##[group]Checking out the ref
refusal-coverage	UNKNOWN STEP	2026-08-28T10:21:24.6482849Z [command]/usr/bin/git checkout --progress --force -B main refs/remotes/origin/main
refusal-coverage	UNKNOWN STEP	2026-08-28T10:21:24.6613100Z Switched to a new branch 'main'
refusal-coverage	UNKNOWN STEP	2026-08-28T10:21:24.6614732Z branch 'main' set up to track 'origin/main'.
refusal-coverage	UNKNOWN STEP	2026-08-28T10:21:24.6623385Z ##[endgroup]
refusal-coverage	UNKNOWN STEP	2026-08-28T10:21:24.6680710Z [command]/usr/bin/git log -1 --format=%H
refusal-coverage	UNKNOWN STEP	2026-08-28T10:21:24.6717471Z 18f74ff552858095f496f50c57334a1f3e4c4d7b
refusal-coverage	UNKNOWN STEP	2026-08-28T10:21:24.6967605Z Node 20 is being deprecated. This workflow is running with Node 24 by default. If you need to temporarily use Node 20, you can set the ACTIONS_ALLOW_USE_UNSECURE_NODE_VERSION=true environment variable. For more information see: https://github.blog/changelog/2025-09-19-deprecation-of-node-20-on-github-actions-runners/
refusal-coverage	UNKNOWN STEP	2026-08-28T10:21:24.6969774Z ##[group]Run actions/checkout@v4
refusal-coverage	UNKNOWN STEP	2026-08-28T10:21:24.6970448Z with:
refusal-coverage	UNKNOWN STEP	2026-08-28T10:21:24.6970812Z   repository: egnaro9/evalmut
refusal-coverage	UNKNOWN STEP	2026-08-28T10:21:24.6971236Z   path: _issuers/evalmut
refusal-coverage	UNKNOWN STEP	2026-08-28T10:21:24.6974659Z   token: ***
refusal-coverage	UNKNOWN STEP	2026-08-28T10:21:24.6974909Z   ssh-strict: true
refusal-coverage	UNKNOWN STEP	2026-08-28T10:21:24.6975122Z   ssh-user: git
refusal-coverage	UNKNOWN STEP	2026-08-28T10:21:24.6975337Z   persist-credentials: true
refusal-coverage	UNKNOWN STEP	2026-08-28T10:21:24.6975578Z   clean: true
refusal-coverage	UNKNOWN STEP	2026-08-28T10:21:24.6975795Z   sparse-checkout-cone-mode: true
refusal-coverage	UNKNOWN STEP	2026-08-28T10:21:24.6976057Z   fetch-depth: 1
refusal-coverage	UNKNOWN STEP	2026-08-28T10:21:24.6976272Z   fetch-tags: false
refusal-coverage	UNKNOWN STEP	2026-08-28T10:21:24.6976481Z   show-progress: true
refusal-coverage	UNKNOWN STEP	2026-08-28T10:21:24.6976742Z   lfs: false
refusal-coverage	UNKNOWN STEP	2026-08-28T10:21:24.6976964Z   submodules: false
refusal-coverage	UNKNOWN STEP	2026-08-28T10:21:24.6977199Z   set-safe-directory: true
refusal-coverage	UNKNOWN STEP	2026-08-28T10:21:24.6977456Z   allow-unsafe-pr-checkout: false
refusal-coverage	UNKNOWN STEP	2026-08-28T10:21:24.6977708Z env:
refusal-coverage	UNKNOWN STEP	2026-08-28T10:21:24.6977969Z   pythonLocation: /opt/hostedtoolcache/Python/3.12.14/x64
refusal-coverage	UNKNOWN STEP	2026-08-28T10:21:24.6978405Z   PKG_CONFIG_PATH: /opt/hostedtoolcache/Python/3.12.14/x64/lib/pkgconfig
refusal-coverage	UNKNOWN STEP	2026-08-28T10:21:24.6978834Z   Python_ROOT_DIR: /opt/hostedtoolcache/Python/3.12.14/x64
refusal-coverage	UNKNOWN STEP	2026-08-28T10:21:24.6979222Z   Python2_ROOT_DIR: /opt/hostedtoolcache/Python/3.12.14/x64
refusal-coverage	UNKNOWN STEP	2026-08-28T10:21:24.6979600Z   Python3_ROOT_DIR: /opt/hostedtoolcache/Python/3.12.14/x64
refusal-coverage	UNKNOWN STEP	2026-08-28T10:21:24.6980272Z   LD_LIBRARY_PATH: /opt/hostedtoolcache/Python/3.12.14/x64/lib
refusal-coverage	UNKNOWN STEP	2026-08-28T10:21:24.6980697Z ##[endgroup]
refusal-coverage	UNKNOWN STEP	2026-08-28T10:21:24.7864032Z Syncing repository: egnaro9/evalmut
refusal-coverage	UNKNOWN STEP	2026-08-28T10:21:24.7881325Z ##[group]Getting Git version info
refusal-coverage	UNKNOWN STEP	2026-08-28T10:21:24.7884075Z Working directory is '/home/runner/work/vac-protocol/vac-protocol/_issuers/evalmut'
refusal-coverage	UNKNOWN STEP	2026-08-28T10:21:24.7923685Z [command]/usr/bin/git version
refusal-coverage	UNKNOWN STEP	2026-08-28T10:21:24.7969683Z git version 2.55.0
refusal-coverage	UNKNOWN STEP	2026-08-28T10:21:24.8023629Z ##[endgroup]
refusal-coverage	UNKNOWN STEP	2026-08-28T10:21:24.8038694Z Temporarily overriding HOME='/home/runner/work/_temp/8967c39b-9c32-4e12-9e03-8ef5773ad5ba' before making global git config changes
refusal-coverage	UNKNOWN STEP	2026-08-28T10:21:24.8040498Z Adding repository directory to the temporary git global config as a safe directory
refusal-coverage	UNKNOWN STEP	2026-08-28T10:21:24.8046696Z [command]/usr/bin/git config --global --add safe.directory /home/runner/work/vac-protocol/vac-protocol/_issuers/evalmut
refusal-coverage	UNKNOWN STEP	2026-08-28T10:21:24.8090696Z ##[group]Initializing the repository
refusal-coverage	UNKNOWN STEP	2026-08-28T10:21:24.8096186Z [command]/usr/bin/git init /home/runner/work/vac-protocol/vac-protocol/_issuers/evalmut
refusal-coverage	UNKNOWN STEP	2026-08-28T10:21:24.8141974Z hint: Using 'master' as the name for the initial branch. This default branch name
refusal-coverage	UNKNOWN STEP	2026-08-28T10:21:24.8143226Z hint: will change to "main" in Git 3.0. To configure the initial branch name
refusal-coverage	UNKNOWN STEP	2026-08-28T10:21:24.8148278Z hint: to use in all of your new repositories, which will suppress this warning,
refusal-coverage	UNKNOWN STEP	2026-08-28T10:21:24.8149235Z hint: call:
refusal-coverage	UNKNOWN STEP	2026-08-28T10:21:24.8149736Z hint:
refusal-coverage	UNKNOWN STEP	2026-08-28T10:21:24.8150632Z hint: 	git config --global init.defaultBranch <name>
refusal-coverage	UNKNOWN STEP	2026-08-28T10:21:24.8151346Z hint:
refusal-coverage	UNKNOWN STEP	2026-08-28T10:21:24.8152021Z hint: Names commonly chosen instead of 'master' are 'main', 'trunk' and
refusal-coverage	UNKNOWN STEP	2026-08-28T10:21:24.8153054Z hint: 'development'. The just-created branch can be renamed via this command:
refusal-coverage	UNKNOWN STEP	2026-08-28T10:21:24.8153889Z hint:
refusal-coverage	UNKNOWN STEP	2026-08-28T10:21:24.8154389Z hint: 	git branch -m <name>
refusal-coverage	UNKNOWN STEP	2026-08-28T10:21:24.8154976Z hint:
refusal-coverage	UNKNOWN STEP	2026-08-28T10:21:24.8155706Z hint: Disable this message with "git config set advice.defaultBranchName false"
refusal-coverage	UNKNOWN STEP	2026-08-28T10:21:24.8157938Z Initialized empty Git repository in /home/runner/work/vac-protocol/vac-protocol/_issuers/evalmut/.git/
refusal-coverage	UNKNOWN STEP	2026-08-28T10:21:24.8160542Z [command]/usr/bin/git remote add origin https://github.com/egnaro9/evalmut
refusal-coverage	UNKNOWN STEP	2026-08-28T10:21:24.8202552Z ##[endgroup]
refusal-coverage	UNKNOWN STEP	2026-08-28T10:21:24.8203611Z ##[group]Disabling automatic garbage collection
refusal-coverage	UNKNOWN STEP	2026-08-28T10:21:24.8208612Z [command]/usr/bin/git config --local gc.auto 0
refusal-coverage	UNKNOWN STEP	2026-08-28T10:21:24.8245929Z ##[endgroup]
refusal-coverage	UNKNOWN STEP	2026-08-28T10:21:24.8246640Z ##[group]Setting up auth
refusal-coverage	UNKNOWN STEP	2026-08-28T10:21:24.8255454Z [command]/usr/bin/git config --local --name-only --get-regexp core\.sshCommand
refusal-coverage	UNKNOWN STEP	2026-08-28T10:21:24.8295422Z [command]/usr/bin/git submodule foreach --recursive sh -c "git config --local --name-only --get-regexp 'core\.sshCommand' && git config --local --unset-all 'core.sshCommand' || :"
refusal-coverage	UNKNOWN STEP	2026-08-28T10:21:24.8568534Z [command]/usr/bin/git config --local --name-only --get-regexp http\.https\:\/\/github\.com\/\.extraheader
refusal-coverage	UNKNOWN STEP	2026-08-28T10:21:24.8611899Z [command]/usr/bin/git submodule foreach --recursive sh -c "git config --local --name-only --get-regexp 'http\.https\:\/\/github\.com\/\.extraheader' && git config --local --unset-all 'http.https://github.com/.extraheader' || :"
refusal-coverage	UNKNOWN STEP	2026-08-28T10:21:24.8889187Z [command]/usr/bin/git config --local --name-only --get-regexp ^includeIf\.gitdir:
refusal-coverage	UNKNOWN STEP	2026-08-28T10:21:24.8935260Z [command]/usr/bin/git submodule foreach --recursive git config --local --show-origin --name-only --get-regexp remote.origin.url
refusal-coverage	UNKNOWN STEP	2026-08-28T10:21:24.9184807Z [command]/usr/bin/git config --local http.https://github.com/.extraheader AUTHORIZATION: basic ***
refusal-coverage	UNKNOWN STEP	2026-08-28T10:21:24.9229788Z ##[endgroup]
refusal-coverage	UNKNOWN STEP	2026-08-28T10:21:24.9230835Z ##[group]Determining the default branch
refusal-coverage	UNKNOWN STEP	2026-08-28T10:21:24.9234871Z Retrieving the default branch name
refusal-coverage	UNKNOWN STEP	2026-08-28T10:21:25.2665221Z Default branch 'main'
refusal-coverage	UNKNOWN STEP	2026-08-28T10:21:25.2666511Z ##[endgroup]
refusal-coverage	UNKNOWN STEP	2026-08-28T10:21:25.2667496Z ##[group]Fetching the repository
refusal-coverage	UNKNOWN STEP	2026-08-28T10:21:25.2684520Z [command]/usr/bin/git -c protocol.version=2 fetch --no-tags --prune --no-recurse-submodules --depth=1 origin +refs/heads/main:refs/remotes/origin/main
refusal-coverage	UNKNOWN STEP	2026-08-28T10:21:26.1070687Z From https://github.com/egnaro9/evalmut
refusal-coverage	UNKNOWN STEP	2026-08-28T10:21:26.1071293Z  * [new branch]      main       -> origin/main
refusal-coverage	UNKNOWN STEP	2026-08-28T10:21:26.1077542Z ##[endgroup]
refusal-coverage	UNKNOWN STEP	2026-08-28T10:21:26.1078482Z ##[group]Determining the checkout info
refusal-coverage	UNKNOWN STEP	2026-08-28T10:21:26.1079351Z ##[endgroup]
refusal-coverage	UNKNOWN STEP	2026-08-28T10:21:26.1084944Z [command]/usr/bin/git sparse-checkout disable
refusal-coverage	UNKNOWN STEP	2026-08-28T10:21:26.1145959Z [command]/usr/bin/git config --local --unset-all extensions.worktreeConfig
refusal-coverage	UNKNOWN STEP	2026-08-28T10:21:26.1182924Z ##[group]Checking out the ref
refusal-coverage	UNKNOWN STEP	2026-08-28T10:21:26.1187334Z [command]/usr/bin/git checkout --progress --force -B main refs/remotes/origin/main
refusal-coverage	UNKNOWN STEP	2026-08-28T10:21:26.1345086Z Switched to a new branch 'main'
refusal-coverage	UNKNOWN STEP	2026-08-28T10:21:26.1347323Z branch 'main' set up to track 'origin/main'.
refusal-coverage	UNKNOWN STEP	2026-08-28T10:21:26.1353940Z ##[endgroup]
refusal-coverage	UNKNOWN STEP	2026-08-28T10:21:26.1404616Z [command]/usr/bin/git log -1 --format=%H
refusal-coverage	UNKNOWN STEP	2026-08-28T10:21:26.1437215Z 7ea9ddc6ad12289e965b4873d4e25b7b695b48d1
refusal-coverage	UNKNOWN STEP	2026-08-28T10:21:26.1625810Z Node 20 is being deprecated. This workflow is running with Node 24 by default. If you need to temporarily use Node 20, you can set the ACTIONS_ALLOW_USE_UNSECURE_NODE_VERSION=true environment variable. For more information see: https://github.blog/changelog/2025-09-19-deprecation-of-node-20-on-github-actions-runners/
refusal-coverage	UNKNOWN STEP	2026-08-28T10:21:26.1627101Z ##[group]Run actions/checkout@v4
refusal-coverage	UNKNOWN STEP	2026-08-28T10:21:26.1627361Z with:
refusal-coverage	UNKNOWN STEP	2026-08-28T10:21:26.1627568Z   repository: egnaro9/model-drift
refusal-coverage	UNKNOWN STEP	2026-08-28T10:21:26.1627824Z   path: _issuers/model-drift
refusal-coverage	UNKNOWN STEP	2026-08-28T10:21:26.1630484Z   token: ***
refusal-coverage	UNKNOWN STEP	2026-08-28T10:21:26.1630696Z   ssh-strict: true
refusal-coverage	UNKNOWN STEP	2026-08-28T10:21:26.1630896Z   ssh-user: git
refusal-coverage	UNKNOWN STEP	2026-08-28T10:21:26.1631098Z   persist-credentials: true
refusal-coverage	UNKNOWN STEP	2026-08-28T10:21:26.1631339Z   clean: true
refusal-coverage	UNKNOWN STEP	2026-08-28T10:21:26.1631548Z   sparse-checkout-cone-mode: true
refusal-coverage	UNKNOWN STEP	2026-08-28T10:21:26.1631799Z   fetch-depth: 1
refusal-coverage	UNKNOWN STEP	2026-08-28T10:21:26.1631995Z   fetch-tags: false
refusal-coverage	UNKNOWN STEP	2026-08-28T10:21:26.1632194Z   show-progress: true
refusal-coverage	UNKNOWN STEP	2026-08-28T10:21:26.1632437Z   lfs: false
refusal-coverage	UNKNOWN STEP	2026-08-28T10:21:26.1632622Z   submodules: false
refusal-coverage	UNKNOWN STEP	2026-08-28T10:21:26.1632826Z   set-safe-directory: true
refusal-coverage	UNKNOWN STEP	2026-08-28T10:21:26.1633070Z   allow-unsafe-pr-checkout: false
refusal-coverage	UNKNOWN STEP	2026-08-28T10:21:26.1633319Z env:
refusal-coverage	UNKNOWN STEP	2026-08-28T10:21:26.1633561Z   pythonLocation: /opt/hostedtoolcache/Python/3.12.14/x64
refusal-coverage	UNKNOWN STEP	2026-08-28T10:21:26.1633980Z   PKG_CONFIG_PATH: /opt/hostedtoolcache/Python/3.12.14/x64/lib/pkgconfig
refusal-coverage	UNKNOWN STEP	2026-08-28T10:21:26.1634573Z   Python_ROOT_DIR: /opt/hostedtoolcache/Python/3.12.14/x64
refusal-coverage	UNKNOWN STEP	2026-08-28T10:21:26.1634949Z   Python2_ROOT_DIR: /opt/hostedtoolcache/Python/3.12.14/x64
refusal-coverage	UNKNOWN STEP	2026-08-28T10:21:26.1635316Z   Python3_ROOT_DIR: /opt/hostedtoolcache/Python/3.12.14/x64
refusal-coverage	UNKNOWN STEP	2026-08-28T10:21:26.1635686Z   LD_LIBRARY_PATH: /opt/hostedtoolcache/Python/3.12.14/x64/lib
refusal-coverage	UNKNOWN STEP	2026-08-28T10:21:26.1636001Z ##[endgroup]
refusal-coverage	UNKNOWN STEP	2026-08-28T10:21:26.2541534Z Syncing repository: egnaro9/model-drift
refusal-coverage	UNKNOWN STEP	2026-08-28T10:21:26.2542513Z ##[group]Getting Git version info
refusal-coverage	UNKNOWN STEP	2026-08-28T10:21:26.2543411Z Working directory is '/home/runner/work/vac-protocol/vac-protocol/_issuers/model-drift'
refusal-coverage	UNKNOWN STEP	2026-08-28T10:21:26.2586090Z [command]/usr/bin/git version
refusal-coverage	UNKNOWN STEP	2026-08-28T10:21:26.2632568Z git version 2.55.0
refusal-coverage	UNKNOWN STEP	2026-08-28T10:21:26.2686307Z ##[endgroup]
refusal-coverage	UNKNOWN STEP	2026-08-28T10:21:26.2702251Z Temporarily overriding HOME='/home/runner/work/_temp/d5570b89-e640-42ad-9bbe-560ceaca6f55' before making global git config changes
refusal-coverage	UNKNOWN STEP	2026-08-28T10:21:26.2703562Z Adding repository directory to the temporary git global config as a safe directory
refusal-coverage	UNKNOWN STEP	2026-08-28T10:21:26.2709147Z [command]/usr/bin/git config --global --add safe.directory /home/runner/work/vac-protocol/vac-protocol/_issuers/model-drift
refusal-coverage	UNKNOWN STEP	2026-08-28T10:21:26.2750811Z ##[group]Initializing the repository
refusal-coverage	UNKNOWN STEP	2026-08-28T10:21:26.2756396Z [command]/usr/bin/git init /home/runner/work/vac-protocol/vac-protocol/_issuers/model-drift
refusal-coverage	UNKNOWN STEP	2026-08-28T10:21:26.2804705Z hint: Using 'master' as the name for the initial branch. This default branch name
refusal-coverage	UNKNOWN STEP	2026-08-28T10:21:26.2805809Z hint: will change to "main" in Git 3.0. To configure the initial branch name
refusal-coverage	UNKNOWN STEP	2026-08-28T10:21:26.2807766Z hint: to use in all of your new repositories, which will suppress this warning,
refusal-coverage	UNKNOWN STEP	2026-08-28T10:21:26.2808583Z hint: call:
refusal-coverage	UNKNOWN STEP	2026-08-28T10:21:26.2809020Z hint:
refusal-coverage	UNKNOWN STEP	2026-08-28T10:21:26.2809565Z hint: 	git config --global init.defaultBranch <name>
refusal-coverage	UNKNOWN STEP	2026-08-28T10:21:26.2810414Z hint:
refusal-coverage	UNKNOWN STEP	2026-08-28T10:21:26.2811040Z hint: Names commonly chosen instead of 'master' are 'main', 'trunk' and
refusal-coverage	UNKNOWN STEP	2026-08-28T10:21:26.2812648Z hint: 'development'. The just-created branch can be renamed via this command:
refusal-coverage	UNKNOWN STEP	2026-08-28T10:21:26.2813460Z hint:
refusal-coverage	UNKNOWN STEP	2026-08-28T10:21:26.2813917Z hint: 	git branch -m <name>
refusal-coverage	UNKNOWN STEP	2026-08-28T10:21:26.2814425Z hint:
refusal-coverage	UNKNOWN STEP	2026-08-28T10:21:26.2815086Z hint: Disable this message with "git config set advice.defaultBranchName false"
refusal-coverage	UNKNOWN STEP	2026-08-28T10:21:26.2816396Z Initialized empty Git repository in /home/runner/work/vac-protocol/vac-protocol/_issuers/model-drift/.git/
refusal-coverage	UNKNOWN STEP	2026-08-28T10:21:26.2819202Z [command]/usr/bin/git remote add origin https://github.com/egnaro9/model-drift
refusal-coverage	UNKNOWN STEP	2026-08-28T10:21:26.2856006Z ##[endgroup]
refusal-coverage	UNKNOWN STEP	2026-08-28T10:21:26.2856693Z ##[group]Disabling automatic garbage collection
refusal-coverage	UNKNOWN STEP	2026-08-28T10:21:26.2861624Z [command]/usr/bin/git config --local gc.auto 0
refusal-coverage	UNKNOWN STEP	2026-08-28T10:21:26.2897375Z ##[endgroup]
refusal-coverage	UNKNOWN STEP	2026-08-28T10:21:26.2898004Z ##[group]Setting up auth
refusal-coverage	UNKNOWN STEP	2026-08-28T10:21:26.2906570Z [command]/usr/bin/git config --local --name-only --get-regexp core\.sshCommand
refusal-coverage	UNKNOWN STEP	2026-08-28T10:21:26.2945429Z [command]/usr/bin/git submodule foreach --recursive sh -c "git config --local --name-only --get-regexp 'core\.sshCommand' && git config --local --unset-all 'core.sshCommand' || :"
refusal-coverage	UNKNOWN STEP	2026-08-28T10:21:26.3230599Z [command]/usr/bin/git config --local --name-only --get-regexp http\.https\:\/\/github\.com\/\.extraheader
refusal-coverage	UNKNOWN STEP	2026-08-28T10:21:26.3269743Z [command]/usr/bin/git submodule foreach --recursive sh -c "git config --local --name-only --get-regexp 'http\.https\:\/\/github\.com\/\.extraheader' && git config --local --unset-all 'http.https://github.com/.extraheader' || :"
refusal-coverage	UNKNOWN STEP	2026-08-28T10:21:26.3554641Z [command]/usr/bin/git config --local --name-only --get-regexp ^includeIf\.gitdir:
refusal-coverage	UNKNOWN STEP	2026-08-28T10:21:26.3601540Z [command]/usr/bin/git submodule foreach --recursive git config --local --show-origin --name-only --get-regexp remote.origin.url
refusal-coverage	UNKNOWN STEP	2026-08-28T10:21:26.3844841Z [command]/usr/bin/git config --local http.https://github.com/.extraheader AUTHORIZATION: basic ***
refusal-coverage	UNKNOWN STEP	2026-08-28T10:21:26.3887951Z ##[endgroup]
refusal-coverage	UNKNOWN STEP	2026-08-28T10:21:26.3888581Z ##[group]Determining the default branch
refusal-coverage	UNKNOWN STEP	2026-08-28T10:21:26.3893033Z Retrieving the default branch name
refusal-coverage	UNKNOWN STEP	2026-08-28T10:21:26.7194475Z Default branch 'main'
refusal-coverage	UNKNOWN STEP	2026-08-28T10:21:26.7195296Z ##[endgroup]
refusal-coverage	UNKNOWN STEP	2026-08-28T10:21:26.7195910Z ##[group]Fetching the repository
refusal-coverage	UNKNOWN STEP	2026-08-28T10:21:26.7212538Z [command]/usr/bin/git -c protocol.version=2 fetch --no-tags --prune --no-recurse-submodules --depth=1 origin +refs/heads/main:refs/remotes/origin/main
refusal-coverage	UNKNOWN STEP	2026-08-28T10:21:27.4207356Z From https://github.com/egnaro9/model-drift
refusal-coverage	UNKNOWN STEP	2026-08-28T10:21:27.4208017Z  * [new branch]      main       -> origin/main
refusal-coverage	UNKNOWN STEP	2026-08-28T10:21:27.4213363Z ##[endgroup]
refusal-coverage	UNKNOWN STEP	2026-08-28T10:21:27.4214320Z ##[group]Determining the checkout info
refusal-coverage	UNKNOWN STEP	2026-08-28T10:21:27.4217079Z ##[endgroup]
refusal-coverage	UNKNOWN STEP	2026-08-28T10:21:27.4224938Z [command]/usr/bin/git sparse-checkout disable
refusal-coverage	UNKNOWN STEP	2026-08-28T10:21:27.4274763Z [command]/usr/bin/git config --local --unset-all extensions.worktreeConfig
refusal-coverage	UNKNOWN STEP	2026-08-28T10:21:27.4310842Z ##[group]Checking out the ref
refusal-coverage	UNKNOWN STEP	2026-08-28T10:21:27.4315588Z [command]/usr/bin/git checkout --progress --force -B main refs/remotes/origin/main
refusal-coverage	UNKNOWN STEP	2026-08-28T10:21:27.4436651Z Switched to a new branch 'main'
refusal-coverage	UNKNOWN STEP	2026-08-28T10:21:27.4439452Z branch 'main' set up to track 'origin/main'.
refusal-coverage	UNKNOWN STEP	2026-08-28T10:21:27.4445324Z ##[endgroup]
refusal-coverage	UNKNOWN STEP	2026-08-28T10:21:27.4493827Z [command]/usr/bin/git log -1 --format=%H
refusal-coverage	UNKNOWN STEP	2026-08-28T10:21:27.4527686Z 931fa8f35be58869b94f5a9fc3b9d0db1aa6bc22
refusal-coverage	UNKNOWN STEP	2026-08-28T10:21:27.4682719Z ##[group]Run pip install -e ".[test]"
refusal-coverage	UNKNOWN STEP	2026-08-28T10:21:27.4683087Z ^[[36;1mpip install -e ".[test]"^[[0m
refusal-coverage	UNKNOWN STEP	2026-08-28T10:21:27.4731424Z shell: /usr/bin/bash -e {0}
refusal-coverage	UNKNOWN STEP	2026-08-28T10:21:27.4731695Z env:
refusal-coverage	UNKNOWN STEP	2026-08-28T10:21:27.4731975Z   pythonLocation: /opt/hostedtoolcache/Python/3.12.14/x64
refusal-coverage	UNKNOWN STEP	2026-08-28T10:21:27.4732417Z   PKG_CONFIG_PATH: /opt/hostedtoolcache/Python/3.12.14/x64/lib/pkgconfig
refusal-coverage	UNKNOWN STEP	2026-08-28T10:21:27.4732847Z   Python_ROOT_DIR: /opt/hostedtoolcache/Python/3.12.14/x64
refusal-coverage	UNKNOWN STEP	2026-08-28T10:21:27.4733228Z   Python2_ROOT_DIR: /opt/hostedtoolcache/Python/3.12.14/x64
refusal-coverage	UNKNOWN STEP	2026-08-28T10:21:27.4733605Z   Python3_ROOT_DIR: /opt/hostedtoolcache/Python/3.12.14/x64
refusal-coverage	UNKNOWN STEP	2026-08-28T10:21:27.4734002Z   LD_LIBRARY_PATH: /opt/hostedtoolcache/Python/3.12.14/x64/lib
refusal-coverage	UNKNOWN STEP	2026-08-28T10:21:27.4734320Z ##[endgroup]
refusal-coverage	UNKNOWN STEP	2026-08-28T10:21:28.4106146Z Obtaining file:///home/runner/work/vac-protocol/vac-protocol
refusal-coverage	UNKNOWN STEP	2026-08-28T10:21:28.4123064Z   Installing build dependencies: started
refusal-coverage	UNKNOWN STEP	2026-08-28T10:21:29.1513345Z   Installing build dependencies: finished with status 'done'
refusal-coverage	UNKNOWN STEP	2026-08-28T10:21:29.1519165Z   Checking if build backend supports build_editable: started
refusal-coverage	UNKNOWN STEP	2026-08-28T10:21:29.5047860Z   Checking if build backend supports build_editable: finished with status 'done'
refusal-coverage	UNKNOWN STEP	2026-08-28T10:21:29.5056521Z   Getting requirements to build editable: started
refusal-coverage	UNKNOWN STEP	2026-08-28T10:21:29.8607999Z   Getting requirements to build editable: finished with status 'done'
refusal-coverage	UNKNOWN STEP	2026-08-28T10:21:29.8618634Z   Preparing editable metadata (pyproject.toml): started
refusal-coverage	UNKNOWN STEP	2026-08-28T10:21:30.0719070Z   Preparing editable metadata (pyproject.toml): finished with status 'done'
refusal-coverage	UNKNOWN STEP	2026-08-28T10:21:30.1633858Z Collecting pytest (from vac-protocol==0.1.0)
refusal-coverage	UNKNOWN STEP	2026-08-28T10:21:30.2094775Z   Downloading pytest-9.1.1-py3-none-any.whl.metadata (7.6 kB)
refusal-coverage	UNKNOWN STEP	2026-08-28T10:21:30.2226789Z Collecting iniconfig>=1.0.1 (from pytest->vac-protocol==0.1.0)
refusal-coverage	UNKNOWN STEP	2026-08-28T10:21:30.2260452Z   Downloading iniconfig-2.3.0-py3-none-any.whl.metadata (2.5 kB)
refusal-coverage	UNKNOWN STEP	2026-08-28T10:21:30.2420888Z Collecting packaging>=22 (from pytest->vac-protocol==0.1.0)
refusal-coverage	UNKNOWN STEP	2026-08-28T10:21:30.2453309Z   Downloading packaging-26.3-py3-none-any.whl.metadata (3.5 kB)
refusal-coverage	UNKNOWN STEP	2026-08-28T10:21:30.2579391Z Collecting pluggy<2,>=1.5 (from pytest->vac-protocol==0.1.0)
refusal-coverage	UNKNOWN STEP	2026-08-28T10:21:30.2613147Z   Downloading pluggy-1.6.0-py3-none-any.whl.metadata (4.8 kB)
refusal-coverage	UNKNOWN STEP	2026-08-28T10:21:30.2798694Z Collecting pygments>=2.7.2 (from pytest->vac-protocol==0.1.0)
refusal-coverage	UNKNOWN STEP	2026-08-28T10:21:30.2830294Z   Downloading pygments-2.21.0-py3-none-any.whl.metadata (2.5 kB)
refusal-coverage	UNKNOWN STEP	2026-08-28T10:21:30.2917432Z Downloading pytest-9.1.1-py3-none-any.whl (386 kB)
refusal-coverage	UNKNOWN STEP	2026-08-28T10:21:30.3121113Z Downloading pluggy-1.6.0-py3-none-any.whl (20 kB)
refusal-coverage	UNKNOWN STEP	2026-08-28T10:21:30.3189439Z Downloading iniconfig-2.3.0-py3-none-any.whl (7.5 kB)
refusal-coverage	UNKNOWN STEP	2026-08-28T10:21:30.3240616Z Downloading packaging-26.3-py3-none-any.whl (129 kB)
refusal-coverage	UNKNOWN STEP	2026-08-28T10:21:30.3297138Z Downloading pygments-2.21.0-py3-none-any.whl (1.3 MB)
refusal-coverage	UNKNOWN STEP	2026-08-28T10:21:30.3424182Z    ━━━━━━━━━━━━━━━━━━━━━━━━━━━━━━━━━━━━━━━━ 1.3/1.3 MB 113.5 MB/s  0:00:00
refusal-coverage	UNKNOWN STEP	2026-08-28T10:21:30.3599688Z Building wheels for collected packages: vac-protocol
refusal-coverage	UNKNOWN STEP	2026-08-28T10:21:30.3608191Z   Building editable for vac-protocol (pyproject.toml): started
refusal-coverage	UNKNOWN STEP	2026-08-28T10:21:30.5964996Z   Building editable for vac-protocol (pyproject.toml): finished with status 'done'
refusal-coverage	UNKNOWN STEP	2026-08-28T10:21:30.5970856Z   Created wheel for vac-protocol: filename=vac_protocol-0.1.0-0.editable-py3-none-any.whl size=8767 sha256=192511cf7cc2cf13be2998c3430bd1b92e686b5d4ba7471abbbce5ff83b2dc0e
refusal-coverage	UNKNOWN STEP	2026-08-28T10:21:30.5972634Z   Stored in directory: /tmp/pip-ephem-wheel-cache-5q16p2k5/wheels/31/93/c0/4effb33ea68d4321a176d9cb097b94ea8b1be9d534ea861dec
refusal-coverage	UNKNOWN STEP	2026-08-28T10:21:30.5993760Z Successfully built vac-protocol
refusal-coverage	UNKNOWN STEP	2026-08-28T10:21:30.6204483Z Installing collected packages: vac-protocol, pygments, pluggy, packaging, iniconfig, pytest
refusal-coverage	UNKNOWN STEP	2026-08-28T10:21:31.7651139Z 
refusal-coverage	UNKNOWN STEP	2026-08-28T10:21:31.7664567Z Successfully installed iniconfig-2.3.0 packaging-26.3 pluggy-1.6.0 pygments-2.21.0 pytest-9.1.1 vac-protocol-0.1.0
refusal-coverage	UNKNOWN STEP	2026-08-28T10:21:31.8356618Z ##[group]Run python tools/mutation_sweep.py --floor 0.99
refusal-coverage	UNKNOWN STEP	2026-08-28T10:21:31.8357067Z ^[[36;1mpython tools/mutation_sweep.py --floor 0.99^[[0m
refusal-coverage	UNKNOWN STEP	2026-08-28T10:21:31.8396005Z shell: /usr/bin/bash -e {0}
refusal-coverage	UNKNOWN STEP	2026-08-28T10:21:31.8396249Z env:
refusal-coverage	UNKNOWN STEP	2026-08-28T10:21:31.8396515Z   pythonLocation: /opt/hostedtoolcache/Python/3.12.14/x64
refusal-coverage	UNKNOWN STEP	2026-08-28T10:21:31.8396956Z   PKG_CONFIG_PATH: /opt/hostedtoolcache/Python/3.12.14/x64/lib/pkgconfig
refusal-coverage	UNKNOWN STEP	2026-08-28T10:21:31.8397383Z   Python_ROOT_DIR: /opt/hostedtoolcache/Python/3.12.14/x64
refusal-coverage	UNKNOWN STEP	2026-08-28T10:21:31.8397755Z   Python2_ROOT_DIR: /opt/hostedtoolcache/Python/3.12.14/x64
refusal-coverage	UNKNOWN STEP	2026-08-28T10:21:31.8398152Z   Python3_ROOT_DIR: /opt/hostedtoolcache/Python/3.12.14/x64
refusal-coverage	UNKNOWN STEP	2026-08-28T10:21:31.8398564Z   LD_LIBRARY_PATH: /opt/hostedtoolcache/Python/3.12.14/x64/lib
refusal-coverage	UNKNOWN STEP	2026-08-28T10:21:31.8398917Z   VAC_CRASHKIT_CHECKOUT: _issuers/crashkit/vac
refusal-coverage	UNKNOWN STEP	2026-08-28T10:21:31.8399216Z   VAC_EVALMUT_CHECKOUT: _issuers/evalmut/vac
refusal-coverage	UNKNOWN STEP	2026-08-28T10:21:31.8399555Z   VAC_MODELDRIFT_CHECKOUT: _issuers/model-drift/vac
refusal-coverage	UNKNOWN STEP	2026-08-28T10:21:31.8399846Z ##[endgroup]
refusal-coverage	UNKNOWN STEP	2026-08-28T10:21:37.0125792Z baseline clean; 157 refusal sites (3 excluded, see EXCLUDE)
refusal-coverage	UNKNOWN STEP	2026-08-28T10:21:37.0126370Z   [1/157] L111 caught: tests
refusal-coverage	UNKNOWN STEP	2026-08-28T10:21:38.0319791Z   [2/157] L124 caught: tests
refusal-coverage	UNKNOWN STEP	2026-08-28T10:21:40.7416858Z   [3/157] L129 caught: tests
refusal-coverage	UNKNOWN STEP	2026-08-28T10:21:44.2509579Z   [4/157] L140 caught: tests
refusal-coverage	UNKNOWN STEP	2026-08-28T10:21:45.2785153Z   [5/157] L145 caught: tests
refusal-coverage	UNKNOWN STEP	2026-08-28T10:21:46.3955209Z   [6/157] L149 caught: tests
refusal-coverage	UNKNOWN STEP	2026-08-28T10:21:47.5052151Z   [7/157] L159 caught: tests
refusal-coverage	UNKNOWN STEP	2026-08-28T10:21:48.5597395Z   [8/157] L164 caught: tests
refusal-coverage	UNKNOWN STEP	2026-08-28T10:21:49.6280581Z   [9/157] L169 caught: tests
refusal-coverage	UNKNOWN STEP	2026-08-28T10:21:50.7181292Z   [10/157] L173 caught: tests
refusal-coverage	UNKNOWN STEP	2026-08-28T10:21:51.8614403Z   [11/157] L176 caught: tests
refusal-coverage	UNKNOWN STEP	2026-08-28T10:21:52.9410564Z   [12/157] L182 caught: tests
refusal-coverage	UNKNOWN STEP	2026-08-28T10:21:54.0315563Z   [13/157] L185 caught: tests
refusal-coverage	UNKNOWN STEP	2026-08-28T10:21:56.7751853Z   [14/157] L190 caught: tests
refusal-coverage	UNKNOWN STEP	2026-08-28T10:21:59.3475813Z   [15/157] L195 caught: tests
refusal-coverage	UNKNOWN STEP	2026-08-28T10:22:01.7010745Z   [16/157] L201 caught: tests
refusal-coverage	UNKNOWN STEP	2026-08-28T10:22:02.9212029Z   [17/157] L203 caught: tests
refusal-coverage	UNKNOWN STEP	2026-08-28T10:22:04.0761910Z   [18/157] L208 caught: tests
refusal-coverage	UNKNOWN STEP	2026-08-28T10:22:05.2281114Z   [19/157] L211 caught: tests
refusal-coverage	UNKNOWN STEP	2026-08-28T10:22:08.4369735Z   [20/157] L234 caught: tests
refusal-coverage	UNKNOWN STEP	2026-08-28T10:22:10.7641138Z   [21/157] L237 caught: tests
refusal-coverage	UNKNOWN STEP	2026-08-28T10:22:12.3996412Z   [22/157] L243 caught: tests
refusal-coverage	UNKNOWN STEP	2026-08-28T10:22:15.7841661Z   [23/157] L258 caught: tests
refusal-coverage	UNKNOWN STEP	2026-08-28T10:22:18.4085210Z   [24/157] L262 caught: tests
refusal-coverage	UNKNOWN STEP	2026-08-28T10:22:19.7075398Z   [25/157] L277 caught: tests
refusal-coverage	UNKNOWN STEP	2026-08-28T10:22:22.5645158Z   [26/157] L284 caught: tests
refusal-coverage	UNKNOWN STEP	2026-08-28T10:22:23.9078131Z   [27/157] L298 caught: tests
refusal-coverage	UNKNOWN STEP	2026-08-28T10:22:25.0236415Z   [28/157] L308 caught: tests
refusal-coverage	UNKNOWN STEP	2026-08-28T10:22:26.3038010Z   [29/157] L313 caught: tests
refusal-coverage	UNKNOWN STEP	2026-08-28T10:22:28.6808712Z   [30/157] L316 caught: tests
refusal-coverage	UNKNOWN STEP	2026-08-28T10:22:29.8644655Z   [31/157] L327 caught: tests
refusal-coverage	UNKNOWN STEP	2026-08-28T10:22:31.0355039Z   [32/157] L330 caught: tests
refusal-coverage	UNKNOWN STEP	2026-08-28T10:22:32.2710459Z   [33/157] L335 caught: tests
refusal-coverage	UNKNOWN STEP	2026-08-28T10:22:34.8604237Z   [34/157] L338 caught: tests
refusal-coverage	UNKNOWN STEP	2026-08-28T10:22:36.1413680Z   [35/157] L386 caught: tests
refusal-coverage	UNKNOWN STEP	2026-08-28T10:22:37.4561331Z   [36/157] L392 caught: tests
refusal-coverage	UNKNOWN STEP	2026-08-28T10:22:40.8079416Z   [37/157] L396 caught: tests
refusal-coverage	UNKNOWN STEP	2026-08-28T10:22:44.0866819Z   [38/157] L402 caught: tests
refusal-coverage	UNKNOWN STEP	2026-08-28T10:22:44.8142569Z   [39/157] L409 caught: tests
refusal-coverage	UNKNOWN STEP	2026-08-28T10:22:46.1179608Z   [40/157] L416 caught: tests
refusal-coverage	UNKNOWN STEP	2026-08-28T10:22:47.4154452Z   [41/157] L419 caught: tests
refusal-coverage	UNKNOWN STEP	2026-08-28T10:22:50.6215983Z   [42/157] L424 caught: tests
refusal-coverage	UNKNOWN STEP	2026-08-28T10:22:53.4463219Z   [43/157] L429 caught: tests
refusal-coverage	UNKNOWN STEP	2026-08-28T10:22:54.1863847Z   [44/157] L435 caught: tests
refusal-coverage	UNKNOWN STEP	2026-08-28T10:22:56.5952615Z   [45/157] L440 caught: tests
refusal-coverage	UNKNOWN STEP	2026-08-28T10:22:57.3996644Z   [46/157] L444 caught: tests
refusal-coverage	UNKNOWN STEP	2026-08-28T10:22:58.5578416Z   [47/157] L449 caught: tests
refusal-coverage	UNKNOWN STEP	2026-08-28T10:22:59.8044208Z   [48/157] L453 caught: tests
refusal-coverage	UNKNOWN STEP	2026-08-28T10:23:00.9679094Z   [49/157] L462 caught: tests
refusal-coverage	UNKNOWN STEP	2026-08-28T10:23:02.1516166Z   [50/157] L465 caught: tests
refusal-coverage	UNKNOWN STEP	2026-08-28T10:23:03.1410842Z   [51/157] L512 caught: tests
refusal-coverage	UNKNOWN STEP	2026-08-28T10:23:04.1347821Z   [52/157] L517 caught: tests
refusal-coverage	UNKNOWN STEP	2026-08-28T10:23:05.1189414Z   [53/157] L521 caught: tests
refusal-coverage	UNKNOWN STEP	2026-08-28T10:23:07.6171509Z   [54/157] L536 caught: tests
refusal-coverage	UNKNOWN STEP	2026-08-28T10:23:08.9065867Z   [55/157] L541 caught: tests
refusal-coverage	UNKNOWN STEP	2026-08-28T10:23:10.2473905Z   [56/157] L545 caught: tests
refusal-coverage	UNKNOWN STEP	2026-08-28T10:23:13.5004195Z   [57/157] L553 caught: tests
refusal-coverage	UNKNOWN STEP	2026-08-28T10:23:16.0577224Z   [58/157] L559 caught: tests
refusal-coverage	UNKNOWN STEP	2026-08-28T10:23:18.3230717Z   [59/157] L566 caught: tests
refusal-coverage	UNKNOWN STEP	2026-08-28T10:23:19.0532562Z   [60/157] L571 caught: tests
refusal-coverage	UNKNOWN STEP	2026-08-28T10:23:21.3673574Z   [61/157] L586 caught: tests
refusal-coverage	UNKNOWN STEP	2026-08-28T10:23:22.0517782Z   [62/157] L613 caught: tests
refusal-coverage	UNKNOWN STEP	2026-08-28T10:23:25.2308706Z   [63/157] L619 caught: tests
refusal-coverage	UNKNOWN STEP	2026-08-28T10:23:28.5222256Z   [64/157] L624 caught: tests
refusal-coverage	UNKNOWN STEP	2026-08-28T10:23:31.6993327Z   [65/157] L627 caught: tests
refusal-coverage	UNKNOWN STEP	2026-08-28T10:23:34.9872101Z   [66/157] L636 caught: tests
refusal-coverage	UNKNOWN STEP	2026-08-28T10:23:36.3628484Z   [67/157] L648 caught: tests
refusal-coverage	UNKNOWN STEP	2026-08-28T10:23:37.7766823Z   [68/157] L654 caught: tests
refusal-coverage	UNKNOWN STEP	2026-08-28T10:23:39.1795842Z   [69/157] L661 caught: tests
refusal-coverage	UNKNOWN STEP	2026-08-28T10:23:39.9119016Z   [70/157] L668 caught: tests
refusal-coverage	UNKNOWN STEP	2026-08-28T10:23:42.4140677Z   [71/157] L675 caught: tests
refusal-coverage	UNKNOWN STEP	2026-08-28T10:23:43.5280223Z   [72/157] L694 caught: tests
refusal-coverage	UNKNOWN STEP	2026-08-28T10:23:44.7229788Z   [73/157] L699 caught: tests
refusal-coverage	UNKNOWN STEP	2026-08-28T10:23:47.0473919Z   [74/157] L702 caught: tests
refusal-coverage	UNKNOWN STEP	2026-08-28T10:23:48.0114740Z   [75/157] L737 caught: tests
refusal-coverage	UNKNOWN STEP	2026-08-28T10:23:48.9803237Z   [76/157] L747 caught: tests
refusal-coverage	UNKNOWN STEP	2026-08-28T10:23:50.0038656Z   [77/157] L753 caught: tests
refusal-coverage	UNKNOWN STEP	2026-08-28T10:23:51.3136018Z   [78/157] L766 caught: tests
refusal-coverage	UNKNOWN STEP	2026-08-28T10:23:52.6336765Z   [79/157] L770 caught: tests
refusal-coverage	UNKNOWN STEP	2026-08-28T10:23:53.9518555Z   [80/157] L774 caught: tests
refusal-coverage	UNKNOWN STEP	2026-08-28T10:23:56.4430329Z   [81/157] L783 caught: tests
refusal-coverage	UNKNOWN STEP	2026-08-28T10:23:58.7088322Z   [82/157] L790 caught: tests
refusal-coverage	UNKNOWN STEP	2026-08-28T10:24:00.0614804Z   [83/157] L822 caught: tests
refusal-coverage	UNKNOWN STEP	2026-08-28T10:24:00.7457777Z   [84/157] L844 caught: tests
refusal-coverage	UNKNOWN STEP	2026-08-28T10:24:03.0706797Z   [85/157] L849 caught: tests
refusal-coverage	UNKNOWN STEP	2026-08-28T10:24:05.3643792Z   [86/157] L858 caught: tests
refusal-coverage	UNKNOWN STEP	2026-08-28T10:24:06.4479536Z   [87/157] L867 caught: tests
refusal-coverage	UNKNOWN STEP	2026-08-28T10:24:07.6911323Z   [88/157] L871 caught: tests
refusal-coverage	UNKNOWN STEP	2026-08-28T10:24:10.1969008Z   [89/157] L874 caught: tests
refusal-coverage	UNKNOWN STEP	2026-08-28T10:24:11.3042034Z   [90/157] L878 caught: tests
refusal-coverage	UNKNOWN STEP	2026-08-28T10:24:12.5138916Z   [91/157] L883 caught: tests
refusal-coverage	UNKNOWN STEP	2026-08-28T10:24:14.8115628Z   [92/157] L886 caught: tests
refusal-coverage	UNKNOWN STEP	2026-08-28T10:24:16.1459761Z   [93/157] L1068 caught: tests
refusal-coverage	UNKNOWN STEP	2026-08-28T10:24:17.4876664Z   [94/157] L1073 caught: tests
refusal-coverage	UNKNOWN STEP	2026-08-28T10:24:18.8884512Z   [95/157] L1077 caught: tests
refusal-coverage	UNKNOWN STEP	2026-08-28T10:24:20.2477216Z   [96/157] L1085 caught: tests
refusal-coverage	UNKNOWN STEP	2026-08-28T10:24:21.6006182Z   [97/157] L1098 caught: tests
refusal-coverage	UNKNOWN STEP	2026-08-28T10:24:22.9701564Z   [98/157] L1119 caught: tests
refusal-coverage	UNKNOWN STEP	2026-08-28T10:24:24.3407696Z   [99/157] L1123 caught: tests
refusal-coverage	UNKNOWN STEP	2026-08-28T10:24:25.7184913Z   [100/157] L1127 caught: tests
refusal-coverage	UNKNOWN STEP	2026-08-28T10:24:26.7594070Z   [101/157] L1191 caught: tests
refusal-coverage	UNKNOWN STEP	2026-08-28T10:24:27.7476247Z   [102/157] L1197 caught: tests
refusal-coverage	UNKNOWN STEP	2026-08-28T10:24:28.7365720Z   [103/157] L1203 caught: tests
refusal-coverage	UNKNOWN STEP	2026-08-28T10:24:29.7081000Z   [104/157] L1212 caught: tests
refusal-coverage	UNKNOWN STEP	2026-08-28T10:24:30.6728330Z   [105/157] L1216 caught: tests
refusal-coverage	UNKNOWN STEP	2026-08-28T10:24:31.6457376Z   [106/157] L1221 caught: tests
refusal-coverage	UNKNOWN STEP	2026-08-28T10:24:32.6230919Z   [107/157] L1226 caught: tests
refusal-coverage	UNKNOWN STEP	2026-08-28T10:24:33.5905616Z   [108/157] L1232 caught: tests
refusal-coverage	UNKNOWN STEP	2026-08-28T10:24:34.5572527Z   [109/157] L1237 caught: tests
refusal-coverage	UNKNOWN STEP	2026-08-28T10:24:35.5433059Z   [110/157] L1245 caught: tests
refusal-coverage	UNKNOWN STEP	2026-08-28T10:24:36.5106486Z   [111/157] L1250 caught: tests
refusal-coverage	UNKNOWN STEP	2026-08-28T10:24:37.4679846Z   [112/157] L1253 caught: tests
refusal-coverage	UNKNOWN STEP	2026-08-28T10:24:38.1985772Z   [113/157] L1277 caught: tests
refusal-coverage	UNKNOWN STEP	2026-08-28T10:24:38.9304691Z   [114/157] L1283 caught: tests
refusal-coverage	UNKNOWN STEP	2026-08-28T10:24:39.6803969Z   [115/157] L1291 caught: tests
refusal-coverage	UNKNOWN STEP	2026-08-28T10:24:40.4162857Z   [116/157] L1296 caught: tests
refusal-coverage	UNKNOWN STEP	2026-08-28T10:24:41.1590327Z   [117/157] L1301 caught: tests
refusal-coverage	UNKNOWN STEP	2026-08-28T10:24:41.9099246Z   [118/157] L1306 caught: tests
refusal-coverage	UNKNOWN STEP	2026-08-28T10:24:44.7961249Z   [119/157] L1321 caught: tests
refusal-coverage	UNKNOWN STEP	2026-08-28T10:24:45.5582488Z   [120/157] L1325 caught: tests
refusal-coverage	UNKNOWN STEP	2026-08-28T10:24:46.3257765Z   [121/157] L1331 caught: tests
refusal-coverage	UNKNOWN STEP	2026-08-28T10:24:47.1930181Z   [122/157] L1335 caught: tests
refusal-coverage	UNKNOWN STEP	2026-08-28T10:24:47.9766894Z   [123/157] L1339 caught: tests
refusal-coverage	UNKNOWN STEP	2026-08-28T10:24:48.7674675Z   [124/157] L1343 caught: tests
refusal-coverage	UNKNOWN STEP	2026-08-28T10:24:49.5830411Z   [125/157] L1346 caught: tests
refusal-coverage	UNKNOWN STEP	2026-08-28T10:24:52.3919298Z   [126/157] L1352 caught: tests
refusal-coverage	UNKNOWN STEP	2026-08-28T10:24:53.2176282Z   [127/157] L1357 caught: tests
refusal-coverage	UNKNOWN STEP	2026-08-28T10:24:54.0493331Z   [128/157] L1363 caught: tests
refusal-coverage	UNKNOWN STEP	2026-08-28T10:24:54.9796617Z   [129/157] L1366 caught: tests
refusal-coverage	UNKNOWN STEP	2026-08-28T10:24:55.8318856Z   [130/157] L1369 caught: tests
refusal-coverage	UNKNOWN STEP	2026-08-28T10:24:56.7446869Z   [131/157] L1377 caught: tests
refusal-coverage	UNKNOWN STEP	2026-08-28T10:24:57.6127082Z   [132/157] L1383 caught: tests
refusal-coverage	UNKNOWN STEP	2026-08-28T10:24:58.4818780Z   [133/157] L1387 caught: tests
refusal-coverage	UNKNOWN STEP	2026-08-28T10:25:00.9190330Z   [134/157] L1392 caught: tests
refusal-coverage	UNKNOWN STEP	2026-08-28T10:25:01.5689925Z   [135/157] L1407 caught: tests
refusal-coverage	UNKNOWN STEP	2026-08-28T10:25:02.4763375Z   [136/157] L1411 caught: tests
refusal-coverage	UNKNOWN STEP	2026-08-28T10:25:03.4573856Z   [137/157] L1415 caught: tests
refusal-coverage	UNKNOWN STEP	2026-08-28T10:25:05.7362237Z   [138/157] L1422 caught: tests
refusal-coverage	UNKNOWN STEP	2026-08-28T10:25:06.6468894Z   [139/157] L1427 caught: tests
refusal-coverage	UNKNOWN STEP	2026-08-28T10:25:07.3303155Z   [140/157] L1437 caught: tests
refusal-coverage	UNKNOWN STEP	2026-08-28T10:25:08.0501397Z   [141/157] L1443 caught: tests
refusal-coverage	UNKNOWN STEP	2026-08-28T10:25:08.9984309Z   [142/157] L1451 caught: tests
refusal-coverage	UNKNOWN STEP	2026-08-28T10:25:09.9425055Z   [143/157] L1456 caught: tests
refusal-coverage	UNKNOWN STEP	2026-08-28T10:25:10.8888746Z   [144/157] L1463 caught: tests
refusal-coverage	UNKNOWN STEP	2026-08-28T10:25:13.3681657Z   [145/157] L1467 caught: tests
refusal-coverage	UNKNOWN STEP	2026-08-28T10:25:14.3373725Z   [146/157] L1474 caught: tests
refusal-coverage	UNKNOWN STEP	2026-08-28T10:25:16.8035415Z   [147/157] L1480 caught: tests
refusal-coverage	UNKNOWN STEP	2026-08-28T10:25:17.9872123Z   [148/157] L1504 caught: tests
refusal-coverage	UNKNOWN STEP	2026-08-28T10:25:19.2144119Z   [149/157] L1509 caught: tests
refusal-coverage	UNKNOWN STEP	2026-08-28T10:25:21.5943221Z   [150/157] L1512 caught: tests
refusal-coverage	UNKNOWN STEP	2026-08-28T10:25:25.6545107Z   [151/157] L1574 caught: sweep:tamper-summary-string
refusal-coverage	UNKNOWN STEP	2026-08-28T10:25:28.0043940Z   [152/157] L1583 caught: tests
refusal-coverage	UNKNOWN STEP	2026-08-28T10:25:30.3134098Z   [153/157] L1586 caught: tests
refusal-coverage	UNKNOWN STEP	2026-08-28T10:25:31.6438852Z   [154/157] L1622 caught: tests
refusal-coverage	UNKNOWN STEP	2026-08-28T10:25:32.4390788Z   [155/157] L1634 caught: tests
refusal-coverage	UNKNOWN STEP	2026-08-28T10:25:33.5685392Z   [156/157] L1647 caught: tests
refusal-coverage	UNKNOWN STEP	2026-08-28T10:25:36.7102716Z   [157/157] L1686 caught: tests
refusal-coverage	UNKNOWN STEP	2026-08-28T10:25:36.7108232Z 
refusal-coverage	UNKNOWN STEP	2026-08-28T10:25:36.7108426Z MUTATION SCORE: 157/157 = 1.000
refusal-coverage	UNKNOWN STEP	2026-08-28T10:25:36.7261580Z Node 20 is being deprecated. This workflow is running with Node 24 by default. If you need to temporarily use Node 20, you can set the ACTIONS_ALLOW_USE_UNSECURE_NODE_VERSION=true environment variable. For more information see: https://github.blog/changelog/2025-09-19-deprecation-of-node-20-on-github-actions-runners/
refusal-coverage	UNKNOWN STEP	2026-08-28T10:25:36.7263023Z Post job cleanup.
refusal-coverage	UNKNOWN STEP	2026-08-28T10:25:36.8124988Z [command]/usr/bin/git version
refusal-coverage	UNKNOWN STEP	2026-08-28T10:25:36.8168610Z git version 2.55.0
refusal-coverage	UNKNOWN STEP	2026-08-28T10:25:36.8207330Z Temporarily overriding HOME='/home/runner/work/_temp/bbbd1389-9294-442b-a765-532b9f62df2a' before making global git config changes
refusal-coverage	UNKNOWN STEP	2026-08-28T10:25:36.8208908Z Adding repository directory to the temporary git global config as a safe directory
refusal-coverage	UNKNOWN STEP	2026-08-28T10:25:36.8213643Z [command]/usr/bin/git config --global --add safe.directory /home/runner/work/vac-protocol/vac-protocol/_issuers/model-drift
refusal-coverage	UNKNOWN STEP	2026-08-28T10:25:36.8254717Z [command]/usr/bin/git config --local --name-only --get-regexp core\.sshCommand
refusal-coverage	UNKNOWN STEP	2026-08-28T10:25:36.8291168Z [command]/usr/bin/git submodule foreach --recursive sh -c "git config --local --name-only --get-regexp 'core\.sshCommand' && git config --local --unset-all 'core.sshCommand' || :"
refusal-coverage	UNKNOWN STEP	2026-08-28T10:25:36.8545923Z [command]/usr/bin/git config --local --name-only --get-regexp http\.https\:\/\/github\.com\/\.extraheader
refusal-coverage	UNKNOWN STEP	2026-08-28T10:25:36.8571318Z http.https://github.com/.extraheader
refusal-coverage	UNKNOWN STEP	2026-08-28T10:25:36.8583088Z [command]/usr/bin/git config --local --unset-all http.https://github.com/.extraheader
refusal-coverage	UNKNOWN STEP	2026-08-28T10:25:36.8622144Z [command]/usr/bin/git submodule foreach --recursive sh -c "git config --local --name-only --get-regexp 'http\.https\:\/\/github\.com\/\.extraheader' && git config --local --unset-all 'http.https://github.com/.extraheader' || :"
refusal-coverage	UNKNOWN STEP	2026-08-28T10:25:36.8926115Z [command]/usr/bin/git config --local --name-only --get-regexp ^includeIf\.gitdir:
refusal-coverage	UNKNOWN STEP	2026-08-28T10:25:36.8970700Z [command]/usr/bin/git submodule foreach --recursive git config --local --show-origin --name-only --get-regexp remote.origin.url
refusal-coverage	UNKNOWN STEP	2026-08-28T10:25:36.9404942Z Node 20 is being deprecated. This workflow is running with Node 24 by default. If you need to temporarily use Node 20, you can set the ACTIONS_ALLOW_USE_UNSECURE_NODE_VERSION=true environment variable. For more information see: https://github.blog/changelog/2025-09-19-deprecation-of-node-20-on-github-actions-runners/
refusal-coverage	UNKNOWN STEP	2026-08-28T10:25:36.9406213Z Post job cleanup.
refusal-coverage	UNKNOWN STEP	2026-08-28T10:25:37.0266656Z [command]/usr/bin/git version
refusal-coverage	UNKNOWN STEP	2026-08-28T10:25:37.0311450Z git version 2.55.0
refusal-coverage	UNKNOWN STEP	2026-08-28T10:25:37.0355156Z Temporarily overriding HOME='/home/runner/work/_temp/ee5224f4-71c1-462c-a45f-f3a19f205943' before making global git config changes
refusal-coverage	UNKNOWN STEP	2026-08-28T10:25:37.0356724Z Adding repository directory to the temporary git global config as a safe directory
refusal-coverage	UNKNOWN STEP	2026-08-28T10:25:37.0361410Z [command]/usr/bin/git config --global --add safe.directory /home/runner/work/vac-protocol/vac-protocol/_issuers/evalmut
refusal-coverage	UNKNOWN STEP	2026-08-28T10:25:37.0401987Z [command]/usr/bin/git config --local --name-only --get-regexp core\.sshCommand
refusal-coverage	UNKNOWN STEP	2026-08-28T10:25:37.0438173Z [command]/usr/bin/git submodule foreach --recursive sh -c "git config --local --name-only --get-regexp 'core\.sshCommand' && git config --local --unset-all 'core.sshCommand' || :"
refusal-coverage	UNKNOWN STEP	2026-08-28T10:25:37.0702771Z [command]/usr/bin/git config --local --name-only --get-regexp http\.https\:\/\/github\.com\/\.extraheader
refusal-coverage	UNKNOWN STEP	2026-08-28T10:25:37.0726853Z http.https://github.com/.extraheader
refusal-coverage	UNKNOWN STEP	2026-08-28T10:25:37.0739077Z [command]/usr/bin/git config --local --unset-all http.https://github.com/.extraheader
refusal-coverage	UNKNOWN STEP	2026-08-28T10:25:37.0774356Z [command]/usr/bin/git submodule foreach --recursive sh -c "git config --local --name-only --get-regexp 'http\.https\:\/\/github\.com\/\.extraheader' && git config --local --unset-all 'http.https://github.com/.extraheader' || :"
refusal-coverage	UNKNOWN STEP	2026-08-28T10:25:37.1070920Z [command]/usr/bin/git config --local --name-only --get-regexp ^includeIf\.gitdir:
refusal-coverage	UNKNOWN STEP	2026-08-28T10:25:37.1091228Z [command]/usr/bin/git submodule foreach --recursive git config --local --show-origin --name-only --get-regexp remote.origin.url
refusal-coverage	UNKNOWN STEP	2026-08-28T10:25:37.1512207Z Node 20 is being deprecated. This workflow is running with Node 24 by default. If you need to temporarily use Node 20, you can set the ACTIONS_ALLOW_USE_UNSECURE_NODE_VERSION=true environment variable. For more information see: https://github.blog/changelog/2025-09-19-deprecation-of-node-20-on-github-actions-runners/
refusal-coverage	UNKNOWN STEP	2026-08-28T10:25:37.1513646Z Post job cleanup.
refusal-coverage	UNKNOWN STEP	2026-08-28T10:25:37.2407685Z [command]/usr/bin/git version
refusal-coverage	UNKNOWN STEP	2026-08-28T10:25:37.2450575Z git version 2.55.0
refusal-coverage	UNKNOWN STEP	2026-08-28T10:25:37.2490048Z Temporarily overriding HOME='/home/runner/work/_temp/22c5ffe7-21a9-44b2-ae62-1f2ab28bcc1b' before making global git config changes
refusal-coverage	UNKNOWN STEP	2026-08-28T10:25:37.2491517Z Adding repository directory to the temporary git global config as a safe directory
refusal-coverage	UNKNOWN STEP	2026-08-28T10:25:37.2496500Z [command]/usr/bin/git config --global --add safe.directory /home/runner/work/vac-protocol/vac-protocol/_issuers/crashkit
refusal-coverage	UNKNOWN STEP	2026-08-28T10:25:37.2535538Z [command]/usr/bin/git config --local --name-only --get-regexp core\.sshCommand
refusal-coverage	UNKNOWN STEP	2026-08-28T10:25:37.2574074Z [command]/usr/bin/git submodule foreach --recursive sh -c "git config --local --name-only --get-regexp 'core\.sshCommand' && git config --local --unset-all 'core.sshCommand' || :"
refusal-coverage	UNKNOWN STEP	2026-08-28T10:25:37.2861621Z [command]/usr/bin/git config --local --name-only --get-regexp http\.https\:\/\/github\.com\/\.extraheader
refusal-coverage	UNKNOWN STEP	2026-08-28T10:25:37.2894463Z http.https://github.com/.extraheader
refusal-coverage	UNKNOWN STEP	2026-08-28T10:25:37.2913281Z [command]/usr/bin/git config --local --unset-all http.https://github.com/.extraheader
refusal-coverage	UNKNOWN STEP	2026-08-28T10:25:37.2956510Z [command]/usr/bin/git submodule foreach --recursive sh -c "git config --local --name-only --get-regexp 'http\.https\:\/\/github\.com\/\.extraheader' && git config --local --unset-all 'http.https://github.com/.extraheader' || :"
refusal-coverage	UNKNOWN STEP	2026-08-28T10:25:37.3211799Z [command]/usr/bin/git config --local --name-only --get-regexp ^includeIf\.gitdir:
refusal-coverage	UNKNOWN STEP	2026-08-28T10:25:37.3257356Z [command]/usr/bin/git submodule foreach --recursive git config --local --show-origin --name-only --get-regexp remote.origin.url
refusal-coverage	UNKNOWN STEP	2026-08-28T10:25:37.3659781Z Node 20 is being deprecated. This workflow is running with Node 24 by default. If you need to temporarily use Node 20, you can set the ACTIONS_ALLOW_USE_UNSECURE_NODE_VERSION=true environment variable. For more information see: https://github.blog/changelog/2025-09-19-deprecation-of-node-20-on-github-actions-runners/
refusal-coverage	UNKNOWN STEP	2026-08-28T10:25:37.3661437Z Post job cleanup.
refusal-coverage	UNKNOWN STEP	2026-08-28T10:25:37.4939053Z (node:33036) [DEP0040] DeprecationWarning: The `punycode` module is deprecated. Please use a userland alternative instead.
refusal-coverage	UNKNOWN STEP	2026-08-28T10:25:37.4939831Z (Use `node --trace-deprecation ...` to show where the warning was created)
refusal-coverage	UNKNOWN STEP	2026-08-28T10:25:37.5145715Z Node 20 is being deprecated. This workflow is running with Node 24 by default. If you need to temporarily use Node 20, you can set the ACTIONS_ALLOW_USE_UNSECURE_NODE_VERSION=true environment variable. For more information see: https://github.blog/changelog/2025-09-19-deprecation-of-node-20-on-github-actions-runners/
refusal-coverage	UNKNOWN STEP	2026-08-28T10:25:37.5147888Z Post job cleanup.
refusal-coverage	UNKNOWN STEP	2026-08-28T10:25:37.6080833Z [command]/usr/bin/git version
refusal-coverage	UNKNOWN STEP	2026-08-28T10:25:37.6110735Z git version 2.55.0
refusal-coverage	UNKNOWN STEP	2026-08-28T10:25:37.6171332Z Temporarily overriding HOME='/home/runner/work/_temp/6dcd7f1c-2b88-4695-8788-0516da208af2' before making global git config changes
refusal-coverage	UNKNOWN STEP	2026-08-28T10:25:37.6173136Z Adding repository directory to the temporary git global config as a safe directory
refusal-coverage	UNKNOWN STEP	2026-08-28T10:25:37.6226928Z [command]/usr/bin/git config --global --add safe.directory /home/runner/work/vac-protocol/vac-protocol
refusal-coverage	UNKNOWN STEP	2026-08-28T10:25:37.6280905Z [command]/usr/bin/git config --local --name-only --get-regexp core\.sshCommand
refusal-coverage	UNKNOWN STEP	2026-08-28T10:25:37.6321593Z [command]/usr/bin/git submodule foreach --recursive sh -c "git config --local --name-only --get-regexp 'core\.sshCommand' && git config --local --unset-all 'core.sshCommand' || :"
refusal-coverage	UNKNOWN STEP	2026-08-28T10:25:37.6598178Z [command]/usr/bin/git config --local --name-only --get-regexp http\.https\:\/\/github\.com\/\.extraheader
refusal-coverage	UNKNOWN STEP	2026-08-28T10:25:37.6626765Z http.https://github.com/.extraheader
refusal-coverage	UNKNOWN STEP	2026-08-28T10:25:37.6641139Z [command]/usr/bin/git config --local --unset-all http.https://github.com/.extraheader
refusal-coverage	UNKNOWN STEP	2026-08-28T10:25:37.6677458Z [command]/usr/bin/git submodule foreach --recursive sh -c "git config --local --name-only --get-regexp 'http\.https\:\/\/github\.com\/\.extraheader' && git config --local --unset-all 'http.https://github.com/.extraheader' || :"
refusal-coverage	UNKNOWN STEP	2026-08-28T10:25:37.6933039Z [command]/usr/bin/git config --local --name-only --get-regexp ^includeIf\.gitdir:
refusal-coverage	UNKNOWN STEP	2026-08-28T10:25:37.6973372Z [command]/usr/bin/git submodule foreach --recursive git config --local --show-origin --name-only --get-regexp remote.origin.url
refusal-coverage	UNKNOWN STEP	2026-08-28T10:25:37.7381907Z Cleaning up orphan processes
refusal-coverage	UNKNOWN STEP	2026-08-28T10:25:37.7760527Z ##[warning]Node.js 20 is deprecated. The following actions target Node.js 20 but are being forced to run on Node.js 24: actions/checkout@v4, actions/setup-python@v5. For more information see: https://github.blog/changelog/2025-09-19-deprecation-of-node-20-on-github-actions-runners/
invalidation-liveness	UNKNOWN STEP	﻿2026-08-28T10:21:20.5621640Z Current runner version: '2.336.0'
invalidation-liveness	UNKNOWN STEP	2026-08-28T10:21:20.5645295Z ##[group]Runner Image Provisioner
invalidation-liveness	UNKNOWN STEP	2026-08-28T10:21:20.5646121Z Hosted Compute Agent
invalidation-liveness	UNKNOWN STEP	2026-08-28T10:21:20.5646756Z Version: 20260819.586
invalidation-liveness	UNKNOWN STEP	2026-08-28T10:21:20.5647429Z Commit: 3cc4a88dfa507ef76119ad1bb3eccc6378bb2b76
invalidation-liveness	UNKNOWN STEP	2026-08-28T10:21:20.5648154Z Build Date: 2026-08-18T23:20:18Z
invalidation-liveness	UNKNOWN STEP	2026-08-28T10:21:20.5648848Z Worker ID: {aa19f04e-69a8-4f2a-ab12-a50b560100d4}
invalidation-liveness	UNKNOWN STEP	2026-08-28T10:21:20.5649552Z Azure Region: centralus
invalidation-liveness	UNKNOWN STEP	2026-08-28T10:21:20.5650133Z ##[endgroup]
invalidation-liveness	UNKNOWN STEP	2026-08-28T10:21:20.5651758Z ##[group]Operating System
invalidation-liveness	UNKNOWN STEP	2026-08-28T10:21:20.5652380Z Ubuntu
invalidation-liveness	UNKNOWN STEP	2026-08-28T10:21:20.5652946Z 24.04.4
invalidation-liveness	UNKNOWN STEP	2026-08-28T10:21:20.5653504Z LTS
invalidation-liveness	UNKNOWN STEP	2026-08-28T10:21:20.5654022Z ##[endgroup]
invalidation-liveness	UNKNOWN STEP	2026-08-28T10:21:20.5654745Z ##[group]Runner Image
invalidation-liveness	UNKNOWN STEP	2026-08-28T10:21:20.5655343Z Image: ubuntu-24.04
invalidation-liveness	UNKNOWN STEP	2026-08-28T10:21:20.5655950Z Version: 20260823.283.1
invalidation-liveness	UNKNOWN STEP	2026-08-28T10:21:20.5657157Z Included Software: https://github.com/actions/runner-images/blob/ubuntu24/20260823.283/images/ubuntu/Ubuntu2404-Readme.md
invalidation-liveness	UNKNOWN STEP	2026-08-28T10:21:20.5658588Z Image Release: https://github.com/actions/runner-images/releases/tag/ubuntu24%2F20260823.283
invalidation-liveness	UNKNOWN STEP	2026-08-28T10:21:20.5659481Z ##[endgroup]
invalidation-liveness	UNKNOWN STEP	2026-08-28T10:21:20.5660646Z ##[group]GITHUB_TOKEN Permissions
invalidation-liveness	UNKNOWN STEP	2026-08-28T10:21:20.5662811Z Contents: read
invalidation-liveness	UNKNOWN STEP	2026-08-28T10:21:20.5663728Z Metadata: read
invalidation-liveness	UNKNOWN STEP	2026-08-28T10:21:20.5664499Z Packages: read
invalidation-liveness	UNKNOWN STEP	2026-08-28T10:21:20.5665276Z ##[endgroup]
invalidation-liveness	UNKNOWN STEP	2026-08-28T10:21:20.5667785Z Secret source: Actions
invalidation-liveness	UNKNOWN STEP	2026-08-28T10:21:20.5668941Z Prepare workflow directory
invalidation-liveness	UNKNOWN STEP	2026-08-28T10:21:20.5982839Z Prepare all required actions
invalidation-liveness	UNKNOWN STEP	2026-08-28T10:21:20.6031066Z Getting action download info
invalidation-liveness	UNKNOWN STEP	2026-08-28T10:21:20.8375475Z Download action repository 'actions/checkout@v4' (SHA:11d5960a326750d5838078e36cf38b85af677262)
invalidation-liveness	UNKNOWN STEP	2026-08-28T10:21:20.9300618Z Download action repository 'actions/setup-python@v5' (SHA:a26af69be951a213d495a4c3e4e4022e16d87065)
invalidation-liveness	UNKNOWN STEP	2026-08-28T10:21:21.0796688Z Complete job name: invalidation-liveness
invalidation-liveness	UNKNOWN STEP	2026-08-28T10:21:21.1456363Z Node 20 is being deprecated. This workflow is running with Node 24 by default. If you need to temporarily use Node 20, you can set the ACTIONS_ALLOW_USE_UNSECURE_NODE_VERSION=true environment variable. For more information see: https://github.blog/changelog/2025-09-19-deprecation-of-node-20-on-github-actions-runners/
invalidation-liveness	UNKNOWN STEP	2026-08-28T10:21:21.1465208Z ##[group]Run actions/checkout@v4
invalidation-liveness	UNKNOWN STEP	2026-08-28T10:21:21.1465972Z with:
invalidation-liveness	UNKNOWN STEP	2026-08-28T10:21:21.1466540Z   repository: egnaro9/vac-protocol
invalidation-liveness	UNKNOWN STEP	2026-08-28T10:21:21.1470134Z   token: ***
invalidation-liveness	UNKNOWN STEP	2026-08-28T10:21:21.1470630Z   ssh-strict: true
invalidation-liveness	UNKNOWN STEP	2026-08-28T10:21:21.1471128Z   ssh-user: git
invalidation-liveness	UNKNOWN STEP	2026-08-28T10:21:21.1471624Z   persist-credentials: true
invalidation-liveness	UNKNOWN STEP	2026-08-28T10:21:21.1472153Z   clean: true
invalidation-liveness	UNKNOWN STEP	2026-08-28T10:21:21.1472659Z   sparse-checkout-cone-mode: true
invalidation-liveness	UNKNOWN STEP	2026-08-28T10:21:21.1473191Z   fetch-depth: 1
invalidation-liveness	UNKNOWN STEP	2026-08-28T10:21:21.1473690Z   fetch-tags: false
invalidation-liveness	UNKNOWN STEP	2026-08-28T10:21:21.1474317Z   show-progress: true
invalidation-liveness	UNKNOWN STEP	2026-08-28T10:21:21.1474833Z   lfs: false
invalidation-liveness	UNKNOWN STEP	2026-08-28T10:21:21.1475372Z   submodules: false
invalidation-liveness	UNKNOWN STEP	2026-08-28T10:21:21.1475889Z   set-safe-directory: true
invalidation-liveness	UNKNOWN STEP	2026-08-28T10:21:21.1476446Z   allow-unsafe-pr-checkout: false
invalidation-liveness	UNKNOWN STEP	2026-08-28T10:21:21.1477281Z ##[endgroup]
invalidation-liveness	UNKNOWN STEP	2026-08-28T10:21:21.2488329Z Syncing repository: egnaro9/vac-protocol
invalidation-liveness	UNKNOWN STEP	2026-08-28T10:21:21.2491158Z ##[group]Getting Git version info
invalidation-liveness	UNKNOWN STEP	2026-08-28T10:21:21.2492450Z Working directory is '/home/runner/work/vac-protocol/vac-protocol'
invalidation-liveness	UNKNOWN STEP	2026-08-28T10:21:21.2494517Z [command]/usr/bin/git version
invalidation-liveness	UNKNOWN STEP	2026-08-28T10:21:21.2502810Z git version 2.55.0
invalidation-liveness	UNKNOWN STEP	2026-08-28T10:21:21.2522150Z ##[endgroup]
invalidation-liveness	UNKNOWN STEP	2026-08-28T10:21:21.2535816Z Temporarily overriding HOME='/home/runner/work/_temp/39b8f41e-2d9f-4835-a109-363cb7c774e8' before making global git config changes
invalidation-liveness	UNKNOWN STEP	2026-08-28T10:21:21.2538287Z Adding repository directory to the temporary git global config as a safe directory
invalidation-liveness	UNKNOWN STEP	2026-08-28T10:21:21.2540475Z [command]/usr/bin/git config --global --add safe.directory /home/runner/work/vac-protocol/vac-protocol
invalidation-liveness	UNKNOWN STEP	2026-08-28T10:21:21.2584844Z Deleting the contents of '/home/runner/work/vac-protocol/vac-protocol'
invalidation-liveness	UNKNOWN STEP	2026-08-28T10:21:21.2588287Z ##[group]Initializing the repository
invalidation-liveness	UNKNOWN STEP	2026-08-28T10:21:21.2593326Z [command]/usr/bin/git init /home/runner/work/vac-protocol/vac-protocol
invalidation-liveness	UNKNOWN STEP	2026-08-28T10:21:21.2686957Z hint: Using 'master' as the name for the initial branch. This default branch name
invalidation-liveness	UNKNOWN STEP	2026-08-28T10:21:21.2688727Z hint: will change to "main" in Git 3.0. To configure the initial branch name
invalidation-liveness	UNKNOWN STEP	2026-08-28T10:21:21.2690564Z hint: to use in all of your new repositories, which will suppress this warning,
invalidation-liveness	UNKNOWN STEP	2026-08-28T10:21:21.2691865Z hint: call:
invalidation-liveness	UNKNOWN STEP	2026-08-28T10:21:21.2692559Z hint:
invalidation-liveness	UNKNOWN STEP	2026-08-28T10:21:21.2693399Z hint: 	git config --global init.defaultBranch <name>
invalidation-liveness	UNKNOWN STEP	2026-08-28T10:21:21.2694588Z hint:
invalidation-liveness	UNKNOWN STEP	2026-08-28T10:21:21.2695575Z hint: Names commonly chosen instead of 'master' are 'main', 'trunk' and
invalidation-liveness	UNKNOWN STEP	2026-08-28T10:21:21.2697212Z hint: 'development'. The just-created branch can be renamed via this command:
invalidation-liveness	UNKNOWN STEP	2026-08-28T10:21:21.2698469Z hint:
invalidation-liveness	UNKNOWN STEP	2026-08-28T10:21:21.2699168Z hint: 	git branch -m <name>
invalidation-liveness	UNKNOWN STEP	2026-08-28T10:21:21.2700039Z hint:
invalidation-liveness	UNKNOWN STEP	2026-08-28T10:21:21.2701143Z hint: Disable this message with "git config set advice.defaultBranchName false"
invalidation-liveness	UNKNOWN STEP	2026-08-28T10:21:21.2703075Z Initialized empty Git repository in /home/runner/work/vac-protocol/vac-protocol/.git/
invalidation-liveness	UNKNOWN STEP	2026-08-28T10:21:21.2706228Z [command]/usr/bin/git remote add origin https://github.com/egnaro9/vac-protocol
invalidation-liveness	UNKNOWN STEP	2026-08-28T10:21:21.2739814Z ##[endgroup]
invalidation-liveness	UNKNOWN STEP	2026-08-28T10:21:21.2741158Z ##[group]Disabling automatic garbage collection
invalidation-liveness	UNKNOWN STEP	2026-08-28T10:21:21.2742733Z [command]/usr/bin/git config --local gc.auto 0
invalidation-liveness	UNKNOWN STEP	2026-08-28T10:21:21.2767574Z ##[endgroup]
invalidation-liveness	UNKNOWN STEP	2026-08-28T10:21:21.2768804Z ##[group]Setting up auth
invalidation-liveness	UNKNOWN STEP	2026-08-28T10:21:21.2773449Z [command]/usr/bin/git config --local --name-only --get-regexp core\.sshCommand
invalidation-liveness	UNKNOWN STEP	2026-08-28T10:21:21.2799897Z [command]/usr/bin/git submodule foreach --recursive sh -c "git config --local --name-only --get-regexp 'core\.sshCommand' && git config --local --unset-all 'core.sshCommand' || :"
invalidation-liveness	UNKNOWN STEP	2026-08-28T10:21:21.3140322Z [command]/usr/bin/git config --local --name-only --get-regexp http\.https\:\/\/github\.com\/\.extraheader
invalidation-liveness	UNKNOWN STEP	2026-08-28T10:21:21.3173391Z [command]/usr/bin/git submodule foreach --recursive sh -c "git config --local --name-only --get-regexp 'http\.https\:\/\/github\.com\/\.extraheader' && git config --local --unset-all 'http.https://github.com/.extraheader' || :"
invalidation-liveness	UNKNOWN STEP	2026-08-28T10:21:21.3369410Z [command]/usr/bin/git config --local --name-only --get-regexp ^includeIf\.gitdir:
invalidation-liveness	UNKNOWN STEP	2026-08-28T10:21:21.3398229Z [command]/usr/bin/git submodule foreach --recursive git config --local --show-origin --name-only --get-regexp remote.origin.url
invalidation-liveness	UNKNOWN STEP	2026-08-28T10:21:21.3574857Z [command]/usr/bin/git config --local http.https://github.com/.extraheader AUTHORIZATION: basic ***
invalidation-liveness	UNKNOWN STEP	2026-08-28T10:21:21.3605619Z ##[endgroup]
invalidation-liveness	UNKNOWN STEP	2026-08-28T10:21:21.3606412Z ##[group]Fetching the repository
invalidation-liveness	UNKNOWN STEP	2026-08-28T10:21:21.3615060Z [command]/usr/bin/git -c protocol.version=2 fetch --no-tags --prune --no-recurse-submodules --depth=1 origin +2e5734b1bf26fd93ac1de7243c6d39348371a233:refs/remotes/origin/main
invalidation-liveness	UNKNOWN STEP	2026-08-28T10:21:21.9808751Z From https://github.com/egnaro9/vac-protocol
invalidation-liveness	UNKNOWN STEP	2026-08-28T10:21:21.9810236Z  * [new ref]         2e5734b1bf26fd93ac1de7243c6d39348371a233 -> origin/main
invalidation-liveness	UNKNOWN STEP	2026-08-28T10:21:21.9813577Z ##[endgroup]
invalidation-liveness	UNKNOWN STEP	2026-08-28T10:21:21.9815043Z ##[group]Determining the checkout info
invalidation-liveness	UNKNOWN STEP	2026-08-28T10:21:21.9816022Z ##[endgroup]
invalidation-liveness	UNKNOWN STEP	2026-08-28T10:21:21.9820996Z [command]/usr/bin/git sparse-checkout disable
invalidation-liveness	UNKNOWN STEP	2026-08-28T10:21:21.9870501Z [command]/usr/bin/git config --local --unset-all extensions.worktreeConfig
invalidation-liveness	UNKNOWN STEP	2026-08-28T10:21:21.9896028Z ##[group]Checking out the ref
invalidation-liveness	UNKNOWN STEP	2026-08-28T10:21:21.9901027Z [command]/usr/bin/git checkout --progress --force -B main refs/remotes/origin/main
invalidation-liveness	UNKNOWN STEP	2026-08-28T10:21:22.0089419Z Switched to a new branch 'main'
invalidation-liveness	UNKNOWN STEP	2026-08-28T10:21:22.0093484Z branch 'main' set up to track 'origin/main'.
invalidation-liveness	UNKNOWN STEP	2026-08-28T10:21:22.0098453Z ##[endgroup]
invalidation-liveness	UNKNOWN STEP	2026-08-28T10:21:22.0135418Z [command]/usr/bin/git log -1 --format=%H
invalidation-liveness	UNKNOWN STEP	2026-08-28T10:21:22.0154842Z 2e5734b1bf26fd93ac1de7243c6d39348371a233
invalidation-liveness	UNKNOWN STEP	2026-08-28T10:21:22.0421520Z Node 20 is being deprecated. This workflow is running with Node 24 by default. If you need to temporarily use Node 20, you can set the ACTIONS_ALLOW_USE_UNSECURE_NODE_VERSION=true environment variable. For more information see: https://github.blog/changelog/2025-09-19-deprecation-of-node-20-on-github-actions-runners/
invalidation-liveness	UNKNOWN STEP	2026-08-28T10:21:22.0424838Z ##[group]Run actions/setup-python@v5
invalidation-liveness	UNKNOWN STEP	2026-08-28T10:21:22.0425423Z with:
invalidation-liveness	UNKNOWN STEP	2026-08-28T10:21:22.0425885Z   python-version: 3.12
invalidation-liveness	UNKNOWN STEP	2026-08-28T10:21:22.0426400Z   check-latest: false
invalidation-liveness	UNKNOWN STEP	2026-08-28T10:21:22.0430371Z   token: ***
invalidation-liveness	UNKNOWN STEP	2026-08-28T10:21:22.0430857Z   update-environment: true
invalidation-liveness	UNKNOWN STEP	2026-08-28T10:21:22.0431413Z   allow-prereleases: false
invalidation-liveness	UNKNOWN STEP	2026-08-28T10:21:22.0431943Z   freethreaded: false
invalidation-liveness	UNKNOWN STEP	2026-08-28T10:21:22.0432442Z ##[endgroup]
invalidation-liveness	UNKNOWN STEP	2026-08-28T10:21:22.1677382Z ##[group]Installed versions
invalidation-liveness	UNKNOWN STEP	2026-08-28T10:21:22.1761301Z (node:2148) [DEP0040] DeprecationWarning: The `punycode` module is deprecated. Please use a userland alternative instead.
invalidation-liveness	UNKNOWN STEP	2026-08-28T10:21:22.1762999Z (Use `node --trace-deprecation ...` to show where the warning was created)
invalidation-liveness	UNKNOWN STEP	2026-08-28T10:21:22.1764966Z Successfully set up CPython (3.12.14)
invalidation-liveness	UNKNOWN STEP	2026-08-28T10:21:22.1767055Z ##[endgroup]
invalidation-liveness	UNKNOWN STEP	2026-08-28T10:21:22.1897622Z ##[group]Run pip install -e .
invalidation-liveness	UNKNOWN STEP	2026-08-28T10:21:22.1898353Z ^[[36;1mpip install -e .^[[0m
invalidation-liveness	UNKNOWN STEP	2026-08-28T10:21:22.1936920Z shell: /usr/bin/bash -e {0}
invalidation-liveness	UNKNOWN STEP	2026-08-28T10:21:22.1937517Z env:
invalidation-liveness	UNKNOWN STEP	2026-08-28T10:21:22.1938089Z   pythonLocation: /opt/hostedtoolcache/Python/3.12.14/x64
invalidation-liveness	UNKNOWN STEP	2026-08-28T10:21:22.1938994Z   PKG_CONFIG_PATH: /opt/hostedtoolcache/Python/3.12.14/x64/lib/pkgconfig
invalidation-liveness	UNKNOWN STEP	2026-08-28T10:21:22.1939879Z   Python_ROOT_DIR: /opt/hostedtoolcache/Python/3.12.14/x64
invalidation-liveness	UNKNOWN STEP	2026-08-28T10:21:22.1940701Z   Python2_ROOT_DIR: /opt/hostedtoolcache/Python/3.12.14/x64
invalidation-liveness	UNKNOWN STEP	2026-08-28T10:21:22.1941516Z   Python3_ROOT_DIR: /opt/hostedtoolcache/Python/3.12.14/x64
invalidation-liveness	UNKNOWN STEP	2026-08-28T10:21:22.1942331Z   LD_LIBRARY_PATH: /opt/hostedtoolcache/Python/3.12.14/x64/lib
invalidation-liveness	UNKNOWN STEP	2026-08-28T10:21:22.1943029Z ##[endgroup]
invalidation-liveness	UNKNOWN STEP	2026-08-28T10:21:22.9692560Z Obtaining file:///home/runner/work/vac-protocol/vac-protocol
invalidation-liveness	UNKNOWN STEP	2026-08-28T10:21:22.9707123Z   Installing build dependencies: started
invalidation-liveness	UNKNOWN STEP	2026-08-28T10:21:23.7938364Z   Installing build dependencies: finished with status 'done'
invalidation-liveness	UNKNOWN STEP	2026-08-28T10:21:23.7945394Z   Checking if build backend supports build_editable: started
invalidation-liveness	UNKNOWN STEP	2026-08-28T10:21:24.0717024Z   Checking if build backend supports build_editable: finished with status 'done'
invalidation-liveness	UNKNOWN STEP	2026-08-28T10:21:24.0725754Z   Getting requirements to build editable: started
invalidation-liveness	UNKNOWN STEP	2026-08-28T10:21:24.3712354Z   Getting requirements to build editable: finished with status 'done'
invalidation-liveness	UNKNOWN STEP	2026-08-28T10:21:24.3721680Z   Preparing editable metadata (pyproject.toml): started
invalidation-liveness	UNKNOWN STEP	2026-08-28T10:21:24.5470293Z   Preparing editable metadata (pyproject.toml): finished with status 'done'
invalidation-liveness	UNKNOWN STEP	2026-08-28T10:21:24.5505053Z Building wheels for collected packages: vac-protocol
invalidation-liveness	UNKNOWN STEP	2026-08-28T10:21:24.5511541Z   Building editable for vac-protocol (pyproject.toml): started
invalidation-liveness	UNKNOWN STEP	2026-08-28T10:21:24.7424889Z   Building editable for vac-protocol (pyproject.toml): finished with status 'done'
invalidation-liveness	UNKNOWN STEP	2026-08-28T10:21:24.7432206Z   Created wheel for vac-protocol: filename=vac_protocol-0.1.0-0.editable-py3-none-any.whl size=8767 sha256=a23d1c431555201a0df0aef063c1952ac0b2810200e1d54ccf6093bee31f05e4
invalidation-liveness	UNKNOWN STEP	2026-08-28T10:21:24.7434842Z   Stored in directory: /tmp/pip-ephem-wheel-cache-pe7cnqng/wheels/31/93/c0/4effb33ea68d4321a176d9cb097b94ea8b1be9d534ea861dec
invalidation-liveness	UNKNOWN STEP	2026-08-28T10:21:24.7461286Z Successfully built vac-protocol
invalidation-liveness	UNKNOWN STEP	2026-08-28T10:21:24.7583098Z Installing collected packages: vac-protocol
invalidation-liveness	UNKNOWN STEP	2026-08-28T10:21:24.7667101Z Successfully installed vac-protocol-0.1.0
invalidation-liveness	UNKNOWN STEP	2026-08-28T10:21:24.8155887Z ##[group]Run python -m vac.verify fixtures/valid
invalidation-liveness	UNKNOWN STEP	2026-08-28T10:21:24.8156311Z ^[[36;1mpython -m vac.verify fixtures/valid^[[0m
invalidation-liveness	UNKNOWN STEP	2026-08-28T10:21:24.8180565Z shell: /usr/bin/bash -e {0}
invalidation-liveness	UNKNOWN STEP	2026-08-28T10:21:24.8180835Z env:
invalidation-liveness	UNKNOWN STEP	2026-08-28T10:21:24.8181113Z   pythonLocation: /opt/hostedtoolcache/Python/3.12.14/x64
invalidation-liveness	UNKNOWN STEP	2026-08-28T10:21:24.8181550Z   PKG_CONFIG_PATH: /opt/hostedtoolcache/Python/3.12.14/x64/lib/pkgconfig
invalidation-liveness	UNKNOWN STEP	2026-08-28T10:21:24.8181977Z   Python_ROOT_DIR: /opt/hostedtoolcache/Python/3.12.14/x64
invalidation-liveness	UNKNOWN STEP	2026-08-28T10:21:24.8182523Z   Python2_ROOT_DIR: /opt/hostedtoolcache/Python/3.12.14/x64
invalidation-liveness	UNKNOWN STEP	2026-08-28T10:21:24.8182914Z   Python3_ROOT_DIR: /opt/hostedtoolcache/Python/3.12.14/x64
invalidation-liveness	UNKNOWN STEP	2026-08-28T10:21:24.8183299Z   LD_LIBRARY_PATH: /opt/hostedtoolcache/Python/3.12.14/x64/lib
invalidation-liveness	UNKNOWN STEP	2026-08-28T10:21:24.8183632Z ##[endgroup]
invalidation-liveness	UNKNOWN STEP	2026-08-28T10:21:24.8745918Z structural verification: PASS (valid)
invalidation-liveness	UNKNOWN STEP	2026-08-28T10:21:24.8746754Z   proved offline: manifest schema, artifact presence + sha256, bundle closure,
invalidation-liveness	UNKNOWN STEP	2026-08-28T10:21:24.8747561Z   stated limitations, stamp agreement, declared results recomputed from artifacts.
invalidation-liveness	UNKNOWN STEP	2026-08-28T10:21:24.8748418Z semantic replay: NOT run by this tool. A structural PASS means the bundle is
invalidation-liveness	UNKNOWN STEP	2026-08-28T10:21:24.8749327Z   internally honest, not that the issuer's grader agrees. To re-earn the
invalidation-liveness	UNKNOWN STEP	2026-08-28T10:21:24.8750139Z   verdicts, run the bundle's replay block at the pinned issuer_commit:
invalidation-liveness	UNKNOWN STEP	2026-08-28T10:21:24.8750845Z     $ git clone https://github.com/example/toy-issuer issuer
invalidation-liveness	UNKNOWN STEP	2026-08-28T10:21:24.8751235Z     $ git -C issuer checkout f1e2d3c
invalidation-liveness	UNKNOWN STEP	2026-08-28T10:21:24.8751522Z     $ python -m pip install -e ./issuer
invalidation-liveness	UNKNOWN STEP	2026-08-28T10:21:24.8751848Z     $ python -m toy_issuer.regrade evidence/bundle.json
invalidation-liveness	UNKNOWN STEP	2026-08-28T10:21:24.8752237Z     $ python issuer/audit/run_audit.py --check evidence/results.json
invalidation-liveness	UNKNOWN STEP	2026-08-28T10:21:24.8752673Z     $ python -m toy_issuer.mutrun --check evidence/evalmut_run.json
invalidation-liveness	UNKNOWN STEP	2026-08-28T10:21:24.8753076Z     $ python -m toy_issuer.crashrun --check evidence/eval_run.json
invalidation-liveness	UNKNOWN STEP	2026-08-28T10:21:24.8753491Z     $ python -m toy_issuer.driftboard --check evidence/standings.json
invalidation-liveness	UNKNOWN STEP	2026-08-28T10:21:24.8754859Z     expected: regrade exits 0 reporting 'consistent'; audit, mutrun, crashrun, and driftboard reproduce results.json, evalmut_run.json, eval_run.json, and the drift board artifacts byte-identically at the stamped commit (mutrun exits 1 by design: the toy suite has holes)
invalidation-liveness	UNKNOWN STEP	2026-08-28T10:21:24.8829779Z ##[group]Run set -e
invalidation-liveness	UNKNOWN STEP	2026-08-28T10:21:24.8830072Z ^[[36;1mset -e^[[0m
invalidation-liveness	UNKNOWN STEP	2026-08-28T10:21:24.8830316Z ^[[36;1mfor d in fixtures/tamper-*; do^[[0m
invalidation-liveness	UNKNOWN STEP	2026-08-28T10:21:24.8830622Z ^[[36;1m  if python -m vac.verify "$d"; then^[[0m
invalidation-liveness	UNKNOWN STEP	2026-08-28T10:21:24.8831141Z ^[[36;1m    echo "LIVENESS FAILURE: $d verified clean — the gate cannot block"^[[0m
invalidation-liveness	UNKNOWN STEP	2026-08-28T10:21:24.8831510Z ^[[36;1m    exit 1^[[0m
invalidation-liveness	UNKNOWN STEP	2026-08-28T10:21:24.8831715Z ^[[36;1m  fi^[[0m
invalidation-liveness	UNKNOWN STEP	2026-08-28T10:21:24.8831910Z ^[[36;1mdone^[[0m
invalidation-liveness	UNKNOWN STEP	2026-08-28T10:21:24.8855913Z shell: /usr/bin/bash -e {0}
invalidation-liveness	UNKNOWN STEP	2026-08-28T10:21:24.8856187Z env:
invalidation-liveness	UNKNOWN STEP	2026-08-28T10:21:24.8856465Z   pythonLocation: /opt/hostedtoolcache/Python/3.12.14/x64
invalidation-liveness	UNKNOWN STEP	2026-08-28T10:21:24.8856891Z   PKG_CONFIG_PATH: /opt/hostedtoolcache/Python/3.12.14/x64/lib/pkgconfig
invalidation-liveness	UNKNOWN STEP	2026-08-28T10:21:24.8857308Z   Python_ROOT_DIR: /opt/hostedtoolcache/Python/3.12.14/x64
invalidation-liveness	UNKNOWN STEP	2026-08-28T10:21:24.8857685Z   Python2_ROOT_DIR: /opt/hostedtoolcache/Python/3.12.14/x64
invalidation-liveness	UNKNOWN STEP	2026-08-28T10:21:24.8858092Z   Python3_ROOT_DIR: /opt/hostedtoolcache/Python/3.12.14/x64
invalidation-liveness	UNKNOWN STEP	2026-08-28T10:21:24.8858471Z   LD_LIBRARY_PATH: /opt/hostedtoolcache/Python/3.12.14/x64/lib
invalidation-liveness	UNKNOWN STEP	2026-08-28T10:21:24.8858803Z ##[endgroup]
invalidation-liveness	UNKNOWN STEP	2026-08-28T10:21:24.9232532Z FAIL evidence-unchecked: evidence/bundle.json: listed in evidence but read by no check
invalidation-liveness	UNKNOWN STEP	2026-08-28T10:21:24.9233779Z structural verification: FAIL — 1 named reason(s) (tamper-check-deleted)
invalidation-liveness	UNKNOWN STEP	2026-08-28T10:21:24.9234668Z   proved offline: manifest schema, artifact presence + sha256, bundle closure,
invalidation-liveness	UNKNOWN STEP	2026-08-28T10:21:24.9235298Z   stated limitations, stamp agreement, declared results recomputed from artifacts.
invalidation-liveness	UNKNOWN STEP	2026-08-28T10:21:24.9235913Z semantic replay: NOT run by this tool. A structural PASS means the bundle is
invalidation-liveness	UNKNOWN STEP	2026-08-28T10:21:24.9236494Z   internally honest, not that the issuer's grader agrees. To re-earn the
invalidation-liveness	UNKNOWN STEP	2026-08-28T10:21:24.9237035Z   verdicts, run the bundle's replay block at the pinned issuer_commit:
invalidation-liveness	UNKNOWN STEP	2026-08-28T10:21:24.9237559Z     $ git clone https://github.com/example/toy-issuer issuer
invalidation-liveness	UNKNOWN STEP	2026-08-28T10:21:24.9238007Z     $ git -C issuer checkout f1e2d3c
invalidation-liveness	UNKNOWN STEP	2026-08-28T10:21:24.9238351Z     $ python -m pip install -e ./issuer
invalidation-liveness	UNKNOWN STEP	2026-08-28T10:21:24.9238941Z     $ python -m toy_issuer.regrade evidence/bundle.json
invalidation-liveness	UNKNOWN STEP	2026-08-28T10:21:24.9239407Z     $ python issuer/audit/run_audit.py --check evidence/results.json
invalidation-liveness	UNKNOWN STEP	2026-08-28T10:21:24.9239924Z     $ python -m toy_issuer.mutrun --check evidence/evalmut_run.json
invalidation-liveness	UNKNOWN STEP	2026-08-28T10:21:24.9240413Z     $ python -m toy_issuer.crashrun --check evidence/eval_run.json
invalidation-liveness	UNKNOWN STEP	2026-08-28T10:21:24.9240907Z     $ python -m toy_issuer.driftboard --check evidence/standings.json
invalidation-liveness	UNKNOWN STEP	2026-08-28T10:21:24.9242184Z     expected: regrade exits 0 reporting 'consistent'; audit, mutrun, crashrun, and driftboard reproduce results.json, evalmut_run.json, eval_run.json, and the drift board artifacts byte-identically at the stamped commit (mutrun exits 1 by design: the toy suite has holes)
invalidation-liveness	UNKNOWN STEP	2026-08-28T10:21:24.9599740Z FAIL raw-aggregate-mismatch: evidence/eval_run.json: case 2 flagged flag contradicts its own passed/truncated pair
invalidation-liveness	UNKNOWN STEP	2026-08-28T10:21:24.9601533Z FAIL raw-aggregate-mismatch: evidence/eval_run.json: metrics.faithfulness declared 0.5, recomputed 0.75
invalidation-liveness	UNKNOWN STEP	2026-08-28T10:21:24.9602505Z FAIL raw-aggregate-mismatch: evidence/eval_run.json: metrics.precision@k declared 0.5, recomputed 0.75
invalidation-liveness	UNKNOWN STEP	2026-08-28T10:21:24.9603291Z FAIL raw-aggregate-mismatch: evidence/eval_run.json: metrics.recall@k declared 0.5, recomputed 0.75
invalidation-liveness	UNKNOWN STEP	2026-08-28T10:21:24.9604077Z FAIL raw-aggregate-mismatch: evidence/eval_run.json: metrics.citation_rate declared 0.5, recomputed 0.75
invalidation-liveness	UNKNOWN STEP	2026-08-28T10:21:24.9605051Z FAIL raw-aggregate-mismatch: evidence/eval_run.json: metrics.vulnerability_score declared 0.4545, recomputed 0.0909
invalidation-liveness	UNKNOWN STEP	2026-08-28T10:21:24.9605966Z FAIL raw-aggregate-mismatch: evidence/eval_run.json: per_kind['prompt-injection'] declared 0.5, recomputed 1.0
invalidation-liveness	UNKNOWN STEP	2026-08-28T10:21:24.9606752Z FAIL summary-mismatch: accuracy: declared 0.5, recomputed 0.75
invalidation-liveness	UNKNOWN STEP	2026-08-28T10:21:24.9607306Z FAIL summary-mismatch: vulnerability_score: declared 0.4545, recomputed 0.0909
invalidation-liveness	UNKNOWN STEP	2026-08-28T10:21:24.9608233Z FAIL summary-outruns-checks: summary.crash_vulnerability: declares 0.4545, no check recomputes it
invalidation-liveness	UNKNOWN STEP	2026-08-28T10:21:24.9609158Z structural verification: FAIL — 10 named reason(s) (tamper-crashkit-case)
invalidation-liveness	UNKNOWN STEP	2026-08-28T10:21:24.9609758Z   proved offline: manifest schema, artifact presence + sha256, bundle closure,
invalidation-liveness	UNKNOWN STEP	2026-08-28T10:21:24.9610394Z   stated limitations, stamp agreement, declared results recomputed from artifacts.
invalidation-liveness	UNKNOWN STEP	2026-08-28T10:21:24.9611003Z semantic replay: NOT run by this tool. A structural PASS means the bundle is
invalidation-liveness	UNKNOWN STEP	2026-08-28T10:21:24.9611574Z   internally honest, not that the issuer's grader agrees. To re-earn the
invalidation-liveness	UNKNOWN STEP	2026-08-28T10:21:24.9612106Z   verdicts, run the bundle's replay block at the pinned issuer_commit:
invalidation-liveness	UNKNOWN STEP	2026-08-28T10:21:24.9612655Z     $ git clone https://github.com/example/toy-issuer issuer
invalidation-liveness	UNKNOWN STEP	2026-08-28T10:21:24.9613059Z     $ git -C issuer checkout f1e2d3c
invalidation-liveness	UNKNOWN STEP	2026-08-28T10:21:24.9613391Z     $ python -m pip install -e ./issuer
invalidation-liveness	UNKNOWN STEP	2026-08-28T10:21:24.9613778Z     $ python -m toy_issuer.regrade evidence/bundle.json
invalidation-liveness	UNKNOWN STEP	2026-08-28T10:21:24.9614344Z     $ python issuer/audit/run_audit.py --check evidence/results.json
invalidation-liveness	UNKNOWN STEP	2026-08-28T10:21:24.9614877Z     $ python -m toy_issuer.mutrun --check evidence/evalmut_run.json
invalidation-liveness	UNKNOWN STEP	2026-08-28T10:21:24.9615366Z     $ python -m toy_issuer.crashrun --check evidence/eval_run.json
invalidation-liveness	UNKNOWN STEP	2026-08-28T10:21:24.9615864Z     $ python -m toy_issuer.driftboard --check evidence/standings.json
invalidation-liveness	UNKNOWN STEP	2026-08-28T10:21:24.9617162Z     expected: regrade exits 0 reporting 'consistent'; audit, mutrun, crashrun, and driftboard reproduce results.json, evalmut_run.json, eval_run.json, and the drift board artifacts byte-identically at the stamped commit (mutrun exits 1 by design: the toy suite has holes)
invalidation-liveness	UNKNOWN STEP	2026-08-28T10:21:24.9982478Z FAIL raw-aggregate-mismatch: evidence/eval_run.json: metrics.vulnerability_score declared 0.0909, recomputed 0.4545
invalidation-liveness	UNKNOWN STEP	2026-08-28T10:21:24.9983449Z structural verification: FAIL — 1 named reason(s) (tamper-crashkit-metrics)
invalidation-liveness	UNKNOWN STEP	2026-08-28T10:21:24.9984036Z   proved offline: manifest schema, artifact presence + sha256, bundle closure,
invalidation-liveness	UNKNOWN STEP	2026-08-28T10:21:24.9984690Z   stated limitations, stamp agreement, declared results recomputed from artifacts.
invalidation-liveness	UNKNOWN STEP	2026-08-28T10:21:24.9985423Z semantic replay: NOT run by this tool. A structural PASS means the bundle is
invalidation-liveness	UNKNOWN STEP	2026-08-28T10:21:24.9985897Z   internally honest, not that the issuer's grader agrees. To re-earn the
invalidation-liveness	UNKNOWN STEP	2026-08-28T10:21:24.9986356Z   verdicts, run the bundle's replay block at the pinned issuer_commit:
invalidation-liveness	UNKNOWN STEP	2026-08-28T10:21:24.9986804Z     $ git clone https://github.com/example/toy-issuer issuer
invalidation-liveness	UNKNOWN STEP	2026-08-28T10:21:24.9987150Z     $ git -C issuer checkout f1e2d3c
invalidation-liveness	UNKNOWN STEP	2026-08-28T10:21:24.9987435Z     $ python -m pip install -e ./issuer
invalidation-liveness	UNKNOWN STEP	2026-08-28T10:21:24.9987751Z     $ python -m toy_issuer.regrade evidence/bundle.json
invalidation-liveness	UNKNOWN STEP	2026-08-28T10:21:24.9988136Z     $ python issuer/audit/run_audit.py --check evidence/results.json
invalidation-liveness	UNKNOWN STEP	2026-08-28T10:21:24.9988551Z     $ python -m toy_issuer.mutrun --check evidence/evalmut_run.json
invalidation-liveness	UNKNOWN STEP	2026-08-28T10:21:24.9988965Z     $ python -m toy_issuer.crashrun --check evidence/eval_run.json
invalidation-liveness	UNKNOWN STEP	2026-08-28T10:21:24.9989377Z     $ python -m toy_issuer.driftboard --check evidence/standings.json
invalidation-liveness	UNKNOWN STEP	2026-08-28T10:21:24.9990440Z     expected: regrade exits 0 reporting 'consistent'; audit, mutrun, crashrun, and driftboard reproduce results.json, evalmut_run.json, eval_run.json, and the drift board artifacts byte-identically at the stamped commit (mutrun exits 1 by design: the toy suite has holes)
invalidation-liveness	UNKNOWN STEP	2026-08-28T10:21:25.0353129Z FAIL artifact-unparsable: evidence/eval_run.json: severity 'Critical', 'Med' outside the profile's frozen table (none/low/med/high/critical)
invalidation-liveness	UNKNOWN STEP	2026-08-28T10:21:25.0355886Z structural verification: FAIL — 1 named reason(s) (tamper-crashkit-severity)
invalidation-liveness	UNKNOWN STEP	2026-08-28T10:21:25.0357243Z   proved offline: manifest schema, artifact presence + sha256, bundle closure,
invalidation-liveness	UNKNOWN STEP	2026-08-28T10:21:25.0358381Z   stated limitations, stamp agreement, declared results recomputed from artifacts.
invalidation-liveness	UNKNOWN STEP	2026-08-28T10:21:25.0359932Z semantic replay: NOT run by this tool. A structural PASS means the bundle is
invalidation-liveness	UNKNOWN STEP	2026-08-28T10:21:25.0361182Z   internally honest, not that the issuer's grader agrees. To re-earn the
invalidation-liveness	UNKNOWN STEP	2026-08-28T10:21:25.0362630Z   verdicts, run the bundle's replay block at the pinned issuer_commit:
invalidation-liveness	UNKNOWN STEP	2026-08-28T10:21:25.0363925Z     $ git clone https://github.com/example/toy-issuer issuer
invalidation-liveness	UNKNOWN STEP	2026-08-28T10:21:25.0365008Z     $ git -C issuer checkout f1e2d3c
invalidation-liveness	UNKNOWN STEP	2026-08-28T10:21:25.0365840Z     $ python -m pip install -e ./issuer
invalidation-liveness	UNKNOWN STEP	2026-08-28T10:21:25.0366725Z     $ python -m toy_issuer.regrade evidence/bundle.json
invalidation-liveness	UNKNOWN STEP	2026-08-28T10:21:25.0367586Z     $ python issuer/audit/run_audit.py --check evidence/results.json
invalidation-liveness	UNKNOWN STEP	2026-08-28T10:21:25.0368586Z     $ python -m toy_issuer.mutrun --check evidence/evalmut_run.json
invalidation-liveness	UNKNOWN STEP	2026-08-28T10:21:25.0369490Z     $ python -m toy_issuer.crashrun --check evidence/eval_run.json
invalidation-liveness	UNKNOWN STEP	2026-08-28T10:21:25.0370484Z     $ python -m toy_issuer.driftboard --check evidence/standings.json
invalidation-liveness	UNKNOWN STEP	2026-08-28T10:21:25.0372697Z     expected: regrade exits 0 reporting 'consistent'; audit, mutrun, crashrun, and driftboard reproduce results.json, evalmut_run.json, eval_run.json, and the drift board artifacts byte-identically at the stamped commit (mutrun exits 1 by design: the toy suite has holes)
invalidation-liveness	UNKNOWN STEP	2026-08-28T10:21:25.0706826Z FAIL draft-incomplete: claim.capability is an unauthored TODO
invalidation-liveness	UNKNOWN STEP	2026-08-28T10:21:25.0707722Z FAIL draft-incomplete: claim.limitations[0] is an unauthored TODO
invalidation-liveness	UNKNOWN STEP	2026-08-28T10:21:25.0708448Z FAIL draft-incomplete: claim.scope is an unauthored TODO
invalidation-liveness	UNKNOWN STEP	2026-08-28T10:21:25.0709172Z FAIL draft-incomplete: protocol.control_policy is an unauthored TODO
invalidation-liveness	UNKNOWN STEP	2026-08-28T10:21:25.0709908Z FAIL draft-incomplete: protocol.grading is an unauthored TODO
invalidation-liveness	UNKNOWN STEP	2026-08-28T10:21:25.0710633Z FAIL draft-incomplete: protocol.hashes.TODO is an unauthored TODO
invalidation-liveness	UNKNOWN STEP	2026-08-28T10:21:25.0711397Z FAIL draft-incomplete: protocol.task is an unauthored TODO
invalidation-liveness	UNKNOWN STEP	2026-08-28T10:21:25.0712131Z FAIL draft-incomplete: replay.commands[2] is an unauthored TODO
invalidation-liveness	UNKNOWN STEP	2026-08-28T10:21:25.0712901Z FAIL draft-incomplete: replay.commands[3] is an unauthored TODO
invalidation-liveness	UNKNOWN STEP	2026-08-28T10:21:25.0713623Z FAIL draft-incomplete: replay.expected is an unauthored TODO
invalidation-liveness	UNKNOWN STEP	2026-08-28T10:21:25.0714803Z FAIL draft-incomplete: results.checks[0].TODO is an unauthored TODO
invalidation-liveness	UNKNOWN STEP	2026-08-28T10:21:25.0715800Z FAIL draft-incomplete: results.checks[0].profile is an unauthored TODO
invalidation-liveness	UNKNOWN STEP	2026-08-28T10:21:25.0716774Z FAIL draft-incomplete: results.summary.TODO is an unauthored TODO
invalidation-liveness	UNKNOWN STEP	2026-08-28T10:21:25.0717781Z FAIL draft-incomplete: subject.id is an unauthored TODO
invalidation-liveness	UNKNOWN STEP	2026-08-28T10:21:25.0718494Z FAIL draft-incomplete: subject.kind is an unauthored TODO
invalidation-liveness	UNKNOWN STEP	2026-08-28T10:21:25.0719392Z FAIL draft-incomplete: subject.version.TODO is an unauthored TODO
invalidation-liveness	UNKNOWN STEP	2026-08-28T10:21:25.0720625Z structural verification: FAIL — 16 named reason(s) (tamper-draft-incomplete)
invalidation-liveness	UNKNOWN STEP	2026-08-28T10:21:25.0721553Z   proved offline: manifest schema, artifact presence + sha256, bundle closure,
invalidation-liveness	UNKNOWN STEP	2026-08-28T10:21:25.0722520Z   stated limitations, stamp agreement, declared results recomputed from artifacts.
invalidation-liveness	UNKNOWN STEP	2026-08-28T10:21:25.0723516Z semantic replay: NOT run by this tool. A structural PASS means the bundle is
invalidation-liveness	UNKNOWN STEP	2026-08-28T10:21:25.0724443Z   internally honest, not that the issuer's grader agrees. To re-earn the
invalidation-liveness	UNKNOWN STEP	2026-08-28T10:21:25.0725307Z   verdicts, run the bundle's replay block at the pinned issuer_commit:
invalidation-liveness	UNKNOWN STEP	2026-08-28T10:21:25.0726291Z     $ git clone https://github.com/example/toy-issuer issuer
invalidation-liveness	UNKNOWN STEP	2026-08-28T10:21:25.0727011Z     $ git -C issuer checkout f1e2d3c
invalidation-liveness	UNKNOWN STEP	2026-08-28T10:21:25.0728009Z     $ TODO(replay.commands): install, then run the issuer's deterministic regrader/audit over this bundle's artifacts
invalidation-liveness	UNKNOWN STEP	2026-08-28T10:21:25.0729352Z     $ TODO(replay.commands): byte-compare the regraded output against the committed artifacts; nonzero on any difference
invalidation-liveness	UNKNOWN STEP	2026-08-28T10:21:25.0730752Z     expected: TODO(replay.expected): the exact outcome — exit code and report text
invalidation-liveness	UNKNOWN STEP	2026-08-28T10:21:25.1088621Z FAIL empty-limitations
invalidation-liveness	UNKNOWN STEP	2026-08-28T10:21:25.1089408Z structural verification: FAIL — 1 named reason(s) (tamper-empty-limitations)
invalidation-liveness	UNKNOWN STEP	2026-08-28T10:21:25.1090209Z   proved offline: manifest schema, artifact presence + sha256, bundle closure,
invalidation-liveness	UNKNOWN STEP	2026-08-28T10:21:25.1090738Z   stated limitations, stamp agreement, declared results recomputed from artifacts.
invalidation-liveness	UNKNOWN STEP	2026-08-28T10:21:25.1091261Z semantic replay: NOT run by this tool. A structural PASS means the bundle is
invalidation-liveness	UNKNOWN STEP	2026-08-28T10:21:25.1091728Z   internally honest, not that the issuer's grader agrees. To re-earn the
invalidation-liveness	UNKNOWN STEP	2026-08-28T10:21:25.1092182Z   verdicts, run the bundle's replay block at the pinned issuer_commit:
invalidation-liveness	UNKNOWN STEP	2026-08-28T10:21:25.1092623Z     $ git clone https://github.com/example/toy-issuer issuer
invalidation-liveness	UNKNOWN STEP	2026-08-28T10:21:25.1092984Z     $ git -C issuer checkout f1e2d3c
invalidation-liveness	UNKNOWN STEP	2026-08-28T10:21:25.1093256Z     $ python -m pip install -e ./issuer
invalidation-liveness	UNKNOWN STEP	2026-08-28T10:21:25.1093579Z     $ python -m toy_issuer.regrade evidence/bundle.json
invalidation-liveness	UNKNOWN STEP	2026-08-28T10:21:25.1093960Z     $ python issuer/audit/run_audit.py --check evidence/results.json
invalidation-liveness	UNKNOWN STEP	2026-08-28T10:21:25.1094523Z     $ python -m toy_issuer.mutrun --check evidence/evalmut_run.json
invalidation-liveness	UNKNOWN STEP	2026-08-28T10:21:25.1094930Z     $ python -m toy_issuer.crashrun --check evidence/eval_run.json
invalidation-liveness	UNKNOWN STEP	2026-08-28T10:21:25.1095346Z     $ python -m toy_issuer.driftboard --check evidence/standings.json
invalidation-liveness	UNKNOWN STEP	2026-08-28T10:21:25.1096421Z     expected: regrade exits 0 reporting 'consistent'; audit, mutrun, crashrun, and driftboard reproduce results.json, evalmut_run.json, eval_run.json, and the drift board artifacts byte-identically at the stamped commit (mutrun exits 1 by design: the toy suite has holes)
invalidation-liveness	UNKNOWN STEP	2026-08-28T10:21:25.1465202Z FAIL raw-aggregate-mismatch: evidence/evalmut_run.json: tally.caught declared 4, recomputed 5
invalidation-liveness	UNKNOWN STEP	2026-08-28T10:21:25.1466512Z FAIL raw-aggregate-mismatch: evidence/evalmut_run.json: tally.missed declared 2, recomputed 1
invalidation-liveness	UNKNOWN STEP	2026-08-28T10:21:25.1467755Z FAIL raw-aggregate-mismatch: evidence/evalmut_run.json: score declared 0.5714285714285714, recomputed 0.7142857142857143
invalidation-liveness	UNKNOWN STEP	2026-08-28T10:21:25.1469236Z FAIL raw-aggregate-mismatch: evidence/evalmut_run.json: holes.blind does not recompute from the rows (declared 1, recomputed 0)
invalidation-liveness	UNKNOWN STEP	2026-08-28T10:21:25.1470344Z FAIL summary-mismatch: blind: declared 1, recomputed 0
invalidation-liveness	UNKNOWN STEP	2026-08-28T10:21:25.1471325Z FAIL summary-mismatch: caught: declared 4, recomputed 5
invalidation-liveness	UNKNOWN STEP	2026-08-28T10:21:25.1471966Z FAIL summary-mismatch: missed: declared 2, recomputed 1
invalidation-liveness	UNKNOWN STEP	2026-08-28T10:21:25.1472638Z FAIL summary-mismatch: score_3: declared 0.571, recomputed 0.714
invalidation-liveness	UNKNOWN STEP	2026-08-28T10:21:25.1473738Z FAIL summary-outruns-checks: summary.mutation_score_3: declares 0.571, no check recomputes it
invalidation-liveness	UNKNOWN STEP	2026-08-28T10:21:25.1475552Z structural verification: FAIL — 9 named reason(s) (tamper-evalmut-rows)
invalidation-liveness	UNKNOWN STEP	2026-08-28T10:21:25.1476767Z   proved offline: manifest schema, artifact presence + sha256, bundle closure,
invalidation-liveness	UNKNOWN STEP	2026-08-28T10:21:25.1477846Z   stated limitations, stamp agreement, declared results recomputed from artifacts.
invalidation-liveness	UNKNOWN STEP	2026-08-28T10:21:25.1478847Z semantic replay: NOT run by this tool. A structural PASS means the bundle is
invalidation-liveness	UNKNOWN STEP	2026-08-28T10:21:25.1479711Z   internally honest, not that the issuer's grader agrees. To re-earn the
invalidation-liveness	UNKNOWN STEP	2026-08-28T10:21:25.1480553Z   verdicts, run the bundle's replay block at the pinned issuer_commit:
invalidation-liveness	UNKNOWN STEP	2026-08-28T10:21:25.1481319Z     $ git clone https://github.com/example/toy-issuer issuer
invalidation-liveness	UNKNOWN STEP	2026-08-28T10:21:25.1481952Z     $ git -C issuer checkout f1e2d3c
invalidation-liveness	UNKNOWN STEP	2026-08-28T10:21:25.1482444Z     $ python -m pip install -e ./issuer
invalidation-liveness	UNKNOWN STEP	2026-08-28T10:21:25.1482943Z     $ python -m toy_issuer.regrade evidence/bundle.json
invalidation-liveness	UNKNOWN STEP	2026-08-28T10:21:25.1483584Z     $ python issuer/audit/run_audit.py --check evidence/results.json
invalidation-liveness	UNKNOWN STEP	2026-08-28T10:21:25.1484541Z     $ python -m toy_issuer.mutrun --check evidence/evalmut_run.json
invalidation-liveness	UNKNOWN STEP	2026-08-28T10:21:25.1485454Z     $ python -m toy_issuer.crashrun --check evidence/eval_run.json
invalidation-liveness	UNKNOWN STEP	2026-08-28T10:21:25.1486363Z     $ python -m toy_issuer.driftboard --check evidence/standings.json
invalidation-liveness	UNKNOWN STEP	2026-08-28T10:21:25.1488810Z     expected: regrade exits 0 reporting 'consistent'; audit, mutrun, crashrun, and driftboard reproduce results.json, evalmut_run.json, eval_run.json, and the drift board artifacts byte-identically at the stamped commit (mutrun exits 1 by design: the toy suite has holes)
invalidation-liveness	UNKNOWN STEP	2026-08-28T10:21:25.1861559Z FAIL raw-aggregate-mismatch: evidence/evalmut_run.json: tally.caught declared 5, recomputed 4
invalidation-liveness	UNKNOWN STEP	2026-08-28T10:21:25.1862973Z structural verification: FAIL — 1 named reason(s) (tamper-evalmut-summary)
invalidation-liveness	UNKNOWN STEP	2026-08-28T10:21:25.1863796Z   proved offline: manifest schema, artifact presence + sha256, bundle closure,
invalidation-liveness	UNKNOWN STEP	2026-08-28T10:21:25.1864816Z   stated limitations, stamp agreement, declared results recomputed from artifacts.
invalidation-liveness	UNKNOWN STEP	2026-08-28T10:21:25.1865640Z semantic replay: NOT run by this tool. A structural PASS means the bundle is
invalidation-liveness	UNKNOWN STEP	2026-08-28T10:21:25.1866415Z   internally honest, not that the issuer's grader agrees. To re-earn the
invalidation-liveness	UNKNOWN STEP	2026-08-28T10:21:25.1867200Z   verdicts, run the bundle's replay block at the pinned issuer_commit:
invalidation-liveness	UNKNOWN STEP	2026-08-28T10:21:25.1867946Z     $ git clone https://github.com/example/toy-issuer issuer
invalidation-liveness	UNKNOWN STEP	2026-08-28T10:21:25.1868510Z     $ git -C issuer checkout f1e2d3c
invalidation-liveness	UNKNOWN STEP	2026-08-28T10:21:25.1868991Z     $ python -m pip install -e ./issuer
invalidation-liveness	UNKNOWN STEP	2026-08-28T10:21:25.1869523Z     $ python -m toy_issuer.regrade evidence/bundle.json
invalidation-liveness	UNKNOWN STEP	2026-08-28T10:21:25.1870201Z     $ python issuer/audit/run_audit.py --check evidence/results.json
invalidation-liveness	UNKNOWN STEP	2026-08-28T10:21:25.1870940Z     $ python -m toy_issuer.mutrun --check evidence/evalmut_run.json
invalidation-liveness	UNKNOWN STEP	2026-08-28T10:21:25.1871758Z     $ python -m toy_issuer.crashrun --check evidence/eval_run.json
invalidation-liveness	UNKNOWN STEP	2026-08-28T10:21:25.1872717Z     $ python -m toy_issuer.driftboard --check evidence/standings.json
invalidation-liveness	UNKNOWN STEP	2026-08-28T10:21:25.1875364Z     expected: regrade exits 0 reporting 'consistent'; audit, mutrun, crashrun, and driftboard reproduce results.json, evalmut_run.json, eval_run.json, and the drift board artifacts byte-identically at the stamped commit (mutrun exits 1 by design: the toy suite has holes)
invalidation-liveness	UNKNOWN STEP	2026-08-28T10:21:25.2247399Z FAIL missing-artifact: evidence/bundle.json
invalidation-liveness	UNKNOWN STEP	2026-08-28T10:21:25.2249100Z structural verification: FAIL — 1 named reason(s) (tamper-missing-artifact)
invalidation-liveness	UNKNOWN STEP	2026-08-28T10:21:25.2250273Z   proved offline: manifest schema, artifact presence + sha256, bundle closure,
invalidation-liveness	UNKNOWN STEP	2026-08-28T10:21:25.2251372Z   stated limitations, stamp agreement, declared results recomputed from artifacts.
invalidation-liveness	UNKNOWN STEP	2026-08-28T10:21:25.2252841Z semantic replay: NOT run by this tool. A structural PASS means the bundle is
invalidation-liveness	UNKNOWN STEP	2026-08-28T10:21:25.2253930Z   internally honest, not that the issuer's grader agrees. To re-earn the
invalidation-liveness	UNKNOWN STEP	2026-08-28T10:21:25.2255120Z   verdicts, run the bundle's replay block at the pinned issuer_commit:
invalidation-liveness	UNKNOWN STEP	2026-08-28T10:21:25.2256069Z     $ git clone https://github.com/example/toy-issuer issuer
invalidation-liveness	UNKNOWN STEP	2026-08-28T10:21:25.2256856Z     $ git -C issuer checkout f1e2d3c
invalidation-liveness	UNKNOWN STEP	2026-08-28T10:21:25.2257589Z     $ python -m pip install -e ./issuer
invalidation-liveness	UNKNOWN STEP	2026-08-28T10:21:25.2258551Z     $ python -m toy_issuer.regrade evidence/bundle.json
invalidation-liveness	UNKNOWN STEP	2026-08-28T10:21:25.2259602Z     $ python issuer/audit/run_audit.py --check evidence/results.json
invalidation-liveness	UNKNOWN STEP	2026-08-28T10:21:25.2260913Z     $ python -m toy_issuer.mutrun --check evidence/evalmut_run.json
invalidation-liveness	UNKNOWN STEP	2026-08-28T10:21:25.2262009Z     $ python -m toy_issuer.crashrun --check evidence/eval_run.json
invalidation-liveness	UNKNOWN STEP	2026-08-28T10:21:25.2263061Z     $ python -m toy_issuer.driftboard --check evidence/standings.json
invalidation-liveness	UNKNOWN STEP	2026-08-28T10:21:25.2265494Z     expected: regrade exits 0 reporting 'consistent'; audit, mutrun, crashrun, and driftboard reproduce results.json, evalmut_run.json, eval_run.json, and the drift board artifacts byte-identically at the stamped commit (mutrun exits 1 by design: the toy suite has holes)
invalidation-liveness	UNKNOWN STEP	2026-08-28T10:21:25.2638228Z FAIL missing-issuer-commit
invalidation-liveness	UNKNOWN STEP	2026-08-28T10:21:25.2639133Z structural verification: FAIL — 1 named reason(s) (tamper-missing-issuer-commit)
invalidation-liveness	UNKNOWN STEP	2026-08-28T10:21:25.2639778Z   proved offline: manifest schema, artifact presence + sha256, bundle closure,
invalidation-liveness	UNKNOWN STEP	2026-08-28T10:21:25.2640516Z   stated limitations, stamp agreement, declared results recomputed from artifacts.
invalidation-liveness	UNKNOWN STEP	2026-08-28T10:21:25.2641120Z semantic replay: NOT run by this tool. A structural PASS means the bundle is
invalidation-liveness	UNKNOWN STEP	2026-08-28T10:21:25.2641901Z   internally honest, not that the issuer's grader agrees. To re-earn the
invalidation-liveness	UNKNOWN STEP	2026-08-28T10:21:25.2642453Z   verdicts, run the bundle's replay block at the pinned issuer_commit:
invalidation-liveness	UNKNOWN STEP	2026-08-28T10:21:25.2642989Z     $ git clone https://github.com/example/toy-issuer issuer
invalidation-liveness	UNKNOWN STEP	2026-08-28T10:21:25.2643406Z     $ git -C issuer checkout f1e2d3c
invalidation-liveness	UNKNOWN STEP	2026-08-28T10:21:25.2643742Z     $ python -m pip install -e ./issuer
invalidation-liveness	UNKNOWN STEP	2026-08-28T10:21:25.2644121Z     $ python -m toy_issuer.regrade evidence/bundle.json
invalidation-liveness	UNKNOWN STEP	2026-08-28T10:21:25.2644812Z     $ python issuer/audit/run_audit.py --check evidence/results.json
invalidation-liveness	UNKNOWN STEP	2026-08-28T10:21:25.2645318Z     $ python -m toy_issuer.mutrun --check evidence/evalmut_run.json
invalidation-liveness	UNKNOWN STEP	2026-08-28T10:21:25.2645805Z     $ python -m toy_issuer.crashrun --check evidence/eval_run.json
invalidation-liveness	UNKNOWN STEP	2026-08-28T10:21:25.2646301Z     $ python -m toy_issuer.driftboard --check evidence/standings.json
invalidation-liveness	UNKNOWN STEP	2026-08-28T10:21:25.3031402Z     expected: regrade exits 0 reporting 'consistent'; audit, mutrun, crashrun, and driftboard reproduce results.json, evalmut_run.json, eval_run.json, and the drift board artifacts byte-identically at the stamped commit (mutrun exits 1 by design: the toy suite has holes)
invalidation-liveness	UNKNOWN STEP	2026-08-28T10:21:25.3032634Z FAIL raw-aggregate-mismatch: evidence/standings.json: alpha:a1: acc declared 0.5, recomputed 0.75
invalidation-liveness	UNKNOWN STEP	2026-08-28T10:21:25.3033354Z FAIL raw-aggregate-mismatch: evidence/standings.json: alpha:a1: delta declared -0.25, recomputed 0.0
invalidation-liveness	UNKNOWN STEP	2026-08-28T10:21:25.3034061Z FAIL raw-aggregate-mismatch: evidence/standings.json: alpha:a1: verdict declared 'regressed', recomputed 'unchanged'
invalidation-liveness	UNKNOWN STEP	2026-08-28T10:21:25.3035036Z FAIL raw-aggregate-mismatch: evidence/RESULTS.md: does not re-render byte-identically from the recomputed standings rows
invalidation-liveness	UNKNOWN STEP	2026-08-28T10:21:25.3035624Z FAIL summary-mismatch: regressed: declared 1, recomputed 0
invalidation-liveness	UNKNOWN STEP	2026-08-28T10:21:25.3036013Z FAIL summary-mismatch: unchanged: declared 1, recomputed 2
invalidation-liveness	UNKNOWN STEP	2026-08-28T10:21:25.3036490Z FAIL summary-outruns-checks: summary.drift.regressed: declares 1, recomputation gives 0
invalidation-liveness	UNKNOWN STEP	2026-08-28T10:21:25.3037263Z structural verification: FAIL — 7 named reason(s) (tamper-modeldrift-rows)
invalidation-liveness	UNKNOWN STEP	2026-08-28T10:21:25.3037772Z   proved offline: manifest schema, artifact presence + sha256, bundle closure,
invalidation-liveness	UNKNOWN STEP	2026-08-28T10:21:25.3038496Z   stated limitations, stamp agreement, declared results recomputed from artifacts.
invalidation-liveness	UNKNOWN STEP	2026-08-28T10:21:25.3039003Z semantic replay: NOT run by this tool. A structural PASS means the bundle is
invalidation-liveness	UNKNOWN STEP	2026-08-28T10:21:25.3039479Z   internally honest, not that the issuer's grader agrees. To re-earn the
invalidation-liveness	UNKNOWN STEP	2026-08-28T10:21:25.3039922Z   verdicts, run the bundle's replay block at the pinned issuer_commit:
invalidation-liveness	UNKNOWN STEP	2026-08-28T10:21:25.3040351Z     $ git clone https://github.com/example/toy-issuer issuer
invalidation-liveness	UNKNOWN STEP	2026-08-28T10:21:25.3040695Z     $ git -C issuer checkout f1e2d3c
invalidation-liveness	UNKNOWN STEP	2026-08-28T10:21:25.3040969Z     $ python -m pip install -e ./issuer
invalidation-liveness	UNKNOWN STEP	2026-08-28T10:21:25.3041292Z     $ python -m toy_issuer.regrade evidence/bundle.json
invalidation-liveness	UNKNOWN STEP	2026-08-28T10:21:25.3041673Z     $ python issuer/audit/run_audit.py --check evidence/results.json
invalidation-liveness	UNKNOWN STEP	2026-08-28T10:21:25.3042090Z     $ python -m toy_issuer.mutrun --check evidence/evalmut_run.json
invalidation-liveness	UNKNOWN STEP	2026-08-28T10:21:25.3042495Z     $ python -m toy_issuer.crashrun --check evidence/eval_run.json
invalidation-liveness	UNKNOWN STEP	2026-08-28T10:21:25.3042906Z     $ python -m toy_issuer.driftboard --check evidence/standings.json
invalidation-liveness	UNKNOWN STEP	2026-08-28T10:21:25.3043949Z     expected: regrade exits 0 reporting 'consistent'; audit, mutrun, crashrun, and driftboard reproduce results.json, evalmut_run.json, eval_run.json, and the drift board artifacts byte-identically at the stamped commit (mutrun exits 1 by design: the toy suite has holes)
invalidation-liveness	UNKNOWN STEP	2026-08-28T10:21:25.3411746Z FAIL raw-aggregate-mismatch: evidence/standings.json: alpha:a1: delta declared 0.0, recomputed -0.25
invalidation-liveness	UNKNOWN STEP	2026-08-28T10:21:25.3413102Z FAIL raw-aggregate-mismatch: evidence/standings.json: alpha:a1: verdict declared 'unchanged', recomputed 'regressed'
invalidation-liveness	UNKNOWN STEP	2026-08-28T10:21:25.3414353Z structural verification: FAIL — 2 named reason(s) (tamper-modeldrift-standings)
invalidation-liveness	UNKNOWN STEP	2026-08-28T10:21:25.3415102Z   proved offline: manifest schema, artifact presence + sha256, bundle closure,
invalidation-liveness	UNKNOWN STEP	2026-08-28T10:21:25.3415972Z   stated limitations, stamp agreement, declared results recomputed from artifacts.
invalidation-liveness	UNKNOWN STEP	2026-08-28T10:21:25.3416731Z semantic replay: NOT run by this tool. A structural PASS means the bundle is
invalidation-liveness	UNKNOWN STEP	2026-08-28T10:21:25.3417205Z   internally honest, not that the issuer's grader agrees. To re-earn the
invalidation-liveness	UNKNOWN STEP	2026-08-28T10:21:25.3417655Z   verdicts, run the bundle's replay block at the pinned issuer_commit:
invalidation-liveness	UNKNOWN STEP	2026-08-28T10:21:25.3418073Z     $ git clone https://github.com/example/toy-issuer issuer
invalidation-liveness	UNKNOWN STEP	2026-08-28T10:21:25.3418413Z     $ git -C issuer checkout f1e2d3c
invalidation-liveness	UNKNOWN STEP	2026-08-28T10:21:25.3418684Z     $ python -m pip install -e ./issuer
invalidation-liveness	UNKNOWN STEP	2026-08-28T10:21:25.3418998Z     $ python -m toy_issuer.regrade evidence/bundle.json
invalidation-liveness	UNKNOWN STEP	2026-08-28T10:21:25.3419376Z     $ python issuer/audit/run_audit.py --check evidence/results.json
invalidation-liveness	UNKNOWN STEP	2026-08-28T10:21:25.3419795Z     $ python -m toy_issuer.mutrun --check evidence/evalmut_run.json
invalidation-liveness	UNKNOWN STEP	2026-08-28T10:21:25.3420194Z     $ python -m toy_issuer.crashrun --check evidence/eval_run.json
invalidation-liveness	UNKNOWN STEP	2026-08-28T10:21:25.3420600Z     $ python -m toy_issuer.driftboard --check evidence/standings.json
invalidation-liveness	UNKNOWN STEP	2026-08-28T10:21:25.3421658Z     expected: regrade exits 0 reporting 'consistent'; audit, mutrun, crashrun, and driftboard reproduce results.json, evalmut_run.json, eval_run.json, and the drift board artifacts byte-identically at the stamped commit (mutrun exits 1 by design: the toy suite has holes)
invalidation-liveness	UNKNOWN STEP	2026-08-28T10:21:25.3787663Z FAIL raw-aggregate-mismatch: toy-suite/toy-defect-b: detected declared 3, recomputed 2
invalidation-liveness	UNKNOWN STEP	2026-08-28T10:21:25.3788498Z FAIL raw-aggregate-mismatch: toy-suite/toy-defect-b: detection_rate declared 0.75, recomputed 0.5
invalidation-liveness	UNKNOWN STEP	2026-08-28T10:21:25.3789268Z structural verification: FAIL — 2 named reason(s) (tamper-raw-aggregate)
invalidation-liveness	UNKNOWN STEP	2026-08-28T10:21:25.3789769Z   proved offline: manifest schema, artifact presence + sha256, bundle closure,
invalidation-liveness	UNKNOWN STEP	2026-08-28T10:21:25.3790285Z   stated limitations, stamp agreement, declared results recomputed from artifacts.
invalidation-liveness	UNKNOWN STEP	2026-08-28T10:21:25.3790829Z semantic replay: NOT run by this tool. A structural PASS means the bundle is
invalidation-liveness	UNKNOWN STEP	2026-08-28T10:21:25.3791296Z   internally honest, not that the issuer's grader agrees. To re-earn the
invalidation-liveness	UNKNOWN STEP	2026-08-28T10:21:25.3791955Z   verdicts, run the bundle's replay block at the pinned issuer_commit:
invalidation-liveness	UNKNOWN STEP	2026-08-28T10:21:25.3792378Z     $ git clone https://github.com/example/toy-issuer issuer
invalidation-liveness	UNKNOWN STEP	2026-08-28T10:21:25.3792715Z     $ git -C issuer checkout f1e2d3c
invalidation-liveness	UNKNOWN STEP	2026-08-28T10:21:25.3792990Z     $ python -m pip install -e ./issuer
invalidation-liveness	UNKNOWN STEP	2026-08-28T10:21:25.3793338Z     $ python -m toy_issuer.regrade evidence/bundle.json
invalidation-liveness	UNKNOWN STEP	2026-08-28T10:21:25.3793720Z     $ python issuer/audit/run_audit.py --check evidence/results.json
invalidation-liveness	UNKNOWN STEP	2026-08-28T10:21:25.3794131Z     $ python -m toy_issuer.mutrun --check evidence/evalmut_run.json
invalidation-liveness	UNKNOWN STEP	2026-08-28T10:21:25.3794671Z     $ python -m toy_issuer.crashrun --check evidence/eval_run.json
invalidation-liveness	UNKNOWN STEP	2026-08-28T10:21:25.3795082Z     $ python -m toy_issuer.driftboard --check evidence/standings.json
invalidation-liveness	UNKNOWN STEP	2026-08-28T10:21:25.3796139Z     expected: regrade exits 0 reporting 'consistent'; audit, mutrun, crashrun, and driftboard reproduce results.json, evalmut_run.json, eval_run.json, and the drift board artifacts byte-identically at the stamped commit (mutrun exits 1 by design: the toy suite has holes)
invalidation-liveness	UNKNOWN STEP	2026-08-28T10:21:25.4157813Z FAIL stamp-mismatch: taskset_hash: named by protocol.hashes but absent from evidence/bundle.json
invalidation-liveness	UNKNOWN STEP	2026-08-28T10:21:25.4159017Z FAIL stamp-mismatch: prompt_hash: named by protocol.hashes but absent from evidence/bundle.json
invalidation-liveness	UNKNOWN STEP	2026-08-28T10:21:25.4159966Z FAIL stamp-mismatch: harness_commit: protocol declares issuer_commit but evidence/bundle.json carries no harness_commit
invalidation-liveness	UNKNOWN STEP	2026-08-28T10:21:25.4160949Z structural verification: FAIL — 3 named reason(s) (tamper-stamp-deleted)
invalidation-liveness	UNKNOWN STEP	2026-08-28T10:21:25.4161552Z   proved offline: manifest schema, artifact presence + sha256, bundle closure,
invalidation-liveness	UNKNOWN STEP	2026-08-28T10:21:25.4162173Z   stated limitations, stamp agreement, declared results recomputed from artifacts.
invalidation-liveness	UNKNOWN STEP	2026-08-28T10:21:25.4162997Z semantic replay: NOT run by this tool. A structural PASS means the bundle is
invalidation-liveness	UNKNOWN STEP	2026-08-28T10:21:25.4163564Z   internally honest, not that the issuer's grader agrees. To re-earn the
invalidation-liveness	UNKNOWN STEP	2026-08-28T10:21:25.4164106Z   verdicts, run the bundle's replay block at the pinned issuer_commit:
invalidation-liveness	UNKNOWN STEP	2026-08-28T10:21:25.4164889Z     $ git clone https://github.com/example/toy-issuer issuer
invalidation-liveness	UNKNOWN STEP	2026-08-28T10:21:25.4165305Z     $ git -C issuer checkout f1e2d3c
invalidation-liveness	UNKNOWN STEP	2026-08-28T10:21:25.4165643Z     $ python -m pip install -e ./issuer
invalidation-liveness	UNKNOWN STEP	2026-08-28T10:21:25.4166022Z     $ python -m toy_issuer.regrade evidence/bundle.json
invalidation-liveness	UNKNOWN STEP	2026-08-28T10:21:25.4166487Z     $ python issuer/audit/run_audit.py --check evidence/results.json
invalidation-liveness	UNKNOWN STEP	2026-08-28T10:21:25.4166985Z     $ python -m toy_issuer.mutrun --check evidence/evalmut_run.json
invalidation-liveness	UNKNOWN STEP	2026-08-28T10:21:25.4167479Z     $ python -m toy_issuer.crashrun --check evidence/eval_run.json
invalidation-liveness	UNKNOWN STEP	2026-08-28T10:21:25.4167966Z     $ python -m toy_issuer.driftboard --check evidence/standings.json
invalidation-liveness	UNKNOWN STEP	2026-08-28T10:21:25.4169257Z     expected: regrade exits 0 reporting 'consistent'; audit, mutrun, crashrun, and driftboard reproduce results.json, evalmut_run.json, eval_run.json, and the drift board artifacts byte-identically at the stamped commit (mutrun exits 1 by design: the toy suite has holes)
invalidation-liveness	UNKNOWN STEP	2026-08-28T10:21:25.4529314Z FAIL summary-outruns-checks: summary.fixed: declares 3, recomputation gives 2
invalidation-liveness	UNKNOWN STEP	2026-08-28T10:21:25.4530324Z structural verification: FAIL — 1 named reason(s) (tamper-summary-fixed)
invalidation-liveness	UNKNOWN STEP	2026-08-28T10:21:25.4530928Z   proved offline: manifest schema, artifact presence + sha256, bundle closure,
invalidation-liveness	UNKNOWN STEP	2026-08-28T10:21:25.4531575Z   stated limitations, stamp agreement, declared results recomputed from artifacts.
invalidation-liveness	UNKNOWN STEP	2026-08-28T10:21:25.4532200Z semantic replay: NOT run by this tool. A structural PASS means the bundle is
invalidation-liveness	UNKNOWN STEP	2026-08-28T10:21:25.4532771Z   internally honest, not that the issuer's grader agrees. To re-earn the
invalidation-liveness	UNKNOWN STEP	2026-08-28T10:21:25.4533297Z   verdicts, run the bundle's replay block at the pinned issuer_commit:
invalidation-liveness	UNKNOWN STEP	2026-08-28T10:21:25.4533845Z     $ git clone https://github.com/example/toy-issuer issuer
invalidation-liveness	UNKNOWN STEP	2026-08-28T10:21:25.4534503Z     $ git -C issuer checkout f1e2d3c
invalidation-liveness	UNKNOWN STEP	2026-08-28T10:21:25.4534844Z     $ python -m pip install -e ./issuer
invalidation-liveness	UNKNOWN STEP	2026-08-28T10:21:25.4535467Z     $ python -m toy_issuer.regrade evidence/bundle.json
invalidation-liveness	UNKNOWN STEP	2026-08-28T10:21:25.4535943Z     $ python issuer/audit/run_audit.py --check evidence/results.json
invalidation-liveness	UNKNOWN STEP	2026-08-28T10:21:25.4536435Z     $ python -m toy_issuer.mutrun --check evidence/evalmut_run.json
invalidation-liveness	UNKNOWN STEP	2026-08-28T10:21:25.4536912Z     $ python -m toy_issuer.crashrun --check evidence/eval_run.json
invalidation-liveness	UNKNOWN STEP	2026-08-28T10:21:25.4537399Z     $ python -m toy_issuer.driftboard --check evidence/standings.json
invalidation-liveness	UNKNOWN STEP	2026-08-28T10:21:25.4538660Z     expected: regrade exits 0 reporting 'consistent'; audit, mutrun, crashrun, and driftboard reproduce results.json, evalmut_run.json, eval_run.json, and the drift board artifacts byte-identically at the stamped commit (mutrun exits 1 by design: the toy suite has holes)
invalidation-liveness	UNKNOWN STEP	2026-08-28T10:21:25.4907184Z FAIL summary-outruns-checks: summary.detection_rate_min: declares 0.9, no check recomputes it
invalidation-liveness	UNKNOWN STEP	2026-08-28T10:21:25.4908621Z structural verification: FAIL — 1 named reason(s) (tamper-summary-rate)
invalidation-liveness	UNKNOWN STEP	2026-08-28T10:21:25.4909549Z   proved offline: manifest schema, artifact presence + sha256, bundle closure,
invalidation-liveness	UNKNOWN STEP	2026-08-28T10:21:25.4910465Z   stated limitations, stamp agreement, declared results recomputed from artifacts.
invalidation-liveness	UNKNOWN STEP	2026-08-28T10:21:25.4911371Z semantic replay: NOT run by this tool. A structural PASS means the bundle is
invalidation-liveness	UNKNOWN STEP	2026-08-28T10:21:25.4912188Z   internally honest, not that the issuer's grader agrees. To re-earn the
invalidation-liveness	UNKNOWN STEP	2026-08-28T10:21:25.4912793Z   verdicts, run the bundle's replay block at the pinned issuer_commit:
invalidation-liveness	UNKNOWN STEP	2026-08-28T10:21:25.4913231Z     $ git clone https://github.com/example/toy-issuer issuer
invalidation-liveness	UNKNOWN STEP	2026-08-28T10:21:25.4913616Z     $ git -C issuer checkout f1e2d3c
invalidation-liveness	UNKNOWN STEP	2026-08-28T10:21:25.4913896Z     $ python -m pip install -e ./issuer
invalidation-liveness	UNKNOWN STEP	2026-08-28T10:21:25.4914414Z     $ python -m toy_issuer.regrade evidence/bundle.json
invalidation-liveness	UNKNOWN STEP	2026-08-28T10:21:25.4915092Z     $ python issuer/audit/run_audit.py --check evidence/results.json
invalidation-liveness	UNKNOWN STEP	2026-08-28T10:21:25.4915515Z     $ python -m toy_issuer.mutrun --check evidence/evalmut_run.json
invalidation-liveness	UNKNOWN STEP	2026-08-28T10:21:25.4915935Z     $ python -m toy_issuer.crashrun --check evidence/eval_run.json
invalidation-liveness	UNKNOWN STEP	2026-08-28T10:21:25.4916345Z     $ python -m toy_issuer.driftboard --check evidence/standings.json
invalidation-liveness	UNKNOWN STEP	2026-08-28T10:21:25.4917402Z     expected: regrade exits 0 reporting 'consistent'; audit, mutrun, crashrun, and driftboard reproduce results.json, evalmut_run.json, eval_run.json, and the drift board artifacts byte-identically at the stamped commit (mutrun exits 1 by design: the toy suite has holes)
invalidation-liveness	UNKNOWN STEP	2026-08-28T10:21:25.5275983Z FAIL summary-outruns-checks: summary.mutation_score_3: declares 0.714, no check recomputes it
invalidation-liveness	UNKNOWN STEP	2026-08-28T10:21:25.5276836Z structural verification: FAIL — 1 named reason(s) (tamper-summary-score)
invalidation-liveness	UNKNOWN STEP	2026-08-28T10:21:25.5277342Z   proved offline: manifest schema, artifact presence + sha256, bundle closure,
invalidation-liveness	UNKNOWN STEP	2026-08-28T10:21:25.5277886Z   stated limitations, stamp agreement, declared results recomputed from artifacts.
invalidation-liveness	UNKNOWN STEP	2026-08-28T10:21:25.5278402Z semantic replay: NOT run by this tool. A structural PASS means the bundle is
invalidation-liveness	UNKNOWN STEP	2026-08-28T10:21:25.5278880Z   internally honest, not that the issuer's grader agrees. To re-earn the
invalidation-liveness	UNKNOWN STEP	2026-08-28T10:21:25.5279332Z   verdicts, run the bundle's replay block at the pinned issuer_commit:
invalidation-liveness	UNKNOWN STEP	2026-08-28T10:21:25.5279766Z     $ git clone https://github.com/example/toy-issuer issuer
invalidation-liveness	UNKNOWN STEP	2026-08-28T10:21:25.5280139Z     $ git -C issuer checkout f1e2d3c
invalidation-liveness	UNKNOWN STEP	2026-08-28T10:21:25.5280413Z     $ python -m pip install -e ./issuer
invalidation-liveness	UNKNOWN STEP	2026-08-28T10:21:25.5280734Z     $ python -m toy_issuer.regrade evidence/bundle.json
invalidation-liveness	UNKNOWN STEP	2026-08-28T10:21:25.5281124Z     $ python issuer/audit/run_audit.py --check evidence/results.json
invalidation-liveness	UNKNOWN STEP	2026-08-28T10:21:25.5281541Z     $ python -m toy_issuer.mutrun --check evidence/evalmut_run.json
invalidation-liveness	UNKNOWN STEP	2026-08-28T10:21:25.5281944Z     $ python -m toy_issuer.crashrun --check evidence/eval_run.json
invalidation-liveness	UNKNOWN STEP	2026-08-28T10:21:25.5282355Z     $ python -m toy_issuer.driftboard --check evidence/standings.json
invalidation-liveness	UNKNOWN STEP	2026-08-28T10:21:25.5283410Z     expected: regrade exits 0 reporting 'consistent'; audit, mutrun, crashrun, and driftboard reproduce results.json, evalmut_run.json, eval_run.json, and the drift board artifacts byte-identically at the stamped commit (mutrun exits 1 by design: the toy suite has holes)
invalidation-liveness	UNKNOWN STEP	2026-08-28T10:21:25.5647704Z FAIL summary-outruns-checks: summary.fixed: declares '9999' as a string; a numeric headline must be a JSON number so it can be recomputed
invalidation-liveness	UNKNOWN STEP	2026-08-28T10:21:25.5648809Z structural verification: FAIL — 1 named reason(s) (tamper-summary-string)
invalidation-liveness	UNKNOWN STEP	2026-08-28T10:21:25.5649414Z   proved offline: manifest schema, artifact presence + sha256, bundle closure,
invalidation-liveness	UNKNOWN STEP	2026-08-28T10:21:25.5650026Z   stated limitations, stamp agreement, declared results recomputed from artifacts.
invalidation-liveness	UNKNOWN STEP	2026-08-28T10:21:25.5650635Z semantic replay: NOT run by this tool. A structural PASS means the bundle is
invalidation-liveness	UNKNOWN STEP	2026-08-28T10:21:25.5651207Z   internally honest, not that the issuer's grader agrees. To re-earn the
invalidation-liveness	UNKNOWN STEP	2026-08-28T10:21:25.5651740Z   verdicts, run the bundle's replay block at the pinned issuer_commit:
invalidation-liveness	UNKNOWN STEP	2026-08-28T10:21:25.5652265Z     $ git clone https://github.com/example/toy-issuer issuer
invalidation-liveness	UNKNOWN STEP	2026-08-28T10:21:25.5652667Z     $ git -C issuer checkout f1e2d3c
invalidation-liveness	UNKNOWN STEP	2026-08-28T10:21:25.5652991Z     $ python -m pip install -e ./issuer
invalidation-liveness	UNKNOWN STEP	2026-08-28T10:21:25.5653368Z     $ python -m toy_issuer.regrade evidence/bundle.json
invalidation-liveness	UNKNOWN STEP	2026-08-28T10:21:25.5653820Z     $ python issuer/audit/run_audit.py --check evidence/results.json
invalidation-liveness	UNKNOWN STEP	2026-08-28T10:21:25.5654478Z     $ python -m toy_issuer.mutrun --check evidence/evalmut_run.json
invalidation-liveness	UNKNOWN STEP	2026-08-28T10:21:25.5654972Z     $ python -m toy_issuer.crashrun --check evidence/eval_run.json
invalidation-liveness	UNKNOWN STEP	2026-08-28T10:21:25.5655457Z     $ python -m toy_issuer.driftboard --check evidence/standings.json
invalidation-liveness	UNKNOWN STEP	2026-08-28T10:21:25.5656969Z     expected: regrade exits 0 reporting 'consistent'; audit, mutrun, crashrun, and driftboard reproduce results.json, evalmut_run.json, eval_run.json, and the drift board artifacts byte-identically at the stamped commit (mutrun exits 1 by design: the toy suite has holes)
invalidation-liveness	UNKNOWN STEP	2026-08-28T10:21:25.6022089Z FAIL summary-mismatch: fixed: declared 3, recomputed 2
invalidation-liveness	UNKNOWN STEP	2026-08-28T10:21:25.6023056Z FAIL summary-outruns-checks: summary.fixed: declares 3, recomputation gives 2
invalidation-liveness	UNKNOWN STEP	2026-08-28T10:21:25.6024387Z structural verification: FAIL — 2 named reason(s) (tamper-verdict-count)
invalidation-liveness	UNKNOWN STEP	2026-08-28T10:21:25.6025330Z   proved offline: manifest schema, artifact presence + sha256, bundle closure,
invalidation-liveness	UNKNOWN STEP	2026-08-28T10:21:25.6026277Z   stated limitations, stamp agreement, declared results recomputed from artifacts.
invalidation-liveness	UNKNOWN STEP	2026-08-28T10:21:25.6027293Z semantic replay: NOT run by this tool. A structural PASS means the bundle is
invalidation-liveness	UNKNOWN STEP	2026-08-28T10:21:25.6028172Z   internally honest, not that the issuer's grader agrees. To re-earn the
invalidation-liveness	UNKNOWN STEP	2026-08-28T10:21:25.6029000Z   verdicts, run the bundle's replay block at the pinned issuer_commit:
invalidation-liveness	UNKNOWN STEP	2026-08-28T10:21:25.6029826Z     $ git clone https://github.com/example/toy-issuer issuer
invalidation-liveness	UNKNOWN STEP	2026-08-28T10:21:25.6030482Z     $ git -C issuer checkout f1e2d3c
invalidation-liveness	UNKNOWN STEP	2026-08-28T10:21:25.6030975Z     $ python -m pip install -e ./issuer
invalidation-liveness	UNKNOWN STEP	2026-08-28T10:21:25.6031565Z     $ python -m toy_issuer.regrade evidence/bundle.json
invalidation-liveness	UNKNOWN STEP	2026-08-28T10:21:25.6032260Z     $ python issuer/audit/run_audit.py --check evidence/results.json
invalidation-liveness	UNKNOWN STEP	2026-08-28T10:21:25.6033030Z     $ python -m toy_issuer.mutrun --check evidence/evalmut_run.json
invalidation-liveness	UNKNOWN STEP	2026-08-28T10:21:25.6033780Z     $ python -m toy_issuer.crashrun --check evidence/eval_run.json
invalidation-liveness	UNKNOWN STEP	2026-08-28T10:21:25.6034709Z     $ python -m toy_issuer.driftboard --check evidence/standings.json
invalidation-liveness	UNKNOWN STEP	2026-08-28T10:21:25.6398705Z     expected: regrade exits 0 reporting 'consistent'; audit, mutrun, crashrun, and driftboard reproduce results.json, evalmut_run.json, eval_run.json, and the drift board artifacts byte-identically at the stamped commit (mutrun exits 1 by design: the toy suite has holes)
invalidation-liveness	UNKNOWN STEP	2026-08-28T10:21:25.6401604Z FAIL sha256-mismatch: evidence/bundle.json: manifest 0000000000000000000000000000000000000000000000000000000000000000, file 64931fe8d466c2cfdbf3c15013d8aa013bc54a2e340fb89737972ef3612550d4
invalidation-liveness	UNKNOWN STEP	2026-08-28T10:21:25.6403530Z structural verification: FAIL — 1 named reason(s) (tamper-wrong-sha256)
invalidation-liveness	UNKNOWN STEP	2026-08-28T10:21:25.6404942Z   proved offline: manifest schema, artifact presence + sha256, bundle closure,
invalidation-liveness	UNKNOWN STEP	2026-08-28T10:21:25.6406101Z   stated limitations, stamp agreement, declared results recomputed from artifacts.
invalidation-liveness	UNKNOWN STEP	2026-08-28T10:21:25.6407200Z semantic replay: NOT run by this tool. A structural PASS means the bundle is
invalidation-liveness	UNKNOWN STEP	2026-08-28T10:21:25.6408386Z   internally honest, not that the issuer's grader agrees. To re-earn the
invalidation-liveness	UNKNOWN STEP	2026-08-28T10:21:25.6409293Z   verdicts, run the bundle's replay block at the pinned issuer_commit:
invalidation-liveness	UNKNOWN STEP	2026-08-28T10:21:25.6410277Z     $ git clone https://github.com/example/toy-issuer issuer
invalidation-liveness	UNKNOWN STEP	2026-08-28T10:21:25.6410931Z     $ git -C issuer checkout f1e2d3c
invalidation-liveness	UNKNOWN STEP	2026-08-28T10:21:25.6411399Z     $ python -m pip install -e ./issuer
invalidation-liveness	UNKNOWN STEP	2026-08-28T10:21:25.6411937Z     $ python -m toy_issuer.regrade evidence/bundle.json
invalidation-liveness	UNKNOWN STEP	2026-08-28T10:21:25.6412641Z     $ python issuer/audit/run_audit.py --check evidence/results.json
invalidation-liveness	UNKNOWN STEP	2026-08-28T10:21:25.6413378Z     $ python -m toy_issuer.mutrun --check evidence/evalmut_run.json
invalidation-liveness	UNKNOWN STEP	2026-08-28T10:21:25.6414148Z     $ python -m toy_issuer.crashrun --check evidence/eval_run.json
invalidation-liveness	UNKNOWN STEP	2026-08-28T10:21:25.6415009Z     $ python -m toy_issuer.driftboard --check evidence/standings.json
invalidation-liveness	UNKNOWN STEP	2026-08-28T10:21:25.6417029Z     expected: regrade exits 0 reporting 'consistent'; audit, mutrun, crashrun, and driftboard reproduce results.json, evalmut_run.json, eval_run.json, and the drift board artifacts byte-identically at the stamped commit (mutrun exits 1 by design: the toy suite has holes)
invalidation-liveness	UNKNOWN STEP	2026-08-28T10:21:25.6555376Z ##[group]Run python fixtures/make_fixtures.py
invalidation-liveness	UNKNOWN STEP	2026-08-28T10:21:25.6555965Z ^[[36;1mpython fixtures/make_fixtures.py^[[0m
invalidation-liveness	UNKNOWN STEP	2026-08-28T10:21:25.6556452Z ^[[36;1mgit diff --exit-code fixtures/^[[0m
invalidation-liveness	UNKNOWN STEP	2026-08-28T10:21:25.6581034Z shell: /usr/bin/bash -e {0}
invalidation-liveness	UNKNOWN STEP	2026-08-28T10:21:25.6581284Z env:
invalidation-liveness	UNKNOWN STEP	2026-08-28T10:21:25.6581555Z   pythonLocation: /opt/hostedtoolcache/Python/3.12.14/x64
invalidation-liveness	UNKNOWN STEP	2026-08-28T10:21:25.6581984Z   PKG_CONFIG_PATH: /opt/hostedtoolcache/Python/3.12.14/x64/lib/pkgconfig
invalidation-liveness	UNKNOWN STEP	2026-08-28T10:21:25.6582413Z   Python_ROOT_DIR: /opt/hostedtoolcache/Python/3.12.14/x64
invalidation-liveness	UNKNOWN STEP	2026-08-28T10:21:25.6582786Z   Python2_ROOT_DIR: /opt/hostedtoolcache/Python/3.12.14/x64
invalidation-liveness	UNKNOWN STEP	2026-08-28T10:21:25.6583154Z   Python3_ROOT_DIR: /opt/hostedtoolcache/Python/3.12.14/x64
invalidation-liveness	UNKNOWN STEP	2026-08-28T10:21:25.6583527Z   LD_LIBRARY_PATH: /opt/hostedtoolcache/Python/3.12.14/x64/lib
invalidation-liveness	UNKNOWN STEP	2026-08-28T10:21:25.6583842Z ##[endgroup]
invalidation-liveness	UNKNOWN STEP	2026-08-28T10:21:25.7328663Z attack-crashkit-severity: 15 file(s)
invalidation-liveness	UNKNOWN STEP	2026-08-28T10:21:25.7329234Z tamper-check-deleted: 15 file(s)
invalidation-liveness	UNKNOWN STEP	2026-08-28T10:21:25.7329505Z tamper-crashkit-case: 15 file(s)
invalidation-liveness	UNKNOWN STEP	2026-08-28T10:21:25.7329770Z tamper-crashkit-metrics: 15 file(s)
invalidation-liveness	UNKNOWN STEP	2026-08-28T10:21:25.7330042Z tamper-crashkit-severity: 15 file(s)
invalidation-liveness	UNKNOWN STEP	2026-08-28T10:21:25.7330316Z tamper-draft-incomplete: 15 file(s)
invalidation-liveness	UNKNOWN STEP	2026-08-28T10:21:25.7330574Z tamper-empty-limitations: 15 file(s)
invalidation-liveness	UNKNOWN STEP	2026-08-28T10:21:25.7330835Z tamper-evalmut-rows: 15 file(s)
invalidation-liveness	UNKNOWN STEP	2026-08-28T10:21:25.7331101Z tamper-evalmut-summary: 15 file(s)
invalidation-liveness	UNKNOWN STEP	2026-08-28T10:21:25.7331371Z tamper-missing-artifact: 14 file(s)
invalidation-liveness	UNKNOWN STEP	2026-08-28T10:21:25.7331642Z tamper-missing-issuer-commit: 15 file(s)
invalidation-liveness	UNKNOWN STEP	2026-08-28T10:21:25.7331924Z tamper-modeldrift-rows: 15 file(s)
invalidation-liveness	UNKNOWN STEP	2026-08-28T10:21:25.7332237Z tamper-modeldrift-standings: 15 file(s)
invalidation-liveness	UNKNOWN STEP	2026-08-28T10:21:25.7332512Z tamper-raw-aggregate: 15 file(s)
invalidation-liveness	UNKNOWN STEP	2026-08-28T10:21:25.7332760Z tamper-stamp-deleted: 15 file(s)
invalidation-liveness	UNKNOWN STEP	2026-08-28T10:21:25.7333009Z tamper-summary-fixed: 15 file(s)
invalidation-liveness	UNKNOWN STEP	2026-08-28T10:21:25.7333257Z tamper-summary-rate: 15 file(s)
invalidation-liveness	UNKNOWN STEP	2026-08-28T10:21:25.7333507Z tamper-summary-score: 15 file(s)
invalidation-liveness	UNKNOWN STEP	2026-08-28T10:21:25.7333762Z tamper-summary-string: 15 file(s)
invalidation-liveness	UNKNOWN STEP	2026-08-28T10:21:25.7334023Z tamper-verdict-count: 15 file(s)
invalidation-liveness	UNKNOWN STEP	2026-08-28T10:21:25.7334417Z tamper-wrong-sha256: 15 file(s)
invalidation-liveness	UNKNOWN STEP	2026-08-28T10:21:25.7334650Z valid: 15 file(s)
invalidation-liveness	UNKNOWN STEP	2026-08-28T10:21:25.7642693Z Node 20 is being deprecated. This workflow is running with Node 24 by default. If you need to temporarily use Node 20, you can set the ACTIONS_ALLOW_USE_UNSECURE_NODE_VERSION=true environment variable. For more information see: https://github.blog/changelog/2025-09-19-deprecation-of-node-20-on-github-actions-runners/
invalidation-liveness	UNKNOWN STEP	2026-08-28T10:21:25.7643942Z Post job cleanup.
invalidation-liveness	UNKNOWN STEP	2026-08-28T10:21:25.8784567Z (node:2239) [DEP0040] DeprecationWarning: The `punycode` module is deprecated. Please use a userland alternative instead.
invalidation-liveness	UNKNOWN STEP	2026-08-28T10:21:25.8785248Z (Use `node --trace-deprecation ...` to show where the warning was created)
invalidation-liveness	UNKNOWN STEP	2026-08-28T10:21:25.8938217Z Node 20 is being deprecated. This workflow is running with Node 24 by default. If you need to temporarily use Node 20, you can set the ACTIONS_ALLOW_USE_UNSECURE_NODE_VERSION=true environment variable. For more information see: https://github.blog/changelog/2025-09-19-deprecation-of-node-20-on-github-actions-runners/
invalidation-liveness	UNKNOWN STEP	2026-08-28T10:21:25.8939363Z Post job cleanup.
invalidation-liveness	UNKNOWN STEP	2026-08-28T10:21:25.9763100Z [command]/usr/bin/git version
invalidation-liveness	UNKNOWN STEP	2026-08-28T10:21:25.9798154Z git version 2.55.0
invalidation-liveness	UNKNOWN STEP	2026-08-28T10:21:25.9832297Z Temporarily overriding HOME='/home/runner/work/_temp/95d78fb6-3c3b-4814-8389-97934dc5f8d9' before making global git config changes
invalidation-liveness	UNKNOWN STEP	2026-08-28T10:21:25.9833702Z Adding repository directory to the temporary git global config as a safe directory
invalidation-liveness	UNKNOWN STEP	2026-08-28T10:21:25.9839154Z [command]/usr/bin/git config --global --add safe.directory /home/runner/work/vac-protocol/vac-protocol
invalidation-liveness	UNKNOWN STEP	2026-08-28T10:21:25.9871930Z [command]/usr/bin/git config --local --name-only --get-regexp core\.sshCommand
invalidation-liveness	UNKNOWN STEP	2026-08-28T10:21:25.9907711Z [command]/usr/bin/git submodule foreach --recursive sh -c "git config --local --name-only --get-regexp 'core\.sshCommand' && git config --local --unset-all 'core.sshCommand' || :"
invalidation-liveness	UNKNOWN STEP	2026-08-28T10:21:26.0111737Z [command]/usr/bin/git config --local --name-only --get-regexp http\.https\:\/\/github\.com\/\.extraheader
invalidation-liveness	UNKNOWN STEP	2026-08-28T10:21:26.0136009Z http.https://github.com/.extraheader
invalidation-liveness	UNKNOWN STEP	2026-08-28T10:21:26.0147543Z [command]/usr/bin/git config --local --unset-all http.https://github.com/.extraheader
invalidation-liveness	UNKNOWN STEP	2026-08-28T10:21:26.0178396Z [command]/usr/bin/git submodule foreach --recursive sh -c "git config --local --name-only --get-regexp 'http\.https\:\/\/github\.com\/\.extraheader' && git config --local --unset-all 'http.https://github.com/.extraheader' || :"
invalidation-liveness	UNKNOWN STEP	2026-08-28T10:21:26.0393018Z [command]/usr/bin/git config --local --name-only --get-regexp ^includeIf\.gitdir:
invalidation-liveness	UNKNOWN STEP	2026-08-28T10:21:26.0429242Z [command]/usr/bin/git submodule foreach --recursive git config --local --show-origin --name-only --get-regexp remote.origin.url
invalidation-liveness	UNKNOWN STEP	2026-08-28T10:21:26.0878668Z Cleaning up orphan processes
invalidation-liveness	UNKNOWN STEP	2026-08-28T10:21:26.1091932Z ##[warning]Node.js 20 is deprecated. The following actions target Node.js 20 but are being forced to run on Node.js 24: actions/checkout@v4, actions/setup-python@v5. For more information see: https://github.blog/changelog/2025-09-19-deprecation-of-node-20-on-github-actions-runners/
test (3.12)	UNKNOWN STEP	﻿2026-08-28T10:21:20.4026883Z Current runner version: '2.336.0'
test (3.12)	UNKNOWN STEP	2026-08-28T10:21:20.4053089Z ##[group]Runner Image Provisioner
test (3.12)	UNKNOWN STEP	2026-08-28T10:21:20.4054386Z Hosted Compute Agent
test (3.12)	UNKNOWN STEP	2026-08-28T10:21:20.4054993Z Version: 20260819.586
test (3.12)	UNKNOWN STEP	2026-08-28T10:21:20.4055759Z Commit: 3cc4a88dfa507ef76119ad1bb3eccc6378bb2b76
test (3.12)	UNKNOWN STEP	2026-08-28T10:21:20.4056529Z Build Date: 2026-08-18T23:20:18Z
test (3.12)	UNKNOWN STEP	2026-08-28T10:21:20.4057283Z Worker ID: {9f2cb27a-a491-4d3e-8b1f-50b24e7dd9dd}
test (3.12)	UNKNOWN STEP	2026-08-28T10:21:20.4058096Z Azure Region: eastus
test (3.12)	UNKNOWN STEP	2026-08-28T10:21:20.4058699Z ##[endgroup]
test (3.12)	UNKNOWN STEP	2026-08-28T10:21:20.4060203Z ##[group]Operating System
test (3.12)	UNKNOWN STEP	2026-08-28T10:21:20.4060856Z Ubuntu
test (3.12)	UNKNOWN STEP	2026-08-28T10:21:20.4061574Z 24.04.4
test (3.12)	UNKNOWN STEP	2026-08-28T10:21:20.4062181Z LTS
test (3.12)	UNKNOWN STEP	2026-08-28T10:21:20.4062729Z ##[endgroup]
test (3.12)	UNKNOWN STEP	2026-08-28T10:21:20.4063358Z ##[group]Runner Image
test (3.12)	UNKNOWN STEP	2026-08-28T10:21:20.4064149Z Image: ubuntu-24.04
test (3.12)	UNKNOWN STEP	2026-08-28T10:21:20.4064737Z Version: 20260823.283.1
test (3.12)	UNKNOWN STEP	2026-08-28T10:21:20.4066140Z Included Software: https://github.com/actions/runner-images/blob/ubuntu24/20260823.283/images/ubuntu/Ubuntu2404-Readme.md
test (3.12)	UNKNOWN STEP	2026-08-28T10:21:20.4067768Z Image Release: https://github.com/actions/runner-images/releases/tag/ubuntu24%2F20260823.283
test (3.12)	UNKNOWN STEP	2026-08-28T10:21:20.4068764Z ##[endgroup]
test (3.12)	UNKNOWN STEP	2026-08-28T10:21:20.4070472Z ##[group]GITHUB_TOKEN Permissions
test (3.12)	UNKNOWN STEP	2026-08-28T10:21:20.4072722Z Contents: read
test (3.12)	UNKNOWN STEP	2026-08-28T10:21:20.4073415Z Metadata: read
test (3.12)	UNKNOWN STEP	2026-08-28T10:21:20.4074482Z Packages: read
test (3.12)	UNKNOWN STEP	2026-08-28T10:21:20.4075292Z ##[endgroup]
test (3.12)	UNKNOWN STEP	2026-08-28T10:21:20.4077692Z Secret source: Actions
test (3.12)	UNKNOWN STEP	2026-08-28T10:21:20.4079094Z Prepare workflow directory
test (3.12)	UNKNOWN STEP	2026-08-28T10:21:20.4401084Z Prepare all required actions
test (3.12)	UNKNOWN STEP	2026-08-28T10:21:20.4448403Z Getting action download info
test (3.12)	UNKNOWN STEP	2026-08-28T10:21:20.6471553Z Download action repository 'actions/checkout@v4' (SHA:11d5960a326750d5838078e36cf38b85af677262)
test (3.12)	UNKNOWN STEP	2026-08-28T10:21:20.7772954Z Download action repository 'actions/setup-python@v5' (SHA:a26af69be951a213d495a4c3e4e4022e16d87065)
test (3.12)	UNKNOWN STEP	2026-08-28T10:21:20.9652519Z Complete job name: test (3.12)
test (3.12)	UNKNOWN STEP	2026-08-28T10:21:21.0377801Z Node 20 is being deprecated. This workflow is running with Node 24 by default. If you need to temporarily use Node 20, you can set the ACTIONS_ALLOW_USE_UNSECURE_NODE_VERSION=true environment variable. For more information see: https://github.blog/changelog/2025-09-19-deprecation-of-node-20-on-github-actions-runners/
test (3.12)	UNKNOWN STEP	2026-08-28T10:21:21.0386740Z ##[group]Run actions/checkout@v4
test (3.12)	UNKNOWN STEP	2026-08-28T10:21:21.0387477Z with:
test (3.12)	UNKNOWN STEP	2026-08-28T10:21:21.0387931Z   repository: egnaro9/vac-protocol
test (3.12)	UNKNOWN STEP	2026-08-28T10:21:21.0391649Z   token: ***
test (3.12)	UNKNOWN STEP	2026-08-28T10:21:21.0392099Z   ssh-strict: true
test (3.12)	UNKNOWN STEP	2026-08-28T10:21:21.0392553Z   ssh-user: git
test (3.12)	UNKNOWN STEP	2026-08-28T10:21:21.0393012Z   persist-credentials: true
test (3.12)	UNKNOWN STEP	2026-08-28T10:21:21.0393507Z   clean: true
test (3.12)	UNKNOWN STEP	2026-08-28T10:21:21.0394165Z   sparse-checkout-cone-mode: true
test (3.12)	UNKNOWN STEP	2026-08-28T10:21:21.0394696Z   fetch-depth: 1
test (3.12)	UNKNOWN STEP	2026-08-28T10:21:21.0395138Z   fetch-tags: false
test (3.12)	UNKNOWN STEP	2026-08-28T10:21:21.0395591Z   show-progress: true
test (3.12)	UNKNOWN STEP	2026-08-28T10:21:21.0396044Z   lfs: false
test (3.12)	UNKNOWN STEP	2026-08-28T10:21:21.0396512Z   submodules: false
test (3.12)	UNKNOWN STEP	2026-08-28T10:21:21.0396975Z   set-safe-directory: true
test (3.12)	UNKNOWN STEP	2026-08-28T10:21:21.0397495Z   allow-unsafe-pr-checkout: false
test (3.12)	UNKNOWN STEP	2026-08-28T10:21:21.0398257Z ##[endgroup]
test (3.12)	UNKNOWN STEP	2026-08-28T10:21:21.1395909Z Syncing repository: egnaro9/vac-protocol
test (3.12)	UNKNOWN STEP	2026-08-28T10:21:21.1397711Z ##[group]Getting Git version info
test (3.12)	UNKNOWN STEP	2026-08-28T10:21:21.1398600Z Working directory is '/home/runner/work/vac-protocol/vac-protocol'
test (3.12)	UNKNOWN STEP	2026-08-28T10:21:21.1399693Z [command]/usr/bin/git version
test (3.12)	UNKNOWN STEP	2026-08-28T10:21:21.1442973Z git version 2.55.0
test (3.12)	UNKNOWN STEP	2026-08-28T10:21:21.1463352Z ##[endgroup]
test (3.12)	UNKNOWN STEP	2026-08-28T10:21:21.1477489Z Temporarily overriding HOME='/home/runner/work/_temp/2a49f033-68b4-469c-86c5-eed816a6bb8a' before making global git config changes
test (3.12)	UNKNOWN STEP	2026-08-28T10:21:21.1479734Z Adding repository directory to the temporary git global config as a safe directory
test (3.12)	UNKNOWN STEP	2026-08-28T10:21:21.1484503Z [command]/usr/bin/git config --global --add safe.directory /home/runner/work/vac-protocol/vac-protocol
test (3.12)	UNKNOWN STEP	2026-08-28T10:21:21.1546986Z Deleting the contents of '/home/runner/work/vac-protocol/vac-protocol'
test (3.12)	UNKNOWN STEP	2026-08-28T10:21:21.1551193Z ##[group]Initializing the repository
test (3.12)	UNKNOWN STEP	2026-08-28T10:21:21.1557393Z [command]/usr/bin/git init /home/runner/work/vac-protocol/vac-protocol
test (3.12)	UNKNOWN STEP	2026-08-28T10:21:21.1651246Z hint: Using 'master' as the name for the initial branch. This default branch name
test (3.12)	UNKNOWN STEP	2026-08-28T10:21:21.1652779Z hint: will change to "main" in Git 3.0. To configure the initial branch name
test (3.12)	UNKNOWN STEP	2026-08-28T10:21:21.1654721Z hint: to use in all of your new repositories, which will suppress this warning,
test (3.12)	UNKNOWN STEP	2026-08-28T10:21:21.1655652Z hint: call:
test (3.12)	UNKNOWN STEP	2026-08-28T10:21:21.1656212Z hint:
test (3.12)	UNKNOWN STEP	2026-08-28T10:21:21.1656882Z hint: 	git config --global init.defaultBranch <name>
test (3.12)	UNKNOWN STEP	2026-08-28T10:21:21.1657663Z hint:
test (3.12)	UNKNOWN STEP	2026-08-28T10:21:21.1658397Z hint: Names commonly chosen instead of 'master' are 'main', 'trunk' and
test (3.12)	UNKNOWN STEP	2026-08-28T10:21:21.1659469Z hint: 'development'. The just-created branch can be renamed via this command:
test (3.12)	UNKNOWN STEP	2026-08-28T10:21:21.1660889Z hint:
test (3.12)	UNKNOWN STEP	2026-08-28T10:21:21.1661510Z hint: 	git branch -m <name>
test (3.12)	UNKNOWN STEP	2026-08-28T10:21:21.1662172Z hint:
test (3.12)	UNKNOWN STEP	2026-08-28T10:21:21.1662947Z hint: Disable this message with "git config set advice.defaultBranchName false"
test (3.12)	UNKNOWN STEP	2026-08-28T10:21:21.1664507Z Initialized empty Git repository in /home/runner/work/vac-protocol/vac-protocol/.git/
test (3.12)	UNKNOWN STEP	2026-08-28T10:21:21.1666202Z [command]/usr/bin/git remote add origin https://github.com/egnaro9/vac-protocol
test (3.12)	UNKNOWN STEP	2026-08-28T10:21:21.1706097Z ##[endgroup]
test (3.12)	UNKNOWN STEP	2026-08-28T10:21:21.1707044Z ##[group]Disabling automatic garbage collection
test (3.12)	UNKNOWN STEP	2026-08-28T10:21:21.1709809Z [command]/usr/bin/git config --local gc.auto 0
test (3.12)	UNKNOWN STEP	2026-08-28T10:21:21.1742926Z ##[endgroup]
test (3.12)	UNKNOWN STEP	2026-08-28T10:21:21.1744188Z ##[group]Setting up auth
test (3.12)	UNKNOWN STEP	2026-08-28T10:21:21.1750308Z [command]/usr/bin/git config --local --name-only --get-regexp core\.sshCommand
test (3.12)	UNKNOWN STEP	2026-08-28T10:21:21.1785026Z [command]/usr/bin/git submodule foreach --recursive sh -c "git config --local --name-only --get-regexp 'core\.sshCommand' && git config --local --unset-all 'core.sshCommand' || :"
test (3.12)	UNKNOWN STEP	2026-08-28T10:21:21.2194687Z [command]/usr/bin/git config --local --name-only --get-regexp http\.https\:\/\/github\.com\/\.extraheader
test (3.12)	UNKNOWN STEP	2026-08-28T10:21:21.2236411Z [command]/usr/bin/git submodule foreach --recursive sh -c "git config --local --name-only --get-regexp 'http\.https\:\/\/github\.com\/\.extraheader' && git config --local --unset-all 'http.https://github.com/.extraheader' || :"
test (3.12)	UNKNOWN STEP	2026-08-28T10:21:21.2489707Z [command]/usr/bin/git config --local --name-only --get-regexp ^includeIf\.gitdir:
test (3.12)	UNKNOWN STEP	2026-08-28T10:21:21.2529608Z [command]/usr/bin/git submodule foreach --recursive git config --local --show-origin --name-only --get-regexp remote.origin.url
test (3.12)	UNKNOWN STEP	2026-08-28T10:21:21.2772164Z [command]/usr/bin/git config --local http.https://github.com/.extraheader AUTHORIZATION: basic ***
test (3.12)	UNKNOWN STEP	2026-08-28T10:21:21.2876202Z ##[endgroup]
test (3.12)	UNKNOWN STEP	2026-08-28T10:21:21.2877569Z ##[group]Fetching the repository
test (3.12)	UNKNOWN STEP	2026-08-28T10:21:21.2879892Z [command]/usr/bin/git -c protocol.version=2 fetch --no-tags --prune --no-recurse-submodules --depth=1 origin +2e5734b1bf26fd93ac1de7243c6d39348371a233:refs/remotes/origin/main
test (3.12)	UNKNOWN STEP	2026-08-28T10:21:21.5893404Z From https://github.com/egnaro9/vac-protocol
test (3.12)	UNKNOWN STEP	2026-08-28T10:21:21.5895555Z  * [new ref]         2e5734b1bf26fd93ac1de7243c6d39348371a233 -> origin/main
test (3.12)	UNKNOWN STEP	2026-08-28T10:21:21.5899253Z ##[endgroup]
test (3.12)	UNKNOWN STEP	2026-08-28T10:21:21.5900793Z ##[group]Determining the checkout info
test (3.12)	UNKNOWN STEP	2026-08-28T10:21:21.5902530Z ##[endgroup]
test (3.12)	UNKNOWN STEP	2026-08-28T10:21:21.5908992Z [command]/usr/bin/git sparse-checkout disable
test (3.12)	UNKNOWN STEP	2026-08-28T10:21:21.5963343Z [command]/usr/bin/git config --local --unset-all extensions.worktreeConfig
test (3.12)	UNKNOWN STEP	2026-08-28T10:21:21.5997699Z ##[group]Checking out the ref
test (3.12)	UNKNOWN STEP	2026-08-28T10:21:21.6003468Z [command]/usr/bin/git checkout --progress --force -B main refs/remotes/origin/main
test (3.12)	UNKNOWN STEP	2026-08-28T10:21:21.6268404Z Switched to a new branch 'main'
test (3.12)	UNKNOWN STEP	2026-08-28T10:21:21.6274017Z branch 'main' set up to track 'origin/main'.
test (3.12)	UNKNOWN STEP	2026-08-28T10:21:21.6280428Z ##[endgroup]
test (3.12)	UNKNOWN STEP	2026-08-28T10:21:21.6325389Z [command]/usr/bin/git log -1 --format=%H
test (3.12)	UNKNOWN STEP	2026-08-28T10:21:21.6354249Z 2e5734b1bf26fd93ac1de7243c6d39348371a233
test (3.12)	UNKNOWN STEP	2026-08-28T10:21:21.6854389Z Node 20 is being deprecated. This workflow is running with Node 24 by default. If you need to temporarily use Node 20, you can set the ACTIONS_ALLOW_USE_UNSECURE_NODE_VERSION=true environment variable. For more information see: https://github.blog/changelog/2025-09-19-deprecation-of-node-20-on-github-actions-runners/
test (3.12)	UNKNOWN STEP	2026-08-28T10:21:21.6862519Z ##[group]Run actions/setup-python@v5
test (3.12)	UNKNOWN STEP	2026-08-28T10:21:21.6864210Z with:
test (3.12)	UNKNOWN STEP	2026-08-28T10:21:21.6865328Z   python-version: 3.12
test (3.12)	UNKNOWN STEP	2026-08-28T10:21:21.6866608Z   check-latest: false
test (3.12)	UNKNOWN STEP	2026-08-28T10:21:21.6880174Z   token: ***
test (3.12)	UNKNOWN STEP	2026-08-28T10:21:21.6881410Z   update-environment: true
test (3.12)	UNKNOWN STEP	2026-08-28T10:21:21.6883183Z   allow-prereleases: false
test (3.12)	UNKNOWN STEP	2026-08-28T10:21:21.6884691Z   freethreaded: false
test (3.12)	UNKNOWN STEP	2026-08-28T10:21:21.6885929Z ##[endgroup]
test (3.12)	UNKNOWN STEP	2026-08-28T10:21:21.8246013Z ##[group]Installed versions
test (3.12)	UNKNOWN STEP	2026-08-28T10:21:22.0305833Z (node:2221) [DEP0040] DeprecationWarning: The `punycode` module is deprecated. Please use a userland alternative instead.
test (3.12)	UNKNOWN STEP	2026-08-28T10:21:22.0307049Z (Use `node --trace-deprecation ...` to show where the warning was created)
test (3.12)	UNKNOWN STEP	2026-08-28T10:21:22.0307877Z Successfully set up CPython (3.12.14)
test (3.12)	UNKNOWN STEP	2026-08-28T10:21:22.0310611Z ##[endgroup]
test (3.12)	UNKNOWN STEP	2026-08-28T10:21:22.0541228Z ##[group]Run pip install -e ".[test]"
test (3.12)	UNKNOWN STEP	2026-08-28T10:21:22.0542101Z ^[[36;1mpip install -e ".[test]"^[[0m
test (3.12)	UNKNOWN STEP	2026-08-28T10:21:22.0749388Z shell: /usr/bin/bash -e {0}
test (3.12)	UNKNOWN STEP	2026-08-28T10:21:22.0749933Z env:
test (3.12)	UNKNOWN STEP	2026-08-28T10:21:22.0750427Z   pythonLocation: /opt/hostedtoolcache/Python/3.12.14/x64
test (3.12)	UNKNOWN STEP	2026-08-28T10:21:22.0751115Z   PKG_CONFIG_PATH: /opt/hostedtoolcache/Python/3.12.14/x64/lib/pkgconfig
test (3.12)	UNKNOWN STEP	2026-08-28T10:21:22.0751773Z   Python_ROOT_DIR: /opt/hostedtoolcache/Python/3.12.14/x64
test (3.12)	UNKNOWN STEP	2026-08-28T10:21:22.0752363Z   Python2_ROOT_DIR: /opt/hostedtoolcache/Python/3.12.14/x64
test (3.12)	UNKNOWN STEP	2026-08-28T10:21:22.0752938Z   Python3_ROOT_DIR: /opt/hostedtoolcache/Python/3.12.14/x64
test (3.12)	UNKNOWN STEP	2026-08-28T10:21:22.0753518Z   LD_LIBRARY_PATH: /opt/hostedtoolcache/Python/3.12.14/x64/lib
test (3.12)	UNKNOWN STEP	2026-08-28T10:21:22.0754240Z ##[endgroup]
test (3.12)	UNKNOWN STEP	2026-08-28T10:21:23.8574154Z Obtaining file:///home/runner/work/vac-protocol/vac-protocol
test (3.12)	UNKNOWN STEP	2026-08-28T10:21:23.8589886Z   Installing build dependencies: started
test (3.12)	UNKNOWN STEP	2026-08-28T10:21:24.5729254Z   Installing build dependencies: finished with status 'done'
test (3.12)	UNKNOWN STEP	2026-08-28T10:21:24.5734786Z   Checking if build backend supports build_editable: started
test (3.12)	UNKNOWN STEP	2026-08-28T10:21:24.9011875Z   Checking if build backend supports build_editable: finished with status 'done'
test (3.12)	UNKNOWN STEP	2026-08-28T10:21:24.9021671Z   Getting requirements to build editable: started
test (3.12)	UNKNOWN STEP	2026-08-28T10:21:25.2450295Z   Getting requirements to build editable: finished with status 'done'
test (3.12)	UNKNOWN STEP	2026-08-28T10:21:25.2459746Z   Preparing editable metadata (pyproject.toml): started
test (3.12)	UNKNOWN STEP	2026-08-28T10:21:25.4429294Z   Preparing editable metadata (pyproject.toml): finished with status 'done'
test (3.12)	UNKNOWN STEP	2026-08-28T10:21:25.5439820Z Collecting pytest (from vac-protocol==0.1.0)
test (3.12)	UNKNOWN STEP	2026-08-28T10:21:25.5874258Z   Downloading pytest-9.1.1-py3-none-any.whl.metadata (7.6 kB)
test (3.12)	UNKNOWN STEP	2026-08-28T10:21:25.5999123Z Collecting iniconfig>=1.0.1 (from pytest->vac-protocol==0.1.0)
test (3.12)	UNKNOWN STEP	2026-08-28T10:21:25.6030642Z   Downloading iniconfig-2.3.0-py3-none-any.whl.metadata (2.5 kB)
test (3.12)	UNKNOWN STEP	2026-08-28T10:21:25.6167698Z Collecting packaging>=22 (from pytest->vac-protocol==0.1.0)
test (3.12)	UNKNOWN STEP	2026-08-28T10:21:25.6202174Z   Downloading packaging-26.3-py3-none-any.whl.metadata (3.5 kB)
test (3.12)	UNKNOWN STEP	2026-08-28T10:21:25.6315164Z Collecting pluggy<2,>=1.5 (from pytest->vac-protocol==0.1.0)
test (3.12)	UNKNOWN STEP	2026-08-28T10:21:25.6354400Z   Downloading pluggy-1.6.0-py3-none-any.whl.metadata (4.8 kB)
test (3.12)	UNKNOWN STEP	2026-08-28T10:21:25.6516330Z Collecting pygments>=2.7.2 (from pytest->vac-protocol==0.1.0)
test (3.12)	UNKNOWN STEP	2026-08-28T10:21:25.6554251Z   Downloading pygments-2.21.0-py3-none-any.whl.metadata (2.5 kB)
test (3.12)	UNKNOWN STEP	2026-08-28T10:21:25.6634647Z Downloading pytest-9.1.1-py3-none-any.whl (386 kB)
test (3.12)	UNKNOWN STEP	2026-08-28T10:21:25.6846072Z Downloading pluggy-1.6.0-py3-none-any.whl (20 kB)
test (3.12)	UNKNOWN STEP	2026-08-28T10:21:25.6894714Z Downloading iniconfig-2.3.0-py3-none-any.whl (7.5 kB)
test (3.12)	UNKNOWN STEP	2026-08-28T10:21:25.6943922Z Downloading packaging-26.3-py3-none-any.whl (129 kB)
test (3.12)	UNKNOWN STEP	2026-08-28T10:21:25.7015735Z Downloading pygments-2.21.0-py3-none-any.whl (1.3 MB)
test (3.12)	UNKNOWN STEP	2026-08-28T10:21:25.7243541Z    ━━━━━━━━━━━━━━━━━━━━━━━━━━━━━━━━━━━━━━━━ 1.3/1.3 MB 62.2 MB/s  0:00:00
test (3.12)	UNKNOWN STEP	2026-08-28T10:21:25.7408352Z Building wheels for collected packages: vac-protocol
test (3.12)	UNKNOWN STEP	2026-08-28T10:21:25.7416129Z   Building editable for vac-protocol (pyproject.toml): started
test (3.12)	UNKNOWN STEP	2026-08-28T10:21:25.9614736Z   Building editable for vac-protocol (pyproject.toml): finished with status 'done'
test (3.12)	UNKNOWN STEP	2026-08-28T10:21:25.9621045Z   Created wheel for vac-protocol: filename=vac_protocol-0.1.0-0.editable-py3-none-any.whl size=8767 sha256=a23d1c431555201a0df0aef063c1952ac0b2810200e1d54ccf6093bee31f05e4
test (3.12)	UNKNOWN STEP	2026-08-28T10:21:25.9625636Z   Stored in directory: /tmp/pip-ephem-wheel-cache-4ef0q8_v/wheels/31/93/c0/4effb33ea68d4321a176d9cb097b94ea8b1be9d534ea861dec
test (3.12)	UNKNOWN STEP	2026-08-28T10:21:25.9643384Z Successfully built vac-protocol
test (3.12)	UNKNOWN STEP	2026-08-28T10:21:25.9841787Z Installing collected packages: vac-protocol, pygments, pluggy, packaging, iniconfig, pytest
test (3.12)	UNKNOWN STEP	2026-08-28T10:21:27.0998581Z 
test (3.12)	UNKNOWN STEP	2026-08-28T10:21:27.1012405Z Successfully installed iniconfig-2.3.0 packaging-26.3 pluggy-1.6.0 pygments-2.21.0 pytest-9.1.1 vac-protocol-0.1.0
test (3.12)	UNKNOWN STEP	2026-08-28T10:21:27.1686906Z ##[group]Run python -m pytest tests/ -q
test (3.12)	UNKNOWN STEP	2026-08-28T10:21:27.1687290Z ^[[36;1mpython -m pytest tests/ -q^[[0m
test (3.12)	UNKNOWN STEP	2026-08-28T10:21:27.1730177Z shell: /usr/bin/bash -e {0}
test (3.12)	UNKNOWN STEP	2026-08-28T10:21:27.1730441Z env:
test (3.12)	UNKNOWN STEP	2026-08-28T10:21:27.1730723Z   pythonLocation: /opt/hostedtoolcache/Python/3.12.14/x64
test (3.12)	UNKNOWN STEP	2026-08-28T10:21:27.1731171Z   PKG_CONFIG_PATH: /opt/hostedtoolcache/Python/3.12.14/x64/lib/pkgconfig
test (3.12)	UNKNOWN STEP	2026-08-28T10:21:27.1731597Z   Python_ROOT_DIR: /opt/hostedtoolcache/Python/3.12.14/x64
test (3.12)	UNKNOWN STEP	2026-08-28T10:21:27.1731985Z   Python2_ROOT_DIR: /opt/hostedtoolcache/Python/3.12.14/x64
test (3.12)	UNKNOWN STEP	2026-08-28T10:21:27.1732373Z   Python3_ROOT_DIR: /opt/hostedtoolcache/Python/3.12.14/x64
test (3.12)	UNKNOWN STEP	2026-08-28T10:21:27.1732749Z   LD_LIBRARY_PATH: /opt/hostedtoolcache/Python/3.12.14/x64/lib
test (3.12)	UNKNOWN STEP	2026-08-28T10:21:27.1733076Z ##[endgroup]
test (3.12)	UNKNOWN STEP	2026-08-28T10:21:28.7163330Z ......................xxx.s...s..x...................................... [ 23%]
test (3.12)	UNKNOWN STEP	2026-08-28T10:21:29.0319981Z ........................................................................ [ 47%]
test (3.12)	UNKNOWN STEP	2026-08-28T10:21:30.1424606Z ........................................................................ [ 71%]
test (3.12)	UNKNOWN STEP	2026-08-28T10:21:30.7828209Z .....s.ss.....sssssssss................................................. [ 95%]
test (3.12)	UNKNOWN STEP	2026-08-28T10:21:30.9198011Z .............                                                            [100%]
test (3.12)	UNKNOWN STEP	2026-08-28T10:21:30.9198852Z 283 passed, 14 skipped, 4 xfailed in 3.46s
test (3.12)	UNKNOWN STEP	2026-08-28T10:21:30.9622828Z Node 20 is being deprecated. This workflow is running with Node 24 by default. If you need to temporarily use Node 20, you can set the ACTIONS_ALLOW_USE_UNSECURE_NODE_VERSION=true environment variable. For more information see: https://github.blog/changelog/2025-09-19-deprecation-of-node-20-on-github-actions-runners/
test (3.12)	UNKNOWN STEP	2026-08-28T10:21:30.9624218Z Post job cleanup.
test (3.12)	UNKNOWN STEP	2026-08-28T10:21:31.0811046Z (node:2772) [DEP0040] DeprecationWarning: The `punycode` module is deprecated. Please use a userland alternative instead.
test (3.12)	UNKNOWN STEP	2026-08-28T10:21:31.0811842Z (Use `node --trace-deprecation ...` to show where the warning was created)
test (3.12)	UNKNOWN STEP	2026-08-28T10:21:31.1010021Z Node 20 is being deprecated. This workflow is running with Node 24 by default. If you need to temporarily use Node 20, you can set the ACTIONS_ALLOW_USE_UNSECURE_NODE_VERSION=true environment variable. For more information see: https://github.blog/changelog/2025-09-19-deprecation-of-node-20-on-github-actions-runners/
test (3.12)	UNKNOWN STEP	2026-08-28T10:21:31.1011252Z Post job cleanup.
test (3.12)	UNKNOWN STEP	2026-08-28T10:21:31.1914357Z [command]/usr/bin/git version
test (3.12)	UNKNOWN STEP	2026-08-28T10:21:31.1958756Z git version 2.55.0
test (3.12)	UNKNOWN STEP	2026-08-28T10:21:31.1996816Z Temporarily overriding HOME='/home/runner/work/_temp/3d4898c6-d006-4956-be00-a655f9760336' before making global git config changes
test (3.12)	UNKNOWN STEP	2026-08-28T10:21:31.1998405Z Adding repository directory to the temporary git global config as a safe directory
test (3.12)	UNKNOWN STEP	2026-08-28T10:21:31.2001614Z [command]/usr/bin/git config --global --add safe.directory /home/runner/work/vac-protocol/vac-protocol
test (3.12)	UNKNOWN STEP	2026-08-28T10:21:31.2041968Z [command]/usr/bin/git config --local --name-only --get-regexp core\.sshCommand
test (3.12)	UNKNOWN STEP	2026-08-28T10:21:31.2079460Z [command]/usr/bin/git submodule foreach --recursive sh -c "git config --local --name-only --get-regexp 'core\.sshCommand' && git config --local --unset-all 'core.sshCommand' || :"
test (3.12)	UNKNOWN STEP	2026-08-28T10:21:31.2401057Z [command]/usr/bin/git config --local --name-only --get-regexp http\.https\:\/\/github\.com\/\.extraheader
test (3.12)	UNKNOWN STEP	2026-08-28T10:21:31.2423985Z http.https://github.com/.extraheader
test (3.12)	UNKNOWN STEP	2026-08-28T10:21:31.2475568Z [command]/usr/bin/git config --local --unset-all http.https://github.com/.extraheader
test (3.12)	UNKNOWN STEP	2026-08-28T10:21:31.2495181Z [command]/usr/bin/git submodule foreach --recursive sh -c "git config --local --name-only --get-regexp 'http\.https\:\/\/github\.com\/\.extraheader' && git config --local --unset-all 'http.https://github.com/.extraheader' || :"
test (3.12)	UNKNOWN STEP	2026-08-28T10:21:31.2847952Z [command]/usr/bin/git config --local --name-only --get-regexp ^includeIf\.gitdir:
test (3.12)	UNKNOWN STEP	2026-08-28T10:21:31.2912457Z [command]/usr/bin/git submodule foreach --recursive git config --local --show-origin --name-only --get-regexp remote.origin.url
test (3.12)	UNKNOWN STEP	2026-08-28T10:21:31.3391521Z Cleaning up orphan processes
test (3.12)	UNKNOWN STEP	2026-08-28T10:21:31.3690172Z ##[warning]Node.js 20 is deprecated. The following actions target Node.js 20 but are being forced to run on Node.js 24: actions/checkout@v4, actions/setup-python@v5. For more information see: https://github.blog/changelog/2025-09-19-deprecation-of-node-20-on-github-actions-runners/
test (3.11)	UNKNOWN STEP	﻿2026-08-28T10:21:20.7252338Z Current runner version: '2.336.0'
test (3.11)	UNKNOWN STEP	2026-08-28T10:21:20.7272034Z ##[group]Runner Image Provisioner
test (3.11)	UNKNOWN STEP	2026-08-28T10:21:20.7272731Z Hosted Compute Agent
test (3.11)	UNKNOWN STEP	2026-08-28T10:21:20.7273214Z Version: 20260819.586
test (3.11)	UNKNOWN STEP	2026-08-28T10:21:20.7273789Z Commit: 3cc4a88dfa507ef76119ad1bb3eccc6378bb2b76
test (3.11)	UNKNOWN STEP	2026-08-28T10:21:20.7274381Z Build Date: 2026-08-18T23:20:18Z
test (3.11)	UNKNOWN STEP	2026-08-28T10:21:20.7275026Z Worker ID: {54e295f0-ee81-4842-abcd-772e456d5d9c}
test (3.11)	UNKNOWN STEP	2026-08-28T10:21:20.7275645Z Azure Region: westus3
test (3.11)	UNKNOWN STEP	2026-08-28T10:21:20.7276113Z ##[endgroup]
test (3.11)	UNKNOWN STEP	2026-08-28T10:21:20.7277165Z ##[group]Operating System
test (3.11)	UNKNOWN STEP	2026-08-28T10:21:20.7277675Z Ubuntu
test (3.11)	UNKNOWN STEP	2026-08-28T10:21:20.7278116Z 24.04.4
test (3.11)	UNKNOWN STEP	2026-08-28T10:21:20.7278597Z LTS
test (3.11)	UNKNOWN STEP	2026-08-28T10:21:20.7279017Z ##[endgroup]
test (3.11)	UNKNOWN STEP	2026-08-28T10:21:20.7279491Z ##[group]Runner Image
test (3.11)	UNKNOWN STEP	2026-08-28T10:21:20.7280201Z Image: ubuntu-24.04
test (3.11)	UNKNOWN STEP	2026-08-28T10:21:20.7280782Z Version: 20260823.283.1
test (3.11)	UNKNOWN STEP	2026-08-28T10:21:20.7281832Z Included Software: https://github.com/actions/runner-images/blob/ubuntu24/20260823.283/images/ubuntu/Ubuntu2404-Readme.md
test (3.11)	UNKNOWN STEP	2026-08-28T10:21:20.7283097Z Image Release: https://github.com/actions/runner-images/releases/tag/ubuntu24%2F20260823.283
test (3.11)	UNKNOWN STEP	2026-08-28T10:21:20.7283975Z ##[endgroup]
test (3.11)	UNKNOWN STEP	2026-08-28T10:21:20.7284970Z ##[group]GITHUB_TOKEN Permissions
test (3.11)	UNKNOWN STEP	2026-08-28T10:21:20.7286601Z Contents: read
test (3.11)	UNKNOWN STEP	2026-08-28T10:21:20.7287059Z Metadata: read
test (3.11)	UNKNOWN STEP	2026-08-28T10:21:20.7287949Z Packages: read
test (3.11)	UNKNOWN STEP	2026-08-28T10:21:20.7288436Z ##[endgroup]
test (3.11)	UNKNOWN STEP	2026-08-28T10:21:20.7290361Z Secret source: Actions
test (3.11)	UNKNOWN STEP	2026-08-28T10:21:20.7291236Z Prepare workflow directory
test (3.11)	UNKNOWN STEP	2026-08-28T10:21:20.8184673Z Prepare all required actions
test (3.11)	UNKNOWN STEP	2026-08-28T10:21:20.8223897Z Getting action download info
test (3.11)	UNKNOWN STEP	2026-08-28T10:21:21.0782867Z Download action repository 'actions/checkout@v4' (SHA:11d5960a326750d5838078e36cf38b85af677262)
test (3.11)	UNKNOWN STEP	2026-08-28T10:21:21.4372537Z Download action repository 'actions/setup-python@v5' (SHA:a26af69be951a213d495a4c3e4e4022e16d87065)
test (3.11)	UNKNOWN STEP	2026-08-28T10:21:21.7397205Z Complete job name: test (3.11)
test (3.11)	UNKNOWN STEP	2026-08-28T10:21:21.8000314Z Node 20 is being deprecated. This workflow is running with Node 24 by default. If you need to temporarily use Node 20, you can set the ACTIONS_ALLOW_USE_UNSECURE_NODE_VERSION=true environment variable. For more information see: https://github.blog/changelog/2025-09-19-deprecation-of-node-20-on-github-actions-runners/
test (3.11)	UNKNOWN STEP	2026-08-28T10:21:21.8007343Z ##[group]Run actions/checkout@v4
test (3.11)	UNKNOWN STEP	2026-08-28T10:21:21.8008041Z with:
test (3.11)	UNKNOWN STEP	2026-08-28T10:21:21.8008438Z   repository: egnaro9/vac-protocol
test (3.11)	UNKNOWN STEP	2026-08-28T10:21:21.8011756Z   token: ***
test (3.11)	UNKNOWN STEP	2026-08-28T10:21:21.8012144Z   ssh-strict: true
test (3.11)	UNKNOWN STEP	2026-08-28T10:21:21.8012543Z   ssh-user: git
test (3.11)	UNKNOWN STEP	2026-08-28T10:21:21.8012941Z   persist-credentials: true
test (3.11)	UNKNOWN STEP	2026-08-28T10:21:21.8013364Z   clean: true
test (3.11)	UNKNOWN STEP	2026-08-28T10:21:21.8013760Z   sparse-checkout-cone-mode: true
test (3.11)	UNKNOWN STEP	2026-08-28T10:21:21.8014210Z   fetch-depth: 1
test (3.11)	UNKNOWN STEP	2026-08-28T10:21:21.8014584Z   fetch-tags: false
test (3.11)	UNKNOWN STEP	2026-08-28T10:21:21.8014966Z   show-progress: true
test (3.11)	UNKNOWN STEP	2026-08-28T10:21:21.8015355Z   lfs: false
test (3.11)	UNKNOWN STEP	2026-08-28T10:21:21.8015776Z   submodules: false
test (3.11)	UNKNOWN STEP	2026-08-28T10:21:21.8016167Z   set-safe-directory: true
test (3.11)	UNKNOWN STEP	2026-08-28T10:21:21.8016611Z   allow-unsafe-pr-checkout: false
test (3.11)	UNKNOWN STEP	2026-08-28T10:21:21.8017247Z ##[endgroup]
test (3.11)	UNKNOWN STEP	2026-08-28T10:21:21.8811872Z Syncing repository: egnaro9/vac-protocol
test (3.11)	UNKNOWN STEP	2026-08-28T10:21:21.8813452Z ##[group]Getting Git version info
test (3.11)	UNKNOWN STEP	2026-08-28T10:21:21.8814112Z Working directory is '/home/runner/work/vac-protocol/vac-protocol'
test (3.11)	UNKNOWN STEP	2026-08-28T10:21:21.8815079Z [command]/usr/bin/git version
test (3.11)	UNKNOWN STEP	2026-08-28T10:21:21.9301765Z git version 2.55.0
test (3.11)	UNKNOWN STEP	2026-08-28T10:21:21.9330549Z ##[endgroup]
test (3.11)	UNKNOWN STEP	2026-08-28T10:21:21.9336518Z Temporarily overriding HOME='/home/runner/work/_temp/cd9fbcb0-d089-4a4e-99f1-234d42b88e8d' before making global git config changes
test (3.11)	UNKNOWN STEP	2026-08-28T10:21:21.9337945Z Adding repository directory to the temporary git global config as a safe directory
test (3.11)	UNKNOWN STEP	2026-08-28T10:21:21.9342418Z [command]/usr/bin/git config --global --add safe.directory /home/runner/work/vac-protocol/vac-protocol
test (3.11)	UNKNOWN STEP	2026-08-28T10:21:21.9463124Z Deleting the contents of '/home/runner/work/vac-protocol/vac-protocol'
test (3.11)	UNKNOWN STEP	2026-08-28T10:21:21.9467712Z ##[group]Initializing the repository
test (3.11)	UNKNOWN STEP	2026-08-28T10:21:21.9474302Z [command]/usr/bin/git init /home/runner/work/vac-protocol/vac-protocol
test (3.11)	UNKNOWN STEP	2026-08-28T10:21:21.9799410Z hint: Using 'master' as the name for the initial branch. This default branch name
test (3.11)	UNKNOWN STEP	2026-08-28T10:21:21.9801628Z hint: will change to "main" in Git 3.0. To configure the initial branch name
test (3.11)	UNKNOWN STEP	2026-08-28T10:21:21.9803058Z hint: to use in all of your new repositories, which will suppress this warning,
test (3.11)	UNKNOWN STEP	2026-08-28T10:21:21.9804513Z hint: call:
test (3.11)	UNKNOWN STEP	2026-08-28T10:21:21.9805127Z hint:
test (3.11)	UNKNOWN STEP	2026-08-28T10:21:21.9805934Z hint: 	git config --global init.defaultBranch <name>
test (3.11)	UNKNOWN STEP	2026-08-28T10:21:21.9806841Z hint:
test (3.11)	UNKNOWN STEP	2026-08-28T10:21:21.9807692Z hint: Names commonly chosen instead of 'master' are 'main', 'trunk' and
test (3.11)	UNKNOWN STEP	2026-08-28T10:21:21.9809040Z hint: 'development'. The just-created branch can be renamed via this command:
test (3.11)	UNKNOWN STEP	2026-08-28T10:21:21.9810346Z hint:
test (3.11)	UNKNOWN STEP	2026-08-28T10:21:21.9810997Z hint: 	git branch -m <name>
test (3.11)	UNKNOWN STEP	2026-08-28T10:21:21.9811755Z hint:
test (3.11)	UNKNOWN STEP	2026-08-28T10:21:21.9812623Z hint: Disable this message with "git config set advice.defaultBranchName false"
test (3.11)	UNKNOWN STEP	2026-08-28T10:21:21.9814127Z Initialized empty Git repository in /home/runner/work/vac-protocol/vac-protocol/.git/
test (3.11)	UNKNOWN STEP	2026-08-28T10:21:21.9816533Z [command]/usr/bin/git remote add origin https://github.com/egnaro9/vac-protocol
test (3.11)	UNKNOWN STEP	2026-08-28T10:21:22.0216617Z ##[endgroup]
test (3.11)	UNKNOWN STEP	2026-08-28T10:21:22.0217348Z ##[group]Disabling automatic garbage collection
test (3.11)	UNKNOWN STEP	2026-08-28T10:21:22.0219755Z [command]/usr/bin/git config --local gc.auto 0
test (3.11)	UNKNOWN STEP	2026-08-28T10:21:22.0999425Z ##[endgroup]
test (3.11)	UNKNOWN STEP	2026-08-28T10:21:22.1000312Z ##[group]Setting up auth
test (3.11)	UNKNOWN STEP	2026-08-28T10:21:22.1004934Z [command]/usr/bin/git config --local --name-only --get-regexp core\.sshCommand
test (3.11)	UNKNOWN STEP	2026-08-28T10:21:22.1036987Z [command]/usr/bin/git submodule foreach --recursive sh -c "git config --local --name-only --get-regexp 'core\.sshCommand' && git config --local --unset-all 'core.sshCommand' || :"
test (3.11)	UNKNOWN STEP	2026-08-28T10:21:22.2398933Z [command]/usr/bin/git config --local --name-only --get-regexp http\.https\:\/\/github\.com\/\.extraheader
test (3.11)	UNKNOWN STEP	2026-08-28T10:21:22.2431919Z [command]/usr/bin/git submodule foreach --recursive sh -c "git config --local --name-only --get-regexp 'http\.https\:\/\/github\.com\/\.extraheader' && git config --local --unset-all 'http.https://github.com/.extraheader' || :"
test (3.11)	UNKNOWN STEP	2026-08-28T10:21:22.2618126Z [command]/usr/bin/git config --local --name-only --get-regexp ^includeIf\.gitdir:
test (3.11)	UNKNOWN STEP	2026-08-28T10:21:22.2647621Z [command]/usr/bin/git submodule foreach --recursive git config --local --show-origin --name-only --get-regexp remote.origin.url
test (3.11)	UNKNOWN STEP	2026-08-28T10:21:22.2835650Z [command]/usr/bin/git config --local http.https://github.com/.extraheader AUTHORIZATION: basic ***
test (3.11)	UNKNOWN STEP	2026-08-28T10:21:22.3792746Z ##[endgroup]
test (3.11)	UNKNOWN STEP	2026-08-28T10:21:22.3795192Z ##[group]Fetching the repository
test (3.11)	UNKNOWN STEP	2026-08-28T10:21:22.3803239Z [command]/usr/bin/git -c protocol.version=2 fetch --no-tags --prune --no-recurse-submodules --depth=1 origin +2e5734b1bf26fd93ac1de7243c6d39348371a233:refs/remotes/origin/main
test (3.11)	UNKNOWN STEP	2026-08-28T10:21:23.6062885Z From https://github.com/egnaro9/vac-protocol
test (3.11)	UNKNOWN STEP	2026-08-28T10:21:23.6063707Z  * [new ref]         2e5734b1bf26fd93ac1de7243c6d39348371a233 -> origin/main
test (3.11)	UNKNOWN STEP	2026-08-28T10:21:23.6064985Z ##[endgroup]
test (3.11)	UNKNOWN STEP	2026-08-28T10:21:23.6065368Z ##[group]Determining the checkout info
test (3.11)	UNKNOWN STEP	2026-08-28T10:21:23.6065848Z ##[endgroup]
test (3.11)	UNKNOWN STEP	2026-08-28T10:21:23.6066400Z [command]/usr/bin/git sparse-checkout disable
test (3.11)	UNKNOWN STEP	2026-08-28T10:21:23.6180130Z [command]/usr/bin/git config --local --unset-all extensions.worktreeConfig
test (3.11)	UNKNOWN STEP	2026-08-28T10:21:23.6759252Z ##[group]Checking out the ref
test (3.11)	UNKNOWN STEP	2026-08-28T10:21:23.6763039Z [command]/usr/bin/git checkout --progress --force -B main refs/remotes/origin/main
test (3.11)	UNKNOWN STEP	2026-08-28T10:21:23.7955959Z Switched to a new branch 'main'
test (3.11)	UNKNOWN STEP	2026-08-28T10:21:23.7962470Z branch 'main' set up to track 'origin/main'.
test (3.11)	UNKNOWN STEP	2026-08-28T10:21:23.7969281Z ##[endgroup]
test (3.11)	UNKNOWN STEP	2026-08-28T10:21:23.8355338Z [command]/usr/bin/git log -1 --format=%H
test (3.11)	UNKNOWN STEP	2026-08-28T10:21:23.8381707Z 2e5734b1bf26fd93ac1de7243c6d39348371a233
test (3.11)	UNKNOWN STEP	2026-08-28T10:21:23.8612595Z Node 20 is being deprecated. This workflow is running with Node 24 by default. If you need to temporarily use Node 20, you can set the ACTIONS_ALLOW_USE_UNSECURE_NODE_VERSION=true environment variable. For more information see: https://github.blog/changelog/2025-09-19-deprecation-of-node-20-on-github-actions-runners/
test (3.11)	UNKNOWN STEP	2026-08-28T10:21:23.8614198Z ##[group]Run actions/setup-python@v5
test (3.11)	UNKNOWN STEP	2026-08-28T10:21:23.8614471Z with:
test (3.11)	UNKNOWN STEP	2026-08-28T10:21:23.8614707Z   python-version: 3.11
test (3.11)	UNKNOWN STEP	2026-08-28T10:21:23.8614950Z   check-latest: false
test (3.11)	UNKNOWN STEP	2026-08-28T10:21:23.8616918Z   token: ***
test (3.11)	UNKNOWN STEP	2026-08-28T10:21:23.8617156Z   update-environment: true
test (3.11)	UNKNOWN STEP	2026-08-28T10:21:23.8617415Z   allow-prereleases: false
test (3.11)	UNKNOWN STEP	2026-08-28T10:21:23.8617666Z   freethreaded: false
test (3.11)	UNKNOWN STEP	2026-08-28T10:21:23.8617899Z ##[endgroup]
test (3.11)	UNKNOWN STEP	2026-08-28T10:21:23.9626255Z ##[group]Installed versions
test (3.11)	UNKNOWN STEP	2026-08-28T10:21:23.9690290Z (node:1995) [DEP0040] DeprecationWarning: The `punycode` module is deprecated. Please use a userland alternative instead.
test (3.11)	UNKNOWN STEP	2026-08-28T10:21:23.9691319Z (Use `node --trace-deprecation ...` to show where the warning was created)
test (3.11)	UNKNOWN STEP	2026-08-28T10:21:23.9691847Z Successfully set up CPython (3.11.16)
test (3.11)	UNKNOWN STEP	2026-08-28T10:21:23.9692326Z ##[endgroup]
test (3.11)	UNKNOWN STEP	2026-08-28T10:21:23.9882445Z ##[group]Run pip install -e ".[test]"
test (3.11)	UNKNOWN STEP	2026-08-28T10:21:23.9883021Z ^[[36;1mpip install -e ".[test]"^[[0m
test (3.11)	UNKNOWN STEP	2026-08-28T10:21:23.9937262Z shell: /usr/bin/bash -e {0}
test (3.11)	UNKNOWN STEP	2026-08-28T10:21:23.9937652Z env:
test (3.11)	UNKNOWN STEP	2026-08-28T10:21:23.9938062Z   pythonLocation: /opt/hostedtoolcache/Python/3.11.16/x64
test (3.11)	UNKNOWN STEP	2026-08-28T10:21:23.9938721Z   PKG_CONFIG_PATH: /opt/hostedtoolcache/Python/3.11.16/x64/lib/pkgconfig
test (3.11)	UNKNOWN STEP	2026-08-28T10:21:23.9939365Z   Python_ROOT_DIR: /opt/hostedtoolcache/Python/3.11.16/x64
test (3.11)	UNKNOWN STEP	2026-08-28T10:21:23.9939940Z   Python2_ROOT_DIR: /opt/hostedtoolcache/Python/3.11.16/x64
test (3.11)	UNKNOWN STEP	2026-08-28T10:21:23.9940665Z   Python3_ROOT_DIR: /opt/hostedtoolcache/Python/3.11.16/x64
test (3.11)	UNKNOWN STEP	2026-08-28T10:21:23.9941246Z   LD_LIBRARY_PATH: /opt/hostedtoolcache/Python/3.11.16/x64/lib
test (3.11)	UNKNOWN STEP	2026-08-28T10:21:23.9941784Z ##[endgroup]
test (3.11)	UNKNOWN STEP	2026-08-28T10:21:26.1830212Z Obtaining file:///home/runner/work/vac-protocol/vac-protocol
test (3.11)	UNKNOWN STEP	2026-08-28T10:21:26.1842482Z   Installing build dependencies: started
test (3.11)	UNKNOWN STEP	2026-08-28T10:21:26.7787574Z   Installing build dependencies: finished with status 'done'
test (3.11)	UNKNOWN STEP	2026-08-28T10:21:26.7791931Z   Checking if build backend supports build_editable: started
test (3.11)	UNKNOWN STEP	2026-08-28T10:21:27.0832587Z   Checking if build backend supports build_editable: finished with status 'done'
test (3.11)	UNKNOWN STEP	2026-08-28T10:21:27.0838118Z   Getting requirements to build editable: started
test (3.11)	UNKNOWN STEP	2026-08-28T10:21:27.3258322Z   Getting requirements to build editable: finished with status 'done'
test (3.11)	UNKNOWN STEP	2026-08-28T10:21:27.3265527Z   Preparing editable metadata (pyproject.toml): started
test (3.11)	UNKNOWN STEP	2026-08-28T10:21:27.4606063Z   Preparing editable metadata (pyproject.toml): finished with status 'done'
test (3.11)	UNKNOWN STEP	2026-08-28T10:21:27.5302138Z Collecting pytest (from vac-protocol==0.1.0)
test (3.11)	UNKNOWN STEP	2026-08-28T10:21:27.5670960Z   Downloading pytest-9.1.1-py3-none-any.whl.metadata (7.6 kB)
test (3.11)	UNKNOWN STEP	2026-08-28T10:21:27.5778776Z Collecting iniconfig>=1.0.1 (from pytest->vac-protocol==0.1.0)
test (3.11)	UNKNOWN STEP	2026-08-28T10:21:27.5809589Z   Downloading iniconfig-2.3.0-py3-none-any.whl.metadata (2.5 kB)
test (3.11)	UNKNOWN STEP	2026-08-28T10:21:27.5923984Z Collecting packaging>=22 (from pytest->vac-protocol==0.1.0)
test (3.11)	UNKNOWN STEP	2026-08-28T10:21:27.5954385Z   Downloading packaging-26.3-py3-none-any.whl.metadata (3.5 kB)
test (3.11)	UNKNOWN STEP	2026-08-28T10:21:27.6053185Z Collecting pluggy<2,>=1.5 (from pytest->vac-protocol==0.1.0)
test (3.11)	UNKNOWN STEP	2026-08-28T10:21:27.6081896Z   Downloading pluggy-1.6.0-py3-none-any.whl.metadata (4.8 kB)
test (3.11)	UNKNOWN STEP	2026-08-28T10:21:27.6225731Z Collecting pygments>=2.7.2 (from pytest->vac-protocol==0.1.0)
test (3.11)	UNKNOWN STEP	2026-08-28T10:21:27.6255756Z   Downloading pygments-2.21.0-py3-none-any.whl.metadata (2.5 kB)
test (3.11)	UNKNOWN STEP	2026-08-28T10:21:27.6320707Z Downloading pytest-9.1.1-py3-none-any.whl (386 kB)
test (3.11)	UNKNOWN STEP	2026-08-28T10:21:27.6529399Z Downloading pluggy-1.6.0-py3-none-any.whl (20 kB)
test (3.11)	UNKNOWN STEP	2026-08-28T10:21:27.6578010Z Downloading iniconfig-2.3.0-py3-none-any.whl (7.5 kB)
test (3.11)	UNKNOWN STEP	2026-08-28T10:21:27.6627681Z Downloading packaging-26.3-py3-none-any.whl (129 kB)
test (3.11)	UNKNOWN STEP	2026-08-28T10:21:27.6690664Z Downloading pygments-2.21.0-py3-none-any.whl (1.3 MB)
test (3.11)	UNKNOWN STEP	2026-08-28T10:21:27.6943437Z    ━━━━━━━━━━━━━━━━━━━━━━━━━━━━━━━━━━━━━━━━ 1.3/1.3 MB 50.8 MB/s  0:00:00
test (3.11)	UNKNOWN STEP	2026-08-28T10:21:27.7134298Z Building wheels for collected packages: vac-protocol
test (3.11)	UNKNOWN STEP	2026-08-28T10:21:27.7139449Z   Building editable for vac-protocol (pyproject.toml): started
test (3.11)	UNKNOWN STEP	2026-08-28T10:21:27.8621058Z   Building editable for vac-protocol (pyproject.toml): finished with status 'done'
test (3.11)	UNKNOWN STEP	2026-08-28T10:21:27.8624671Z   Created wheel for vac-protocol: filename=vac_protocol-0.1.0-0.editable-py3-none-any.whl size=8767 sha256=f54f16aef08d8d31d2e22bda3edc29b6f06b861f11da1f465f601d118cfb28f3
test (3.11)	UNKNOWN STEP	2026-08-28T10:21:27.8625947Z   Stored in directory: /tmp/pip-ephem-wheel-cache-qyos7hyg/wheels/c2/b6/47/ad3fc2a6b8a0cd36ac358c99afd0e641db30df633f424b77c4
test (3.11)	UNKNOWN STEP	2026-08-28T10:21:27.8643428Z Successfully built vac-protocol
test (3.11)	UNKNOWN STEP	2026-08-28T10:21:27.8844026Z Installing collected packages: vac-protocol, pygments, pluggy, packaging, iniconfig, pytest
test (3.11)	UNKNOWN STEP	2026-08-28T10:21:28.6443038Z 
test (3.11)	UNKNOWN STEP	2026-08-28T10:21:28.6450538Z Successfully installed iniconfig-2.3.0 packaging-26.3 pluggy-1.6.0 pygments-2.21.0 pytest-9.1.1 vac-protocol-0.1.0
test (3.11)	UNKNOWN STEP	2026-08-28T10:21:28.6979007Z ##[group]Run python -m pytest tests/ -q
test (3.11)	UNKNOWN STEP	2026-08-28T10:21:28.6979323Z ^[[36;1mpython -m pytest tests/ -q^[[0m
test (3.11)	UNKNOWN STEP	2026-08-28T10:21:28.7012585Z shell: /usr/bin/bash -e {0}
test (3.11)	UNKNOWN STEP	2026-08-28T10:21:28.7012798Z env:
test (3.11)	UNKNOWN STEP	2026-08-28T10:21:28.7013024Z   pythonLocation: /opt/hostedtoolcache/Python/3.11.16/x64
test (3.11)	UNKNOWN STEP	2026-08-28T10:21:28.7013366Z   PKG_CONFIG_PATH: /opt/hostedtoolcache/Python/3.11.16/x64/lib/pkgconfig
test (3.11)	UNKNOWN STEP	2026-08-28T10:21:28.7013697Z   Python_ROOT_DIR: /opt/hostedtoolcache/Python/3.11.16/x64
test (3.11)	UNKNOWN STEP	2026-08-28T10:21:28.7013995Z   Python2_ROOT_DIR: /opt/hostedtoolcache/Python/3.11.16/x64
test (3.11)	UNKNOWN STEP	2026-08-28T10:21:28.7014295Z   Python3_ROOT_DIR: /opt/hostedtoolcache/Python/3.11.16/x64
test (3.11)	UNKNOWN STEP	2026-08-28T10:21:28.7014593Z   LD_LIBRARY_PATH: /opt/hostedtoolcache/Python/3.11.16/x64/lib
test (3.11)	UNKNOWN STEP	2026-08-28T10:21:28.7014850Z ##[endgroup]
test (3.11)	UNKNOWN STEP	2026-08-28T10:21:30.0247295Z ......................xxx.s...s..x...................................... [ 23%]
test (3.11)	UNKNOWN STEP	2026-08-28T10:21:30.2185179Z ........................................................................ [ 47%]
test (3.11)	UNKNOWN STEP	2026-08-28T10:21:31.0071208Z ........................................................................ [ 71%]
test (3.11)	UNKNOWN STEP	2026-08-28T10:21:31.3972729Z .....s.ss.....sssssssss................................................. [ 95%]
test (3.11)	UNKNOWN STEP	2026-08-28T10:21:31.4858745Z .............                                                            [100%]
test (3.11)	UNKNOWN STEP	2026-08-28T10:21:31.4859253Z 283 passed, 14 skipped, 4 xfailed in 2.34s
test (3.11)	UNKNOWN STEP	2026-08-28T10:21:31.5158421Z Node 20 is being deprecated. This workflow is running with Node 24 by default. If you need to temporarily use Node 20, you can set the ACTIONS_ALLOW_USE_UNSECURE_NODE_VERSION=true environment variable. For more information see: https://github.blog/changelog/2025-09-19-deprecation-of-node-20-on-github-actions-runners/
test (3.11)	UNKNOWN STEP	2026-08-28T10:21:31.5159384Z Post job cleanup.
test (3.11)	UNKNOWN STEP	2026-08-28T10:21:31.6079514Z (node:2545) [DEP0040] DeprecationWarning: The `punycode` module is deprecated. Please use a userland alternative instead.
test (3.11)	UNKNOWN STEP	2026-08-28T10:21:31.6080305Z (Use `node --trace-deprecation ...` to show where the warning was created)
test (3.11)	UNKNOWN STEP	2026-08-28T10:21:31.6229741Z Node 20 is being deprecated. This workflow is running with Node 24 by default. If you need to temporarily use Node 20, you can set the ACTIONS_ALLOW_USE_UNSECURE_NODE_VERSION=true environment variable. For more information see: https://github.blog/changelog/2025-09-19-deprecation-of-node-20-on-github-actions-runners/
test (3.11)	UNKNOWN STEP	2026-08-28T10:21:31.6230889Z Post job cleanup.
test (3.11)	UNKNOWN STEP	2026-08-28T10:21:31.6904995Z [command]/usr/bin/git version
test (3.11)	UNKNOWN STEP	2026-08-28T10:21:31.6937048Z git version 2.55.0
test (3.11)	UNKNOWN STEP	2026-08-28T10:21:31.6996775Z Temporarily overriding HOME='/home/runner/work/_temp/12051101-0c6f-4352-81af-bd7d4c509522' before making global git config changes
test (3.11)	UNKNOWN STEP	2026-08-28T10:21:31.6997761Z Adding repository directory to the temporary git global config as a safe directory
test (3.11)	UNKNOWN STEP	2026-08-28T10:21:31.7001483Z [command]/usr/bin/git config --global --add safe.directory /home/runner/work/vac-protocol/vac-protocol
test (3.11)	UNKNOWN STEP	2026-08-28T10:21:31.7033584Z [command]/usr/bin/git config --local --name-only --get-regexp core\.sshCommand
test (3.11)	UNKNOWN STEP	2026-08-28T10:21:31.7062733Z [command]/usr/bin/git submodule foreach --recursive sh -c "git config --local --name-only --get-regexp 'core\.sshCommand' && git config --local --unset-all 'core.sshCommand' || :"
test (3.11)	UNKNOWN STEP	2026-08-28T10:21:31.7271593Z [command]/usr/bin/git config --local --name-only --get-regexp http\.https\:\/\/github\.com\/\.extraheader
test (3.11)	UNKNOWN STEP	2026-08-28T10:21:31.7291672Z http.https://github.com/.extraheader
test (3.11)	UNKNOWN STEP	2026-08-28T10:21:31.7300695Z [command]/usr/bin/git config --local --unset-all http.https://github.com/.extraheader
test (3.11)	UNKNOWN STEP	2026-08-28T10:21:31.7328912Z [command]/usr/bin/git submodule foreach --recursive sh -c "git config --local --name-only --get-regexp 'http\.https\:\/\/github\.com\/\.extraheader' && git config --local --unset-all 'http.https://github.com/.extraheader' || :"
test (3.11)	UNKNOWN STEP	2026-08-28T10:21:31.7545013Z [command]/usr/bin/git config --local --name-only --get-regexp ^includeIf\.gitdir:
test (3.11)	UNKNOWN STEP	2026-08-28T10:21:31.7579765Z [command]/usr/bin/git submodule foreach --recursive git config --local --show-origin --name-only --get-regexp remote.origin.url
test (3.11)	UNKNOWN STEP	2026-08-28T10:21:31.7911082Z Cleaning up orphan processes
test (3.11)	UNKNOWN STEP	2026-08-28T10:21:31.8144269Z ##[warning]Node.js 20 is deprecated. The following actions target Node.js 20 but are being forced to run on Node.js 24: actions/checkout@v4, actions/setup-python@v5. For more information see: https://github.blog/changelog/2025-09-19-deprecation-of-node-20-on-github-actions-runners/
