refusal-coverage	UNKNOWN STEP	﻿2026-08-28T09:59:22.5696244Z Current runner version: '2.336.0'
refusal-coverage	UNKNOWN STEP	2026-08-28T09:59:22.5719063Z ##[group]Runner Image Provisioner
refusal-coverage	UNKNOWN STEP	2026-08-28T09:59:22.5719944Z Hosted Compute Agent
refusal-coverage	UNKNOWN STEP	2026-08-28T09:59:22.5720636Z Version: 20260819.586
refusal-coverage	UNKNOWN STEP	2026-08-28T09:59:22.5721296Z Commit: 3cc4a88dfa507ef76119ad1bb3eccc6378bb2b76
refusal-coverage	UNKNOWN STEP	2026-08-28T09:59:22.5722062Z Build Date: 2026-08-18T23:20:18Z
refusal-coverage	UNKNOWN STEP	2026-08-28T09:59:22.5722852Z Worker ID: {fa1c2ee1-0a23-479c-88c6-051ea5e7f799}
refusal-coverage	UNKNOWN STEP	2026-08-28T09:59:22.5723979Z Azure Region: westus3
refusal-coverage	UNKNOWN STEP	2026-08-28T09:59:22.5724634Z ##[endgroup]
refusal-coverage	UNKNOWN STEP	2026-08-28T09:59:22.5726234Z ##[group]Operating System
refusal-coverage	UNKNOWN STEP	2026-08-28T09:59:22.5726909Z Ubuntu
refusal-coverage	UNKNOWN STEP	2026-08-28T09:59:22.5727617Z 24.04.4
refusal-coverage	UNKNOWN STEP	2026-08-28T09:59:22.5728126Z LTS
refusal-coverage	UNKNOWN STEP	2026-08-28T09:59:22.5728618Z ##[endgroup]
refusal-coverage	UNKNOWN STEP	2026-08-28T09:59:22.5729224Z ##[group]Runner Image
refusal-coverage	UNKNOWN STEP	2026-08-28T09:59:22.5729861Z Image: ubuntu-24.04
refusal-coverage	UNKNOWN STEP	2026-08-28T09:59:22.5730463Z Version: 20260823.283.1
refusal-coverage	UNKNOWN STEP	2026-08-28T09:59:22.5731718Z Included Software: https://github.com/actions/runner-images/blob/ubuntu24/20260823.283/images/ubuntu/Ubuntu2404-Readme.md
refusal-coverage	UNKNOWN STEP	2026-08-28T09:59:22.5733965Z Image Release: https://github.com/actions/runner-images/releases/tag/ubuntu24%2F20260823.283
refusal-coverage	UNKNOWN STEP	2026-08-28T09:59:22.5735028Z ##[endgroup]
refusal-coverage	UNKNOWN STEP	2026-08-28T09:59:22.5736250Z ##[group]GITHUB_TOKEN Permissions
refusal-coverage	UNKNOWN STEP	2026-08-28T09:59:22.5738139Z Contents: read
refusal-coverage	UNKNOWN STEP	2026-08-28T09:59:22.5738830Z Metadata: read
refusal-coverage	UNKNOWN STEP	2026-08-28T09:59:22.5739437Z Packages: read
refusal-coverage	UNKNOWN STEP	2026-08-28T09:59:22.5739992Z ##[endgroup]
refusal-coverage	UNKNOWN STEP	2026-08-28T09:59:22.5742029Z Secret source: Actions
refusal-coverage	UNKNOWN STEP	2026-08-28T09:59:22.5743065Z Prepare workflow directory
refusal-coverage	UNKNOWN STEP	2026-08-28T09:59:22.6131255Z Prepare all required actions
refusal-coverage	UNKNOWN STEP	2026-08-28T09:59:22.6178252Z Getting action download info
refusal-coverage	UNKNOWN STEP	2026-08-28T09:59:22.9211761Z Download action repository 'actions/checkout@v4' (SHA:11d5960a326750d5838078e36cf38b85af677262)
refusal-coverage	UNKNOWN STEP	2026-08-28T09:59:23.0922147Z Download action repository 'actions/setup-python@v5' (SHA:a26af69be951a213d495a4c3e4e4022e16d87065)
refusal-coverage	UNKNOWN STEP	2026-08-28T09:59:23.3302950Z Complete job name: refusal-coverage
refusal-coverage	UNKNOWN STEP	2026-08-28T09:59:23.4063969Z Node 20 is being deprecated. This workflow is running with Node 24 by default. If you need to temporarily use Node 20, you can set the ACTIONS_ALLOW_USE_UNSECURE_NODE_VERSION=true environment variable. For more information see: https://github.blog/changelog/2025-09-19-deprecation-of-node-20-on-github-actions-runners/
refusal-coverage	UNKNOWN STEP	2026-08-28T09:59:23.4072870Z ##[group]Run actions/checkout@v4
refusal-coverage	UNKNOWN STEP	2026-08-28T09:59:23.4073823Z with:
refusal-coverage	UNKNOWN STEP	2026-08-28T09:59:23.4074284Z   repository: egnaro9/vac-protocol
refusal-coverage	UNKNOWN STEP	2026-08-28T09:59:23.4078019Z   token: ***
refusal-coverage	UNKNOWN STEP	2026-08-28T09:59:23.4078454Z   ssh-strict: true
refusal-coverage	UNKNOWN STEP	2026-08-28T09:59:23.4078876Z   ssh-user: git
refusal-coverage	UNKNOWN STEP	2026-08-28T09:59:23.4079319Z   persist-credentials: true
refusal-coverage	UNKNOWN STEP	2026-08-28T09:59:23.4079804Z   clean: true
refusal-coverage	UNKNOWN STEP	2026-08-28T09:59:23.4080248Z   sparse-checkout-cone-mode: true
refusal-coverage	UNKNOWN STEP	2026-08-28T09:59:23.4080766Z   fetch-depth: 1
refusal-coverage	UNKNOWN STEP	2026-08-28T09:59:23.4081229Z   fetch-tags: false
refusal-coverage	UNKNOWN STEP	2026-08-28T09:59:23.4081665Z   show-progress: true
refusal-coverage	UNKNOWN STEP	2026-08-28T09:59:23.4082105Z   lfs: false
refusal-coverage	UNKNOWN STEP	2026-08-28T09:59:23.4082547Z   submodules: false
refusal-coverage	UNKNOWN STEP	2026-08-28T09:59:23.4082987Z   set-safe-directory: true
refusal-coverage	UNKNOWN STEP	2026-08-28T09:59:23.4083772Z   allow-unsafe-pr-checkout: false
refusal-coverage	UNKNOWN STEP	2026-08-28T09:59:23.4084770Z ##[endgroup]
refusal-coverage	UNKNOWN STEP	2026-08-28T09:59:23.5104460Z Syncing repository: egnaro9/vac-protocol
refusal-coverage	UNKNOWN STEP	2026-08-28T09:59:23.5107117Z ##[group]Getting Git version info
refusal-coverage	UNKNOWN STEP	2026-08-28T09:59:23.5108466Z Working directory is '/home/runner/work/vac-protocol/vac-protocol'
refusal-coverage	UNKNOWN STEP	2026-08-28T09:59:23.5110199Z [command]/usr/bin/git version
refusal-coverage	UNKNOWN STEP	2026-08-28T09:59:23.5166556Z git version 2.55.0
refusal-coverage	UNKNOWN STEP	2026-08-28T09:59:23.5196002Z ##[endgroup]
refusal-coverage	UNKNOWN STEP	2026-08-28T09:59:23.5202171Z Temporarily overriding HOME='/home/runner/work/_temp/e8ac949d-722a-4987-965d-3ab06ec9ab9d' before making global git config changes
refusal-coverage	UNKNOWN STEP	2026-08-28T09:59:23.5204718Z Adding repository directory to the temporary git global config as a safe directory
refusal-coverage	UNKNOWN STEP	2026-08-28T09:59:23.5207286Z [command]/usr/bin/git config --global --add safe.directory /home/runner/work/vac-protocol/vac-protocol
refusal-coverage	UNKNOWN STEP	2026-08-28T09:59:23.5260809Z Deleting the contents of '/home/runner/work/vac-protocol/vac-protocol'
refusal-coverage	UNKNOWN STEP	2026-08-28T09:59:23.5264707Z ##[group]Initializing the repository
refusal-coverage	UNKNOWN STEP	2026-08-28T09:59:23.5269816Z [command]/usr/bin/git init /home/runner/work/vac-protocol/vac-protocol
refusal-coverage	UNKNOWN STEP	2026-08-28T09:59:23.5372827Z hint: Using 'master' as the name for the initial branch. This default branch name
refusal-coverage	UNKNOWN STEP	2026-08-28T09:59:23.5398358Z hint: will change to "main" in Git 3.0. To configure the initial branch name
refusal-coverage	UNKNOWN STEP	2026-08-28T09:59:23.5400159Z hint: to use in all of your new repositories, which will suppress this warning,
refusal-coverage	UNKNOWN STEP	2026-08-28T09:59:23.5401709Z hint: call:
refusal-coverage	UNKNOWN STEP	2026-08-28T09:59:23.5402482Z hint:
refusal-coverage	UNKNOWN STEP	2026-08-28T09:59:23.5403438Z hint: 	git config --global init.defaultBranch <name>
refusal-coverage	UNKNOWN STEP	2026-08-28T09:59:23.5404835Z hint:
refusal-coverage	UNKNOWN STEP	2026-08-28T09:59:23.5405874Z hint: Names commonly chosen instead of 'master' are 'main', 'trunk' and
refusal-coverage	UNKNOWN STEP	2026-08-28T09:59:23.5407544Z hint: 'development'. The just-created branch can be renamed via this command:
refusal-coverage	UNKNOWN STEP	2026-08-28T09:59:23.5408909Z hint:
refusal-coverage	UNKNOWN STEP	2026-08-28T09:59:23.5409681Z hint: 	git branch -m <name>
refusal-coverage	UNKNOWN STEP	2026-08-28T09:59:23.5410560Z hint:
refusal-coverage	UNKNOWN STEP	2026-08-28T09:59:23.5411716Z hint: Disable this message with "git config set advice.defaultBranchName false"
refusal-coverage	UNKNOWN STEP	2026-08-28T09:59:23.5413910Z Initialized empty Git repository in /home/runner/work/vac-protocol/vac-protocol/.git/
refusal-coverage	UNKNOWN STEP	2026-08-28T09:59:23.5417223Z [command]/usr/bin/git remote add origin https://github.com/egnaro9/vac-protocol
refusal-coverage	UNKNOWN STEP	2026-08-28T09:59:23.5469941Z ##[endgroup]
refusal-coverage	UNKNOWN STEP	2026-08-28T09:59:23.5471330Z ##[group]Disabling automatic garbage collection
refusal-coverage	UNKNOWN STEP	2026-08-28T09:59:23.5475429Z [command]/usr/bin/git config --local gc.auto 0
refusal-coverage	UNKNOWN STEP	2026-08-28T09:59:23.5512323Z ##[endgroup]
refusal-coverage	UNKNOWN STEP	2026-08-28T09:59:23.5513963Z ##[group]Setting up auth
refusal-coverage	UNKNOWN STEP	2026-08-28T09:59:23.5520262Z [command]/usr/bin/git config --local --name-only --get-regexp core\.sshCommand
refusal-coverage	UNKNOWN STEP	2026-08-28T09:59:23.5555244Z [command]/usr/bin/git submodule foreach --recursive sh -c "git config --local --name-only --get-regexp 'core\.sshCommand' && git config --local --unset-all 'core.sshCommand' || :"
refusal-coverage	UNKNOWN STEP	2026-08-28T09:59:23.5928561Z [command]/usr/bin/git config --local --name-only --get-regexp http\.https\:\/\/github\.com\/\.extraheader
refusal-coverage	UNKNOWN STEP	2026-08-28T09:59:23.5966597Z [command]/usr/bin/git submodule foreach --recursive sh -c "git config --local --name-only --get-regexp 'http\.https\:\/\/github\.com\/\.extraheader' && git config --local --unset-all 'http.https://github.com/.extraheader' || :"
refusal-coverage	UNKNOWN STEP	2026-08-28T09:59:23.6215590Z [command]/usr/bin/git config --local --name-only --get-regexp ^includeIf\.gitdir:
refusal-coverage	UNKNOWN STEP	2026-08-28T09:59:23.6259656Z [command]/usr/bin/git submodule foreach --recursive git config --local --show-origin --name-only --get-regexp remote.origin.url
refusal-coverage	UNKNOWN STEP	2026-08-28T09:59:23.6507938Z [command]/usr/bin/git config --local http.https://github.com/.extraheader AUTHORIZATION: basic ***
refusal-coverage	UNKNOWN STEP	2026-08-28T09:59:23.6549718Z ##[endgroup]
refusal-coverage	UNKNOWN STEP	2026-08-28T09:59:23.6551137Z ##[group]Fetching the repository
refusal-coverage	UNKNOWN STEP	2026-08-28T09:59:23.6562009Z [command]/usr/bin/git -c protocol.version=2 fetch --no-tags --prune --no-recurse-submodules --depth=1 origin +0bca93645ed09942ad64469509da701a67316cba:refs/remotes/origin/main
refusal-coverage	UNKNOWN STEP	2026-08-28T09:59:24.4986772Z From https://github.com/egnaro9/vac-protocol
refusal-coverage	UNKNOWN STEP	2026-08-28T09:59:24.4989582Z  * [new ref]         0bca93645ed09942ad64469509da701a67316cba -> origin/main
refusal-coverage	UNKNOWN STEP	2026-08-28T09:59:24.4996175Z ##[endgroup]
refusal-coverage	UNKNOWN STEP	2026-08-28T09:59:24.4998731Z ##[group]Determining the checkout info
refusal-coverage	UNKNOWN STEP	2026-08-28T09:59:24.5001783Z ##[endgroup]
refusal-coverage	UNKNOWN STEP	2026-08-28T09:59:24.5004174Z [command]/usr/bin/git sparse-checkout disable
refusal-coverage	UNKNOWN STEP	2026-08-28T09:59:24.5056138Z [command]/usr/bin/git config --local --unset-all extensions.worktreeConfig
refusal-coverage	UNKNOWN STEP	2026-08-28T09:59:24.5087068Z ##[group]Checking out the ref
refusal-coverage	UNKNOWN STEP	2026-08-28T09:59:24.5091678Z [command]/usr/bin/git checkout --progress --force -B main refs/remotes/origin/main
refusal-coverage	UNKNOWN STEP	2026-08-28T09:59:24.5349740Z Switched to a new branch 'main'
refusal-coverage	UNKNOWN STEP	2026-08-28T09:59:24.5356898Z branch 'main' set up to track 'origin/main'.
refusal-coverage	UNKNOWN STEP	2026-08-28T09:59:24.5362118Z ##[endgroup]
refusal-coverage	UNKNOWN STEP	2026-08-28T09:59:24.5403892Z [command]/usr/bin/git log -1 --format=%H
refusal-coverage	UNKNOWN STEP	2026-08-28T09:59:24.5431447Z 0bca93645ed09942ad64469509da701a67316cba
refusal-coverage	UNKNOWN STEP	2026-08-28T09:59:24.5881366Z Node 20 is being deprecated. This workflow is running with Node 24 by default. If you need to temporarily use Node 20, you can set the ACTIONS_ALLOW_USE_UNSECURE_NODE_VERSION=true environment variable. For more information see: https://github.blog/changelog/2025-09-19-deprecation-of-node-20-on-github-actions-runners/
refusal-coverage	UNKNOWN STEP	2026-08-28T09:59:24.5887695Z ##[group]Run actions/setup-python@v5
refusal-coverage	UNKNOWN STEP	2026-08-28T09:59:24.5888895Z with:
refusal-coverage	UNKNOWN STEP	2026-08-28T09:59:24.5889784Z   python-version: 3.12
refusal-coverage	UNKNOWN STEP	2026-08-28T09:59:24.5890815Z   check-latest: false
refusal-coverage	UNKNOWN STEP	2026-08-28T09:59:24.5901035Z   token: ***
refusal-coverage	UNKNOWN STEP	2026-08-28T09:59:24.5901989Z   update-environment: true
refusal-coverage	UNKNOWN STEP	2026-08-28T09:59:24.5903101Z   allow-prereleases: false
refusal-coverage	UNKNOWN STEP	2026-08-28T09:59:24.5904332Z   freethreaded: false
refusal-coverage	UNKNOWN STEP	2026-08-28T09:59:24.5905331Z ##[endgroup]
refusal-coverage	UNKNOWN STEP	2026-08-28T09:59:24.7208695Z ##[group]Installed versions
refusal-coverage	UNKNOWN STEP	2026-08-28T09:59:24.8185011Z (node:2230) [DEP0040] DeprecationWarning: The `punycode` module is deprecated. Please use a userland alternative instead.
refusal-coverage	UNKNOWN STEP	2026-08-28T09:59:24.8185950Z (Use `node --trace-deprecation ...` to show where the warning was created)
refusal-coverage	UNKNOWN STEP	2026-08-28T09:59:24.8186974Z Successfully set up CPython (3.12.14)
refusal-coverage	UNKNOWN STEP	2026-08-28T09:59:24.8187892Z ##[endgroup]
refusal-coverage	UNKNOWN STEP	2026-08-28T09:59:24.8394940Z Node 20 is being deprecated. This workflow is running with Node 24 by default. If you need to temporarily use Node 20, you can set the ACTIONS_ALLOW_USE_UNSECURE_NODE_VERSION=true environment variable. For more information see: https://github.blog/changelog/2025-09-19-deprecation-of-node-20-on-github-actions-runners/
refusal-coverage	UNKNOWN STEP	2026-08-28T09:59:24.8396377Z ##[group]Run actions/checkout@v4
refusal-coverage	UNKNOWN STEP	2026-08-28T09:59:24.8396694Z with:
refusal-coverage	UNKNOWN STEP	2026-08-28T09:59:24.8396952Z   repository: egnaro9/crashkit
refusal-coverage	UNKNOWN STEP	2026-08-28T09:59:24.8397261Z   path: _issuers/crashkit
refusal-coverage	UNKNOWN STEP	2026-08-28T09:59:24.8399968Z   token: ***
refusal-coverage	UNKNOWN STEP	2026-08-28T09:59:24.8400246Z   ssh-strict: true
refusal-coverage	UNKNOWN STEP	2026-08-28T09:59:24.8400512Z   ssh-user: git
refusal-coverage	UNKNOWN STEP	2026-08-28T09:59:24.8400786Z   persist-credentials: true
refusal-coverage	UNKNOWN STEP	2026-08-28T09:59:24.8401082Z   clean: true
refusal-coverage	UNKNOWN STEP	2026-08-28T09:59:24.8401360Z   sparse-checkout-cone-mode: true
refusal-coverage	UNKNOWN STEP	2026-08-28T09:59:24.8401673Z   fetch-depth: 1
refusal-coverage	UNKNOWN STEP	2026-08-28T09:59:24.8401970Z   fetch-tags: false
refusal-coverage	UNKNOWN STEP	2026-08-28T09:59:24.8402242Z   show-progress: true
refusal-coverage	UNKNOWN STEP	2026-08-28T09:59:24.8402552Z   lfs: false
refusal-coverage	UNKNOWN STEP	2026-08-28T09:59:24.8402799Z   submodules: false
refusal-coverage	UNKNOWN STEP	2026-08-28T09:59:24.8403070Z   set-safe-directory: true
refusal-coverage	UNKNOWN STEP	2026-08-28T09:59:24.8403380Z   allow-unsafe-pr-checkout: false
refusal-coverage	UNKNOWN STEP	2026-08-28T09:59:24.8403939Z env:
refusal-coverage	UNKNOWN STEP	2026-08-28T09:59:24.8404257Z   pythonLocation: /opt/hostedtoolcache/Python/3.12.14/x64
refusal-coverage	UNKNOWN STEP	2026-08-28T09:59:24.8404778Z   PKG_CONFIG_PATH: /opt/hostedtoolcache/Python/3.12.14/x64/lib/pkgconfig
refusal-coverage	UNKNOWN STEP	2026-08-28T09:59:24.8405275Z   Python_ROOT_DIR: /opt/hostedtoolcache/Python/3.12.14/x64
refusal-coverage	UNKNOWN STEP	2026-08-28T09:59:24.8405721Z   Python2_ROOT_DIR: /opt/hostedtoolcache/Python/3.12.14/x64
refusal-coverage	UNKNOWN STEP	2026-08-28T09:59:24.8406163Z   Python3_ROOT_DIR: /opt/hostedtoolcache/Python/3.12.14/x64
refusal-coverage	UNKNOWN STEP	2026-08-28T09:59:24.8406615Z   LD_LIBRARY_PATH: /opt/hostedtoolcache/Python/3.12.14/x64/lib
refusal-coverage	UNKNOWN STEP	2026-08-28T09:59:24.8406993Z ##[endgroup]
refusal-coverage	UNKNOWN STEP	2026-08-28T09:59:24.9345582Z Syncing repository: egnaro9/crashkit
refusal-coverage	UNKNOWN STEP	2026-08-28T09:59:24.9346626Z ##[group]Getting Git version info
refusal-coverage	UNKNOWN STEP	2026-08-28T09:59:24.9347557Z Working directory is '/home/runner/work/vac-protocol/vac-protocol/_issuers/crashkit'
refusal-coverage	UNKNOWN STEP	2026-08-28T09:59:24.9367697Z [command]/usr/bin/git version
refusal-coverage	UNKNOWN STEP	2026-08-28T09:59:24.9409261Z git version 2.55.0
refusal-coverage	UNKNOWN STEP	2026-08-28T09:59:24.9462197Z ##[endgroup]
refusal-coverage	UNKNOWN STEP	2026-08-28T09:59:24.9475723Z Temporarily overriding HOME='/home/runner/work/_temp/d18e0283-a177-4aa0-92b9-e96fd1e6bc17' before making global git config changes
refusal-coverage	UNKNOWN STEP	2026-08-28T09:59:24.9477195Z Adding repository directory to the temporary git global config as a safe directory
refusal-coverage	UNKNOWN STEP	2026-08-28T09:59:24.9482075Z [command]/usr/bin/git config --global --add safe.directory /home/runner/work/vac-protocol/vac-protocol/_issuers/crashkit
refusal-coverage	UNKNOWN STEP	2026-08-28T09:59:24.9516687Z ##[group]Initializing the repository
refusal-coverage	UNKNOWN STEP	2026-08-28T09:59:24.9520793Z [command]/usr/bin/git init /home/runner/work/vac-protocol/vac-protocol/_issuers/crashkit
refusal-coverage	UNKNOWN STEP	2026-08-28T09:59:24.9562625Z hint: Using 'master' as the name for the initial branch. This default branch name
refusal-coverage	UNKNOWN STEP	2026-08-28T09:59:24.9564390Z hint: will change to "main" in Git 3.0. To configure the initial branch name
refusal-coverage	UNKNOWN STEP	2026-08-28T09:59:24.9566578Z hint: to use in all of your new repositories, which will suppress this warning,
refusal-coverage	UNKNOWN STEP	2026-08-28T09:59:24.9567553Z hint: call:
refusal-coverage	UNKNOWN STEP	2026-08-28T09:59:24.9568118Z hint:
refusal-coverage	UNKNOWN STEP	2026-08-28T09:59:24.9568800Z hint: 	git config --global init.defaultBranch <name>
refusal-coverage	UNKNOWN STEP	2026-08-28T09:59:24.9569576Z hint:
refusal-coverage	UNKNOWN STEP	2026-08-28T09:59:24.9570339Z hint: Names commonly chosen instead of 'master' are 'main', 'trunk' and
refusal-coverage	UNKNOWN STEP	2026-08-28T09:59:24.9571481Z hint: 'development'. The just-created branch can be renamed via this command:
refusal-coverage	UNKNOWN STEP	2026-08-28T09:59:24.9572417Z hint:
refusal-coverage	UNKNOWN STEP	2026-08-28T09:59:24.9573029Z hint: 	git branch -m <name>
refusal-coverage	UNKNOWN STEP	2026-08-28T09:59:24.9573964Z hint:
refusal-coverage	UNKNOWN STEP	2026-08-28T09:59:24.9574849Z hint: Disable this message with "git config set advice.defaultBranchName false"
refusal-coverage	UNKNOWN STEP	2026-08-28T09:59:24.9577058Z Initialized empty Git repository in /home/runner/work/vac-protocol/vac-protocol/_issuers/crashkit/.git/
refusal-coverage	UNKNOWN STEP	2026-08-28T09:59:24.9579600Z [command]/usr/bin/git remote add origin https://github.com/egnaro9/crashkit
refusal-coverage	UNKNOWN STEP	2026-08-28T09:59:24.9608063Z ##[endgroup]
refusal-coverage	UNKNOWN STEP	2026-08-28T09:59:24.9609374Z ##[group]Disabling automatic garbage collection
refusal-coverage	UNKNOWN STEP	2026-08-28T09:59:24.9611696Z [command]/usr/bin/git config --local gc.auto 0
refusal-coverage	UNKNOWN STEP	2026-08-28T09:59:24.9645114Z ##[endgroup]
refusal-coverage	UNKNOWN STEP	2026-08-28T09:59:24.9645993Z ##[group]Setting up auth
refusal-coverage	UNKNOWN STEP	2026-08-28T09:59:24.9662067Z [command]/usr/bin/git config --local --name-only --get-regexp core\.sshCommand
refusal-coverage	UNKNOWN STEP	2026-08-28T09:59:24.9698855Z [command]/usr/bin/git submodule foreach --recursive sh -c "git config --local --name-only --get-regexp 'core\.sshCommand' && git config --local --unset-all 'core.sshCommand' || :"
refusal-coverage	UNKNOWN STEP	2026-08-28T09:59:24.9940941Z [command]/usr/bin/git config --local --name-only --get-regexp http\.https\:\/\/github\.com\/\.extraheader
refusal-coverage	UNKNOWN STEP	2026-08-28T09:59:24.9981455Z [command]/usr/bin/git submodule foreach --recursive sh -c "git config --local --name-only --get-regexp 'http\.https\:\/\/github\.com\/\.extraheader' && git config --local --unset-all 'http.https://github.com/.extraheader' || :"
refusal-coverage	UNKNOWN STEP	2026-08-28T09:59:25.0246369Z [command]/usr/bin/git config --local --name-only --get-regexp ^includeIf\.gitdir:
refusal-coverage	UNKNOWN STEP	2026-08-28T09:59:25.0288676Z [command]/usr/bin/git submodule foreach --recursive git config --local --show-origin --name-only --get-regexp remote.origin.url
refusal-coverage	UNKNOWN STEP	2026-08-28T09:59:25.0529403Z [command]/usr/bin/git config --local http.https://github.com/.extraheader AUTHORIZATION: basic ***
refusal-coverage	UNKNOWN STEP	2026-08-28T09:59:25.0569086Z ##[endgroup]
refusal-coverage	UNKNOWN STEP	2026-08-28T09:59:25.0569857Z ##[group]Determining the default branch
refusal-coverage	UNKNOWN STEP	2026-08-28T09:59:25.0573391Z Retrieving the default branch name
refusal-coverage	UNKNOWN STEP	2026-08-28T09:59:25.4778746Z Default branch 'main'
refusal-coverage	UNKNOWN STEP	2026-08-28T09:59:25.4805077Z ##[endgroup]
refusal-coverage	UNKNOWN STEP	2026-08-28T09:59:25.4806574Z ##[group]Fetching the repository
refusal-coverage	UNKNOWN STEP	2026-08-28T09:59:25.4810852Z [command]/usr/bin/git -c protocol.version=2 fetch --no-tags --prune --no-recurse-submodules --depth=1 origin +refs/heads/main:refs/remotes/origin/main
refusal-coverage	UNKNOWN STEP	2026-08-28T09:59:26.6854236Z From https://github.com/egnaro9/crashkit
refusal-coverage	UNKNOWN STEP	2026-08-28T09:59:26.6854873Z  * [new branch]      main       -> origin/main
refusal-coverage	UNKNOWN STEP	2026-08-28T09:59:26.6859793Z ##[endgroup]
refusal-coverage	UNKNOWN STEP	2026-08-28T09:59:26.6860291Z ##[group]Determining the checkout info
refusal-coverage	UNKNOWN STEP	2026-08-28T09:59:26.6861864Z ##[endgroup]
refusal-coverage	UNKNOWN STEP	2026-08-28T09:59:26.6868004Z [command]/usr/bin/git sparse-checkout disable
refusal-coverage	UNKNOWN STEP	2026-08-28T09:59:26.6911784Z [command]/usr/bin/git config --local --unset-all extensions.worktreeConfig
refusal-coverage	UNKNOWN STEP	2026-08-28T09:59:26.6944513Z ##[group]Checking out the ref
refusal-coverage	UNKNOWN STEP	2026-08-28T09:59:26.6948197Z [command]/usr/bin/git checkout --progress --force -B main refs/remotes/origin/main
refusal-coverage	UNKNOWN STEP	2026-08-28T09:59:26.7052398Z Switched to a new branch 'main'
refusal-coverage	UNKNOWN STEP	2026-08-28T09:59:26.7056325Z branch 'main' set up to track 'origin/main'.
refusal-coverage	UNKNOWN STEP	2026-08-28T09:59:26.7061024Z ##[endgroup]
refusal-coverage	UNKNOWN STEP	2026-08-28T09:59:26.7102299Z [command]/usr/bin/git log -1 --format=%H
refusal-coverage	UNKNOWN STEP	2026-08-28T09:59:26.7131425Z 18f74ff552858095f496f50c57334a1f3e4c4d7b
refusal-coverage	UNKNOWN STEP	2026-08-28T09:59:26.7343290Z Node 20 is being deprecated. This workflow is running with Node 24 by default. If you need to temporarily use Node 20, you can set the ACTIONS_ALLOW_USE_UNSECURE_NODE_VERSION=true environment variable. For more information see: https://github.blog/changelog/2025-09-19-deprecation-of-node-20-on-github-actions-runners/
refusal-coverage	UNKNOWN STEP	2026-08-28T09:59:26.7345015Z ##[group]Run actions/checkout@v4
refusal-coverage	UNKNOWN STEP	2026-08-28T09:59:26.7345275Z with:
refusal-coverage	UNKNOWN STEP	2026-08-28T09:59:26.7345486Z   repository: egnaro9/evalmut
refusal-coverage	UNKNOWN STEP	2026-08-28T09:59:26.7345743Z   path: _issuers/evalmut
refusal-coverage	UNKNOWN STEP	2026-08-28T09:59:26.7348109Z   token: ***
refusal-coverage	UNKNOWN STEP	2026-08-28T09:59:26.7348314Z   ssh-strict: true
refusal-coverage	UNKNOWN STEP	2026-08-28T09:59:26.7348521Z   ssh-user: git
refusal-coverage	UNKNOWN STEP	2026-08-28T09:59:26.7348738Z   persist-credentials: true
refusal-coverage	UNKNOWN STEP	2026-08-28T09:59:26.7348974Z   clean: true
refusal-coverage	UNKNOWN STEP	2026-08-28T09:59:26.7349195Z   sparse-checkout-cone-mode: true
refusal-coverage	UNKNOWN STEP	2026-08-28T09:59:26.7349449Z   fetch-depth: 1
refusal-coverage	UNKNOWN STEP	2026-08-28T09:59:26.7349646Z   fetch-tags: false
refusal-coverage	UNKNOWN STEP	2026-08-28T09:59:26.7349858Z   show-progress: true
refusal-coverage	UNKNOWN STEP	2026-08-28T09:59:26.7350103Z   lfs: false
refusal-coverage	UNKNOWN STEP	2026-08-28T09:59:26.7350322Z   submodules: false
refusal-coverage	UNKNOWN STEP	2026-08-28T09:59:26.7350558Z   set-safe-directory: true
refusal-coverage	UNKNOWN STEP	2026-08-28T09:59:26.7350813Z   allow-unsafe-pr-checkout: false
refusal-coverage	UNKNOWN STEP	2026-08-28T09:59:26.7351060Z env:
refusal-coverage	UNKNOWN STEP	2026-08-28T09:59:26.7351312Z   pythonLocation: /opt/hostedtoolcache/Python/3.12.14/x64
refusal-coverage	UNKNOWN STEP	2026-08-28T09:59:26.7351759Z   PKG_CONFIG_PATH: /opt/hostedtoolcache/Python/3.12.14/x64/lib/pkgconfig
refusal-coverage	UNKNOWN STEP	2026-08-28T09:59:26.7352190Z   Python_ROOT_DIR: /opt/hostedtoolcache/Python/3.12.14/x64
refusal-coverage	UNKNOWN STEP	2026-08-28T09:59:26.7352575Z   Python2_ROOT_DIR: /opt/hostedtoolcache/Python/3.12.14/x64
refusal-coverage	UNKNOWN STEP	2026-08-28T09:59:26.7352955Z   Python3_ROOT_DIR: /opt/hostedtoolcache/Python/3.12.14/x64
refusal-coverage	UNKNOWN STEP	2026-08-28T09:59:26.7353340Z   LD_LIBRARY_PATH: /opt/hostedtoolcache/Python/3.12.14/x64/lib
refusal-coverage	UNKNOWN STEP	2026-08-28T09:59:26.7353865Z ##[endgroup]
refusal-coverage	UNKNOWN STEP	2026-08-28T09:59:26.8180094Z Syncing repository: egnaro9/evalmut
refusal-coverage	UNKNOWN STEP	2026-08-28T09:59:26.8181527Z ##[group]Getting Git version info
refusal-coverage	UNKNOWN STEP	2026-08-28T09:59:26.8182493Z Working directory is '/home/runner/work/vac-protocol/vac-protocol/_issuers/evalmut'
refusal-coverage	UNKNOWN STEP	2026-08-28T09:59:26.8215431Z [command]/usr/bin/git version
refusal-coverage	UNKNOWN STEP	2026-08-28T09:59:26.8257275Z git version 2.55.0
refusal-coverage	UNKNOWN STEP	2026-08-28T09:59:26.8311138Z ##[endgroup]
refusal-coverage	UNKNOWN STEP	2026-08-28T09:59:26.8326705Z Temporarily overriding HOME='/home/runner/work/_temp/aa783dd6-1fff-4763-b8be-4ca745b716dd' before making global git config changes
refusal-coverage	UNKNOWN STEP	2026-08-28T09:59:26.8328413Z Adding repository directory to the temporary git global config as a safe directory
refusal-coverage	UNKNOWN STEP	2026-08-28T09:59:26.8333034Z [command]/usr/bin/git config --global --add safe.directory /home/runner/work/vac-protocol/vac-protocol/_issuers/evalmut
refusal-coverage	UNKNOWN STEP	2026-08-28T09:59:26.8368251Z ##[group]Initializing the repository
refusal-coverage	UNKNOWN STEP	2026-08-28T09:59:26.8373165Z [command]/usr/bin/git init /home/runner/work/vac-protocol/vac-protocol/_issuers/evalmut
refusal-coverage	UNKNOWN STEP	2026-08-28T09:59:26.8416337Z hint: Using 'master' as the name for the initial branch. This default branch name
refusal-coverage	UNKNOWN STEP	2026-08-28T09:59:26.8417510Z hint: will change to "main" in Git 3.0. To configure the initial branch name
refusal-coverage	UNKNOWN STEP	2026-08-28T09:59:26.8418681Z hint: to use in all of your new repositories, which will suppress this warning,
refusal-coverage	UNKNOWN STEP	2026-08-28T09:59:26.8419477Z hint: call:
refusal-coverage	UNKNOWN STEP	2026-08-28T09:59:26.8419843Z hint:
refusal-coverage	UNKNOWN STEP	2026-08-28T09:59:26.8420253Z hint: 	git config --global init.defaultBranch <name>
refusal-coverage	UNKNOWN STEP	2026-08-28T09:59:26.8420726Z hint:
refusal-coverage	UNKNOWN STEP	2026-08-28T09:59:26.8421158Z hint: Names commonly chosen instead of 'master' are 'main', 'trunk' and
refusal-coverage	UNKNOWN STEP	2026-08-28T09:59:26.8421793Z hint: 'development'. The just-created branch can be renamed via this command:
refusal-coverage	UNKNOWN STEP	2026-08-28T09:59:26.8422299Z hint:
refusal-coverage	UNKNOWN STEP	2026-08-28T09:59:26.8422646Z hint: 	git branch -m <name>
refusal-coverage	UNKNOWN STEP	2026-08-28T09:59:26.8423013Z hint:
refusal-coverage	UNKNOWN STEP	2026-08-28T09:59:26.8423735Z hint: Disable this message with "git config set advice.defaultBranchName false"
refusal-coverage	UNKNOWN STEP	2026-08-28T09:59:26.8425228Z Initialized empty Git repository in /home/runner/work/vac-protocol/vac-protocol/_issuers/evalmut/.git/
refusal-coverage	UNKNOWN STEP	2026-08-28T09:59:26.8428716Z [command]/usr/bin/git remote add origin https://github.com/egnaro9/evalmut
refusal-coverage	UNKNOWN STEP	2026-08-28T09:59:26.8460887Z ##[endgroup]
refusal-coverage	UNKNOWN STEP	2026-08-28T09:59:26.8466655Z ##[group]Disabling automatic garbage collection
refusal-coverage	UNKNOWN STEP	2026-08-28T09:59:26.8467078Z [command]/usr/bin/git config --local gc.auto 0
refusal-coverage	UNKNOWN STEP	2026-08-28T09:59:26.8495979Z ##[endgroup]
refusal-coverage	UNKNOWN STEP	2026-08-28T09:59:26.8496380Z ##[group]Setting up auth
refusal-coverage	UNKNOWN STEP	2026-08-28T09:59:26.8504948Z [command]/usr/bin/git config --local --name-only --get-regexp core\.sshCommand
refusal-coverage	UNKNOWN STEP	2026-08-28T09:59:26.8537862Z [command]/usr/bin/git submodule foreach --recursive sh -c "git config --local --name-only --get-regexp 'core\.sshCommand' && git config --local --unset-all 'core.sshCommand' || :"
refusal-coverage	UNKNOWN STEP	2026-08-28T09:59:26.8797684Z [command]/usr/bin/git config --local --name-only --get-regexp http\.https\:\/\/github\.com\/\.extraheader
refusal-coverage	UNKNOWN STEP	2026-08-28T09:59:26.8854799Z [command]/usr/bin/git submodule foreach --recursive sh -c "git config --local --name-only --get-regexp 'http\.https\:\/\/github\.com\/\.extraheader' && git config --local --unset-all 'http.https://github.com/.extraheader' || :"
refusal-coverage	UNKNOWN STEP	2026-08-28T09:59:26.9119879Z [command]/usr/bin/git config --local --name-only --get-regexp ^includeIf\.gitdir:
refusal-coverage	UNKNOWN STEP	2026-08-28T09:59:26.9162916Z [command]/usr/bin/git submodule foreach --recursive git config --local --show-origin --name-only --get-regexp remote.origin.url
refusal-coverage	UNKNOWN STEP	2026-08-28T09:59:26.9399406Z [command]/usr/bin/git config --local http.https://github.com/.extraheader AUTHORIZATION: basic ***
refusal-coverage	UNKNOWN STEP	2026-08-28T09:59:26.9438083Z ##[endgroup]
refusal-coverage	UNKNOWN STEP	2026-08-28T09:59:26.9438587Z ##[group]Determining the default branch
refusal-coverage	UNKNOWN STEP	2026-08-28T09:59:26.9442355Z Retrieving the default branch name
refusal-coverage	UNKNOWN STEP	2026-08-28T09:59:27.3310143Z Default branch 'main'
refusal-coverage	UNKNOWN STEP	2026-08-28T09:59:27.3311554Z ##[endgroup]
refusal-coverage	UNKNOWN STEP	2026-08-28T09:59:27.3312869Z ##[group]Fetching the repository
refusal-coverage	UNKNOWN STEP	2026-08-28T09:59:27.3332791Z [command]/usr/bin/git -c protocol.version=2 fetch --no-tags --prune --no-recurse-submodules --depth=1 origin +refs/heads/main:refs/remotes/origin/main
refusal-coverage	UNKNOWN STEP	2026-08-28T09:59:28.3342092Z From https://github.com/egnaro9/evalmut
refusal-coverage	UNKNOWN STEP	2026-08-28T09:59:28.3342631Z  * [new branch]      main       -> origin/main
refusal-coverage	UNKNOWN STEP	2026-08-28T09:59:28.3348667Z ##[endgroup]
refusal-coverage	UNKNOWN STEP	2026-08-28T09:59:28.3349349Z ##[group]Determining the checkout info
refusal-coverage	UNKNOWN STEP	2026-08-28T09:59:28.3351283Z ##[endgroup]
refusal-coverage	UNKNOWN STEP	2026-08-28T09:59:28.3357622Z [command]/usr/bin/git sparse-checkout disable
refusal-coverage	UNKNOWN STEP	2026-08-28T09:59:28.3402411Z [command]/usr/bin/git config --local --unset-all extensions.worktreeConfig
refusal-coverage	UNKNOWN STEP	2026-08-28T09:59:28.3435258Z ##[group]Checking out the ref
refusal-coverage	UNKNOWN STEP	2026-08-28T09:59:28.3440876Z [command]/usr/bin/git checkout --progress --force -B main refs/remotes/origin/main
refusal-coverage	UNKNOWN STEP	2026-08-28T09:59:28.3588698Z Switched to a new branch 'main'
refusal-coverage	UNKNOWN STEP	2026-08-28T09:59:28.3592040Z branch 'main' set up to track 'origin/main'.
refusal-coverage	UNKNOWN STEP	2026-08-28T09:59:28.3597577Z ##[endgroup]
refusal-coverage	UNKNOWN STEP	2026-08-28T09:59:28.3640690Z [command]/usr/bin/git log -1 --format=%H
refusal-coverage	UNKNOWN STEP	2026-08-28T09:59:28.3669189Z 7ea9ddc6ad12289e965b4873d4e25b7b695b48d1
refusal-coverage	UNKNOWN STEP	2026-08-28T09:59:28.3844800Z Node 20 is being deprecated. This workflow is running with Node 24 by default. If you need to temporarily use Node 20, you can set the ACTIONS_ALLOW_USE_UNSECURE_NODE_VERSION=true environment variable. For more information see: https://github.blog/changelog/2025-09-19-deprecation-of-node-20-on-github-actions-runners/
refusal-coverage	UNKNOWN STEP	2026-08-28T09:59:28.3846102Z ##[group]Run actions/checkout@v4
refusal-coverage	UNKNOWN STEP	2026-08-28T09:59:28.3846367Z with:
refusal-coverage	UNKNOWN STEP	2026-08-28T09:59:28.3846578Z   repository: egnaro9/model-drift
refusal-coverage	UNKNOWN STEP	2026-08-28T09:59:28.3846840Z   path: _issuers/model-drift
refusal-coverage	UNKNOWN STEP	2026-08-28T09:59:28.3849173Z   token: ***
refusal-coverage	UNKNOWN STEP	2026-08-28T09:59:28.3849372Z   ssh-strict: true
refusal-coverage	UNKNOWN STEP	2026-08-28T09:59:28.3849571Z   ssh-user: git
refusal-coverage	UNKNOWN STEP	2026-08-28T09:59:28.3849780Z   persist-credentials: true
refusal-coverage	UNKNOWN STEP	2026-08-28T09:59:28.3850017Z   clean: true
refusal-coverage	UNKNOWN STEP	2026-08-28T09:59:28.3850230Z   sparse-checkout-cone-mode: true
refusal-coverage	UNKNOWN STEP	2026-08-28T09:59:28.3850481Z   fetch-depth: 1
refusal-coverage	UNKNOWN STEP	2026-08-28T09:59:28.3850684Z   fetch-tags: false
refusal-coverage	UNKNOWN STEP	2026-08-28T09:59:28.3850892Z   show-progress: true
refusal-coverage	UNKNOWN STEP	2026-08-28T09:59:28.3851136Z   lfs: false
refusal-coverage	UNKNOWN STEP	2026-08-28T09:59:28.3851327Z   submodules: false
refusal-coverage	UNKNOWN STEP	2026-08-28T09:59:28.3851536Z   set-safe-directory: true
refusal-coverage	UNKNOWN STEP	2026-08-28T09:59:28.3851782Z   allow-unsafe-pr-checkout: false
refusal-coverage	UNKNOWN STEP	2026-08-28T09:59:28.3852023Z env:
refusal-coverage	UNKNOWN STEP	2026-08-28T09:59:28.3852272Z   pythonLocation: /opt/hostedtoolcache/Python/3.12.14/x64
refusal-coverage	UNKNOWN STEP	2026-08-28T09:59:28.3852702Z   PKG_CONFIG_PATH: /opt/hostedtoolcache/Python/3.12.14/x64/lib/pkgconfig
refusal-coverage	UNKNOWN STEP	2026-08-28T09:59:28.3853293Z   Python_ROOT_DIR: /opt/hostedtoolcache/Python/3.12.14/x64
refusal-coverage	UNKNOWN STEP	2026-08-28T09:59:28.3853862Z   Python2_ROOT_DIR: /opt/hostedtoolcache/Python/3.12.14/x64
refusal-coverage	UNKNOWN STEP	2026-08-28T09:59:28.3854240Z   Python3_ROOT_DIR: /opt/hostedtoolcache/Python/3.12.14/x64
refusal-coverage	UNKNOWN STEP	2026-08-28T09:59:28.3854617Z   LD_LIBRARY_PATH: /opt/hostedtoolcache/Python/3.12.14/x64/lib
refusal-coverage	UNKNOWN STEP	2026-08-28T09:59:28.3854935Z ##[endgroup]
refusal-coverage	UNKNOWN STEP	2026-08-28T09:59:28.4664473Z Syncing repository: egnaro9/model-drift
refusal-coverage	UNKNOWN STEP	2026-08-28T09:59:28.4668165Z ##[group]Getting Git version info
refusal-coverage	UNKNOWN STEP	2026-08-28T09:59:28.4669157Z Working directory is '/home/runner/work/vac-protocol/vac-protocol/_issuers/model-drift'
refusal-coverage	UNKNOWN STEP	2026-08-28T09:59:28.4711489Z [command]/usr/bin/git version
refusal-coverage	UNKNOWN STEP	2026-08-28T09:59:28.4753989Z git version 2.55.0
refusal-coverage	UNKNOWN STEP	2026-08-28T09:59:28.4773942Z ##[endgroup]
refusal-coverage	UNKNOWN STEP	2026-08-28T09:59:28.4787040Z Temporarily overriding HOME='/home/runner/work/_temp/d9d090b9-1c35-4fbb-ba32-ec687e6b2cd2' before making global git config changes
refusal-coverage	UNKNOWN STEP	2026-08-28T09:59:28.4788406Z Adding repository directory to the temporary git global config as a safe directory
refusal-coverage	UNKNOWN STEP	2026-08-28T09:59:28.4793569Z [command]/usr/bin/git config --global --add safe.directory /home/runner/work/vac-protocol/vac-protocol/_issuers/model-drift
refusal-coverage	UNKNOWN STEP	2026-08-28T09:59:28.4826074Z ##[group]Initializing the repository
refusal-coverage	UNKNOWN STEP	2026-08-28T09:59:28.4830612Z [command]/usr/bin/git init /home/runner/work/vac-protocol/vac-protocol/_issuers/model-drift
refusal-coverage	UNKNOWN STEP	2026-08-28T09:59:28.4882620Z hint: Using 'master' as the name for the initial branch. This default branch name
refusal-coverage	UNKNOWN STEP	2026-08-28T09:59:28.4890922Z hint: will change to "main" in Git 3.0. To configure the initial branch name
refusal-coverage	UNKNOWN STEP	2026-08-28T09:59:28.4896020Z hint: to use in all of your new repositories, which will suppress this warning,
refusal-coverage	UNKNOWN STEP	2026-08-28T09:59:28.4896738Z hint: call:
refusal-coverage	UNKNOWN STEP	2026-08-28T09:59:28.4897158Z hint:
refusal-coverage	UNKNOWN STEP	2026-08-28T09:59:28.4897716Z hint: 	git config --global init.defaultBranch <name>
refusal-coverage	UNKNOWN STEP	2026-08-28T09:59:28.4898223Z hint:
refusal-coverage	UNKNOWN STEP	2026-08-28T09:59:28.4898710Z hint: Names commonly chosen instead of 'master' are 'main', 'trunk' and
refusal-coverage	UNKNOWN STEP	2026-08-28T09:59:28.4899575Z hint: 'development'. The just-created branch can be renamed via this command:
refusal-coverage	UNKNOWN STEP	2026-08-28T09:59:28.4900040Z hint:
refusal-coverage	UNKNOWN STEP	2026-08-28T09:59:28.4900241Z hint: 	git branch -m <name>
refusal-coverage	UNKNOWN STEP	2026-08-28T09:59:28.4900470Z hint:
refusal-coverage	UNKNOWN STEP	2026-08-28T09:59:28.4900785Z hint: Disable this message with "git config set advice.defaultBranchName false"
refusal-coverage	UNKNOWN STEP	2026-08-28T09:59:28.4901434Z Initialized empty Git repository in /home/runner/work/vac-protocol/vac-protocol/_issuers/model-drift/.git/
refusal-coverage	UNKNOWN STEP	2026-08-28T09:59:28.4902428Z [command]/usr/bin/git remote add origin https://github.com/egnaro9/model-drift
refusal-coverage	UNKNOWN STEP	2026-08-28T09:59:28.4932853Z ##[endgroup]
refusal-coverage	UNKNOWN STEP	2026-08-28T09:59:28.4933864Z ##[group]Disabling automatic garbage collection
refusal-coverage	UNKNOWN STEP	2026-08-28T09:59:28.4937557Z [command]/usr/bin/git config --local gc.auto 0
refusal-coverage	UNKNOWN STEP	2026-08-28T09:59:28.4968051Z ##[endgroup]
refusal-coverage	UNKNOWN STEP	2026-08-28T09:59:28.4968634Z ##[group]Setting up auth
refusal-coverage	UNKNOWN STEP	2026-08-28T09:59:28.4976380Z [command]/usr/bin/git config --local --name-only --get-regexp core\.sshCommand
refusal-coverage	UNKNOWN STEP	2026-08-28T09:59:28.5010030Z [command]/usr/bin/git submodule foreach --recursive sh -c "git config --local --name-only --get-regexp 'core\.sshCommand' && git config --local --unset-all 'core.sshCommand' || :"
refusal-coverage	UNKNOWN STEP	2026-08-28T09:59:28.5287240Z [command]/usr/bin/git config --local --name-only --get-regexp http\.https\:\/\/github\.com\/\.extraheader
refusal-coverage	UNKNOWN STEP	2026-08-28T09:59:28.5325742Z [command]/usr/bin/git submodule foreach --recursive sh -c "git config --local --name-only --get-regexp 'http\.https\:\/\/github\.com\/\.extraheader' && git config --local --unset-all 'http.https://github.com/.extraheader' || :"
refusal-coverage	UNKNOWN STEP	2026-08-28T09:59:28.5580657Z [command]/usr/bin/git config --local --name-only --get-regexp ^includeIf\.gitdir:
refusal-coverage	UNKNOWN STEP	2026-08-28T09:59:28.5620613Z [command]/usr/bin/git submodule foreach --recursive git config --local --show-origin --name-only --get-regexp remote.origin.url
refusal-coverage	UNKNOWN STEP	2026-08-28T09:59:28.5863719Z [command]/usr/bin/git config --local http.https://github.com/.extraheader AUTHORIZATION: basic ***
refusal-coverage	UNKNOWN STEP	2026-08-28T09:59:28.5907960Z ##[endgroup]
refusal-coverage	UNKNOWN STEP	2026-08-28T09:59:28.5908821Z ##[group]Determining the default branch
refusal-coverage	UNKNOWN STEP	2026-08-28T09:59:28.5912676Z Retrieving the default branch name
refusal-coverage	UNKNOWN STEP	2026-08-28T09:59:29.0002904Z Default branch 'main'
refusal-coverage	UNKNOWN STEP	2026-08-28T09:59:29.0004495Z ##[endgroup]
refusal-coverage	UNKNOWN STEP	2026-08-28T09:59:29.0005468Z ##[group]Fetching the repository
refusal-coverage	UNKNOWN STEP	2026-08-28T09:59:29.0020298Z [command]/usr/bin/git -c protocol.version=2 fetch --no-tags --prune --no-recurse-submodules --depth=1 origin +refs/heads/main:refs/remotes/origin/main
refusal-coverage	UNKNOWN STEP	2026-08-28T09:59:29.8700953Z From https://github.com/egnaro9/model-drift
refusal-coverage	UNKNOWN STEP	2026-08-28T09:59:29.8701701Z  * [new branch]      main       -> origin/main
refusal-coverage	UNKNOWN STEP	2026-08-28T09:59:29.8707446Z ##[endgroup]
refusal-coverage	UNKNOWN STEP	2026-08-28T09:59:29.8707984Z ##[group]Determining the checkout info
refusal-coverage	UNKNOWN STEP	2026-08-28T09:59:29.8709300Z ##[endgroup]
refusal-coverage	UNKNOWN STEP	2026-08-28T09:59:29.8714611Z [command]/usr/bin/git sparse-checkout disable
refusal-coverage	UNKNOWN STEP	2026-08-28T09:59:29.8759553Z [command]/usr/bin/git config --local --unset-all extensions.worktreeConfig
refusal-coverage	UNKNOWN STEP	2026-08-28T09:59:29.8792214Z ##[group]Checking out the ref
refusal-coverage	UNKNOWN STEP	2026-08-28T09:59:29.8796358Z [command]/usr/bin/git checkout --progress --force -B main refs/remotes/origin/main
refusal-coverage	UNKNOWN STEP	2026-08-28T09:59:29.8909477Z Switched to a new branch 'main'
refusal-coverage	UNKNOWN STEP	2026-08-28T09:59:29.8912499Z branch 'main' set up to track 'origin/main'.
refusal-coverage	UNKNOWN STEP	2026-08-28T09:59:29.8917796Z ##[endgroup]
refusal-coverage	UNKNOWN STEP	2026-08-28T09:59:29.8959527Z [command]/usr/bin/git log -1 --format=%H
refusal-coverage	UNKNOWN STEP	2026-08-28T09:59:29.8989010Z 931fa8f35be58869b94f5a9fc3b9d0db1aa6bc22
refusal-coverage	UNKNOWN STEP	2026-08-28T09:59:29.9138164Z ##[group]Run pip install -e ".[test]"
refusal-coverage	UNKNOWN STEP	2026-08-28T09:59:29.9138517Z ^[[36;1mpip install -e ".[test]"^[[0m
refusal-coverage	UNKNOWN STEP	2026-08-28T09:59:29.9226700Z shell: /usr/bin/bash -e {0}
refusal-coverage	UNKNOWN STEP	2026-08-28T09:59:29.9226971Z env:
refusal-coverage	UNKNOWN STEP	2026-08-28T09:59:29.9227257Z   pythonLocation: /opt/hostedtoolcache/Python/3.12.14/x64
refusal-coverage	UNKNOWN STEP	2026-08-28T09:59:29.9227713Z   PKG_CONFIG_PATH: /opt/hostedtoolcache/Python/3.12.14/x64/lib/pkgconfig
refusal-coverage	UNKNOWN STEP	2026-08-28T09:59:29.9228160Z   Python_ROOT_DIR: /opt/hostedtoolcache/Python/3.12.14/x64
refusal-coverage	UNKNOWN STEP	2026-08-28T09:59:29.9228552Z   Python2_ROOT_DIR: /opt/hostedtoolcache/Python/3.12.14/x64
refusal-coverage	UNKNOWN STEP	2026-08-28T09:59:29.9228942Z   Python3_ROOT_DIR: /opt/hostedtoolcache/Python/3.12.14/x64
refusal-coverage	UNKNOWN STEP	2026-08-28T09:59:29.9229343Z   LD_LIBRARY_PATH: /opt/hostedtoolcache/Python/3.12.14/x64/lib
refusal-coverage	UNKNOWN STEP	2026-08-28T09:59:29.9229671Z ##[endgroup]
refusal-coverage	UNKNOWN STEP	2026-08-28T09:59:32.5189118Z Obtaining file:///home/runner/work/vac-protocol/vac-protocol
refusal-coverage	UNKNOWN STEP	2026-08-28T09:59:32.5203404Z   Installing build dependencies: started
refusal-coverage	UNKNOWN STEP	2026-08-28T09:59:33.3479556Z   Installing build dependencies: finished with status 'done'
refusal-coverage	UNKNOWN STEP	2026-08-28T09:59:33.3485422Z   Checking if build backend supports build_editable: started
refusal-coverage	UNKNOWN STEP	2026-08-28T09:59:33.7573243Z   Checking if build backend supports build_editable: finished with status 'done'
refusal-coverage	UNKNOWN STEP	2026-08-28T09:59:33.7581586Z   Getting requirements to build editable: started
refusal-coverage	UNKNOWN STEP	2026-08-28T09:59:34.1164197Z   Getting requirements to build editable: finished with status 'done'
refusal-coverage	UNKNOWN STEP	2026-08-28T09:59:34.1172581Z   Preparing editable metadata (pyproject.toml): started
refusal-coverage	UNKNOWN STEP	2026-08-28T09:59:34.3066940Z   Preparing editable metadata (pyproject.toml): finished with status 'done'
refusal-coverage	UNKNOWN STEP	2026-08-28T09:59:34.4156299Z Collecting pytest (from vac-protocol==0.1.0)
refusal-coverage	UNKNOWN STEP	2026-08-28T09:59:34.4812252Z   Downloading pytest-9.1.1-py3-none-any.whl.metadata (7.6 kB)
refusal-coverage	UNKNOWN STEP	2026-08-28T09:59:34.4999303Z Collecting iniconfig>=1.0.1 (from pytest->vac-protocol==0.1.0)
refusal-coverage	UNKNOWN STEP	2026-08-28T09:59:34.5101004Z   Downloading iniconfig-2.3.0-py3-none-any.whl.metadata (2.5 kB)
refusal-coverage	UNKNOWN STEP	2026-08-28T09:59:34.5323231Z Collecting packaging>=22 (from pytest->vac-protocol==0.1.0)
refusal-coverage	UNKNOWN STEP	2026-08-28T09:59:34.5424512Z   Downloading packaging-26.3-py3-none-any.whl.metadata (3.5 kB)
refusal-coverage	UNKNOWN STEP	2026-08-28T09:59:34.5610982Z Collecting pluggy<2,>=1.5 (from pytest->vac-protocol==0.1.0)
refusal-coverage	UNKNOWN STEP	2026-08-28T09:59:34.5712810Z   Downloading pluggy-1.6.0-py3-none-any.whl.metadata (4.8 kB)
refusal-coverage	UNKNOWN STEP	2026-08-28T09:59:34.5971818Z Collecting pygments>=2.7.2 (from pytest->vac-protocol==0.1.0)
refusal-coverage	UNKNOWN STEP	2026-08-28T09:59:34.6075519Z   Downloading pygments-2.21.0-py3-none-any.whl.metadata (2.5 kB)
refusal-coverage	UNKNOWN STEP	2026-08-28T09:59:34.6223951Z Downloading pytest-9.1.1-py3-none-any.whl (386 kB)
refusal-coverage	UNKNOWN STEP	2026-08-28T09:59:34.6700876Z Downloading pluggy-1.6.0-py3-none-any.whl (20 kB)
refusal-coverage	UNKNOWN STEP	2026-08-28T09:59:34.6824044Z Downloading iniconfig-2.3.0-py3-none-any.whl (7.5 kB)
refusal-coverage	UNKNOWN STEP	2026-08-28T09:59:34.6945137Z Downloading packaging-26.3-py3-none-any.whl (129 kB)
refusal-coverage	UNKNOWN STEP	2026-08-28T09:59:34.7075362Z Downloading pygments-2.21.0-py3-none-any.whl (1.3 MB)
refusal-coverage	UNKNOWN STEP	2026-08-28T09:59:34.7391373Z    ━━━━━━━━━━━━━━━━━━━━━━━━━━━━━━━━━━━━━━━━ 1.3/1.3 MB 35.6 MB/s  0:00:00
refusal-coverage	UNKNOWN STEP	2026-08-28T09:59:34.7554488Z Building wheels for collected packages: vac-protocol
refusal-coverage	UNKNOWN STEP	2026-08-28T09:59:34.7562416Z   Building editable for vac-protocol (pyproject.toml): started
refusal-coverage	UNKNOWN STEP	2026-08-28T09:59:34.9829385Z   Building editable for vac-protocol (pyproject.toml): finished with status 'done'
refusal-coverage	UNKNOWN STEP	2026-08-28T09:59:34.9835203Z   Created wheel for vac-protocol: filename=vac_protocol-0.1.0-0.editable-py3-none-any.whl size=8767 sha256=9bd46d1bcea385ace4437e54e349708d86074bb3f94016910d5a2d0e06f0e362
refusal-coverage	UNKNOWN STEP	2026-08-28T09:59:34.9837042Z   Stored in directory: /tmp/pip-ephem-wheel-cache-af8hc03o/wheels/31/93/c0/4effb33ea68d4321a176d9cb097b94ea8b1be9d534ea861dec
refusal-coverage	UNKNOWN STEP	2026-08-28T09:59:34.9857438Z Successfully built vac-protocol
refusal-coverage	UNKNOWN STEP	2026-08-28T09:59:35.0061011Z Installing collected packages: vac-protocol, pygments, pluggy, packaging, iniconfig, pytest
refusal-coverage	UNKNOWN STEP	2026-08-28T09:59:36.1186182Z 
refusal-coverage	UNKNOWN STEP	2026-08-28T09:59:36.1199407Z Successfully installed iniconfig-2.3.0 packaging-26.3 pluggy-1.6.0 pygments-2.21.0 pytest-9.1.1 vac-protocol-0.1.0
refusal-coverage	UNKNOWN STEP	2026-08-28T09:59:36.1830433Z ##[group]Run python tools/mutation_sweep.py --floor 0.99
refusal-coverage	UNKNOWN STEP	2026-08-28T09:59:36.1830875Z ^[[36;1mpython tools/mutation_sweep.py --floor 0.99^[[0m
refusal-coverage	UNKNOWN STEP	2026-08-28T09:59:36.1869092Z shell: /usr/bin/bash -e {0}
refusal-coverage	UNKNOWN STEP	2026-08-28T09:59:36.1869342Z env:
refusal-coverage	UNKNOWN STEP	2026-08-28T09:59:36.1869608Z   pythonLocation: /opt/hostedtoolcache/Python/3.12.14/x64
refusal-coverage	UNKNOWN STEP	2026-08-28T09:59:36.1870054Z   PKG_CONFIG_PATH: /opt/hostedtoolcache/Python/3.12.14/x64/lib/pkgconfig
refusal-coverage	UNKNOWN STEP	2026-08-28T09:59:36.1870490Z   Python_ROOT_DIR: /opt/hostedtoolcache/Python/3.12.14/x64
refusal-coverage	UNKNOWN STEP	2026-08-28T09:59:36.1870877Z   Python2_ROOT_DIR: /opt/hostedtoolcache/Python/3.12.14/x64
refusal-coverage	UNKNOWN STEP	2026-08-28T09:59:36.1871257Z   Python3_ROOT_DIR: /opt/hostedtoolcache/Python/3.12.14/x64
refusal-coverage	UNKNOWN STEP	2026-08-28T09:59:36.1871656Z   LD_LIBRARY_PATH: /opt/hostedtoolcache/Python/3.12.14/x64/lib
refusal-coverage	UNKNOWN STEP	2026-08-28T09:59:36.1872017Z   VAC_CRASHKIT_CHECKOUT: _issuers/crashkit/vac
refusal-coverage	UNKNOWN STEP	2026-08-28T09:59:36.1872323Z   VAC_EVALMUT_CHECKOUT: _issuers/evalmut/vac
refusal-coverage	UNKNOWN STEP	2026-08-28T09:59:36.1872670Z   VAC_MODELDRIFT_CHECKOUT: _issuers/model-drift/vac
refusal-coverage	UNKNOWN STEP	2026-08-28T09:59:36.1872969Z ##[endgroup]
refusal-coverage	UNKNOWN STEP	2026-08-28T09:59:42.3658073Z baseline clean; 152 refusal sites (3 excluded, see EXCLUDE)
refusal-coverage	UNKNOWN STEP	2026-08-28T09:59:42.3658495Z   [1/152] L111 caught: tests
refusal-coverage	UNKNOWN STEP	2026-08-28T09:59:42.8829790Z   [2/152] L124 caught: tests
refusal-coverage	UNKNOWN STEP	2026-08-28T09:59:43.5266254Z   [3/152] L129 caught: tests
refusal-coverage	UNKNOWN STEP	2026-08-28T09:59:44.0429074Z   [4/152] L140 caught: tests
refusal-coverage	UNKNOWN STEP	2026-08-28T09:59:44.5718121Z   [5/152] L145 caught: tests
refusal-coverage	UNKNOWN STEP	2026-08-28T09:59:45.1009224Z   [6/152] L149 caught: tests
refusal-coverage	UNKNOWN STEP	2026-08-28T09:59:45.6470397Z   [7/152] L159 caught: tests
refusal-coverage	UNKNOWN STEP	2026-08-28T09:59:46.1891089Z   [8/152] L164 caught: tests
refusal-coverage	UNKNOWN STEP	2026-08-28T09:59:46.7208950Z   [9/152] L169 caught: tests
refusal-coverage	UNKNOWN STEP	2026-08-28T09:59:47.2508927Z   [10/152] L173 caught: tests
refusal-coverage	UNKNOWN STEP	2026-08-28T09:59:47.7831368Z   [11/152] L176 caught: tests
refusal-coverage	UNKNOWN STEP	2026-08-28T09:59:48.3115285Z   [12/152] L182 caught: tests
refusal-coverage	UNKNOWN STEP	2026-08-28T09:59:48.8442461Z   [13/152] L185 caught: tests
refusal-coverage	UNKNOWN STEP	2026-08-28T09:59:49.3741547Z   [14/152] L190 caught: tests
refusal-coverage	UNKNOWN STEP	2026-08-28T09:59:49.9075521Z   [15/152] L195 caught: tests
refusal-coverage	UNKNOWN STEP	2026-08-28T09:59:50.4381266Z   [16/152] L201 caught: tests
refusal-coverage	UNKNOWN STEP	2026-08-28T09:59:50.9681811Z   [17/152] L203 caught: tests
refusal-coverage	UNKNOWN STEP	2026-08-28T09:59:51.4979807Z   [18/152] L208 caught: tests
refusal-coverage	UNKNOWN STEP	2026-08-28T09:59:52.0288834Z   [19/152] L211 caught: tests
refusal-coverage	UNKNOWN STEP	2026-08-28T09:59:52.5618572Z   [20/152] L234 caught: tests
refusal-coverage	UNKNOWN STEP	2026-08-28T09:59:53.0965829Z   [21/152] L237 caught: tests
refusal-coverage	UNKNOWN STEP	2026-08-28T09:59:53.6321931Z   [22/152] L243 caught: tests
refusal-coverage	UNKNOWN STEP	2026-08-28T09:59:54.1628963Z   [23/152] L258 caught: tests
refusal-coverage	UNKNOWN STEP	2026-08-28T09:59:54.6932247Z   [24/152] L262 caught: tests
refusal-coverage	UNKNOWN STEP	2026-08-28T09:59:55.2332203Z   [25/152] L277 caught: tests
refusal-coverage	UNKNOWN STEP	2026-08-28T09:59:55.7626586Z   [26/152] L284 caught: tests
refusal-coverage	UNKNOWN STEP	2026-08-28T09:59:56.2940774Z   [27/152] L298 caught: tests
refusal-coverage	UNKNOWN STEP	2026-08-28T09:59:56.8248336Z   [28/152] L308 caught: tests
refusal-coverage	UNKNOWN STEP	2026-08-28T09:59:57.3529604Z   [29/152] L313 caught: tests
refusal-coverage	UNKNOWN STEP	2026-08-28T09:59:57.8853392Z   [30/152] L316 caught: tests
refusal-coverage	UNKNOWN STEP	2026-08-28T09:59:58.4171872Z   [31/152] L327 caught: tests
refusal-coverage	UNKNOWN STEP	2026-08-28T09:59:58.9465423Z   [32/152] L330 caught: tests
refusal-coverage	UNKNOWN STEP	2026-08-28T09:59:59.4762055Z   [33/152] L335 caught: tests
refusal-coverage	UNKNOWN STEP	2026-08-28T10:00:00.0089165Z   [34/152] L338 caught: tests
refusal-coverage	UNKNOWN STEP	2026-08-28T10:00:00.5455749Z   [35/152] L386 caught: tests
refusal-coverage	UNKNOWN STEP	2026-08-28T10:00:01.0788326Z   [36/152] L392 caught: tests
refusal-coverage	UNKNOWN STEP	2026-08-28T10:00:01.6501298Z   [37/152] L396 caught: tests
refusal-coverage	UNKNOWN STEP	2026-08-28T10:00:02.1860977Z   [38/152] L402 caught: tests
refusal-coverage	UNKNOWN STEP	2026-08-28T10:00:02.7214017Z   [39/152] L409 caught: tests
refusal-coverage	UNKNOWN STEP	2026-08-28T10:00:03.2490277Z   [40/152] L416 caught: tests
refusal-coverage	UNKNOWN STEP	2026-08-28T10:00:03.7768676Z   [41/152] L419 caught: tests
refusal-coverage	UNKNOWN STEP	2026-08-28T10:00:04.3034152Z   [42/152] L424 caught: tests
refusal-coverage	UNKNOWN STEP	2026-08-28T10:00:04.8328638Z   [43/152] L429 caught: tests
refusal-coverage	UNKNOWN STEP	2026-08-28T10:00:05.3617443Z   [44/152] L435 caught: tests
refusal-coverage	UNKNOWN STEP	2026-08-28T10:00:05.8908888Z   [45/152] L440 caught: tests
refusal-coverage	UNKNOWN STEP	2026-08-28T10:00:06.4234388Z   [46/152] L444 caught: tests
refusal-coverage	UNKNOWN STEP	2026-08-28T10:00:06.9536446Z   [47/152] L449 caught: tests
refusal-coverage	UNKNOWN STEP	2026-08-28T10:00:07.4809844Z   [48/152] L453 caught: tests
refusal-coverage	UNKNOWN STEP	2026-08-28T10:00:08.0138770Z   [49/152] L462 caught: tests
refusal-coverage	UNKNOWN STEP	2026-08-28T10:00:08.5456915Z   [50/152] L465 caught: tests
refusal-coverage	UNKNOWN STEP	2026-08-28T10:00:09.0781720Z   [51/152] L512 caught: tests
refusal-coverage	UNKNOWN STEP	2026-08-28T10:00:09.6099965Z   [52/152] L517 caught: tests
refusal-coverage	UNKNOWN STEP	2026-08-28T10:00:10.1416922Z   [53/152] L521 caught: tests
refusal-coverage	UNKNOWN STEP	2026-08-28T10:00:10.6708992Z   [54/152] L536 caught: tests
refusal-coverage	UNKNOWN STEP	2026-08-28T10:00:11.2000000Z   [55/152] L541 caught: tests
refusal-coverage	UNKNOWN STEP	2026-08-28T10:00:11.7328972Z   [56/152] L545 caught: tests
refusal-coverage	UNKNOWN STEP	2026-08-28T10:00:12.2637115Z   [57/152] L553 caught: tests
refusal-coverage	UNKNOWN STEP	2026-08-28T10:00:12.7895300Z   [58/152] L559 caught: tests
refusal-coverage	UNKNOWN STEP	2026-08-28T10:00:13.3190235Z   [59/152] L566 caught: tests
refusal-coverage	UNKNOWN STEP	2026-08-28T10:00:13.8513839Z   [60/152] L571 caught: tests
refusal-coverage	UNKNOWN STEP	2026-08-28T10:00:14.3824945Z   [61/152] L586 caught: tests
refusal-coverage	UNKNOWN STEP	2026-08-28T10:00:14.9191287Z   [62/152] L609 caught: tests
refusal-coverage	UNKNOWN STEP	2026-08-28T10:00:15.4614234Z   [63/152] L615 caught: tests
refusal-coverage	UNKNOWN STEP	2026-08-28T10:00:15.9909126Z   [64/152] L622 caught: tests
refusal-coverage	UNKNOWN STEP	2026-08-28T10:00:16.5336678Z   [65/152] L629 caught: tests
refusal-coverage	UNKNOWN STEP	2026-08-28T10:00:17.1414662Z   [66/152] L636 caught: tests
refusal-coverage	UNKNOWN STEP	2026-08-28T10:00:17.6719259Z   [67/152] L655 caught: tests
refusal-coverage	UNKNOWN STEP	2026-08-28T10:00:18.2024521Z   [68/152] L660 caught: tests
refusal-coverage	UNKNOWN STEP	2026-08-28T10:00:18.7382118Z   [69/152] L663 caught: tests
refusal-coverage	UNKNOWN STEP	2026-08-28T10:00:19.2710639Z   [70/152] L698 caught: tests
refusal-coverage	UNKNOWN STEP	2026-08-28T10:00:19.8032647Z   [71/152] L708 caught: tests
refusal-coverage	UNKNOWN STEP	2026-08-28T10:00:20.3385202Z   [72/152] L714 caught: tests
refusal-coverage	UNKNOWN STEP	2026-08-28T10:00:20.8700554Z   [73/152] L727 caught: tests
refusal-coverage	UNKNOWN STEP	2026-08-28T10:00:21.4033801Z   [74/152] L731 caught: tests
refusal-coverage	UNKNOWN STEP	2026-08-28T10:00:21.9340438Z   [75/152] L735 caught: tests
refusal-coverage	UNKNOWN STEP	2026-08-28T10:00:22.4731240Z   [76/152] L744 caught: tests
refusal-coverage	UNKNOWN STEP	2026-08-28T10:00:23.0061495Z   [77/152] L751 caught: tests
refusal-coverage	UNKNOWN STEP	2026-08-28T10:00:23.5383824Z   [78/152] L783 caught: tests
refusal-coverage	UNKNOWN STEP	2026-08-28T10:00:24.0725896Z   [79/152] L805 caught: tests
refusal-coverage	UNKNOWN STEP	2026-08-28T10:00:24.6084665Z   [80/152] L810 caught: tests
refusal-coverage	UNKNOWN STEP	2026-08-28T10:00:25.1420970Z   [81/152] L819 caught: tests
refusal-coverage	UNKNOWN STEP	2026-08-28T10:00:25.6817076Z   [82/152] L828 caught: tests
refusal-coverage	UNKNOWN STEP	2026-08-28T10:00:26.2167686Z   [83/152] L832 caught: tests
refusal-coverage	UNKNOWN STEP	2026-08-28T10:00:26.7536411Z   [84/152] L835 caught: tests
refusal-coverage	UNKNOWN STEP	2026-08-28T10:00:27.2878540Z   [85/152] L839 caught: tests
refusal-coverage	UNKNOWN STEP	2026-08-28T10:00:27.8204595Z   [86/152] L844 caught: tests
refusal-coverage	UNKNOWN STEP	2026-08-28T10:00:28.3500603Z   [87/152] L847 caught: tests
refusal-coverage	UNKNOWN STEP	2026-08-28T10:00:28.8812995Z   [88/152] L1029 caught: tests
refusal-coverage	UNKNOWN STEP	2026-08-28T10:00:29.4182072Z   [89/152] L1034 caught: tests
refusal-coverage	UNKNOWN STEP	2026-08-28T10:00:29.9521327Z   [90/152] L1038 caught: tests
refusal-coverage	UNKNOWN STEP	2026-08-28T10:00:30.4835723Z   [91/152] L1046 caught: tests
refusal-coverage	UNKNOWN STEP	2026-08-28T10:00:31.0138109Z   [92/152] L1059 caught: tests
refusal-coverage	UNKNOWN STEP	2026-08-28T10:00:31.5440930Z   [93/152] L1080 caught: tests
refusal-coverage	UNKNOWN STEP	2026-08-28T10:00:32.0936475Z   [94/152] L1084 caught: tests
refusal-coverage	UNKNOWN STEP	2026-08-28T10:00:32.6219003Z   [95/152] L1088 caught: tests
refusal-coverage	UNKNOWN STEP	2026-08-28T10:00:33.1561402Z   [96/152] L1152 caught: tests
refusal-coverage	UNKNOWN STEP	2026-08-28T10:00:33.6860406Z   [97/152] L1158 caught: tests
refusal-coverage	UNKNOWN STEP	2026-08-28T10:00:34.2200800Z   [98/152] L1164 caught: tests
refusal-coverage	UNKNOWN STEP	2026-08-28T10:00:34.7506710Z   [99/152] L1173 caught: tests
refusal-coverage	UNKNOWN STEP	2026-08-28T10:00:35.2820353Z   [100/152] L1177 caught: tests
refusal-coverage	UNKNOWN STEP	2026-08-28T10:00:35.8114848Z   [101/152] L1182 caught: tests
refusal-coverage	UNKNOWN STEP	2026-08-28T10:00:36.3414893Z   [102/152] L1187 caught: tests
refusal-coverage	UNKNOWN STEP	2026-08-28T10:00:36.8702889Z   [103/152] L1193 caught: tests
refusal-coverage	UNKNOWN STEP	2026-08-28T10:00:37.4017559Z   [104/152] L1198 caught: tests
refusal-coverage	UNKNOWN STEP	2026-08-28T10:00:37.9308259Z   [105/152] L1206 caught: tests
refusal-coverage	UNKNOWN STEP	2026-08-28T10:00:38.4639724Z   [106/152] L1211 caught: tests
refusal-coverage	UNKNOWN STEP	2026-08-28T10:00:38.9960247Z   [107/152] L1214 caught: tests
refusal-coverage	UNKNOWN STEP	2026-08-28T10:00:39.5300093Z   [108/152] L1238 caught: tests
refusal-coverage	UNKNOWN STEP	2026-08-28T10:00:40.0594824Z   [109/152] L1244 caught: tests
refusal-coverage	UNKNOWN STEP	2026-08-28T10:00:40.5896128Z   [110/152] L1252 caught: tests
refusal-coverage	UNKNOWN STEP	2026-08-28T10:00:41.1174085Z   [111/152] L1257 caught: tests
refusal-coverage	UNKNOWN STEP	2026-08-28T10:00:41.6475372Z   [112/152] L1262 caught: tests
refusal-coverage	UNKNOWN STEP	2026-08-28T10:00:42.1746324Z   [113/152] L1267 caught: tests
refusal-coverage	UNKNOWN STEP	2026-08-28T10:00:42.7037377Z   [114/152] L1282 caught: tests
refusal-coverage	UNKNOWN STEP	2026-08-28T10:00:43.2340565Z   [115/152] L1286 caught: tests
refusal-coverage	UNKNOWN STEP	2026-08-28T10:00:43.7652348Z   [116/152] L1292 caught: tests
refusal-coverage	UNKNOWN STEP	2026-08-28T10:00:44.2963802Z   [117/152] L1296 caught: tests
refusal-coverage	UNKNOWN STEP	2026-08-28T10:00:44.8267302Z   [118/152] L1300 caught: tests
refusal-coverage	UNKNOWN STEP	2026-08-28T10:00:45.3576088Z   [119/152] L1304 caught: tests
refusal-coverage	UNKNOWN STEP	2026-08-28T10:00:45.8879714Z   [120/152] L1307 caught: tests
refusal-coverage	UNKNOWN STEP	2026-08-28T10:00:46.4227691Z   [121/152] L1313 caught: tests
refusal-coverage	UNKNOWN STEP	2026-08-28T10:00:46.9548073Z   [122/152] L1318 caught: tests
refusal-coverage	UNKNOWN STEP	2026-08-28T10:00:47.4860085Z   [123/152] L1324 caught: tests
refusal-coverage	UNKNOWN STEP	2026-08-28T10:00:48.0222291Z   [124/152] L1327 caught: tests
refusal-coverage	UNKNOWN STEP	2026-08-28T10:00:48.5543990Z   [125/152] L1330 caught: tests
refusal-coverage	UNKNOWN STEP	2026-08-28T10:00:49.0901383Z   [126/152] L1338 caught: tests
refusal-coverage	UNKNOWN STEP	2026-08-28T10:00:49.6192946Z   [127/152] L1344 caught: tests
refusal-coverage	UNKNOWN STEP	2026-08-28T10:00:50.1500671Z   [128/152] L1348 caught: tests
refusal-coverage	UNKNOWN STEP	2026-08-28T10:00:50.6825110Z   [129/152] L1353 caught: tests
refusal-coverage	UNKNOWN STEP	2026-08-28T10:00:51.2127855Z   [130/152] L1368 caught: tests
refusal-coverage	UNKNOWN STEP	2026-08-28T10:00:51.7412353Z   [131/152] L1372 caught: tests
refusal-coverage	UNKNOWN STEP	2026-08-28T10:00:52.2756872Z   [132/152] L1376 caught: tests
refusal-coverage	UNKNOWN STEP	2026-08-28T10:00:52.8079180Z   [133/152] L1383 caught: tests
refusal-coverage	UNKNOWN STEP	2026-08-28T10:00:53.3535953Z   [134/152] L1388 caught: tests
refusal-coverage	UNKNOWN STEP	2026-08-28T10:00:53.8845177Z   [135/152] L1398 caught: tests
refusal-coverage	UNKNOWN STEP	2026-08-28T10:00:54.4199509Z   [136/152] L1404 caught: tests
refusal-coverage	UNKNOWN STEP	2026-08-28T10:00:54.9498467Z   [137/152] L1412 caught: tests
refusal-coverage	UNKNOWN STEP	2026-08-28T10:00:55.5347731Z   [138/152] L1417 caught: tests
refusal-coverage	UNKNOWN STEP	2026-08-28T10:00:56.0831353Z   [139/152] L1424 caught: tests
refusal-coverage	UNKNOWN STEP	2026-08-28T10:00:56.6148127Z   [140/152] L1428 caught: tests
refusal-coverage	UNKNOWN STEP	2026-08-28T10:00:57.1687572Z   [141/152] L1435 caught: tests
refusal-coverage	UNKNOWN STEP	2026-08-28T10:00:57.7024126Z   [142/152] L1441 caught: tests
refusal-coverage	UNKNOWN STEP	2026-08-28T10:00:58.2441176Z   [143/152] L1465 caught: tests
refusal-coverage	UNKNOWN STEP	2026-08-28T10:00:58.7834591Z   [144/152] L1470 caught: tests
refusal-coverage	UNKNOWN STEP	2026-08-28T10:00:59.3209060Z   [145/152] L1473 caught: tests
refusal-coverage	UNKNOWN STEP	2026-08-28T10:00:59.8540030Z   [146/152] L1533 caught: tests
refusal-coverage	UNKNOWN STEP	2026-08-28T10:01:00.3956137Z   [147/152] L1542 caught: tests
refusal-coverage	UNKNOWN STEP	2026-08-28T10:01:00.9446952Z   [148/152] L1545 caught: tests
refusal-coverage	UNKNOWN STEP	2026-08-28T10:01:01.4772371Z   [149/152] L1581 caught: tests
refusal-coverage	UNKNOWN STEP	2026-08-28T10:01:02.0130427Z   [150/152] L1593 caught: tests
refusal-coverage	UNKNOWN STEP	2026-08-28T10:01:02.5509600Z   [151/152] L1606 caught: tests
refusal-coverage	UNKNOWN STEP	2026-08-28T10:01:03.0789993Z   [152/152] L1645 caught: tests
refusal-coverage	UNKNOWN STEP	2026-08-28T10:01:03.0795034Z 
refusal-coverage	UNKNOWN STEP	2026-08-28T10:01:03.0795244Z MUTATION SCORE: 152/152 = 1.000
refusal-coverage	UNKNOWN STEP	2026-08-28T10:01:03.0948215Z Node 20 is being deprecated. This workflow is running with Node 24 by default. If you need to temporarily use Node 20, you can set the ACTIONS_ALLOW_USE_UNSECURE_NODE_VERSION=true environment variable. For more information see: https://github.blog/changelog/2025-09-19-deprecation-of-node-20-on-github-actions-runners/
refusal-coverage	UNKNOWN STEP	2026-08-28T10:01:03.0949461Z Post job cleanup.
refusal-coverage	UNKNOWN STEP	2026-08-28T10:01:03.1814479Z [command]/usr/bin/git version
refusal-coverage	UNKNOWN STEP	2026-08-28T10:01:03.1837224Z git version 2.55.0
refusal-coverage	UNKNOWN STEP	2026-08-28T10:01:03.1880274Z Temporarily overriding HOME='/home/runner/work/_temp/161af5b4-5f09-44ff-8cf3-d6fa80ac07b3' before making global git config changes
refusal-coverage	UNKNOWN STEP	2026-08-28T10:01:03.1881519Z Adding repository directory to the temporary git global config as a safe directory
refusal-coverage	UNKNOWN STEP	2026-08-28T10:01:03.1887176Z [command]/usr/bin/git config --global --add safe.directory /home/runner/work/vac-protocol/vac-protocol/_issuers/model-drift
refusal-coverage	UNKNOWN STEP	2026-08-28T10:01:03.1925282Z [command]/usr/bin/git config --local --name-only --get-regexp core\.sshCommand
refusal-coverage	UNKNOWN STEP	2026-08-28T10:01:03.1960539Z [command]/usr/bin/git submodule foreach --recursive sh -c "git config --local --name-only --get-regexp 'core\.sshCommand' && git config --local --unset-all 'core.sshCommand' || :"
refusal-coverage	UNKNOWN STEP	2026-08-28T10:01:03.2211413Z [command]/usr/bin/git config --local --name-only --get-regexp http\.https\:\/\/github\.com\/\.extraheader
refusal-coverage	UNKNOWN STEP	2026-08-28T10:01:03.2237460Z http.https://github.com/.extraheader
refusal-coverage	UNKNOWN STEP	2026-08-28T10:01:03.2248880Z [command]/usr/bin/git config --local --unset-all http.https://github.com/.extraheader
refusal-coverage	UNKNOWN STEP	2026-08-28T10:01:03.2291150Z [command]/usr/bin/git submodule foreach --recursive sh -c "git config --local --name-only --get-regexp 'http\.https\:\/\/github\.com\/\.extraheader' && git config --local --unset-all 'http.https://github.com/.extraheader' || :"
refusal-coverage	UNKNOWN STEP	2026-08-28T10:01:03.2541671Z [command]/usr/bin/git config --local --name-only --get-regexp ^includeIf\.gitdir:
refusal-coverage	UNKNOWN STEP	2026-08-28T10:01:03.2582254Z [command]/usr/bin/git submodule foreach --recursive git config --local --show-origin --name-only --get-regexp remote.origin.url
refusal-coverage	UNKNOWN STEP	2026-08-28T10:01:03.3027939Z Node 20 is being deprecated. This workflow is running with Node 24 by default. If you need to temporarily use Node 20, you can set the ACTIONS_ALLOW_USE_UNSECURE_NODE_VERSION=true environment variable. For more information see: https://github.blog/changelog/2025-09-19-deprecation-of-node-20-on-github-actions-runners/
refusal-coverage	UNKNOWN STEP	2026-08-28T10:01:03.3029193Z Post job cleanup.
refusal-coverage	UNKNOWN STEP	2026-08-28T10:01:03.3862620Z [command]/usr/bin/git version
refusal-coverage	UNKNOWN STEP	2026-08-28T10:01:03.3906996Z git version 2.55.0
refusal-coverage	UNKNOWN STEP	2026-08-28T10:01:03.4014739Z Temporarily overriding HOME='/home/runner/work/_temp/dd3f4498-e6d8-474c-a66f-ee41b244dc98' before making global git config changes
refusal-coverage	UNKNOWN STEP	2026-08-28T10:01:03.4019245Z Adding repository directory to the temporary git global config as a safe directory
refusal-coverage	UNKNOWN STEP	2026-08-28T10:01:03.4057573Z [command]/usr/bin/git config --global --add safe.directory /home/runner/work/vac-protocol/vac-protocol/_issuers/evalmut
refusal-coverage	UNKNOWN STEP	2026-08-28T10:01:03.4104308Z [command]/usr/bin/git config --local --name-only --get-regexp core\.sshCommand
refusal-coverage	UNKNOWN STEP	2026-08-28T10:01:03.4164916Z [command]/usr/bin/git submodule foreach --recursive sh -c "git config --local --name-only --get-regexp 'core\.sshCommand' && git config --local --unset-all 'core.sshCommand' || :"
refusal-coverage	UNKNOWN STEP	2026-08-28T10:01:03.4385890Z [command]/usr/bin/git config --local --name-only --get-regexp http\.https\:\/\/github\.com\/\.extraheader
refusal-coverage	UNKNOWN STEP	2026-08-28T10:01:03.4427063Z http.https://github.com/.extraheader
refusal-coverage	UNKNOWN STEP	2026-08-28T10:01:03.4455876Z [command]/usr/bin/git config --local --unset-all http.https://github.com/.extraheader
refusal-coverage	UNKNOWN STEP	2026-08-28T10:01:03.4506759Z [command]/usr/bin/git submodule foreach --recursive sh -c "git config --local --name-only --get-regexp 'http\.https\:\/\/github\.com\/\.extraheader' && git config --local --unset-all 'http.https://github.com/.extraheader' || :"
refusal-coverage	UNKNOWN STEP	2026-08-28T10:01:03.4855793Z [command]/usr/bin/git config --local --name-only --get-regexp ^includeIf\.gitdir:
refusal-coverage	UNKNOWN STEP	2026-08-28T10:01:03.4954866Z [command]/usr/bin/git submodule foreach --recursive git config --local --show-origin --name-only --get-regexp remote.origin.url
refusal-coverage	UNKNOWN STEP	2026-08-28T10:01:03.5409839Z Node 20 is being deprecated. This workflow is running with Node 24 by default. If you need to temporarily use Node 20, you can set the ACTIONS_ALLOW_USE_UNSECURE_NODE_VERSION=true environment variable. For more information see: https://github.blog/changelog/2025-09-19-deprecation-of-node-20-on-github-actions-runners/
refusal-coverage	UNKNOWN STEP	2026-08-28T10:01:03.5411106Z Post job cleanup.
refusal-coverage	UNKNOWN STEP	2026-08-28T10:01:03.6372078Z [command]/usr/bin/git version
refusal-coverage	UNKNOWN STEP	2026-08-28T10:01:03.6433954Z git version 2.55.0
refusal-coverage	UNKNOWN STEP	2026-08-28T10:01:03.6479834Z Temporarily overriding HOME='/home/runner/work/_temp/56ea83d4-9ce6-4bb6-a5b5-84952ed974bf' before making global git config changes
refusal-coverage	UNKNOWN STEP	2026-08-28T10:01:03.6495454Z Adding repository directory to the temporary git global config as a safe directory
refusal-coverage	UNKNOWN STEP	2026-08-28T10:01:03.6496844Z [command]/usr/bin/git config --global --add safe.directory /home/runner/work/vac-protocol/vac-protocol/_issuers/crashkit
refusal-coverage	UNKNOWN STEP	2026-08-28T10:01:03.6544142Z [command]/usr/bin/git config --local --name-only --get-regexp core\.sshCommand
refusal-coverage	UNKNOWN STEP	2026-08-28T10:01:03.6587760Z [command]/usr/bin/git submodule foreach --recursive sh -c "git config --local --name-only --get-regexp 'core\.sshCommand' && git config --local --unset-all 'core.sshCommand' || :"
refusal-coverage	UNKNOWN STEP	2026-08-28T10:01:03.6880832Z [command]/usr/bin/git config --local --name-only --get-regexp http\.https\:\/\/github\.com\/\.extraheader
refusal-coverage	UNKNOWN STEP	2026-08-28T10:01:03.6916815Z http.https://github.com/.extraheader
refusal-coverage	UNKNOWN STEP	2026-08-28T10:01:03.6928316Z [command]/usr/bin/git config --local --unset-all http.https://github.com/.extraheader
refusal-coverage	UNKNOWN STEP	2026-08-28T10:01:03.6965411Z [command]/usr/bin/git submodule foreach --recursive sh -c "git config --local --name-only --get-regexp 'http\.https\:\/\/github\.com\/\.extraheader' && git config --local --unset-all 'http.https://github.com/.extraheader' || :"
refusal-coverage	UNKNOWN STEP	2026-08-28T10:01:03.7227693Z [command]/usr/bin/git config --local --name-only --get-regexp ^includeIf\.gitdir:
refusal-coverage	UNKNOWN STEP	2026-08-28T10:01:03.7270084Z [command]/usr/bin/git submodule foreach --recursive git config --local --show-origin --name-only --get-regexp remote.origin.url
refusal-coverage	UNKNOWN STEP	2026-08-28T10:01:03.7672958Z Node 20 is being deprecated. This workflow is running with Node 24 by default. If you need to temporarily use Node 20, you can set the ACTIONS_ALLOW_USE_UNSECURE_NODE_VERSION=true environment variable. For more information see: https://github.blog/changelog/2025-09-19-deprecation-of-node-20-on-github-actions-runners/
refusal-coverage	UNKNOWN STEP	2026-08-28T10:01:03.7674667Z Post job cleanup.
refusal-coverage	UNKNOWN STEP	2026-08-28T10:01:03.8828064Z (node:14278) [DEP0040] DeprecationWarning: The `punycode` module is deprecated. Please use a userland alternative instead.
refusal-coverage	UNKNOWN STEP	2026-08-28T10:01:03.8829086Z (Use `node --trace-deprecation ...` to show where the warning was created)
refusal-coverage	UNKNOWN STEP	2026-08-28T10:01:03.9011866Z Node 20 is being deprecated. This workflow is running with Node 24 by default. If you need to temporarily use Node 20, you can set the ACTIONS_ALLOW_USE_UNSECURE_NODE_VERSION=true environment variable. For more information see: https://github.blog/changelog/2025-09-19-deprecation-of-node-20-on-github-actions-runners/
refusal-coverage	UNKNOWN STEP	2026-08-28T10:01:03.9014219Z Post job cleanup.
refusal-coverage	UNKNOWN STEP	2026-08-28T10:01:03.9887991Z [command]/usr/bin/git version
refusal-coverage	UNKNOWN STEP	2026-08-28T10:01:03.9931880Z git version 2.55.0
refusal-coverage	UNKNOWN STEP	2026-08-28T10:01:03.9970137Z Temporarily overriding HOME='/home/runner/work/_temp/eae165c7-8bfb-4ea8-9833-9b7217727f50' before making global git config changes
refusal-coverage	UNKNOWN STEP	2026-08-28T10:01:03.9971505Z Adding repository directory to the temporary git global config as a safe directory
refusal-coverage	UNKNOWN STEP	2026-08-28T10:01:03.9977098Z [command]/usr/bin/git config --global --add safe.directory /home/runner/work/vac-protocol/vac-protocol
refusal-coverage	UNKNOWN STEP	2026-08-28T10:01:04.0013742Z [command]/usr/bin/git config --local --name-only --get-regexp core\.sshCommand
refusal-coverage	UNKNOWN STEP	2026-08-28T10:01:04.0048676Z [command]/usr/bin/git submodule foreach --recursive sh -c "git config --local --name-only --get-regexp 'core\.sshCommand' && git config --local --unset-all 'core.sshCommand' || :"
refusal-coverage	UNKNOWN STEP	2026-08-28T10:01:04.0308047Z [command]/usr/bin/git config --local --name-only --get-regexp http\.https\:\/\/github\.com\/\.extraheader
refusal-coverage	UNKNOWN STEP	2026-08-28T10:01:04.0332386Z http.https://github.com/.extraheader
refusal-coverage	UNKNOWN STEP	2026-08-28T10:01:04.0344733Z [command]/usr/bin/git config --local --unset-all http.https://github.com/.extraheader
refusal-coverage	UNKNOWN STEP	2026-08-28T10:01:04.0385805Z [command]/usr/bin/git submodule foreach --recursive sh -c "git config --local --name-only --get-regexp 'http\.https\:\/\/github\.com\/\.extraheader' && git config --local --unset-all 'http.https://github.com/.extraheader' || :"
refusal-coverage	UNKNOWN STEP	2026-08-28T10:01:04.0689282Z [command]/usr/bin/git config --local --name-only --get-regexp ^includeIf\.gitdir:
refusal-coverage	UNKNOWN STEP	2026-08-28T10:01:04.0738013Z [command]/usr/bin/git submodule foreach --recursive git config --local --show-origin --name-only --get-regexp remote.origin.url
refusal-coverage	UNKNOWN STEP	2026-08-28T10:01:04.1189891Z Cleaning up orphan processes
refusal-coverage	UNKNOWN STEP	2026-08-28T10:01:04.1502582Z ##[warning]Node.js 20 is deprecated. The following actions target Node.js 20 but are being forced to run on Node.js 24: actions/checkout@v4, actions/setup-python@v5. For more information see: https://github.blog/changelog/2025-09-19-deprecation-of-node-20-on-github-actions-runners/
invalidation-liveness	UNKNOWN STEP	﻿2026-08-28T09:59:22.2420035Z Current runner version: '2.336.0'
invalidation-liveness	UNKNOWN STEP	2026-08-28T09:59:22.2447128Z ##[group]Runner Image Provisioner
invalidation-liveness	UNKNOWN STEP	2026-08-28T09:59:22.2448016Z Hosted Compute Agent
invalidation-liveness	UNKNOWN STEP	2026-08-28T09:59:22.2448713Z Version: 20260819.586
invalidation-liveness	UNKNOWN STEP	2026-08-28T09:59:22.2449407Z Commit: 3cc4a88dfa507ef76119ad1bb3eccc6378bb2b76
invalidation-liveness	UNKNOWN STEP	2026-08-28T09:59:22.2450189Z Build Date: 2026-08-18T23:20:18Z
invalidation-liveness	UNKNOWN STEP	2026-08-28T09:59:22.2451004Z Worker ID: {cc080b76-5531-4e89-b9a6-fc087f7002dc}
invalidation-liveness	UNKNOWN STEP	2026-08-28T09:59:22.2451742Z Azure Region: northcentralus
invalidation-liveness	UNKNOWN STEP	2026-08-28T09:59:22.2452403Z ##[endgroup]
invalidation-liveness	UNKNOWN STEP	2026-08-28T09:59:22.2454539Z ##[group]Operating System
invalidation-liveness	UNKNOWN STEP	2026-08-28T09:59:22.2455231Z Ubuntu
invalidation-liveness	UNKNOWN STEP	2026-08-28T09:59:22.2455924Z 24.04.4
invalidation-liveness	UNKNOWN STEP	2026-08-28T09:59:22.2456460Z LTS
invalidation-liveness	UNKNOWN STEP	2026-08-28T09:59:22.2456982Z ##[endgroup]
invalidation-liveness	UNKNOWN STEP	2026-08-28T09:59:22.2457617Z ##[group]Runner Image
invalidation-liveness	UNKNOWN STEP	2026-08-28T09:59:22.2458283Z Image: ubuntu-24.04
invalidation-liveness	UNKNOWN STEP	2026-08-28T09:59:22.2458949Z Version: 20260823.283.1
invalidation-liveness	UNKNOWN STEP	2026-08-28T09:59:22.2460254Z Included Software: https://github.com/actions/runner-images/blob/ubuntu24/20260823.283/images/ubuntu/Ubuntu2404-Readme.md
invalidation-liveness	UNKNOWN STEP	2026-08-28T09:59:22.2461893Z Image Release: https://github.com/actions/runner-images/releases/tag/ubuntu24%2F20260823.283
invalidation-liveness	UNKNOWN STEP	2026-08-28T09:59:22.2462867Z ##[endgroup]
invalidation-liveness	UNKNOWN STEP	2026-08-28T09:59:22.2464382Z ##[group]GITHUB_TOKEN Permissions
invalidation-liveness	UNKNOWN STEP	2026-08-28T09:59:22.2466556Z Contents: read
invalidation-liveness	UNKNOWN STEP	2026-08-28T09:59:22.2467920Z Metadata: read
invalidation-liveness	UNKNOWN STEP	2026-08-28T09:59:22.2468702Z Packages: read
invalidation-liveness	UNKNOWN STEP	2026-08-28T09:59:22.2469298Z ##[endgroup]
invalidation-liveness	UNKNOWN STEP	2026-08-28T09:59:22.2471690Z Secret source: Actions
invalidation-liveness	UNKNOWN STEP	2026-08-28T09:59:22.2472849Z Prepare workflow directory
invalidation-liveness	UNKNOWN STEP	2026-08-28T09:59:22.2852657Z Prepare all required actions
invalidation-liveness	UNKNOWN STEP	2026-08-28T09:59:22.2904063Z Getting action download info
invalidation-liveness	UNKNOWN STEP	2026-08-28T09:59:22.5180770Z Download action repository 'actions/checkout@v4' (SHA:11d5960a326750d5838078e36cf38b85af677262)
invalidation-liveness	UNKNOWN STEP	2026-08-28T09:59:22.6427814Z Download action repository 'actions/setup-python@v5' (SHA:a26af69be951a213d495a4c3e4e4022e16d87065)
invalidation-liveness	UNKNOWN STEP	2026-08-28T09:59:22.8367680Z Complete job name: invalidation-liveness
invalidation-liveness	UNKNOWN STEP	2026-08-28T09:59:22.9329524Z Node 20 is being deprecated. This workflow is running with Node 24 by default. If you need to temporarily use Node 20, you can set the ACTIONS_ALLOW_USE_UNSECURE_NODE_VERSION=true environment variable. For more information see: https://github.blog/changelog/2025-09-19-deprecation-of-node-20-on-github-actions-runners/
invalidation-liveness	UNKNOWN STEP	2026-08-28T09:59:22.9339638Z ##[group]Run actions/checkout@v4
invalidation-liveness	UNKNOWN STEP	2026-08-28T09:59:22.9340405Z with:
invalidation-liveness	UNKNOWN STEP	2026-08-28T09:59:22.9340882Z   repository: egnaro9/vac-protocol
invalidation-liveness	UNKNOWN STEP	2026-08-28T09:59:22.9345177Z   token: ***
invalidation-liveness	UNKNOWN STEP	2026-08-28T09:59:22.9345629Z   ssh-strict: true
invalidation-liveness	UNKNOWN STEP	2026-08-28T09:59:22.9346076Z   ssh-user: git
invalidation-liveness	UNKNOWN STEP	2026-08-28T09:59:22.9346541Z   persist-credentials: true
invalidation-liveness	UNKNOWN STEP	2026-08-28T09:59:22.9347035Z   clean: true
invalidation-liveness	UNKNOWN STEP	2026-08-28T09:59:22.9347614Z   sparse-checkout-cone-mode: true
invalidation-liveness	UNKNOWN STEP	2026-08-28T09:59:22.9348475Z   fetch-depth: 1
invalidation-liveness	UNKNOWN STEP	2026-08-28T09:59:22.9349122Z   fetch-tags: false
invalidation-liveness	UNKNOWN STEP	2026-08-28T09:59:22.9349904Z   show-progress: true
invalidation-liveness	UNKNOWN STEP	2026-08-28T09:59:22.9350705Z   lfs: false
invalidation-liveness	UNKNOWN STEP	2026-08-28T09:59:22.9351531Z   submodules: false
invalidation-liveness	UNKNOWN STEP	2026-08-28T09:59:22.9352308Z   set-safe-directory: true
invalidation-liveness	UNKNOWN STEP	2026-08-28T09:59:22.9353414Z   allow-unsafe-pr-checkout: false
invalidation-liveness	UNKNOWN STEP	2026-08-28T09:59:22.9354854Z ##[endgroup]
invalidation-liveness	UNKNOWN STEP	2026-08-28T09:59:23.0479259Z Syncing repository: egnaro9/vac-protocol
invalidation-liveness	UNKNOWN STEP	2026-08-28T09:59:23.0482031Z ##[group]Getting Git version info
invalidation-liveness	UNKNOWN STEP	2026-08-28T09:59:23.0483502Z Working directory is '/home/runner/work/vac-protocol/vac-protocol'
invalidation-liveness	UNKNOWN STEP	2026-08-28T09:59:23.0485271Z [command]/usr/bin/git version
invalidation-liveness	UNKNOWN STEP	2026-08-28T09:59:23.0558325Z git version 2.55.0
invalidation-liveness	UNKNOWN STEP	2026-08-28T09:59:23.0588710Z ##[endgroup]
invalidation-liveness	UNKNOWN STEP	2026-08-28T09:59:23.0603017Z Temporarily overriding HOME='/home/runner/work/_temp/5b17a4a1-76d7-4b04-9cd7-803d6794604c' before making global git config changes
invalidation-liveness	UNKNOWN STEP	2026-08-28T09:59:23.0605833Z Adding repository directory to the temporary git global config as a safe directory
invalidation-liveness	UNKNOWN STEP	2026-08-28T09:59:23.0609307Z [command]/usr/bin/git config --global --add safe.directory /home/runner/work/vac-protocol/vac-protocol
invalidation-liveness	UNKNOWN STEP	2026-08-28T09:59:23.0730293Z Deleting the contents of '/home/runner/work/vac-protocol/vac-protocol'
invalidation-liveness	UNKNOWN STEP	2026-08-28T09:59:23.0734592Z ##[group]Initializing the repository
invalidation-liveness	UNKNOWN STEP	2026-08-28T09:59:23.0740981Z [command]/usr/bin/git init /home/runner/work/vac-protocol/vac-protocol
invalidation-liveness	UNKNOWN STEP	2026-08-28T09:59:23.0869618Z hint: Using 'master' as the name for the initial branch. This default branch name
invalidation-liveness	UNKNOWN STEP	2026-08-28T09:59:23.0871702Z hint: will change to "main" in Git 3.0. To configure the initial branch name
invalidation-liveness	UNKNOWN STEP	2026-08-28T09:59:23.0873776Z hint: to use in all of your new repositories, which will suppress this warning,
invalidation-liveness	UNKNOWN STEP	2026-08-28T09:59:23.0875206Z hint: call:
invalidation-liveness	UNKNOWN STEP	2026-08-28T09:59:23.0876121Z hint:
invalidation-liveness	UNKNOWN STEP	2026-08-28T09:59:23.0877494Z hint: 	git config --global init.defaultBranch <name>
invalidation-liveness	UNKNOWN STEP	2026-08-28T09:59:23.0878670Z hint:
invalidation-liveness	UNKNOWN STEP	2026-08-28T09:59:23.0879744Z hint: Names commonly chosen instead of 'master' are 'main', 'trunk' and
invalidation-liveness	UNKNOWN STEP	2026-08-28T09:59:23.0881584Z hint: 'development'. The just-created branch can be renamed via this command:
invalidation-liveness	UNKNOWN STEP	2026-08-28T09:59:23.0882871Z hint:
invalidation-liveness	UNKNOWN STEP	2026-08-28T09:59:23.0883860Z hint: 	git branch -m <name>
invalidation-liveness	UNKNOWN STEP	2026-08-28T09:59:23.0884707Z hint:
invalidation-liveness	UNKNOWN STEP	2026-08-28T09:59:23.0885829Z hint: Disable this message with "git config set advice.defaultBranchName false"
invalidation-liveness	UNKNOWN STEP	2026-08-28T09:59:23.0887720Z Initialized empty Git repository in /home/runner/work/vac-protocol/vac-protocol/.git/
invalidation-liveness	UNKNOWN STEP	2026-08-28T09:59:23.0891937Z [command]/usr/bin/git remote add origin https://github.com/egnaro9/vac-protocol
invalidation-liveness	UNKNOWN STEP	2026-08-28T09:59:23.0986315Z ##[endgroup]
invalidation-liveness	UNKNOWN STEP	2026-08-28T09:59:23.0987689Z ##[group]Disabling automatic garbage collection
invalidation-liveness	UNKNOWN STEP	2026-08-28T09:59:23.0994135Z [command]/usr/bin/git config --local gc.auto 0
invalidation-liveness	UNKNOWN STEP	2026-08-28T09:59:23.1033693Z ##[endgroup]
invalidation-liveness	UNKNOWN STEP	2026-08-28T09:59:23.1035011Z ##[group]Setting up auth
invalidation-liveness	UNKNOWN STEP	2026-08-28T09:59:23.1041701Z [command]/usr/bin/git config --local --name-only --get-regexp core\.sshCommand
invalidation-liveness	UNKNOWN STEP	2026-08-28T09:59:23.1093747Z [command]/usr/bin/git submodule foreach --recursive sh -c "git config --local --name-only --get-regexp 'core\.sshCommand' && git config --local --unset-all 'core.sshCommand' || :"
invalidation-liveness	UNKNOWN STEP	2026-08-28T09:59:23.1505713Z [command]/usr/bin/git config --local --name-only --get-regexp http\.https\:\/\/github\.com\/\.extraheader
invalidation-liveness	UNKNOWN STEP	2026-08-28T09:59:23.1547512Z [command]/usr/bin/git submodule foreach --recursive sh -c "git config --local --name-only --get-regexp 'http\.https\:\/\/github\.com\/\.extraheader' && git config --local --unset-all 'http.https://github.com/.extraheader' || :"
invalidation-liveness	UNKNOWN STEP	2026-08-28T09:59:23.1792910Z [command]/usr/bin/git config --local --name-only --get-regexp ^includeIf\.gitdir:
invalidation-liveness	UNKNOWN STEP	2026-08-28T09:59:23.1835558Z [command]/usr/bin/git submodule foreach --recursive git config --local --show-origin --name-only --get-regexp remote.origin.url
invalidation-liveness	UNKNOWN STEP	2026-08-28T09:59:23.2089665Z [command]/usr/bin/git config --local http.https://github.com/.extraheader AUTHORIZATION: basic ***
invalidation-liveness	UNKNOWN STEP	2026-08-28T09:59:23.2142683Z ##[endgroup]
invalidation-liveness	UNKNOWN STEP	2026-08-28T09:59:23.2144857Z ##[group]Fetching the repository
invalidation-liveness	UNKNOWN STEP	2026-08-28T09:59:23.2156672Z [command]/usr/bin/git -c protocol.version=2 fetch --no-tags --prune --no-recurse-submodules --depth=1 origin +0bca93645ed09942ad64469509da701a67316cba:refs/remotes/origin/main
invalidation-liveness	UNKNOWN STEP	2026-08-28T09:59:23.7084922Z From https://github.com/egnaro9/vac-protocol
invalidation-liveness	UNKNOWN STEP	2026-08-28T09:59:23.7087138Z  * [new ref]         0bca93645ed09942ad64469509da701a67316cba -> origin/main
invalidation-liveness	UNKNOWN STEP	2026-08-28T09:59:23.7105992Z ##[endgroup]
invalidation-liveness	UNKNOWN STEP	2026-08-28T09:59:23.7107243Z ##[group]Determining the checkout info
invalidation-liveness	UNKNOWN STEP	2026-08-28T09:59:23.7108687Z ##[endgroup]
invalidation-liveness	UNKNOWN STEP	2026-08-28T09:59:23.7109751Z [command]/usr/bin/git sparse-checkout disable
invalidation-liveness	UNKNOWN STEP	2026-08-28T09:59:23.7167240Z [command]/usr/bin/git config --local --unset-all extensions.worktreeConfig
invalidation-liveness	UNKNOWN STEP	2026-08-28T09:59:23.7207596Z ##[group]Checking out the ref
invalidation-liveness	UNKNOWN STEP	2026-08-28T09:59:23.7212687Z [command]/usr/bin/git checkout --progress --force -B main refs/remotes/origin/main
invalidation-liveness	UNKNOWN STEP	2026-08-28T09:59:23.7483485Z Switched to a new branch 'main'
invalidation-liveness	UNKNOWN STEP	2026-08-28T09:59:23.7488182Z branch 'main' set up to track 'origin/main'.
invalidation-liveness	UNKNOWN STEP	2026-08-28T09:59:23.7496215Z ##[endgroup]
invalidation-liveness	UNKNOWN STEP	2026-08-28T09:59:23.7544135Z [command]/usr/bin/git log -1 --format=%H
invalidation-liveness	UNKNOWN STEP	2026-08-28T09:59:23.7573884Z 0bca93645ed09942ad64469509da701a67316cba
invalidation-liveness	UNKNOWN STEP	2026-08-28T09:59:23.7902071Z Node 20 is being deprecated. This workflow is running with Node 24 by default. If you need to temporarily use Node 20, you can set the ACTIONS_ALLOW_USE_UNSECURE_NODE_VERSION=true environment variable. For more information see: https://github.blog/changelog/2025-09-19-deprecation-of-node-20-on-github-actions-runners/
invalidation-liveness	UNKNOWN STEP	2026-08-28T09:59:23.7906291Z ##[group]Run actions/setup-python@v5
invalidation-liveness	UNKNOWN STEP	2026-08-28T09:59:23.7906934Z with:
invalidation-liveness	UNKNOWN STEP	2026-08-28T09:59:23.7907375Z   python-version: 3.12
invalidation-liveness	UNKNOWN STEP	2026-08-28T09:59:23.7907902Z   check-latest: false
invalidation-liveness	UNKNOWN STEP	2026-08-28T09:59:23.7913415Z   token: ***
invalidation-liveness	UNKNOWN STEP	2026-08-28T09:59:23.7913918Z   update-environment: true
invalidation-liveness	UNKNOWN STEP	2026-08-28T09:59:23.7914502Z   allow-prereleases: false
invalidation-liveness	UNKNOWN STEP	2026-08-28T09:59:23.7915057Z   freethreaded: false
invalidation-liveness	UNKNOWN STEP	2026-08-28T09:59:23.7915557Z ##[endgroup]
invalidation-liveness	UNKNOWN STEP	2026-08-28T09:59:23.9373854Z ##[group]Installed versions
invalidation-liveness	UNKNOWN STEP	2026-08-28T09:59:23.9474624Z (node:2226) [DEP0040] DeprecationWarning: The `punycode` module is deprecated. Please use a userland alternative instead.
invalidation-liveness	UNKNOWN STEP	2026-08-28T09:59:23.9477726Z (Use `node --trace-deprecation ...` to show where the warning was created)
invalidation-liveness	UNKNOWN STEP	2026-08-28T09:59:23.9479664Z Successfully set up CPython (3.12.14)
invalidation-liveness	UNKNOWN STEP	2026-08-28T09:59:23.9481506Z ##[endgroup]
invalidation-liveness	UNKNOWN STEP	2026-08-28T09:59:23.9787286Z ##[group]Run pip install -e .
invalidation-liveness	UNKNOWN STEP	2026-08-28T09:59:23.9788900Z ^[[36;1mpip install -e .^[[0m
invalidation-liveness	UNKNOWN STEP	2026-08-28T09:59:23.9864094Z shell: /usr/bin/bash -e {0}
invalidation-liveness	UNKNOWN STEP	2026-08-28T09:59:23.9864926Z env:
invalidation-liveness	UNKNOWN STEP	2026-08-28T09:59:23.9865661Z   pythonLocation: /opt/hostedtoolcache/Python/3.12.14/x64
invalidation-liveness	UNKNOWN STEP	2026-08-28T09:59:23.9867205Z   PKG_CONFIG_PATH: /opt/hostedtoolcache/Python/3.12.14/x64/lib/pkgconfig
invalidation-liveness	UNKNOWN STEP	2026-08-28T09:59:23.9868722Z   Python_ROOT_DIR: /opt/hostedtoolcache/Python/3.12.14/x64
invalidation-liveness	UNKNOWN STEP	2026-08-28T09:59:23.9870016Z   Python2_ROOT_DIR: /opt/hostedtoolcache/Python/3.12.14/x64
invalidation-liveness	UNKNOWN STEP	2026-08-28T09:59:23.9871345Z   Python3_ROOT_DIR: /opt/hostedtoolcache/Python/3.12.14/x64
invalidation-liveness	UNKNOWN STEP	2026-08-28T09:59:23.9872684Z   LD_LIBRARY_PATH: /opt/hostedtoolcache/Python/3.12.14/x64/lib
invalidation-liveness	UNKNOWN STEP	2026-08-28T09:59:23.9874048Z ##[endgroup]
invalidation-liveness	UNKNOWN STEP	2026-08-28T09:59:24.8695457Z Obtaining file:///home/runner/work/vac-protocol/vac-protocol
invalidation-liveness	UNKNOWN STEP	2026-08-28T09:59:24.8714105Z   Installing build dependencies: started
invalidation-liveness	UNKNOWN STEP	2026-08-28T09:59:25.6391642Z   Installing build dependencies: finished with status 'done'
invalidation-liveness	UNKNOWN STEP	2026-08-28T09:59:25.6397378Z   Checking if build backend supports build_editable: started
invalidation-liveness	UNKNOWN STEP	2026-08-28T09:59:25.9752361Z   Checking if build backend supports build_editable: finished with status 'done'
invalidation-liveness	UNKNOWN STEP	2026-08-28T09:59:25.9759905Z   Getting requirements to build editable: started
invalidation-liveness	UNKNOWN STEP	2026-08-28T09:59:26.3220335Z   Getting requirements to build editable: finished with status 'done'
invalidation-liveness	UNKNOWN STEP	2026-08-28T09:59:26.3233781Z   Preparing editable metadata (pyproject.toml): started
invalidation-liveness	UNKNOWN STEP	2026-08-28T09:59:26.5285261Z   Preparing editable metadata (pyproject.toml): finished with status 'done'
invalidation-liveness	UNKNOWN STEP	2026-08-28T09:59:26.5324449Z Building wheels for collected packages: vac-protocol
invalidation-liveness	UNKNOWN STEP	2026-08-28T09:59:26.5332074Z   Building editable for vac-protocol (pyproject.toml): started
invalidation-liveness	UNKNOWN STEP	2026-08-28T09:59:26.7607649Z   Building editable for vac-protocol (pyproject.toml): finished with status 'done'
invalidation-liveness	UNKNOWN STEP	2026-08-28T09:59:26.7615457Z   Created wheel for vac-protocol: filename=vac_protocol-0.1.0-0.editable-py3-none-any.whl size=8767 sha256=97062091273c1a16096ff370e10a3bbb436384a69fcd76cf91ae5815cd359a18
invalidation-liveness	UNKNOWN STEP	2026-08-28T09:59:26.7617874Z   Stored in directory: /tmp/pip-ephem-wheel-cache-9x5nzqjq/wheels/31/93/c0/4effb33ea68d4321a176d9cb097b94ea8b1be9d534ea861dec
invalidation-liveness	UNKNOWN STEP	2026-08-28T09:59:26.7643634Z Successfully built vac-protocol
invalidation-liveness	UNKNOWN STEP	2026-08-28T09:59:26.7797083Z Installing collected packages: vac-protocol
invalidation-liveness	UNKNOWN STEP	2026-08-28T09:59:26.7893654Z Successfully installed vac-protocol-0.1.0
invalidation-liveness	UNKNOWN STEP	2026-08-28T09:59:26.8599403Z ##[group]Run python -m vac.verify fixtures/valid
invalidation-liveness	UNKNOWN STEP	2026-08-28T09:59:26.8599872Z ^[[36;1mpython -m vac.verify fixtures/valid^[[0m
invalidation-liveness	UNKNOWN STEP	2026-08-28T09:59:26.8641277Z shell: /usr/bin/bash -e {0}
invalidation-liveness	UNKNOWN STEP	2026-08-28T09:59:26.8641574Z env:
invalidation-liveness	UNKNOWN STEP	2026-08-28T09:59:26.8641934Z   pythonLocation: /opt/hostedtoolcache/Python/3.12.14/x64
invalidation-liveness	UNKNOWN STEP	2026-08-28T09:59:26.8642404Z   PKG_CONFIG_PATH: /opt/hostedtoolcache/Python/3.12.14/x64/lib/pkgconfig
invalidation-liveness	UNKNOWN STEP	2026-08-28T09:59:26.8642858Z   Python_ROOT_DIR: /opt/hostedtoolcache/Python/3.12.14/x64
invalidation-liveness	UNKNOWN STEP	2026-08-28T09:59:26.8643889Z   Python2_ROOT_DIR: /opt/hostedtoolcache/Python/3.12.14/x64
invalidation-liveness	UNKNOWN STEP	2026-08-28T09:59:26.8644289Z   Python3_ROOT_DIR: /opt/hostedtoolcache/Python/3.12.14/x64
invalidation-liveness	UNKNOWN STEP	2026-08-28T09:59:26.8644689Z   LD_LIBRARY_PATH: /opt/hostedtoolcache/Python/3.12.14/x64/lib
invalidation-liveness	UNKNOWN STEP	2026-08-28T09:59:26.8645009Z ##[endgroup]
invalidation-liveness	UNKNOWN STEP	2026-08-28T09:59:26.9352909Z structural verification: PASS (valid)
invalidation-liveness	UNKNOWN STEP	2026-08-28T09:59:26.9354385Z   proved offline: manifest schema, artifact presence + sha256, bundle closure,
invalidation-liveness	UNKNOWN STEP	2026-08-28T09:59:26.9355609Z   stated limitations, stamp agreement, declared results recomputed from artifacts.
invalidation-liveness	UNKNOWN STEP	2026-08-28T09:59:26.9356777Z semantic replay: NOT run by this tool. A structural PASS means the bundle is
invalidation-liveness	UNKNOWN STEP	2026-08-28T09:59:26.9357657Z   internally honest, not that the issuer's grader agrees. To re-earn the
invalidation-liveness	UNKNOWN STEP	2026-08-28T09:59:26.9358278Z   verdicts, run the bundle's replay block at the pinned issuer_commit:
invalidation-liveness	UNKNOWN STEP	2026-08-28T09:59:26.9359060Z     $ git clone https://github.com/example/toy-issuer issuer
invalidation-liveness	UNKNOWN STEP	2026-08-28T09:59:26.9359528Z     $ git -C issuer checkout f1e2d3c
invalidation-liveness	UNKNOWN STEP	2026-08-28T09:59:26.9359902Z     $ python -m pip install -e ./issuer
invalidation-liveness	UNKNOWN STEP	2026-08-28T09:59:26.9360333Z     $ python -m toy_issuer.regrade evidence/bundle.json
invalidation-liveness	UNKNOWN STEP	2026-08-28T09:59:26.9360848Z     $ python issuer/audit/run_audit.py --check evidence/results.json
invalidation-liveness	UNKNOWN STEP	2026-08-28T09:59:26.9361422Z     $ python -m toy_issuer.mutrun --check evidence/evalmut_run.json
invalidation-liveness	UNKNOWN STEP	2026-08-28T09:59:26.9361995Z     $ python -m toy_issuer.crashrun --check evidence/eval_run.json
invalidation-liveness	UNKNOWN STEP	2026-08-28T09:59:26.9362554Z     $ python -m toy_issuer.driftboard --check evidence/standings.json
invalidation-liveness	UNKNOWN STEP	2026-08-28T09:59:26.9364197Z     expected: regrade exits 0 reporting 'consistent'; audit, mutrun, crashrun, and driftboard reproduce results.json, evalmut_run.json, eval_run.json, and the drift board artifacts byte-identically at the stamped commit (mutrun exits 1 by design: the toy suite has holes)
invalidation-liveness	UNKNOWN STEP	2026-08-28T09:59:26.9455661Z ##[group]Run set -e
invalidation-liveness	UNKNOWN STEP	2026-08-28T09:59:26.9455969Z ^[[36;1mset -e^[[0m
invalidation-liveness	UNKNOWN STEP	2026-08-28T09:59:26.9456213Z ^[[36;1mfor d in fixtures/tamper-*; do^[[0m
invalidation-liveness	UNKNOWN STEP	2026-08-28T09:59:26.9456519Z ^[[36;1m  if python -m vac.verify "$d"; then^[[0m
invalidation-liveness	UNKNOWN STEP	2026-08-28T09:59:26.9456942Z ^[[36;1m    echo "LIVENESS FAILURE: $d verified clean — the gate cannot block"^[[0m
invalidation-liveness	UNKNOWN STEP	2026-08-28T09:59:26.9457334Z ^[[36;1m    exit 1^[[0m
invalidation-liveness	UNKNOWN STEP	2026-08-28T09:59:26.9457539Z ^[[36;1m  fi^[[0m
invalidation-liveness	UNKNOWN STEP	2026-08-28T09:59:26.9457726Z ^[[36;1mdone^[[0m
invalidation-liveness	UNKNOWN STEP	2026-08-28T09:59:26.9498018Z shell: /usr/bin/bash -e {0}
invalidation-liveness	UNKNOWN STEP	2026-08-28T09:59:26.9498302Z env:
invalidation-liveness	UNKNOWN STEP	2026-08-28T09:59:26.9498597Z   pythonLocation: /opt/hostedtoolcache/Python/3.12.14/x64
invalidation-liveness	UNKNOWN STEP	2026-08-28T09:59:26.9499049Z   PKG_CONFIG_PATH: /opt/hostedtoolcache/Python/3.12.14/x64/lib/pkgconfig
invalidation-liveness	UNKNOWN STEP	2026-08-28T09:59:26.9499479Z   Python_ROOT_DIR: /opt/hostedtoolcache/Python/3.12.14/x64
invalidation-liveness	UNKNOWN STEP	2026-08-28T09:59:26.9499861Z   Python2_ROOT_DIR: /opt/hostedtoolcache/Python/3.12.14/x64
invalidation-liveness	UNKNOWN STEP	2026-08-28T09:59:26.9500321Z   Python3_ROOT_DIR: /opt/hostedtoolcache/Python/3.12.14/x64
invalidation-liveness	UNKNOWN STEP	2026-08-28T09:59:26.9500711Z   LD_LIBRARY_PATH: /opt/hostedtoolcache/Python/3.12.14/x64/lib
invalidation-liveness	UNKNOWN STEP	2026-08-28T09:59:26.9501058Z ##[endgroup]
invalidation-liveness	UNKNOWN STEP	2026-08-28T09:59:26.9968149Z FAIL evidence-unchecked: evidence/bundle.json: listed in evidence but read by no check
invalidation-liveness	UNKNOWN STEP	2026-08-28T09:59:26.9969683Z structural verification: FAIL — 1 named reason(s) (tamper-check-deleted)
invalidation-liveness	UNKNOWN STEP	2026-08-28T09:59:26.9970664Z   proved offline: manifest schema, artifact presence + sha256, bundle closure,
invalidation-liveness	UNKNOWN STEP	2026-08-28T09:59:26.9971566Z   stated limitations, stamp agreement, declared results recomputed from artifacts.
invalidation-liveness	UNKNOWN STEP	2026-08-28T09:59:26.9972217Z semantic replay: NOT run by this tool. A structural PASS means the bundle is
invalidation-liveness	UNKNOWN STEP	2026-08-28T09:59:26.9972810Z   internally honest, not that the issuer's grader agrees. To re-earn the
invalidation-liveness	UNKNOWN STEP	2026-08-28T09:59:26.9973647Z   verdicts, run the bundle's replay block at the pinned issuer_commit:
invalidation-liveness	UNKNOWN STEP	2026-08-28T09:59:26.9974206Z     $ git clone https://github.com/example/toy-issuer issuer
invalidation-liveness	UNKNOWN STEP	2026-08-28T09:59:26.9974665Z     $ git -C issuer checkout f1e2d3c
invalidation-liveness	UNKNOWN STEP	2026-08-28T09:59:26.9975004Z     $ python -m pip install -e ./issuer
invalidation-liveness	UNKNOWN STEP	2026-08-28T09:59:26.9975720Z     $ python -m toy_issuer.regrade evidence/bundle.json
invalidation-liveness	UNKNOWN STEP	2026-08-28T09:59:26.9976223Z     $ python issuer/audit/run_audit.py --check evidence/results.json
invalidation-liveness	UNKNOWN STEP	2026-08-28T09:59:26.9976769Z     $ python -m toy_issuer.mutrun --check evidence/evalmut_run.json
invalidation-liveness	UNKNOWN STEP	2026-08-28T09:59:26.9977306Z     $ python -m toy_issuer.crashrun --check evidence/eval_run.json
invalidation-liveness	UNKNOWN STEP	2026-08-28T09:59:26.9977838Z     $ python -m toy_issuer.driftboard --check evidence/standings.json
invalidation-liveness	UNKNOWN STEP	2026-08-28T09:59:26.9979269Z     expected: regrade exits 0 reporting 'consistent'; audit, mutrun, crashrun, and driftboard reproduce results.json, evalmut_run.json, eval_run.json, and the drift board artifacts byte-identically at the stamped commit (mutrun exits 1 by design: the toy suite has holes)
invalidation-liveness	UNKNOWN STEP	2026-08-28T09:59:27.0412233Z FAIL raw-aggregate-mismatch: evidence/eval_run.json: case 2 flagged flag contradicts its own passed/truncated pair
invalidation-liveness	UNKNOWN STEP	2026-08-28T09:59:27.0413948Z FAIL raw-aggregate-mismatch: evidence/eval_run.json: metrics.faithfulness declared 0.5, recomputed 0.75
invalidation-liveness	UNKNOWN STEP	2026-08-28T09:59:27.0414906Z FAIL raw-aggregate-mismatch: evidence/eval_run.json: metrics.precision@k declared 0.5, recomputed 0.75
invalidation-liveness	UNKNOWN STEP	2026-08-28T09:59:27.0415966Z FAIL raw-aggregate-mismatch: evidence/eval_run.json: metrics.recall@k declared 0.5, recomputed 0.75
invalidation-liveness	UNKNOWN STEP	2026-08-28T09:59:27.0416890Z FAIL raw-aggregate-mismatch: evidence/eval_run.json: metrics.citation_rate declared 0.5, recomputed 0.75
invalidation-liveness	UNKNOWN STEP	2026-08-28T09:59:27.0417882Z FAIL raw-aggregate-mismatch: evidence/eval_run.json: metrics.vulnerability_score declared 0.4545, recomputed 0.0909
invalidation-liveness	UNKNOWN STEP	2026-08-28T09:59:27.0418912Z FAIL raw-aggregate-mismatch: evidence/eval_run.json: per_kind['prompt-injection'] declared 0.5, recomputed 1.0
invalidation-liveness	UNKNOWN STEP	2026-08-28T09:59:27.0419693Z FAIL summary-mismatch: accuracy: declared 0.5, recomputed 0.75
invalidation-liveness	UNKNOWN STEP	2026-08-28T09:59:27.0420315Z FAIL summary-mismatch: vulnerability_score: declared 0.4545, recomputed 0.0909
invalidation-liveness	UNKNOWN STEP	2026-08-28T09:59:27.0421500Z FAIL summary-outruns-checks: summary.crash_vulnerability: declares 0.4545, no check recomputes it
invalidation-liveness	UNKNOWN STEP	2026-08-28T09:59:27.0422569Z structural verification: FAIL — 10 named reason(s) (tamper-crashkit-case)
invalidation-liveness	UNKNOWN STEP	2026-08-28T09:59:27.0423426Z   proved offline: manifest schema, artifact presence + sha256, bundle closure,
invalidation-liveness	UNKNOWN STEP	2026-08-28T09:59:27.0424161Z   stated limitations, stamp agreement, declared results recomputed from artifacts.
invalidation-liveness	UNKNOWN STEP	2026-08-28T09:59:27.0424869Z semantic replay: NOT run by this tool. A structural PASS means the bundle is
invalidation-liveness	UNKNOWN STEP	2026-08-28T09:59:27.0425534Z   internally honest, not that the issuer's grader agrees. To re-earn the
invalidation-liveness	UNKNOWN STEP	2026-08-28T09:59:27.0426158Z   verdicts, run the bundle's replay block at the pinned issuer_commit:
invalidation-liveness	UNKNOWN STEP	2026-08-28T09:59:27.0426633Z     $ git clone https://github.com/example/toy-issuer issuer
invalidation-liveness	UNKNOWN STEP	2026-08-28T09:59:27.0426986Z     $ git -C issuer checkout f1e2d3c
invalidation-liveness	UNKNOWN STEP	2026-08-28T09:59:27.0427270Z     $ python -m pip install -e ./issuer
invalidation-liveness	UNKNOWN STEP	2026-08-28T09:59:27.0427603Z     $ python -m toy_issuer.regrade evidence/bundle.json
invalidation-liveness	UNKNOWN STEP	2026-08-28T09:59:27.0428002Z     $ python issuer/audit/run_audit.py --check evidence/results.json
invalidation-liveness	UNKNOWN STEP	2026-08-28T09:59:27.0428439Z     $ python -m toy_issuer.mutrun --check evidence/evalmut_run.json
invalidation-liveness	UNKNOWN STEP	2026-08-28T09:59:27.0428856Z     $ python -m toy_issuer.crashrun --check evidence/eval_run.json
invalidation-liveness	UNKNOWN STEP	2026-08-28T09:59:27.0429281Z     $ python -m toy_issuer.driftboard --check evidence/standings.json
invalidation-liveness	UNKNOWN STEP	2026-08-28T09:59:27.0430407Z     expected: regrade exits 0 reporting 'consistent'; audit, mutrun, crashrun, and driftboard reproduce results.json, evalmut_run.json, eval_run.json, and the drift board artifacts byte-identically at the stamped commit (mutrun exits 1 by design: the toy suite has holes)
invalidation-liveness	UNKNOWN STEP	2026-08-28T09:59:27.0868296Z FAIL raw-aggregate-mismatch: evidence/eval_run.json: metrics.vulnerability_score declared 0.0909, recomputed 0.4545
invalidation-liveness	UNKNOWN STEP	2026-08-28T09:59:27.0870338Z structural verification: FAIL — 1 named reason(s) (tamper-crashkit-metrics)
invalidation-liveness	UNKNOWN STEP	2026-08-28T09:59:27.0871535Z   proved offline: manifest schema, artifact presence + sha256, bundle closure,
invalidation-liveness	UNKNOWN STEP	2026-08-28T09:59:27.0872684Z   stated limitations, stamp agreement, declared results recomputed from artifacts.
invalidation-liveness	UNKNOWN STEP	2026-08-28T09:59:27.0874572Z semantic replay: NOT run by this tool. A structural PASS means the bundle is
invalidation-liveness	UNKNOWN STEP	2026-08-28T09:59:27.0875632Z   internally honest, not that the issuer's grader agrees. To re-earn the
invalidation-liveness	UNKNOWN STEP	2026-08-28T09:59:27.0876561Z   verdicts, run the bundle's replay block at the pinned issuer_commit:
invalidation-liveness	UNKNOWN STEP	2026-08-28T09:59:27.0877118Z     $ git clone https://github.com/example/toy-issuer issuer
invalidation-liveness	UNKNOWN STEP	2026-08-28T09:59:27.0877536Z     $ git -C issuer checkout f1e2d3c
invalidation-liveness	UNKNOWN STEP	2026-08-28T09:59:27.0877871Z     $ python -m pip install -e ./issuer
invalidation-liveness	UNKNOWN STEP	2026-08-28T09:59:27.0878253Z     $ python -m toy_issuer.regrade evidence/bundle.json
invalidation-liveness	UNKNOWN STEP	2026-08-28T09:59:27.0878737Z     $ python issuer/audit/run_audit.py --check evidence/results.json
invalidation-liveness	UNKNOWN STEP	2026-08-28T09:59:27.0879274Z     $ python -m toy_issuer.mutrun --check evidence/evalmut_run.json
invalidation-liveness	UNKNOWN STEP	2026-08-28T09:59:27.0879798Z     $ python -m toy_issuer.crashrun --check evidence/eval_run.json
invalidation-liveness	UNKNOWN STEP	2026-08-28T09:59:27.0880320Z     $ python -m toy_issuer.driftboard --check evidence/standings.json
invalidation-liveness	UNKNOWN STEP	2026-08-28T09:59:27.0881720Z     expected: regrade exits 0 reporting 'consistent'; audit, mutrun, crashrun, and driftboard reproduce results.json, evalmut_run.json, eval_run.json, and the drift board artifacts byte-identically at the stamped commit (mutrun exits 1 by design: the toy suite has holes)
invalidation-liveness	UNKNOWN STEP	2026-08-28T09:59:27.1321631Z FAIL artifact-unparsable: evidence/eval_run.json: severity 'Critical', 'Med' outside the profile's frozen table (none/low/med/high/critical)
invalidation-liveness	UNKNOWN STEP	2026-08-28T09:59:27.1323727Z structural verification: FAIL — 1 named reason(s) (tamper-crashkit-severity)
invalidation-liveness	UNKNOWN STEP	2026-08-28T09:59:27.1324752Z   proved offline: manifest schema, artifact presence + sha256, bundle closure,
invalidation-liveness	UNKNOWN STEP	2026-08-28T09:59:27.1325580Z   stated limitations, stamp agreement, declared results recomputed from artifacts.
invalidation-liveness	UNKNOWN STEP	2026-08-28T09:59:27.1326663Z semantic replay: NOT run by this tool. A structural PASS means the bundle is
invalidation-liveness	UNKNOWN STEP	2026-08-28T09:59:27.1327341Z   internally honest, not that the issuer's grader agrees. To re-earn the
invalidation-liveness	UNKNOWN STEP	2026-08-28T09:59:27.1327988Z   verdicts, run the bundle's replay block at the pinned issuer_commit:
invalidation-liveness	UNKNOWN STEP	2026-08-28T09:59:27.1328590Z     $ git clone https://github.com/example/toy-issuer issuer
invalidation-liveness	UNKNOWN STEP	2026-08-28T09:59:27.1329142Z     $ git -C issuer checkout f1e2d3c
invalidation-liveness	UNKNOWN STEP	2026-08-28T09:59:27.1329631Z     $ python -m pip install -e ./issuer
invalidation-liveness	UNKNOWN STEP	2026-08-28T09:59:27.1330076Z     $ python -m toy_issuer.regrade evidence/bundle.json
invalidation-liveness	UNKNOWN STEP	2026-08-28T09:59:27.1330605Z     $ python issuer/audit/run_audit.py --check evidence/results.json
invalidation-liveness	UNKNOWN STEP	2026-08-28T09:59:27.1331182Z     $ python -m toy_issuer.mutrun --check evidence/evalmut_run.json
invalidation-liveness	UNKNOWN STEP	2026-08-28T09:59:27.1331737Z     $ python -m toy_issuer.crashrun --check evidence/eval_run.json
invalidation-liveness	UNKNOWN STEP	2026-08-28T09:59:27.1332303Z     $ python -m toy_issuer.driftboard --check evidence/standings.json
invalidation-liveness	UNKNOWN STEP	2026-08-28T09:59:27.1334188Z     expected: regrade exits 0 reporting 'consistent'; audit, mutrun, crashrun, and driftboard reproduce results.json, evalmut_run.json, eval_run.json, and the drift board artifacts byte-identically at the stamped commit (mutrun exits 1 by design: the toy suite has holes)
invalidation-liveness	UNKNOWN STEP	2026-08-28T09:59:27.1797943Z FAIL draft-incomplete: claim.capability is an unauthored TODO
invalidation-liveness	UNKNOWN STEP	2026-08-28T09:59:27.1799437Z FAIL draft-incomplete: claim.limitations[0] is an unauthored TODO
invalidation-liveness	UNKNOWN STEP	2026-08-28T09:59:27.1800637Z FAIL draft-incomplete: claim.scope is an unauthored TODO
invalidation-liveness	UNKNOWN STEP	2026-08-28T09:59:27.1801798Z FAIL draft-incomplete: protocol.control_policy is an unauthored TODO
invalidation-liveness	UNKNOWN STEP	2026-08-28T09:59:27.1802949Z FAIL draft-incomplete: protocol.grading is an unauthored TODO
invalidation-liveness	UNKNOWN STEP	2026-08-28T09:59:27.1804276Z FAIL draft-incomplete: protocol.hashes.TODO is an unauthored TODO
invalidation-liveness	UNKNOWN STEP	2026-08-28T09:59:27.1805407Z FAIL draft-incomplete: protocol.task is an unauthored TODO
invalidation-liveness	UNKNOWN STEP	2026-08-28T09:59:27.1806168Z FAIL draft-incomplete: replay.commands[2] is an unauthored TODO
invalidation-liveness	UNKNOWN STEP	2026-08-28T09:59:27.1806913Z FAIL draft-incomplete: replay.commands[3] is an unauthored TODO
invalidation-liveness	UNKNOWN STEP	2026-08-28T09:59:27.1807581Z FAIL draft-incomplete: replay.expected is an unauthored TODO
invalidation-liveness	UNKNOWN STEP	2026-08-28T09:59:27.1808629Z FAIL draft-incomplete: results.checks[0].TODO is an unauthored TODO
invalidation-liveness	UNKNOWN STEP	2026-08-28T09:59:27.1809351Z FAIL draft-incomplete: results.checks[0].profile is an unauthored TODO
invalidation-liveness	UNKNOWN STEP	2026-08-28T09:59:27.1810092Z FAIL draft-incomplete: results.summary.TODO is an unauthored TODO
invalidation-liveness	UNKNOWN STEP	2026-08-28T09:59:27.1810720Z FAIL draft-incomplete: subject.id is an unauthored TODO
invalidation-liveness	UNKNOWN STEP	2026-08-28T09:59:27.1811308Z FAIL draft-incomplete: subject.kind is an unauthored TODO
invalidation-liveness	UNKNOWN STEP	2026-08-28T09:59:27.1812002Z FAIL draft-incomplete: subject.version.TODO is an unauthored TODO
invalidation-liveness	UNKNOWN STEP	2026-08-28T09:59:27.1813128Z structural verification: FAIL — 16 named reason(s) (tamper-draft-incomplete)
invalidation-liveness	UNKNOWN STEP	2026-08-28T09:59:27.1814260Z   proved offline: manifest schema, artifact presence + sha256, bundle closure,
invalidation-liveness	UNKNOWN STEP	2026-08-28T09:59:27.1815114Z   stated limitations, stamp agreement, declared results recomputed from artifacts.
invalidation-liveness	UNKNOWN STEP	2026-08-28T09:59:27.1815943Z semantic replay: NOT run by this tool. A structural PASS means the bundle is
invalidation-liveness	UNKNOWN STEP	2026-08-28T09:59:27.1816794Z   internally honest, not that the issuer's grader agrees. To re-earn the
invalidation-liveness	UNKNOWN STEP	2026-08-28T09:59:27.1817590Z   verdicts, run the bundle's replay block at the pinned issuer_commit:
invalidation-liveness	UNKNOWN STEP	2026-08-28T09:59:27.1818338Z     $ git clone https://github.com/example/toy-issuer issuer
invalidation-liveness	UNKNOWN STEP	2026-08-28T09:59:27.1818932Z     $ git -C issuer checkout f1e2d3c
invalidation-liveness	UNKNOWN STEP	2026-08-28T09:59:27.1819740Z     $ TODO(replay.commands): install, then run the issuer's deterministic regrader/audit over this bundle's artifacts
invalidation-liveness	UNKNOWN STEP	2026-08-28T09:59:27.1821033Z     $ TODO(replay.commands): byte-compare the regraded output against the committed artifacts; nonzero on any difference
invalidation-liveness	UNKNOWN STEP	2026-08-28T09:59:27.1822327Z     expected: TODO(replay.expected): the exact outcome — exit code and report text
invalidation-liveness	UNKNOWN STEP	2026-08-28T09:59:27.2282890Z FAIL empty-limitations
invalidation-liveness	UNKNOWN STEP	2026-08-28T09:59:27.2284307Z structural verification: FAIL — 1 named reason(s) (tamper-empty-limitations)
invalidation-liveness	UNKNOWN STEP	2026-08-28T09:59:27.2285683Z   proved offline: manifest schema, artifact presence + sha256, bundle closure,
invalidation-liveness	UNKNOWN STEP	2026-08-28T09:59:27.2286685Z   stated limitations, stamp agreement, declared results recomputed from artifacts.
invalidation-liveness	UNKNOWN STEP	2026-08-28T09:59:27.2287633Z semantic replay: NOT run by this tool. A structural PASS means the bundle is
invalidation-liveness	UNKNOWN STEP	2026-08-28T09:59:27.2288467Z   internally honest, not that the issuer's grader agrees. To re-earn the
invalidation-liveness	UNKNOWN STEP	2026-08-28T09:59:27.2289295Z   verdicts, run the bundle's replay block at the pinned issuer_commit:
invalidation-liveness	UNKNOWN STEP	2026-08-28T09:59:27.2290092Z     $ git clone https://github.com/example/toy-issuer issuer
invalidation-liveness	UNKNOWN STEP	2026-08-28T09:59:27.2290705Z     $ git -C issuer checkout f1e2d3c
invalidation-liveness	UNKNOWN STEP	2026-08-28T09:59:27.2291217Z     $ python -m pip install -e ./issuer
invalidation-liveness	UNKNOWN STEP	2026-08-28T09:59:27.2291798Z     $ python -m toy_issuer.regrade evidence/bundle.json
invalidation-liveness	UNKNOWN STEP	2026-08-28T09:59:27.2292407Z     $ python issuer/audit/run_audit.py --check evidence/results.json
invalidation-liveness	UNKNOWN STEP	2026-08-28T09:59:27.2293065Z     $ python -m toy_issuer.mutrun --check evidence/evalmut_run.json
invalidation-liveness	UNKNOWN STEP	2026-08-28T09:59:27.2293978Z     $ python -m toy_issuer.crashrun --check evidence/eval_run.json
invalidation-liveness	UNKNOWN STEP	2026-08-28T09:59:27.2294662Z     $ python -m toy_issuer.driftboard --check evidence/standings.json
invalidation-liveness	UNKNOWN STEP	2026-08-28T09:59:27.2296432Z     expected: regrade exits 0 reporting 'consistent'; audit, mutrun, crashrun, and driftboard reproduce results.json, evalmut_run.json, eval_run.json, and the drift board artifacts byte-identically at the stamped commit (mutrun exits 1 by design: the toy suite has holes)
invalidation-liveness	UNKNOWN STEP	2026-08-28T09:59:27.2763764Z FAIL raw-aggregate-mismatch: evidence/evalmut_run.json: tally.caught declared 4, recomputed 5
invalidation-liveness	UNKNOWN STEP	2026-08-28T09:59:27.2765122Z FAIL raw-aggregate-mismatch: evidence/evalmut_run.json: tally.missed declared 2, recomputed 1
invalidation-liveness	UNKNOWN STEP	2026-08-28T09:59:27.2766284Z FAIL raw-aggregate-mismatch: evidence/evalmut_run.json: score declared 0.5714285714285714, recomputed 0.7142857142857143
invalidation-liveness	UNKNOWN STEP	2026-08-28T09:59:27.2767612Z FAIL raw-aggregate-mismatch: evidence/evalmut_run.json: holes.blind does not recompute from the rows (declared 1, recomputed 0)
invalidation-liveness	UNKNOWN STEP	2026-08-28T09:59:27.2768559Z FAIL summary-mismatch: blind: declared 1, recomputed 0
invalidation-liveness	UNKNOWN STEP	2026-08-28T09:59:27.2769511Z FAIL summary-mismatch: caught: declared 4, recomputed 5
invalidation-liveness	UNKNOWN STEP	2026-08-28T09:59:27.2770098Z FAIL summary-mismatch: missed: declared 2, recomputed 1
invalidation-liveness	UNKNOWN STEP	2026-08-28T09:59:27.2770696Z FAIL summary-mismatch: score_3: declared 0.571, recomputed 0.714
invalidation-liveness	UNKNOWN STEP	2026-08-28T09:59:27.2771506Z FAIL summary-outruns-checks: summary.mutation_score_3: declares 0.571, no check recomputes it
invalidation-liveness	UNKNOWN STEP	2026-08-28T09:59:27.2772673Z structural verification: FAIL — 9 named reason(s) (tamper-evalmut-rows)
invalidation-liveness	UNKNOWN STEP	2026-08-28T09:59:27.2773692Z   proved offline: manifest schema, artifact presence + sha256, bundle closure,
invalidation-liveness	UNKNOWN STEP	2026-08-28T09:59:27.2774580Z   stated limitations, stamp agreement, declared results recomputed from artifacts.
invalidation-liveness	UNKNOWN STEP	2026-08-28T09:59:27.2775404Z semantic replay: NOT run by this tool. A structural PASS means the bundle is
invalidation-liveness	UNKNOWN STEP	2026-08-28T09:59:27.2776153Z   internally honest, not that the issuer's grader agrees. To re-earn the
invalidation-liveness	UNKNOWN STEP	2026-08-28T09:59:27.2776880Z   verdicts, run the bundle's replay block at the pinned issuer_commit:
invalidation-liveness	UNKNOWN STEP	2026-08-28T09:59:27.2777581Z     $ git clone https://github.com/example/toy-issuer issuer
invalidation-liveness	UNKNOWN STEP	2026-08-28T09:59:27.2778180Z     $ git -C issuer checkout f1e2d3c
invalidation-liveness	UNKNOWN STEP	2026-08-28T09:59:27.2778597Z     $ python -m pip install -e ./issuer
invalidation-liveness	UNKNOWN STEP	2026-08-28T09:59:27.2779081Z     $ python -m toy_issuer.regrade evidence/bundle.json
invalidation-liveness	UNKNOWN STEP	2026-08-28T09:59:27.2779689Z     $ python issuer/audit/run_audit.py --check evidence/results.json
invalidation-liveness	UNKNOWN STEP	2026-08-28T09:59:27.2780359Z     $ python -m toy_issuer.mutrun --check evidence/evalmut_run.json
invalidation-liveness	UNKNOWN STEP	2026-08-28T09:59:27.2781106Z     $ python -m toy_issuer.crashrun --check evidence/eval_run.json
invalidation-liveness	UNKNOWN STEP	2026-08-28T09:59:27.2781822Z     $ python -m toy_issuer.driftboard --check evidence/standings.json
invalidation-liveness	UNKNOWN STEP	2026-08-28T09:59:27.2784062Z     expected: regrade exits 0 reporting 'consistent'; audit, mutrun, crashrun, and driftboard reproduce results.json, evalmut_run.json, eval_run.json, and the drift board artifacts byte-identically at the stamped commit (mutrun exits 1 by design: the toy suite has holes)
invalidation-liveness	UNKNOWN STEP	2026-08-28T09:59:27.3224976Z FAIL raw-aggregate-mismatch: evidence/evalmut_run.json: tally.caught declared 5, recomputed 4
invalidation-liveness	UNKNOWN STEP	2026-08-28T09:59:27.3226389Z structural verification: FAIL — 1 named reason(s) (tamper-evalmut-summary)
invalidation-liveness	UNKNOWN STEP	2026-08-28T09:59:27.3227231Z   proved offline: manifest schema, artifact presence + sha256, bundle closure,
invalidation-liveness	UNKNOWN STEP	2026-08-28T09:59:27.3228062Z   stated limitations, stamp agreement, declared results recomputed from artifacts.
invalidation-liveness	UNKNOWN STEP	2026-08-28T09:59:27.3228871Z semantic replay: NOT run by this tool. A structural PASS means the bundle is
invalidation-liveness	UNKNOWN STEP	2026-08-28T09:59:27.3229623Z   internally honest, not that the issuer's grader agrees. To re-earn the
invalidation-liveness	UNKNOWN STEP	2026-08-28T09:59:27.3230343Z   verdicts, run the bundle's replay block at the pinned issuer_commit:
invalidation-liveness	UNKNOWN STEP	2026-08-28T09:59:27.3231010Z     $ git clone https://github.com/example/toy-issuer issuer
invalidation-liveness	UNKNOWN STEP	2026-08-28T09:59:27.3231523Z     $ git -C issuer checkout f1e2d3c
invalidation-liveness	UNKNOWN STEP	2026-08-28T09:59:27.3231958Z     $ python -m pip install -e ./issuer
invalidation-liveness	UNKNOWN STEP	2026-08-28T09:59:27.3232442Z     $ python -m toy_issuer.regrade evidence/bundle.json
invalidation-liveness	UNKNOWN STEP	2026-08-28T09:59:27.3233041Z     $ python issuer/audit/run_audit.py --check evidence/results.json
invalidation-liveness	UNKNOWN STEP	2026-08-28T09:59:27.3233946Z     $ python -m toy_issuer.mutrun --check evidence/evalmut_run.json
invalidation-liveness	UNKNOWN STEP	2026-08-28T09:59:27.3234658Z     $ python -m toy_issuer.crashrun --check evidence/eval_run.json
invalidation-liveness	UNKNOWN STEP	2026-08-28T09:59:27.3235420Z     $ python -m toy_issuer.driftboard --check evidence/standings.json
invalidation-liveness	UNKNOWN STEP	2026-08-28T09:59:27.3237396Z     expected: regrade exits 0 reporting 'consistent'; audit, mutrun, crashrun, and driftboard reproduce results.json, evalmut_run.json, eval_run.json, and the drift board artifacts byte-identically at the stamped commit (mutrun exits 1 by design: the toy suite has holes)
invalidation-liveness	UNKNOWN STEP	2026-08-28T09:59:27.3690480Z FAIL missing-artifact: evidence/bundle.json
invalidation-liveness	UNKNOWN STEP	2026-08-28T09:59:27.3691573Z structural verification: FAIL — 1 named reason(s) (tamper-missing-artifact)
invalidation-liveness	UNKNOWN STEP	2026-08-28T09:59:27.3692462Z   proved offline: manifest schema, artifact presence + sha256, bundle closure,
invalidation-liveness	UNKNOWN STEP	2026-08-28T09:59:27.3693520Z   stated limitations, stamp agreement, declared results recomputed from artifacts.
invalidation-liveness	UNKNOWN STEP	2026-08-28T09:59:27.3694693Z semantic replay: NOT run by this tool. A structural PASS means the bundle is
invalidation-liveness	UNKNOWN STEP	2026-08-28T09:59:27.3695444Z   internally honest, not that the issuer's grader agrees. To re-earn the
invalidation-liveness	UNKNOWN STEP	2026-08-28T09:59:27.3696162Z   verdicts, run the bundle's replay block at the pinned issuer_commit:
invalidation-liveness	UNKNOWN STEP	2026-08-28T09:59:27.3696842Z     $ git clone https://github.com/example/toy-issuer issuer
invalidation-liveness	UNKNOWN STEP	2026-08-28T09:59:27.3697372Z     $ git -C issuer checkout f1e2d3c
invalidation-liveness	UNKNOWN STEP	2026-08-28T09:59:27.3697792Z     $ python -m pip install -e ./issuer
invalidation-liveness	UNKNOWN STEP	2026-08-28T09:59:27.3698297Z     $ python -m toy_issuer.regrade evidence/bundle.json
invalidation-liveness	UNKNOWN STEP	2026-08-28T09:59:27.3698905Z     $ python issuer/audit/run_audit.py --check evidence/results.json
invalidation-liveness	UNKNOWN STEP	2026-08-28T09:59:27.3699642Z     $ python -m toy_issuer.mutrun --check evidence/evalmut_run.json
invalidation-liveness	UNKNOWN STEP	2026-08-28T09:59:27.3700473Z     $ python -m toy_issuer.crashrun --check evidence/eval_run.json
invalidation-liveness	UNKNOWN STEP	2026-08-28T09:59:27.3701230Z     $ python -m toy_issuer.driftboard --check evidence/standings.json
invalidation-liveness	UNKNOWN STEP	2026-08-28T09:59:27.3703482Z     expected: regrade exits 0 reporting 'consistent'; audit, mutrun, crashrun, and driftboard reproduce results.json, evalmut_run.json, eval_run.json, and the drift board artifacts byte-identically at the stamped commit (mutrun exits 1 by design: the toy suite has holes)
invalidation-liveness	UNKNOWN STEP	2026-08-28T09:59:27.4143570Z FAIL missing-issuer-commit
invalidation-liveness	UNKNOWN STEP	2026-08-28T09:59:27.4145012Z structural verification: FAIL — 1 named reason(s) (tamper-missing-issuer-commit)
invalidation-liveness	UNKNOWN STEP	2026-08-28T09:59:27.4145895Z   proved offline: manifest schema, artifact presence + sha256, bundle closure,
invalidation-liveness	UNKNOWN STEP	2026-08-28T09:59:27.4146736Z   stated limitations, stamp agreement, declared results recomputed from artifacts.
invalidation-liveness	UNKNOWN STEP	2026-08-28T09:59:27.4147550Z semantic replay: NOT run by this tool. A structural PASS means the bundle is
invalidation-liveness	UNKNOWN STEP	2026-08-28T09:59:27.4148791Z   internally honest, not that the issuer's grader agrees. To re-earn the
invalidation-liveness	UNKNOWN STEP	2026-08-28T09:59:27.4149531Z   verdicts, run the bundle's replay block at the pinned issuer_commit:
invalidation-liveness	UNKNOWN STEP	2026-08-28T09:59:27.4150239Z     $ git clone https://github.com/example/toy-issuer issuer
invalidation-liveness	UNKNOWN STEP	2026-08-28T09:59:27.4150772Z     $ git -C issuer checkout f1e2d3c
invalidation-liveness	UNKNOWN STEP	2026-08-28T09:59:27.4151229Z     $ python -m pip install -e ./issuer
invalidation-liveness	UNKNOWN STEP	2026-08-28T09:59:27.4151776Z     $ python -m toy_issuer.regrade evidence/bundle.json
invalidation-liveness	UNKNOWN STEP	2026-08-28T09:59:27.4152469Z     $ python issuer/audit/run_audit.py --check evidence/results.json
invalidation-liveness	UNKNOWN STEP	2026-08-28T09:59:27.4153458Z     $ python -m toy_issuer.mutrun --check evidence/evalmut_run.json
invalidation-liveness	UNKNOWN STEP	2026-08-28T09:59:27.4154229Z     $ python -m toy_issuer.crashrun --check evidence/eval_run.json
invalidation-liveness	UNKNOWN STEP	2026-08-28T09:59:27.4154991Z     $ python -m toy_issuer.driftboard --check evidence/standings.json
invalidation-liveness	UNKNOWN STEP	2026-08-28T09:59:27.4156992Z     expected: regrade exits 0 reporting 'consistent'; audit, mutrun, crashrun, and driftboard reproduce results.json, evalmut_run.json, eval_run.json, and the drift board artifacts byte-identically at the stamped commit (mutrun exits 1 by design: the toy suite has holes)
invalidation-liveness	UNKNOWN STEP	2026-08-28T09:59:27.4600332Z FAIL raw-aggregate-mismatch: evidence/standings.json: alpha:a1: acc declared 0.5, recomputed 0.75
invalidation-liveness	UNKNOWN STEP	2026-08-28T09:59:27.4601565Z FAIL raw-aggregate-mismatch: evidence/standings.json: alpha:a1: delta declared -0.25, recomputed 0.0
invalidation-liveness	UNKNOWN STEP	2026-08-28T09:59:27.4602740Z FAIL raw-aggregate-mismatch: evidence/standings.json: alpha:a1: verdict declared 'regressed', recomputed 'unchanged'
invalidation-liveness	UNKNOWN STEP	2026-08-28T09:59:27.4604259Z FAIL raw-aggregate-mismatch: evidence/RESULTS.md: does not re-render byte-identically from the recomputed standings rows
invalidation-liveness	UNKNOWN STEP	2026-08-28T09:59:27.4605216Z FAIL summary-mismatch: regressed: declared 1, recomputed 0
invalidation-liveness	UNKNOWN STEP	2026-08-28T09:59:27.4605823Z FAIL summary-mismatch: unchanged: declared 1, recomputed 2
invalidation-liveness	UNKNOWN STEP	2026-08-28T09:59:27.4606575Z FAIL summary-outruns-checks: summary.drift.regressed: declares 1, recomputation gives 0
invalidation-liveness	UNKNOWN STEP	2026-08-28T09:59:27.4607804Z structural verification: FAIL — 7 named reason(s) (tamper-modeldrift-rows)
invalidation-liveness	UNKNOWN STEP	2026-08-28T09:59:27.4608712Z   proved offline: manifest schema, artifact presence + sha256, bundle closure,
invalidation-liveness	UNKNOWN STEP	2026-08-28T09:59:27.4610078Z   stated limitations, stamp agreement, declared results recomputed from artifacts.
invalidation-liveness	UNKNOWN STEP	2026-08-28T09:59:27.4611003Z semantic replay: NOT run by this tool. A structural PASS means the bundle is
invalidation-liveness	UNKNOWN STEP	2026-08-28T09:59:27.4611860Z   internally honest, not that the issuer's grader agrees. To re-earn the
invalidation-liveness	UNKNOWN STEP	2026-08-28T09:59:27.4612652Z   verdicts, run the bundle's replay block at the pinned issuer_commit:
invalidation-liveness	UNKNOWN STEP	2026-08-28T09:59:27.4613614Z     $ git clone https://github.com/example/toy-issuer issuer
invalidation-liveness	UNKNOWN STEP	2026-08-28T09:59:27.4614196Z     $ git -C issuer checkout f1e2d3c
invalidation-liveness	UNKNOWN STEP	2026-08-28T09:59:27.4614593Z     $ python -m pip install -e ./issuer
invalidation-liveness	UNKNOWN STEP	2026-08-28T09:59:27.4615122Z     $ python -m toy_issuer.regrade evidence/bundle.json
invalidation-liveness	UNKNOWN STEP	2026-08-28T09:59:27.4615824Z     $ python issuer/audit/run_audit.py --check evidence/results.json
invalidation-liveness	UNKNOWN STEP	2026-08-28T09:59:27.4616589Z     $ python -m toy_issuer.mutrun --check evidence/evalmut_run.json
invalidation-liveness	UNKNOWN STEP	2026-08-28T09:59:27.4617334Z     $ python -m toy_issuer.crashrun --check evidence/eval_run.json
invalidation-liveness	UNKNOWN STEP	2026-08-28T09:59:27.4618088Z     $ python -m toy_issuer.driftboard --check evidence/standings.json
invalidation-liveness	UNKNOWN STEP	2026-08-28T09:59:27.4620087Z     expected: regrade exits 0 reporting 'consistent'; audit, mutrun, crashrun, and driftboard reproduce results.json, evalmut_run.json, eval_run.json, and the drift board artifacts byte-identically at the stamped commit (mutrun exits 1 by design: the toy suite has holes)
invalidation-liveness	UNKNOWN STEP	2026-08-28T09:59:27.5046189Z FAIL raw-aggregate-mismatch: evidence/standings.json: alpha:a1: delta declared 0.0, recomputed -0.25
invalidation-liveness	UNKNOWN STEP	2026-08-28T09:59:27.5047249Z FAIL raw-aggregate-mismatch: evidence/standings.json: alpha:a1: verdict declared 'unchanged', recomputed 'regressed'
invalidation-liveness	UNKNOWN STEP	2026-08-28T09:59:27.5048350Z structural verification: FAIL — 2 named reason(s) (tamper-modeldrift-standings)
invalidation-liveness	UNKNOWN STEP	2026-08-28T09:59:27.5049031Z   proved offline: manifest schema, artifact presence + sha256, bundle closure,
invalidation-liveness	UNKNOWN STEP	2026-08-28T09:59:27.5050053Z   stated limitations, stamp agreement, declared results recomputed from artifacts.
invalidation-liveness	UNKNOWN STEP	2026-08-28T09:59:27.5050757Z semantic replay: NOT run by this tool. A structural PASS means the bundle is
invalidation-liveness	UNKNOWN STEP	2026-08-28T09:59:27.5051366Z   internally honest, not that the issuer's grader agrees. To re-earn the
invalidation-liveness	UNKNOWN STEP	2026-08-28T09:59:27.5051928Z   verdicts, run the bundle's replay block at the pinned issuer_commit:
invalidation-liveness	UNKNOWN STEP	2026-08-28T09:59:27.5052473Z     $ git clone https://github.com/example/toy-issuer issuer
invalidation-liveness	UNKNOWN STEP	2026-08-28T09:59:27.5052896Z     $ git -C issuer checkout f1e2d3c
invalidation-liveness	UNKNOWN STEP	2026-08-28T09:59:27.5053620Z     $ python -m pip install -e ./issuer
invalidation-liveness	UNKNOWN STEP	2026-08-28T09:59:27.5054121Z     $ python -m toy_issuer.regrade evidence/bundle.json
invalidation-liveness	UNKNOWN STEP	2026-08-28T09:59:27.5054634Z     $ python issuer/audit/run_audit.py --check evidence/results.json
invalidation-liveness	UNKNOWN STEP	2026-08-28T09:59:27.5055195Z     $ python -m toy_issuer.mutrun --check evidence/evalmut_run.json
invalidation-liveness	UNKNOWN STEP	2026-08-28T09:59:27.5055745Z     $ python -m toy_issuer.crashrun --check evidence/eval_run.json
invalidation-liveness	UNKNOWN STEP	2026-08-28T09:59:27.5056307Z     $ python -m toy_issuer.driftboard --check evidence/standings.json
invalidation-liveness	UNKNOWN STEP	2026-08-28T09:59:27.5057810Z     expected: regrade exits 0 reporting 'consistent'; audit, mutrun, crashrun, and driftboard reproduce results.json, evalmut_run.json, eval_run.json, and the drift board artifacts byte-identically at the stamped commit (mutrun exits 1 by design: the toy suite has holes)
invalidation-liveness	UNKNOWN STEP	2026-08-28T09:59:27.5500107Z FAIL raw-aggregate-mismatch: toy-suite/toy-defect-b: detected declared 3, recomputed 2
invalidation-liveness	UNKNOWN STEP	2026-08-28T09:59:27.5501033Z FAIL raw-aggregate-mismatch: toy-suite/toy-defect-b: detection_rate declared 0.75, recomputed 0.5
invalidation-liveness	UNKNOWN STEP	2026-08-28T09:59:27.5502082Z structural verification: FAIL — 2 named reason(s) (tamper-raw-aggregate)
invalidation-liveness	UNKNOWN STEP	2026-08-28T09:59:27.5502772Z   proved offline: manifest schema, artifact presence + sha256, bundle closure,
invalidation-liveness	UNKNOWN STEP	2026-08-28T09:59:27.5503961Z   stated limitations, stamp agreement, declared results recomputed from artifacts.
invalidation-liveness	UNKNOWN STEP	2026-08-28T09:59:27.5504731Z semantic replay: NOT run by this tool. A structural PASS means the bundle is
invalidation-liveness	UNKNOWN STEP	2026-08-28T09:59:27.5505399Z   internally honest, not that the issuer's grader agrees. To re-earn the
invalidation-liveness	UNKNOWN STEP	2026-08-28T09:59:27.5506354Z   verdicts, run the bundle's replay block at the pinned issuer_commit:
invalidation-liveness	UNKNOWN STEP	2026-08-28T09:59:27.5506937Z     $ git clone https://github.com/example/toy-issuer issuer
invalidation-liveness	UNKNOWN STEP	2026-08-28T09:59:27.5507385Z     $ git -C issuer checkout f1e2d3c
invalidation-liveness	UNKNOWN STEP	2026-08-28T09:59:27.5507747Z     $ python -m pip install -e ./issuer
invalidation-liveness	UNKNOWN STEP	2026-08-28T09:59:27.5508171Z     $ python -m toy_issuer.regrade evidence/bundle.json
invalidation-liveness	UNKNOWN STEP	2026-08-28T09:59:27.5508692Z     $ python issuer/audit/run_audit.py --check evidence/results.json
invalidation-liveness	UNKNOWN STEP	2026-08-28T09:59:27.5509269Z     $ python -m toy_issuer.mutrun --check evidence/evalmut_run.json
invalidation-liveness	UNKNOWN STEP	2026-08-28T09:59:27.5509829Z     $ python -m toy_issuer.crashrun --check evidence/eval_run.json
invalidation-liveness	UNKNOWN STEP	2026-08-28T09:59:27.5510391Z     $ python -m toy_issuer.driftboard --check evidence/standings.json
invalidation-liveness	UNKNOWN STEP	2026-08-28T09:59:27.5511947Z     expected: regrade exits 0 reporting 'consistent'; audit, mutrun, crashrun, and driftboard reproduce results.json, evalmut_run.json, eval_run.json, and the drift board artifacts byte-identically at the stamped commit (mutrun exits 1 by design: the toy suite has holes)
invalidation-liveness	UNKNOWN STEP	2026-08-28T09:59:27.5950880Z FAIL stamp-mismatch: taskset_hash: named by protocol.hashes but absent from evidence/bundle.json
invalidation-liveness	UNKNOWN STEP	2026-08-28T09:59:27.5952153Z FAIL stamp-mismatch: prompt_hash: named by protocol.hashes but absent from evidence/bundle.json
invalidation-liveness	UNKNOWN STEP	2026-08-28T09:59:27.5953731Z FAIL stamp-mismatch: harness_commit: protocol declares issuer_commit but evidence/bundle.json carries no harness_commit
invalidation-liveness	UNKNOWN STEP	2026-08-28T09:59:27.5955247Z structural verification: FAIL — 3 named reason(s) (tamper-stamp-deleted)
invalidation-liveness	UNKNOWN STEP	2026-08-28T09:59:27.5956325Z   proved offline: manifest schema, artifact presence + sha256, bundle closure,
invalidation-liveness	UNKNOWN STEP	2026-08-28T09:59:27.5957415Z   stated limitations, stamp agreement, declared results recomputed from artifacts.
invalidation-liveness	UNKNOWN STEP	2026-08-28T09:59:27.5958687Z semantic replay: NOT run by this tool. A structural PASS means the bundle is
invalidation-liveness	UNKNOWN STEP	2026-08-28T09:59:27.5959358Z   internally honest, not that the issuer's grader agrees. To re-earn the
invalidation-liveness	UNKNOWN STEP	2026-08-28T09:59:27.5959955Z   verdicts, run the bundle's replay block at the pinned issuer_commit:
invalidation-liveness	UNKNOWN STEP	2026-08-28T09:59:27.5960491Z     $ git clone https://github.com/example/toy-issuer issuer
invalidation-liveness	UNKNOWN STEP	2026-08-28T09:59:27.5960903Z     $ git -C issuer checkout f1e2d3c
invalidation-liveness	UNKNOWN STEP	2026-08-28T09:59:27.5961230Z     $ python -m pip install -e ./issuer
invalidation-liveness	UNKNOWN STEP	2026-08-28T09:59:27.5961612Z     $ python -m toy_issuer.regrade evidence/bundle.json
invalidation-liveness	UNKNOWN STEP	2026-08-28T09:59:27.5962091Z     $ python issuer/audit/run_audit.py --check evidence/results.json
invalidation-liveness	UNKNOWN STEP	2026-08-28T09:59:27.5962615Z     $ python -m toy_issuer.mutrun --check evidence/evalmut_run.json
invalidation-liveness	UNKNOWN STEP	2026-08-28T09:59:27.5963118Z     $ python -m toy_issuer.crashrun --check evidence/eval_run.json
invalidation-liveness	UNKNOWN STEP	2026-08-28T09:59:27.5963881Z     $ python -m toy_issuer.driftboard --check evidence/standings.json
invalidation-liveness	UNKNOWN STEP	2026-08-28T09:59:27.5965301Z     expected: regrade exits 0 reporting 'consistent'; audit, mutrun, crashrun, and driftboard reproduce results.json, evalmut_run.json, eval_run.json, and the drift board artifacts byte-identically at the stamped commit (mutrun exits 1 by design: the toy suite has holes)
invalidation-liveness	UNKNOWN STEP	2026-08-28T09:59:27.6408645Z FAIL summary-outruns-checks: summary.fixed: declares 3, recomputation gives 2
invalidation-liveness	UNKNOWN STEP	2026-08-28T09:59:27.6409739Z structural verification: FAIL — 1 named reason(s) (tamper-summary-fixed)
invalidation-liveness	UNKNOWN STEP	2026-08-28T09:59:27.6410443Z   proved offline: manifest schema, artifact presence + sha256, bundle closure,
invalidation-liveness	UNKNOWN STEP	2026-08-28T09:59:27.6411145Z   stated limitations, stamp agreement, declared results recomputed from artifacts.
invalidation-liveness	UNKNOWN STEP	2026-08-28T09:59:27.6411848Z semantic replay: NOT run by this tool. A structural PASS means the bundle is
invalidation-liveness	UNKNOWN STEP	2026-08-28T09:59:27.6412490Z   internally honest, not that the issuer's grader agrees. To re-earn the
invalidation-liveness	UNKNOWN STEP	2026-08-28T09:59:27.6413091Z   verdicts, run the bundle's replay block at the pinned issuer_commit:
invalidation-liveness	UNKNOWN STEP	2026-08-28T09:59:27.6414009Z     $ git clone https://github.com/example/toy-issuer issuer
invalidation-liveness	UNKNOWN STEP	2026-08-28T09:59:27.6414462Z     $ git -C issuer checkout f1e2d3c
invalidation-liveness	UNKNOWN STEP	2026-08-28T09:59:27.6414819Z     $ python -m pip install -e ./issuer
invalidation-liveness	UNKNOWN STEP	2026-08-28T09:59:27.6415610Z     $ python -m toy_issuer.regrade evidence/bundle.json
invalidation-liveness	UNKNOWN STEP	2026-08-28T09:59:27.6416143Z     $ python issuer/audit/run_audit.py --check evidence/results.json
invalidation-liveness	UNKNOWN STEP	2026-08-28T09:59:27.6416767Z     $ python -m toy_issuer.mutrun --check evidence/evalmut_run.json
invalidation-liveness	UNKNOWN STEP	2026-08-28T09:59:27.6417275Z     $ python -m toy_issuer.crashrun --check evidence/eval_run.json
invalidation-liveness	UNKNOWN STEP	2026-08-28T09:59:27.6417786Z     $ python -m toy_issuer.driftboard --check evidence/standings.json
invalidation-liveness	UNKNOWN STEP	2026-08-28T09:59:27.6419188Z     expected: regrade exits 0 reporting 'consistent'; audit, mutrun, crashrun, and driftboard reproduce results.json, evalmut_run.json, eval_run.json, and the drift board artifacts byte-identically at the stamped commit (mutrun exits 1 by design: the toy suite has holes)
invalidation-liveness	UNKNOWN STEP	2026-08-28T09:59:27.6858432Z FAIL summary-outruns-checks: summary.detection_rate_min: declares 0.9, no check recomputes it
invalidation-liveness	UNKNOWN STEP	2026-08-28T09:59:27.6859472Z structural verification: FAIL — 1 named reason(s) (tamper-summary-rate)
invalidation-liveness	UNKNOWN STEP	2026-08-28T09:59:27.6860105Z   proved offline: manifest schema, artifact presence + sha256, bundle closure,
invalidation-liveness	UNKNOWN STEP	2026-08-28T09:59:27.6860754Z   stated limitations, stamp agreement, declared results recomputed from artifacts.
invalidation-liveness	UNKNOWN STEP	2026-08-28T09:59:27.6861387Z semantic replay: NOT run by this tool. A structural PASS means the bundle is
invalidation-liveness	UNKNOWN STEP	2026-08-28T09:59:27.6861971Z   internally honest, not that the issuer's grader agrees. To re-earn the
invalidation-liveness	UNKNOWN STEP	2026-08-28T09:59:27.6862524Z   verdicts, run the bundle's replay block at the pinned issuer_commit:
invalidation-liveness	UNKNOWN STEP	2026-08-28T09:59:27.6863037Z     $ git clone https://github.com/example/toy-issuer issuer
invalidation-liveness	UNKNOWN STEP	2026-08-28T09:59:27.6863658Z     $ git -C issuer checkout f1e2d3c
invalidation-liveness	UNKNOWN STEP	2026-08-28T09:59:27.6863981Z     $ python -m pip install -e ./issuer
invalidation-liveness	UNKNOWN STEP	2026-08-28T09:59:27.6864352Z     $ python -m toy_issuer.regrade evidence/bundle.json
invalidation-liveness	UNKNOWN STEP	2026-08-28T09:59:27.6865131Z     $ python issuer/audit/run_audit.py --check evidence/results.json
invalidation-liveness	UNKNOWN STEP	2026-08-28T09:59:27.6865681Z     $ python -m toy_issuer.mutrun --check evidence/evalmut_run.json
invalidation-liveness	UNKNOWN STEP	2026-08-28T09:59:27.6866200Z     $ python -m toy_issuer.crashrun --check evidence/eval_run.json
invalidation-liveness	UNKNOWN STEP	2026-08-28T09:59:27.6866711Z     $ python -m toy_issuer.driftboard --check evidence/standings.json
invalidation-liveness	UNKNOWN STEP	2026-08-28T09:59:27.6868110Z     expected: regrade exits 0 reporting 'consistent'; audit, mutrun, crashrun, and driftboard reproduce results.json, evalmut_run.json, eval_run.json, and the drift board artifacts byte-identically at the stamped commit (mutrun exits 1 by design: the toy suite has holes)
invalidation-liveness	UNKNOWN STEP	2026-08-28T09:59:27.7312812Z FAIL summary-outruns-checks: summary.mutation_score_3: declares 0.714, no check recomputes it
invalidation-liveness	UNKNOWN STEP	2026-08-28T09:59:27.7314615Z structural verification: FAIL — 1 named reason(s) (tamper-summary-score)
invalidation-liveness	UNKNOWN STEP	2026-08-28T09:59:27.7315516Z   proved offline: manifest schema, artifact presence + sha256, bundle closure,
invalidation-liveness	UNKNOWN STEP	2026-08-28T09:59:27.7316427Z   stated limitations, stamp agreement, declared results recomputed from artifacts.
invalidation-liveness	UNKNOWN STEP	2026-08-28T09:59:27.7317254Z semantic replay: NOT run by this tool. A structural PASS means the bundle is
invalidation-liveness	UNKNOWN STEP	2026-08-28T09:59:27.7318027Z   internally honest, not that the issuer's grader agrees. To re-earn the
invalidation-liveness	UNKNOWN STEP	2026-08-28T09:59:27.7318775Z   verdicts, run the bundle's replay block at the pinned issuer_commit:
invalidation-liveness	UNKNOWN STEP	2026-08-28T09:59:27.7319439Z     $ git clone https://github.com/example/toy-issuer issuer
invalidation-liveness	UNKNOWN STEP	2026-08-28T09:59:27.7319961Z     $ git -C issuer checkout f1e2d3c
invalidation-liveness	UNKNOWN STEP	2026-08-28T09:59:27.7320375Z     $ python -m pip install -e ./issuer
invalidation-liveness	UNKNOWN STEP	2026-08-28T09:59:27.7320847Z     $ python -m toy_issuer.regrade evidence/bundle.json
invalidation-liveness	UNKNOWN STEP	2026-08-28T09:59:27.7321448Z     $ python issuer/audit/run_audit.py --check evidence/results.json
invalidation-liveness	UNKNOWN STEP	2026-08-28T09:59:27.7322097Z     $ python -m toy_issuer.mutrun --check evidence/evalmut_run.json
invalidation-liveness	UNKNOWN STEP	2026-08-28T09:59:27.7322721Z     $ python -m toy_issuer.crashrun --check evidence/eval_run.json
invalidation-liveness	UNKNOWN STEP	2026-08-28T09:59:27.7323591Z     $ python -m toy_issuer.driftboard --check evidence/standings.json
invalidation-liveness	UNKNOWN STEP	2026-08-28T09:59:27.7325444Z     expected: regrade exits 0 reporting 'consistent'; audit, mutrun, crashrun, and driftboard reproduce results.json, evalmut_run.json, eval_run.json, and the drift board artifacts byte-identically at the stamped commit (mutrun exits 1 by design: the toy suite has holes)
invalidation-liveness	UNKNOWN STEP	2026-08-28T09:59:27.7777110Z FAIL summary-outruns-checks: summary.fixed: declares '9999' as a string; a numeric headline must be a JSON number so it can be recomputed
invalidation-liveness	UNKNOWN STEP	2026-08-28T09:59:27.7778627Z structural verification: FAIL — 1 named reason(s) (tamper-summary-string)
invalidation-liveness	UNKNOWN STEP	2026-08-28T09:59:27.7779455Z   proved offline: manifest schema, artifact presence + sha256, bundle closure,
invalidation-liveness	UNKNOWN STEP	2026-08-28T09:59:27.7780283Z   stated limitations, stamp agreement, declared results recomputed from artifacts.
invalidation-liveness	UNKNOWN STEP	2026-08-28T09:59:27.7781090Z semantic replay: NOT run by this tool. A structural PASS means the bundle is
invalidation-liveness	UNKNOWN STEP	2026-08-28T09:59:27.7781859Z   internally honest, not that the issuer's grader agrees. To re-earn the
invalidation-liveness	UNKNOWN STEP	2026-08-28T09:59:27.7782576Z   verdicts, run the bundle's replay block at the pinned issuer_commit:
invalidation-liveness	UNKNOWN STEP	2026-08-28T09:59:27.7783495Z     $ git clone https://github.com/example/toy-issuer issuer
invalidation-liveness	UNKNOWN STEP	2026-08-28T09:59:27.7784029Z     $ git -C issuer checkout f1e2d3c
invalidation-liveness	UNKNOWN STEP	2026-08-28T09:59:27.7784458Z     $ python -m pip install -e ./issuer
invalidation-liveness	UNKNOWN STEP	2026-08-28T09:59:27.7784947Z     $ python -m toy_issuer.regrade evidence/bundle.json
invalidation-liveness	UNKNOWN STEP	2026-08-28T09:59:27.7785553Z     $ python issuer/audit/run_audit.py --check evidence/results.json
invalidation-liveness	UNKNOWN STEP	2026-08-28T09:59:27.7786298Z     $ python -m toy_issuer.mutrun --check evidence/evalmut_run.json
invalidation-liveness	UNKNOWN STEP	2026-08-28T09:59:27.7787017Z     $ python -m toy_issuer.crashrun --check evidence/eval_run.json
invalidation-liveness	UNKNOWN STEP	2026-08-28T09:59:27.7787743Z     $ python -m toy_issuer.driftboard --check evidence/standings.json
invalidation-liveness	UNKNOWN STEP	2026-08-28T09:59:27.7790076Z     expected: regrade exits 0 reporting 'consistent'; audit, mutrun, crashrun, and driftboard reproduce results.json, evalmut_run.json, eval_run.json, and the drift board artifacts byte-identically at the stamped commit (mutrun exits 1 by design: the toy suite has holes)
invalidation-liveness	UNKNOWN STEP	2026-08-28T09:59:27.8249704Z FAIL summary-mismatch: fixed: declared 3, recomputed 2
invalidation-liveness	UNKNOWN STEP	2026-08-28T09:59:27.8251055Z FAIL summary-outruns-checks: summary.fixed: declares 3, recomputation gives 2
invalidation-liveness	UNKNOWN STEP	2026-08-28T09:59:27.8252460Z structural verification: FAIL — 2 named reason(s) (tamper-verdict-count)
invalidation-liveness	UNKNOWN STEP	2026-08-28T09:59:27.8253740Z   proved offline: manifest schema, artifact presence + sha256, bundle closure,
invalidation-liveness	UNKNOWN STEP	2026-08-28T09:59:27.8255190Z   stated limitations, stamp agreement, declared results recomputed from artifacts.
invalidation-liveness	UNKNOWN STEP	2026-08-28T09:59:27.8256378Z semantic replay: NOT run by this tool. A structural PASS means the bundle is
invalidation-liveness	UNKNOWN STEP	2026-08-28T09:59:27.8257563Z   internally honest, not that the issuer's grader agrees. To re-earn the
invalidation-liveness	UNKNOWN STEP	2026-08-28T09:59:27.8258592Z   verdicts, run the bundle's replay block at the pinned issuer_commit:
invalidation-liveness	UNKNOWN STEP	2026-08-28T09:59:27.8259476Z     $ git clone https://github.com/example/toy-issuer issuer
invalidation-liveness	UNKNOWN STEP	2026-08-28T09:59:27.8259974Z     $ git -C issuer checkout f1e2d3c
invalidation-liveness	UNKNOWN STEP	2026-08-28T09:59:27.8260336Z     $ python -m pip install -e ./issuer
invalidation-liveness	UNKNOWN STEP	2026-08-28T09:59:27.8260747Z     $ python -m toy_issuer.regrade evidence/bundle.json
invalidation-liveness	UNKNOWN STEP	2026-08-28T09:59:27.8261271Z     $ python issuer/audit/run_audit.py --check evidence/results.json
invalidation-liveness	UNKNOWN STEP	2026-08-28T09:59:27.8262123Z     $ python -m toy_issuer.mutrun --check evidence/evalmut_run.json
invalidation-liveness	UNKNOWN STEP	2026-08-28T09:59:27.8262740Z     $ python -m toy_issuer.crashrun --check evidence/eval_run.json
invalidation-liveness	UNKNOWN STEP	2026-08-28T09:59:27.8263424Z     $ python -m toy_issuer.driftboard --check evidence/standings.json
invalidation-liveness	UNKNOWN STEP	2026-08-28T09:59:27.8264610Z     expected: regrade exits 0 reporting 'consistent'; audit, mutrun, crashrun, and driftboard reproduce results.json, evalmut_run.json, eval_run.json, and the drift board artifacts byte-identically at the stamped commit (mutrun exits 1 by design: the toy suite has holes)
invalidation-liveness	UNKNOWN STEP	2026-08-28T09:59:27.8720082Z FAIL sha256-mismatch: evidence/bundle.json: manifest 0000000000000000000000000000000000000000000000000000000000000000, file 64931fe8d466c2cfdbf3c15013d8aa013bc54a2e340fb89737972ef3612550d4
invalidation-liveness	UNKNOWN STEP	2026-08-28T09:59:27.8721681Z structural verification: FAIL — 1 named reason(s) (tamper-wrong-sha256)
invalidation-liveness	UNKNOWN STEP	2026-08-28T09:59:27.8722804Z   proved offline: manifest schema, artifact presence + sha256, bundle closure,
invalidation-liveness	UNKNOWN STEP	2026-08-28T09:59:27.8723829Z   stated limitations, stamp agreement, declared results recomputed from artifacts.
invalidation-liveness	UNKNOWN STEP	2026-08-28T09:59:27.8724529Z semantic replay: NOT run by this tool. A structural PASS means the bundle is
invalidation-liveness	UNKNOWN STEP	2026-08-28T09:59:27.8725185Z   internally honest, not that the issuer's grader agrees. To re-earn the
invalidation-liveness	UNKNOWN STEP	2026-08-28T09:59:27.8725806Z   verdicts, run the bundle's replay block at the pinned issuer_commit:
invalidation-liveness	UNKNOWN STEP	2026-08-28T09:59:27.8726384Z     $ git clone https://github.com/example/toy-issuer issuer
invalidation-liveness	UNKNOWN STEP	2026-08-28T09:59:27.8726827Z     $ git -C issuer checkout f1e2d3c
invalidation-liveness	UNKNOWN STEP	2026-08-28T09:59:27.8727212Z     $ python -m pip install -e ./issuer
invalidation-liveness	UNKNOWN STEP	2026-08-28T09:59:27.8727676Z     $ python -m toy_issuer.regrade evidence/bundle.json
invalidation-liveness	UNKNOWN STEP	2026-08-28T09:59:27.8728203Z     $ python issuer/audit/run_audit.py --check evidence/results.json
invalidation-liveness	UNKNOWN STEP	2026-08-28T09:59:27.8728789Z     $ python -m toy_issuer.mutrun --check evidence/evalmut_run.json
invalidation-liveness	UNKNOWN STEP	2026-08-28T09:59:27.8729348Z     $ python -m toy_issuer.crashrun --check evidence/eval_run.json
invalidation-liveness	UNKNOWN STEP	2026-08-28T09:59:27.8729917Z     $ python -m toy_issuer.driftboard --check evidence/standings.json
invalidation-liveness	UNKNOWN STEP	2026-08-28T09:59:27.8731367Z     expected: regrade exits 0 reporting 'consistent'; audit, mutrun, crashrun, and driftboard reproduce results.json, evalmut_run.json, eval_run.json, and the drift board artifacts byte-identically at the stamped commit (mutrun exits 1 by design: the toy suite has holes)
invalidation-liveness	UNKNOWN STEP	2026-08-28T09:59:27.8832765Z ##[group]Run python fixtures/make_fixtures.py
invalidation-liveness	UNKNOWN STEP	2026-08-28T09:59:27.8833453Z ^[[36;1mpython fixtures/make_fixtures.py^[[0m
invalidation-liveness	UNKNOWN STEP	2026-08-28T09:59:27.8833793Z ^[[36;1mgit diff --exit-code fixtures/^[[0m
invalidation-liveness	UNKNOWN STEP	2026-08-28T09:59:27.8871708Z shell: /usr/bin/bash -e {0}
invalidation-liveness	UNKNOWN STEP	2026-08-28T09:59:27.8871957Z env:
invalidation-liveness	UNKNOWN STEP	2026-08-28T09:59:27.8872228Z   pythonLocation: /opt/hostedtoolcache/Python/3.12.14/x64
invalidation-liveness	UNKNOWN STEP	2026-08-28T09:59:27.8872679Z   PKG_CONFIG_PATH: /opt/hostedtoolcache/Python/3.12.14/x64/lib/pkgconfig
invalidation-liveness	UNKNOWN STEP	2026-08-28T09:59:27.8873124Z   Python_ROOT_DIR: /opt/hostedtoolcache/Python/3.12.14/x64
invalidation-liveness	UNKNOWN STEP	2026-08-28T09:59:27.8873832Z   Python2_ROOT_DIR: /opt/hostedtoolcache/Python/3.12.14/x64
invalidation-liveness	UNKNOWN STEP	2026-08-28T09:59:27.8874229Z   Python3_ROOT_DIR: /opt/hostedtoolcache/Python/3.12.14/x64
invalidation-liveness	UNKNOWN STEP	2026-08-28T09:59:27.8874619Z   LD_LIBRARY_PATH: /opt/hostedtoolcache/Python/3.12.14/x64/lib
invalidation-liveness	UNKNOWN STEP	2026-08-28T09:59:27.8874938Z ##[endgroup]
invalidation-liveness	UNKNOWN STEP	2026-08-28T09:59:27.9899570Z attack-crashkit-severity: 14 file(s)
invalidation-liveness	UNKNOWN STEP	2026-08-28T09:59:27.9900116Z tamper-check-deleted: 14 file(s)
invalidation-liveness	UNKNOWN STEP	2026-08-28T09:59:27.9900455Z tamper-crashkit-case: 14 file(s)
invalidation-liveness	UNKNOWN STEP	2026-08-28T09:59:27.9900778Z tamper-crashkit-metrics: 14 file(s)
invalidation-liveness	UNKNOWN STEP	2026-08-28T09:59:27.9901117Z tamper-crashkit-severity: 14 file(s)
invalidation-liveness	UNKNOWN STEP	2026-08-28T09:59:27.9901448Z tamper-draft-incomplete: 14 file(s)
invalidation-liveness	UNKNOWN STEP	2026-08-28T09:59:27.9901774Z tamper-empty-limitations: 14 file(s)
invalidation-liveness	UNKNOWN STEP	2026-08-28T09:59:27.9902099Z tamper-evalmut-rows: 14 file(s)
invalidation-liveness	UNKNOWN STEP	2026-08-28T09:59:27.9902417Z tamper-evalmut-summary: 14 file(s)
invalidation-liveness	UNKNOWN STEP	2026-08-28T09:59:27.9902748Z tamper-missing-artifact: 13 file(s)
invalidation-liveness	UNKNOWN STEP	2026-08-28T09:59:27.9903084Z tamper-missing-issuer-commit: 14 file(s)
invalidation-liveness	UNKNOWN STEP	2026-08-28T09:59:27.9903627Z tamper-modeldrift-rows: 14 file(s)
invalidation-liveness	UNKNOWN STEP	2026-08-28T09:59:27.9903962Z tamper-modeldrift-standings: 14 file(s)
invalidation-liveness	UNKNOWN STEP	2026-08-28T09:59:27.9904297Z tamper-raw-aggregate: 14 file(s)
invalidation-liveness	UNKNOWN STEP	2026-08-28T09:59:27.9904599Z tamper-stamp-deleted: 14 file(s)
invalidation-liveness	UNKNOWN STEP	2026-08-28T09:59:27.9904897Z tamper-summary-fixed: 14 file(s)
invalidation-liveness	UNKNOWN STEP	2026-08-28T09:59:27.9905195Z tamper-summary-rate: 14 file(s)
invalidation-liveness	UNKNOWN STEP	2026-08-28T09:59:27.9905506Z tamper-summary-score: 14 file(s)
invalidation-liveness	UNKNOWN STEP	2026-08-28T09:59:27.9905817Z tamper-summary-string: 14 file(s)
invalidation-liveness	UNKNOWN STEP	2026-08-28T09:59:27.9906123Z tamper-verdict-count: 14 file(s)
invalidation-liveness	UNKNOWN STEP	2026-08-28T09:59:27.9906419Z tamper-wrong-sha256: 14 file(s)
invalidation-liveness	UNKNOWN STEP	2026-08-28T09:59:27.9906692Z valid: 14 file(s)
invalidation-liveness	UNKNOWN STEP	2026-08-28T09:59:28.0302115Z Node 20 is being deprecated. This workflow is running with Node 24 by default. If you need to temporarily use Node 20, you can set the ACTIONS_ALLOW_USE_UNSECURE_NODE_VERSION=true environment variable. For more information see: https://github.blog/changelog/2025-09-19-deprecation-of-node-20-on-github-actions-runners/
invalidation-liveness	UNKNOWN STEP	2026-08-28T09:59:28.0303943Z Post job cleanup.
invalidation-liveness	UNKNOWN STEP	2026-08-28T09:59:28.1569926Z (node:2315) [DEP0040] DeprecationWarning: The `punycode` module is deprecated. Please use a userland alternative instead.
invalidation-liveness	UNKNOWN STEP	2026-08-28T09:59:28.1570811Z (Use `node --trace-deprecation ...` to show where the warning was created)
invalidation-liveness	UNKNOWN STEP	2026-08-28T09:59:28.1781055Z Node 20 is being deprecated. This workflow is running with Node 24 by default. If you need to temporarily use Node 20, you can set the ACTIONS_ALLOW_USE_UNSECURE_NODE_VERSION=true environment variable. For more information see: https://github.blog/changelog/2025-09-19-deprecation-of-node-20-on-github-actions-runners/
invalidation-liveness	UNKNOWN STEP	2026-08-28T09:59:28.1782313Z Post job cleanup.
invalidation-liveness	UNKNOWN STEP	2026-08-28T09:59:28.2723736Z [command]/usr/bin/git version
invalidation-liveness	UNKNOWN STEP	2026-08-28T09:59:28.2776069Z git version 2.55.0
invalidation-liveness	UNKNOWN STEP	2026-08-28T09:59:28.2825103Z Temporarily overriding HOME='/home/runner/work/_temp/322f8611-b505-44a5-a6f9-42dc189db221' before making global git config changes
invalidation-liveness	UNKNOWN STEP	2026-08-28T09:59:28.2826415Z Adding repository directory to the temporary git global config as a safe directory
invalidation-liveness	UNKNOWN STEP	2026-08-28T09:59:28.2832988Z [command]/usr/bin/git config --global --add safe.directory /home/runner/work/vac-protocol/vac-protocol
invalidation-liveness	UNKNOWN STEP	2026-08-28T09:59:28.2881833Z [command]/usr/bin/git config --local --name-only --get-regexp core\.sshCommand
invalidation-liveness	UNKNOWN STEP	2026-08-28T09:59:28.2925787Z [command]/usr/bin/git submodule foreach --recursive sh -c "git config --local --name-only --get-regexp 'core\.sshCommand' && git config --local --unset-all 'core.sshCommand' || :"
invalidation-liveness	UNKNOWN STEP	2026-08-28T09:59:28.3208733Z [command]/usr/bin/git config --local --name-only --get-regexp http\.https\:\/\/github\.com\/\.extraheader
invalidation-liveness	UNKNOWN STEP	2026-08-28T09:59:28.3245643Z http.https://github.com/.extraheader
invalidation-liveness	UNKNOWN STEP	2026-08-28T09:59:28.3260606Z [command]/usr/bin/git config --local --unset-all http.https://github.com/.extraheader
invalidation-liveness	UNKNOWN STEP	2026-08-28T09:59:28.3305075Z [command]/usr/bin/git submodule foreach --recursive sh -c "git config --local --name-only --get-regexp 'http\.https\:\/\/github\.com\/\.extraheader' && git config --local --unset-all 'http.https://github.com/.extraheader' || :"
invalidation-liveness	UNKNOWN STEP	2026-08-28T09:59:28.3609540Z [command]/usr/bin/git config --local --name-only --get-regexp ^includeIf\.gitdir:
invalidation-liveness	UNKNOWN STEP	2026-08-28T09:59:28.3661516Z [command]/usr/bin/git submodule foreach --recursive git config --local --show-origin --name-only --get-regexp remote.origin.url
invalidation-liveness	UNKNOWN STEP	2026-08-28T09:59:28.4123109Z Cleaning up orphan processes
invalidation-liveness	UNKNOWN STEP	2026-08-28T09:59:28.4465941Z ##[warning]Node.js 20 is deprecated. The following actions target Node.js 20 but are being forced to run on Node.js 24: actions/checkout@v4, actions/setup-python@v5. For more information see: https://github.blog/changelog/2025-09-19-deprecation-of-node-20-on-github-actions-runners/
test (3.11)	UNKNOWN STEP	﻿2026-08-28T09:59:22.0778080Z Current runner version: '2.336.0'
test (3.11)	UNKNOWN STEP	2026-08-28T09:59:22.0805338Z ##[group]Runner Image Provisioner
test (3.11)	UNKNOWN STEP	2026-08-28T09:59:22.0806426Z Hosted Compute Agent
test (3.11)	UNKNOWN STEP	2026-08-28T09:59:22.0807050Z Version: 20260819.586
test (3.11)	UNKNOWN STEP	2026-08-28T09:59:22.0807749Z Commit: 3cc4a88dfa507ef76119ad1bb3eccc6378bb2b76
test (3.11)	UNKNOWN STEP	2026-08-28T09:59:22.0808561Z Build Date: 2026-08-18T23:20:18Z
test (3.11)	UNKNOWN STEP	2026-08-28T09:59:22.0809284Z Worker ID: {b479fe34-cded-4237-982c-5213040d3844}
test (3.11)	UNKNOWN STEP	2026-08-28T09:59:22.0810135Z Azure Region: eastus2
test (3.11)	UNKNOWN STEP	2026-08-28T09:59:22.0810748Z ##[endgroup]
test (3.11)	UNKNOWN STEP	2026-08-28T09:59:22.0812256Z ##[group]Operating System
test (3.11)	UNKNOWN STEP	2026-08-28T09:59:22.0812925Z Ubuntu
test (3.11)	UNKNOWN STEP	2026-08-28T09:59:22.0813459Z 24.04.4
test (3.11)	UNKNOWN STEP	2026-08-28T09:59:22.0814499Z LTS
test (3.11)	UNKNOWN STEP	2026-08-28T09:59:22.0815056Z ##[endgroup]
test (3.11)	UNKNOWN STEP	2026-08-28T09:59:22.0815681Z ##[group]Runner Image
test (3.11)	UNKNOWN STEP	2026-08-28T09:59:22.0816419Z Image: ubuntu-24.04
test (3.11)	UNKNOWN STEP	2026-08-28T09:59:22.0817019Z Version: 20260823.283.1
test (3.11)	UNKNOWN STEP	2026-08-28T09:59:22.0818465Z Included Software: https://github.com/actions/runner-images/blob/ubuntu24/20260823.283/images/ubuntu/Ubuntu2404-Readme.md
test (3.11)	UNKNOWN STEP	2026-08-28T09:59:22.0820140Z Image Release: https://github.com/actions/runner-images/releases/tag/ubuntu24%2F20260823.283
test (3.11)	UNKNOWN STEP	2026-08-28T09:59:22.0821195Z ##[endgroup]
test (3.11)	UNKNOWN STEP	2026-08-28T09:59:22.0822957Z ##[group]GITHUB_TOKEN Permissions
test (3.11)	UNKNOWN STEP	2026-08-28T09:59:22.0825387Z Contents: read
test (3.11)	UNKNOWN STEP	2026-08-28T09:59:22.0826000Z Metadata: read
test (3.11)	UNKNOWN STEP	2026-08-28T09:59:22.0826778Z Packages: read
test (3.11)	UNKNOWN STEP	2026-08-28T09:59:22.0827341Z ##[endgroup]
test (3.11)	UNKNOWN STEP	2026-08-28T09:59:22.0829609Z Secret source: Actions
test (3.11)	UNKNOWN STEP	2026-08-28T09:59:22.0830947Z Prepare workflow directory
test (3.11)	UNKNOWN STEP	2026-08-28T09:59:22.1695538Z Prepare all required actions
test (3.11)	UNKNOWN STEP	2026-08-28T09:59:22.1764551Z Getting action download info
test (3.11)	UNKNOWN STEP	2026-08-28T09:59:22.3366662Z Download action repository 'actions/checkout@v4' (SHA:11d5960a326750d5838078e36cf38b85af677262)
test (3.11)	UNKNOWN STEP	2026-08-28T09:59:23.0952376Z Download action repository 'actions/setup-python@v5' (SHA:a26af69be951a213d495a4c3e4e4022e16d87065)
test (3.11)	UNKNOWN STEP	2026-08-28T09:59:23.3323553Z Complete job name: test (3.11)
test (3.11)	UNKNOWN STEP	2026-08-28T09:59:23.4250175Z Node 20 is being deprecated. This workflow is running with Node 24 by default. If you need to temporarily use Node 20, you can set the ACTIONS_ALLOW_USE_UNSECURE_NODE_VERSION=true environment variable. For more information see: https://github.blog/changelog/2025-09-19-deprecation-of-node-20-on-github-actions-runners/
test (3.11)	UNKNOWN STEP	2026-08-28T09:59:23.4261939Z ##[group]Run actions/checkout@v4
test (3.11)	UNKNOWN STEP	2026-08-28T09:59:23.4263237Z with:
test (3.11)	UNKNOWN STEP	2026-08-28T09:59:23.4264340Z   repository: egnaro9/vac-protocol
test (3.11)	UNKNOWN STEP	2026-08-28T09:59:23.4272800Z   token: ***
test (3.11)	UNKNOWN STEP	2026-08-28T09:59:23.4273804Z   ssh-strict: true
test (3.11)	UNKNOWN STEP	2026-08-28T09:59:23.4274739Z   ssh-user: git
test (3.11)	UNKNOWN STEP	2026-08-28T09:59:23.4275680Z   persist-credentials: true
test (3.11)	UNKNOWN STEP	2026-08-28T09:59:23.4276702Z   clean: true
test (3.11)	UNKNOWN STEP	2026-08-28T09:59:23.4277640Z   sparse-checkout-cone-mode: true
test (3.11)	UNKNOWN STEP	2026-08-28T09:59:23.4278761Z   fetch-depth: 1
test (3.11)	UNKNOWN STEP	2026-08-28T09:59:23.4279691Z   fetch-tags: false
test (3.11)	UNKNOWN STEP	2026-08-28T09:59:23.4280630Z   show-progress: true
test (3.11)	UNKNOWN STEP	2026-08-28T09:59:23.4281580Z   lfs: false
test (3.11)	UNKNOWN STEP	2026-08-28T09:59:23.4282522Z   submodules: false
test (3.11)	UNKNOWN STEP	2026-08-28T09:59:23.4283475Z   set-safe-directory: true
test (3.11)	UNKNOWN STEP	2026-08-28T09:59:23.4284656Z   allow-unsafe-pr-checkout: false
test (3.11)	UNKNOWN STEP	2026-08-28T09:59:23.4286041Z ##[endgroup]
test (3.11)	UNKNOWN STEP	2026-08-28T09:59:23.5370832Z Syncing repository: egnaro9/vac-protocol
test (3.11)	UNKNOWN STEP	2026-08-28T09:59:23.5374789Z ##[group]Getting Git version info
test (3.11)	UNKNOWN STEP	2026-08-28T09:59:23.5376446Z Working directory is '/home/runner/work/vac-protocol/vac-protocol'
test (3.11)	UNKNOWN STEP	2026-08-28T09:59:23.5379043Z [command]/usr/bin/git version
test (3.11)	UNKNOWN STEP	2026-08-28T09:59:23.5421115Z git version 2.55.0
test (3.11)	UNKNOWN STEP	2026-08-28T09:59:23.5489525Z ##[endgroup]
test (3.11)	UNKNOWN STEP	2026-08-28T09:59:23.5506512Z Temporarily overriding HOME='/home/runner/work/_temp/9a6528c4-8e8b-4417-ab9e-1ede0f79c3fe' before making global git config changes
test (3.11)	UNKNOWN STEP	2026-08-28T09:59:23.5510959Z Adding repository directory to the temporary git global config as a safe directory
test (3.11)	UNKNOWN STEP	2026-08-28T09:59:23.5514848Z [command]/usr/bin/git config --global --add safe.directory /home/runner/work/vac-protocol/vac-protocol
test (3.11)	UNKNOWN STEP	2026-08-28T09:59:23.5547079Z Deleting the contents of '/home/runner/work/vac-protocol/vac-protocol'
test (3.11)	UNKNOWN STEP	2026-08-28T09:59:23.5552386Z ##[group]Initializing the repository
test (3.11)	UNKNOWN STEP	2026-08-28T09:59:23.5559174Z [command]/usr/bin/git init /home/runner/work/vac-protocol/vac-protocol
test (3.11)	UNKNOWN STEP	2026-08-28T09:59:23.5642758Z hint: Using 'master' as the name for the initial branch. This default branch name
test (3.11)	UNKNOWN STEP	2026-08-28T09:59:23.5646228Z hint: will change to "main" in Git 3.0. To configure the initial branch name
test (3.11)	UNKNOWN STEP	2026-08-28T09:59:23.5648682Z hint: to use in all of your new repositories, which will suppress this warning,
test (3.11)	UNKNOWN STEP	2026-08-28T09:59:23.5650560Z hint: call:
test (3.11)	UNKNOWN STEP	2026-08-28T09:59:23.5651568Z hint:
test (3.11)	UNKNOWN STEP	2026-08-28T09:59:23.5652838Z hint: 	git config --global init.defaultBranch <name>
test (3.11)	UNKNOWN STEP	2026-08-28T09:59:23.5654491Z hint:
test (3.11)	UNKNOWN STEP	2026-08-28T09:59:23.5656015Z hint: Names commonly chosen instead of 'master' are 'main', 'trunk' and
test (3.11)	UNKNOWN STEP	2026-08-28T09:59:23.5658233Z hint: 'development'. The just-created branch can be renamed via this command:
test (3.11)	UNKNOWN STEP	2026-08-28T09:59:23.5659954Z hint:
test (3.11)	UNKNOWN STEP	2026-08-28T09:59:23.5660975Z hint: 	git branch -m <name>
test (3.11)	UNKNOWN STEP	2026-08-28T09:59:23.5662177Z hint:
test (3.11)	UNKNOWN STEP	2026-08-28T09:59:23.5663813Z hint: Disable this message with "git config set advice.defaultBranchName false"
test (3.11)	UNKNOWN STEP	2026-08-28T09:59:23.5667342Z Initialized empty Git repository in /home/runner/work/vac-protocol/vac-protocol/.git/
test (3.11)	UNKNOWN STEP	2026-08-28T09:59:23.5673207Z [command]/usr/bin/git remote add origin https://github.com/egnaro9/vac-protocol
test (3.11)	UNKNOWN STEP	2026-08-28T09:59:23.5708960Z ##[endgroup]
test (3.11)	UNKNOWN STEP	2026-08-28T09:59:23.5710560Z ##[group]Disabling automatic garbage collection
test (3.11)	UNKNOWN STEP	2026-08-28T09:59:23.5712781Z [command]/usr/bin/git config --local gc.auto 0
test (3.11)	UNKNOWN STEP	2026-08-28T09:59:23.5750659Z ##[endgroup]
test (3.11)	UNKNOWN STEP	2026-08-28T09:59:23.5753430Z ##[group]Setting up auth
test (3.11)	UNKNOWN STEP	2026-08-28T09:59:23.5757795Z [command]/usr/bin/git config --local --name-only --get-regexp core\.sshCommand
test (3.11)	UNKNOWN STEP	2026-08-28T09:59:23.5800761Z [command]/usr/bin/git submodule foreach --recursive sh -c "git config --local --name-only --get-regexp 'core\.sshCommand' && git config --local --unset-all 'core.sshCommand' || :"
test (3.11)	UNKNOWN STEP	2026-08-28T09:59:23.6161151Z [command]/usr/bin/git config --local --name-only --get-regexp http\.https\:\/\/github\.com\/\.extraheader
test (3.11)	UNKNOWN STEP	2026-08-28T09:59:23.6215118Z [command]/usr/bin/git submodule foreach --recursive sh -c "git config --local --name-only --get-regexp 'http\.https\:\/\/github\.com\/\.extraheader' && git config --local --unset-all 'http.https://github.com/.extraheader' || :"
test (3.11)	UNKNOWN STEP	2026-08-28T09:59:23.6482902Z [command]/usr/bin/git config --local --name-only --get-regexp ^includeIf\.gitdir:
test (3.11)	UNKNOWN STEP	2026-08-28T09:59:23.6524902Z [command]/usr/bin/git submodule foreach --recursive git config --local --show-origin --name-only --get-regexp remote.origin.url
test (3.11)	UNKNOWN STEP	2026-08-28T09:59:23.6781015Z [command]/usr/bin/git config --local http.https://github.com/.extraheader AUTHORIZATION: basic ***
test (3.11)	UNKNOWN STEP	2026-08-28T09:59:23.6825892Z ##[endgroup]
test (3.11)	UNKNOWN STEP	2026-08-28T09:59:23.6827485Z ##[group]Fetching the repository
test (3.11)	UNKNOWN STEP	2026-08-28T09:59:23.6837522Z [command]/usr/bin/git -c protocol.version=2 fetch --no-tags --prune --no-recurse-submodules --depth=1 origin +0bca93645ed09942ad64469509da701a67316cba:refs/remotes/origin/main
test (3.11)	UNKNOWN STEP	2026-08-28T09:59:24.0303750Z From https://github.com/egnaro9/vac-protocol
test (3.11)	UNKNOWN STEP	2026-08-28T09:59:24.0305394Z  * [new ref]         0bca93645ed09942ad64469509da701a67316cba -> origin/main
test (3.11)	UNKNOWN STEP	2026-08-28T09:59:24.0309236Z ##[endgroup]
test (3.11)	UNKNOWN STEP	2026-08-28T09:59:24.0309950Z ##[group]Determining the checkout info
test (3.11)	UNKNOWN STEP	2026-08-28T09:59:24.0313039Z ##[endgroup]
test (3.11)	UNKNOWN STEP	2026-08-28T09:59:24.0319574Z [command]/usr/bin/git sparse-checkout disable
test (3.11)	UNKNOWN STEP	2026-08-28T09:59:24.0374523Z [command]/usr/bin/git config --local --unset-all extensions.worktreeConfig
test (3.11)	UNKNOWN STEP	2026-08-28T09:59:24.0414724Z ##[group]Checking out the ref
test (3.11)	UNKNOWN STEP	2026-08-28T09:59:24.0418681Z [command]/usr/bin/git checkout --progress --force -B main refs/remotes/origin/main
test (3.11)	UNKNOWN STEP	2026-08-28T09:59:24.0692250Z Switched to a new branch 'main'
test (3.11)	UNKNOWN STEP	2026-08-28T09:59:24.0701888Z branch 'main' set up to track 'origin/main'.
test (3.11)	UNKNOWN STEP	2026-08-28T09:59:24.0757914Z ##[endgroup]
test (3.11)	UNKNOWN STEP	2026-08-28T09:59:24.0762415Z [command]/usr/bin/git log -1 --format=%H
test (3.11)	UNKNOWN STEP	2026-08-28T09:59:24.0796183Z 0bca93645ed09942ad64469509da701a67316cba
test (3.11)	UNKNOWN STEP	2026-08-28T09:59:24.1169579Z Node 20 is being deprecated. This workflow is running with Node 24 by default. If you need to temporarily use Node 20, you can set the ACTIONS_ALLOW_USE_UNSECURE_NODE_VERSION=true environment variable. For more information see: https://github.blog/changelog/2025-09-19-deprecation-of-node-20-on-github-actions-runners/
test (3.11)	UNKNOWN STEP	2026-08-28T09:59:24.1172119Z ##[group]Run actions/setup-python@v5
test (3.11)	UNKNOWN STEP	2026-08-28T09:59:24.1172470Z with:
test (3.11)	UNKNOWN STEP	2026-08-28T09:59:24.1172765Z   python-version: 3.11
test (3.11)	UNKNOWN STEP	2026-08-28T09:59:24.1173090Z   check-latest: false
test (3.11)	UNKNOWN STEP	2026-08-28T09:59:24.1175821Z   token: ***
test (3.11)	UNKNOWN STEP	2026-08-28T09:59:24.1176121Z   update-environment: true
test (3.11)	UNKNOWN STEP	2026-08-28T09:59:24.1176450Z   allow-prereleases: false
test (3.11)	UNKNOWN STEP	2026-08-28T09:59:24.1176763Z   freethreaded: false
test (3.11)	UNKNOWN STEP	2026-08-28T09:59:24.1177046Z ##[endgroup]
test (3.11)	UNKNOWN STEP	2026-08-28T09:59:24.2610899Z ##[group]Installed versions
test (3.11)	UNKNOWN STEP	2026-08-28T09:59:24.2688973Z (node:2219) [DEP0040] DeprecationWarning: The `punycode` module is deprecated. Please use a userland alternative instead.
test (3.11)	UNKNOWN STEP	2026-08-28T09:59:24.2690487Z (Use `node --trace-deprecation ...` to show where the warning was created)
test (3.11)	UNKNOWN STEP	2026-08-28T09:59:24.2691251Z Successfully set up CPython (3.11.16)
test (3.11)	UNKNOWN STEP	2026-08-28T09:59:24.2693063Z ##[endgroup]
test (3.11)	UNKNOWN STEP	2026-08-28T09:59:24.2919567Z ##[group]Run pip install -e ".[test]"
test (3.11)	UNKNOWN STEP	2026-08-28T09:59:24.2920080Z ^[[36;1mpip install -e ".[test]"^[[0m
test (3.11)	UNKNOWN STEP	2026-08-28T09:59:24.2978115Z shell: /usr/bin/bash -e {0}
test (3.11)	UNKNOWN STEP	2026-08-28T09:59:24.2978549Z env:
test (3.11)	UNKNOWN STEP	2026-08-28T09:59:24.2978937Z   pythonLocation: /opt/hostedtoolcache/Python/3.11.16/x64
test (3.11)	UNKNOWN STEP	2026-08-28T09:59:24.2979522Z   PKG_CONFIG_PATH: /opt/hostedtoolcache/Python/3.11.16/x64/lib/pkgconfig
test (3.11)	UNKNOWN STEP	2026-08-28T09:59:24.2980056Z   Python_ROOT_DIR: /opt/hostedtoolcache/Python/3.11.16/x64
test (3.11)	UNKNOWN STEP	2026-08-28T09:59:24.2980531Z   Python2_ROOT_DIR: /opt/hostedtoolcache/Python/3.11.16/x64
test (3.11)	UNKNOWN STEP	2026-08-28T09:59:24.2981007Z   Python3_ROOT_DIR: /opt/hostedtoolcache/Python/3.11.16/x64
test (3.11)	UNKNOWN STEP	2026-08-28T09:59:24.2981482Z   LD_LIBRARY_PATH: /opt/hostedtoolcache/Python/3.11.16/x64/lib
test (3.11)	UNKNOWN STEP	2026-08-28T09:59:24.2981878Z ##[endgroup]
test (3.11)	UNKNOWN STEP	2026-08-28T09:59:25.0063809Z Obtaining file:///home/runner/work/vac-protocol/vac-protocol
test (3.11)	UNKNOWN STEP	2026-08-28T09:59:25.0084362Z   Installing build dependencies: started
test (3.11)	UNKNOWN STEP	2026-08-28T09:59:25.7525399Z   Installing build dependencies: finished with status 'done'
test (3.11)	UNKNOWN STEP	2026-08-28T09:59:25.7530043Z   Checking if build backend supports build_editable: started
test (3.11)	UNKNOWN STEP	2026-08-28T09:59:26.1039669Z   Checking if build backend supports build_editable: finished with status 'done'
test (3.11)	UNKNOWN STEP	2026-08-28T09:59:26.1047755Z   Getting requirements to build editable: started
test (3.11)	UNKNOWN STEP	2026-08-28T09:59:26.4405472Z   Getting requirements to build editable: finished with status 'done'
test (3.11)	UNKNOWN STEP	2026-08-28T09:59:26.4414427Z   Preparing editable metadata (pyproject.toml): started
test (3.11)	UNKNOWN STEP	2026-08-28T09:59:26.6266535Z   Preparing editable metadata (pyproject.toml): finished with status 'done'
test (3.11)	UNKNOWN STEP	2026-08-28T09:59:26.7219124Z Collecting pytest (from vac-protocol==0.1.0)
test (3.11)	UNKNOWN STEP	2026-08-28T09:59:26.7784339Z   Downloading pytest-9.1.1-py3-none-any.whl.metadata (7.6 kB)
test (3.11)	UNKNOWN STEP	2026-08-28T09:59:26.7948265Z Collecting iniconfig>=1.0.1 (from pytest->vac-protocol==0.1.0)
test (3.11)	UNKNOWN STEP	2026-08-28T09:59:26.8024458Z   Downloading iniconfig-2.3.0-py3-none-any.whl.metadata (2.5 kB)
test (3.11)	UNKNOWN STEP	2026-08-28T09:59:26.8210324Z Collecting packaging>=22 (from pytest->vac-protocol==0.1.0)
test (3.11)	UNKNOWN STEP	2026-08-28T09:59:26.8290151Z   Downloading packaging-26.3-py3-none-any.whl.metadata (3.5 kB)
test (3.11)	UNKNOWN STEP	2026-08-28T09:59:26.8470962Z Collecting pluggy<2,>=1.5 (from pytest->vac-protocol==0.1.0)
test (3.11)	UNKNOWN STEP	2026-08-28T09:59:26.8544737Z   Downloading pluggy-1.6.0-py3-none-any.whl.metadata (4.8 kB)
test (3.11)	UNKNOWN STEP	2026-08-28T09:59:26.8767040Z Collecting pygments>=2.7.2 (from pytest->vac-protocol==0.1.0)
test (3.11)	UNKNOWN STEP	2026-08-28T09:59:26.8844569Z   Downloading pygments-2.21.0-py3-none-any.whl.metadata (2.5 kB)
test (3.11)	UNKNOWN STEP	2026-08-28T09:59:26.8967213Z Downloading pytest-9.1.1-py3-none-any.whl (386 kB)
test (3.11)	UNKNOWN STEP	2026-08-28T09:59:26.9321974Z Downloading pluggy-1.6.0-py3-none-any.whl (20 kB)
test (3.11)	UNKNOWN STEP	2026-08-28T09:59:26.9419792Z Downloading iniconfig-2.3.0-py3-none-any.whl (7.5 kB)
test (3.11)	UNKNOWN STEP	2026-08-28T09:59:26.9513272Z Downloading packaging-26.3-py3-none-any.whl (129 kB)
test (3.11)	UNKNOWN STEP	2026-08-28T09:59:26.9624423Z Downloading pygments-2.21.0-py3-none-any.whl (1.3 MB)
test (3.11)	UNKNOWN STEP	2026-08-28T09:59:27.0067907Z    ━━━━━━━━━━━━━━━━━━━━━━━━━━━━━━━━━━━━━━━━ 1.3/1.3 MB 29.9 MB/s  0:00:00
test (3.11)	UNKNOWN STEP	2026-08-28T09:59:27.0385056Z Building wheels for collected packages: vac-protocol
test (3.11)	UNKNOWN STEP	2026-08-28T09:59:27.0392076Z   Building editable for vac-protocol (pyproject.toml): started
test (3.11)	UNKNOWN STEP	2026-08-28T09:59:27.2515246Z   Building editable for vac-protocol (pyproject.toml): finished with status 'done'
test (3.11)	UNKNOWN STEP	2026-08-28T09:59:27.2521114Z   Created wheel for vac-protocol: filename=vac_protocol-0.1.0-0.editable-py3-none-any.whl size=8767 sha256=97062091273c1a16096ff370e10a3bbb436384a69fcd76cf91ae5815cd359a18
test (3.11)	UNKNOWN STEP	2026-08-28T09:59:27.2523091Z   Stored in directory: /tmp/pip-ephem-wheel-cache-_oj1lo52/wheels/c2/b6/47/ad3fc2a6b8a0cd36ac358c99afd0e641db30df633f424b77c4
test (3.11)	UNKNOWN STEP	2026-08-28T09:59:27.2548426Z Successfully built vac-protocol
test (3.11)	UNKNOWN STEP	2026-08-28T09:59:27.2804526Z Installing collected packages: vac-protocol, pygments, pluggy, packaging, iniconfig, pytest
test (3.11)	UNKNOWN STEP	2026-08-28T09:59:28.2784518Z 
test (3.11)	UNKNOWN STEP	2026-08-28T09:59:28.2798158Z Successfully installed iniconfig-2.3.0 packaging-26.3 pluggy-1.6.0 pygments-2.21.0 pytest-9.1.1 vac-protocol-0.1.0
test (3.11)	UNKNOWN STEP	2026-08-28T09:59:28.3633224Z ##[group]Run python -m pytest tests/ -q
test (3.11)	UNKNOWN STEP	2026-08-28T09:59:28.3633889Z ^[[36;1mpython -m pytest tests/ -q^[[0m
test (3.11)	UNKNOWN STEP	2026-08-28T09:59:28.3675927Z shell: /usr/bin/bash -e {0}
test (3.11)	UNKNOWN STEP	2026-08-28T09:59:28.3676190Z env:
test (3.11)	UNKNOWN STEP	2026-08-28T09:59:28.3676468Z   pythonLocation: /opt/hostedtoolcache/Python/3.11.16/x64
test (3.11)	UNKNOWN STEP	2026-08-28T09:59:28.3676900Z   PKG_CONFIG_PATH: /opt/hostedtoolcache/Python/3.11.16/x64/lib/pkgconfig
test (3.11)	UNKNOWN STEP	2026-08-28T09:59:28.3677314Z   Python_ROOT_DIR: /opt/hostedtoolcache/Python/3.11.16/x64
test (3.11)	UNKNOWN STEP	2026-08-28T09:59:28.3677694Z   Python2_ROOT_DIR: /opt/hostedtoolcache/Python/3.11.16/x64
test (3.11)	UNKNOWN STEP	2026-08-28T09:59:28.3678091Z   Python3_ROOT_DIR: /opt/hostedtoolcache/Python/3.11.16/x64
test (3.11)	UNKNOWN STEP	2026-08-28T09:59:28.3678478Z   LD_LIBRARY_PATH: /opt/hostedtoolcache/Python/3.11.16/x64/lib
test (3.11)	UNKNOWN STEP	2026-08-28T09:59:28.3678809Z ##[endgroup]
test (3.11)	UNKNOWN STEP	2026-08-28T09:59:29.7867773Z ......................xxx.s..s..x....................................... [ 24%]
test (3.11)	UNKNOWN STEP	2026-08-28T09:59:30.0404162Z ........................................................................ [ 48%]
test (3.11)	UNKNOWN STEP	2026-08-28T09:59:31.0694731Z ........................................................................ [ 72%]
test (3.11)	UNKNOWN STEP	2026-08-28T09:59:31.5744201Z ....s.ss.....sssssssss.................................................. [ 97%]
test (3.11)	UNKNOWN STEP	2026-08-28T09:59:31.6493301Z ........                                                                 [100%]
test (3.11)	UNKNOWN STEP	2026-08-28T09:59:31.6494629Z 278 passed, 14 skipped, 4 xfailed in 3.03s
test (3.11)	UNKNOWN STEP	2026-08-28T09:59:31.6975985Z Node 20 is being deprecated. This workflow is running with Node 24 by default. If you need to temporarily use Node 20, you can set the ACTIONS_ALLOW_USE_UNSECURE_NODE_VERSION=true environment variable. For more information see: https://github.blog/changelog/2025-09-19-deprecation-of-node-20-on-github-actions-runners/
test (3.11)	UNKNOWN STEP	2026-08-28T09:59:31.6977157Z Post job cleanup.
test (3.11)	UNKNOWN STEP	2026-08-28T09:59:31.8230529Z (node:2756) [DEP0040] DeprecationWarning: The `punycode` module is deprecated. Please use a userland alternative instead.
test (3.11)	UNKNOWN STEP	2026-08-28T09:59:31.8231329Z (Use `node --trace-deprecation ...` to show where the warning was created)
test (3.11)	UNKNOWN STEP	2026-08-28T09:59:31.8446027Z Node 20 is being deprecated. This workflow is running with Node 24 by default. If you need to temporarily use Node 20, you can set the ACTIONS_ALLOW_USE_UNSECURE_NODE_VERSION=true environment variable. For more information see: https://github.blog/changelog/2025-09-19-deprecation-of-node-20-on-github-actions-runners/
test (3.11)	UNKNOWN STEP	2026-08-28T09:59:31.8447216Z Post job cleanup.
test (3.11)	UNKNOWN STEP	2026-08-28T09:59:31.9384004Z [command]/usr/bin/git version
test (3.11)	UNKNOWN STEP	2026-08-28T09:59:31.9428755Z git version 2.55.0
test (3.11)	UNKNOWN STEP	2026-08-28T09:59:31.9468467Z Temporarily overriding HOME='/home/runner/work/_temp/a4e4f15c-7aa4-41a8-b155-df6564267d0d' before making global git config changes
test (3.11)	UNKNOWN STEP	2026-08-28T09:59:31.9469738Z Adding repository directory to the temporary git global config as a safe directory
test (3.11)	UNKNOWN STEP	2026-08-28T09:59:31.9475999Z [command]/usr/bin/git config --global --add safe.directory /home/runner/work/vac-protocol/vac-protocol
test (3.11)	UNKNOWN STEP	2026-08-28T09:59:31.9524385Z [command]/usr/bin/git config --local --name-only --get-regexp core\.sshCommand
test (3.11)	UNKNOWN STEP	2026-08-28T09:59:31.9600922Z [command]/usr/bin/git submodule foreach --recursive sh -c "git config --local --name-only --get-regexp 'core\.sshCommand' && git config --local --unset-all 'core.sshCommand' || :"
test (3.11)	UNKNOWN STEP	2026-08-28T09:59:31.9892000Z [command]/usr/bin/git config --local --name-only --get-regexp http\.https\:\/\/github\.com\/\.extraheader
test (3.11)	UNKNOWN STEP	2026-08-28T09:59:31.9929519Z http.https://github.com/.extraheader
test (3.11)	UNKNOWN STEP	2026-08-28T09:59:31.9955846Z [command]/usr/bin/git config --local --unset-all http.https://github.com/.extraheader
test (3.11)	UNKNOWN STEP	2026-08-28T09:59:31.9987206Z [command]/usr/bin/git submodule foreach --recursive sh -c "git config --local --name-only --get-regexp 'http\.https\:\/\/github\.com\/\.extraheader' && git config --local --unset-all 'http.https://github.com/.extraheader' || :"
test (3.11)	UNKNOWN STEP	2026-08-28T09:59:32.0262780Z [command]/usr/bin/git config --local --name-only --get-regexp ^includeIf\.gitdir:
test (3.11)	UNKNOWN STEP	2026-08-28T09:59:32.0318314Z [command]/usr/bin/git submodule foreach --recursive git config --local --show-origin --name-only --get-regexp remote.origin.url
test (3.11)	UNKNOWN STEP	2026-08-28T09:59:32.0756621Z Cleaning up orphan processes
test (3.11)	UNKNOWN STEP	2026-08-28T09:59:32.1066536Z ##[warning]Node.js 20 is deprecated. The following actions target Node.js 20 but are being forced to run on Node.js 24: actions/checkout@v4, actions/setup-python@v5. For more information see: https://github.blog/changelog/2025-09-19-deprecation-of-node-20-on-github-actions-runners/
test (3.12)	UNKNOWN STEP	﻿2026-08-28T09:59:23.6336128Z Current runner version: '2.336.0'
test (3.12)	UNKNOWN STEP	2026-08-28T09:59:23.6359927Z ##[group]Runner Image Provisioner
test (3.12)	UNKNOWN STEP	2026-08-28T09:59:23.6360767Z Hosted Compute Agent
test (3.12)	UNKNOWN STEP	2026-08-28T09:59:23.6361371Z Version: 20260819.586
test (3.12)	UNKNOWN STEP	2026-08-28T09:59:23.6362093Z Commit: 3cc4a88dfa507ef76119ad1bb3eccc6378bb2b76
test (3.12)	UNKNOWN STEP	2026-08-28T09:59:23.6362820Z Build Date: 2026-08-18T23:20:18Z
test (3.12)	UNKNOWN STEP	2026-08-28T09:59:23.6363529Z Worker ID: {667c5bd5-d329-4eac-b4cd-3fc0588dcbbf}
test (3.12)	UNKNOWN STEP	2026-08-28T09:59:23.6364559Z Azure Region: westus2
test (3.12)	UNKNOWN STEP	2026-08-28T09:59:23.6365135Z ##[endgroup]
test (3.12)	UNKNOWN STEP	2026-08-28T09:59:23.6366673Z ##[group]Operating System
test (3.12)	UNKNOWN STEP	2026-08-28T09:59:23.6367333Z Ubuntu
test (3.12)	UNKNOWN STEP	2026-08-28T09:59:23.6367905Z 24.04.4
test (3.12)	UNKNOWN STEP	2026-08-28T09:59:23.6368425Z LTS
test (3.12)	UNKNOWN STEP	2026-08-28T09:59:23.6368978Z ##[endgroup]
test (3.12)	UNKNOWN STEP	2026-08-28T09:59:23.6369571Z ##[group]Runner Image
test (3.12)	UNKNOWN STEP	2026-08-28T09:59:23.6370166Z Image: ubuntu-24.04
test (3.12)	UNKNOWN STEP	2026-08-28T09:59:23.6370713Z Version: 20260823.283.1
test (3.12)	UNKNOWN STEP	2026-08-28T09:59:23.6372043Z Included Software: https://github.com/actions/runner-images/blob/ubuntu24/20260823.283/images/ubuntu/Ubuntu2404-Readme.md
test (3.12)	UNKNOWN STEP	2026-08-28T09:59:23.6373603Z Image Release: https://github.com/actions/runner-images/releases/tag/ubuntu24%2F20260823.283
test (3.12)	UNKNOWN STEP	2026-08-28T09:59:23.6374807Z ##[endgroup]
test (3.12)	UNKNOWN STEP	2026-08-28T09:59:23.6376042Z ##[group]GITHUB_TOKEN Permissions
test (3.12)	UNKNOWN STEP	2026-08-28T09:59:23.6377930Z Contents: read
test (3.12)	UNKNOWN STEP	2026-08-28T09:59:23.6378968Z Metadata: read
test (3.12)	UNKNOWN STEP	2026-08-28T09:59:23.6379568Z Packages: read
test (3.12)	UNKNOWN STEP	2026-08-28T09:59:23.6380117Z ##[endgroup]
test (3.12)	UNKNOWN STEP	2026-08-28T09:59:23.6382203Z Secret source: Actions
test (3.12)	UNKNOWN STEP	2026-08-28T09:59:23.6383287Z Prepare workflow directory
test (3.12)	UNKNOWN STEP	2026-08-28T09:59:23.6721931Z Prepare all required actions
test (3.12)	UNKNOWN STEP	2026-08-28T09:59:23.6771540Z Getting action download info
test (3.12)	UNKNOWN STEP	2026-08-28T09:59:24.0279237Z Download action repository 'actions/checkout@v4' (SHA:11d5960a326750d5838078e36cf38b85af677262)
test (3.12)	UNKNOWN STEP	2026-08-28T09:59:24.1655723Z Download action repository 'actions/setup-python@v5' (SHA:a26af69be951a213d495a4c3e4e4022e16d87065)
test (3.12)	UNKNOWN STEP	2026-08-28T09:59:24.3767972Z Complete job name: test (3.12)
test (3.12)	UNKNOWN STEP	2026-08-28T09:59:24.4517435Z Node 20 is being deprecated. This workflow is running with Node 24 by default. If you need to temporarily use Node 20, you can set the ACTIONS_ALLOW_USE_UNSECURE_NODE_VERSION=true environment variable. For more information see: https://github.blog/changelog/2025-09-19-deprecation-of-node-20-on-github-actions-runners/
test (3.12)	UNKNOWN STEP	2026-08-28T09:59:24.4526587Z ##[group]Run actions/checkout@v4
test (3.12)	UNKNOWN STEP	2026-08-28T09:59:24.4527334Z with:
test (3.12)	UNKNOWN STEP	2026-08-28T09:59:24.4527790Z   repository: egnaro9/vac-protocol
test (3.12)	UNKNOWN STEP	2026-08-28T09:59:24.4531423Z   token: ***
test (3.12)	UNKNOWN STEP	2026-08-28T09:59:24.4531860Z   ssh-strict: true
test (3.12)	UNKNOWN STEP	2026-08-28T09:59:24.4532300Z   ssh-user: git
test (3.12)	UNKNOWN STEP	2026-08-28T09:59:24.4532755Z   persist-credentials: true
test (3.12)	UNKNOWN STEP	2026-08-28T09:59:24.4533240Z   clean: true
test (3.12)	UNKNOWN STEP	2026-08-28T09:59:24.4533682Z   sparse-checkout-cone-mode: true
test (3.12)	UNKNOWN STEP	2026-08-28T09:59:24.4534200Z   fetch-depth: 1
test (3.12)	UNKNOWN STEP	2026-08-28T09:59:24.4534868Z   fetch-tags: false
test (3.12)	UNKNOWN STEP	2026-08-28T09:59:24.4535319Z   show-progress: true
test (3.12)	UNKNOWN STEP	2026-08-28T09:59:24.4535769Z   lfs: false
test (3.12)	UNKNOWN STEP	2026-08-28T09:59:24.4536211Z   submodules: false
test (3.12)	UNKNOWN STEP	2026-08-28T09:59:24.4536663Z   set-safe-directory: true
test (3.12)	UNKNOWN STEP	2026-08-28T09:59:24.4537179Z   allow-unsafe-pr-checkout: false
test (3.12)	UNKNOWN STEP	2026-08-28T09:59:24.4537969Z ##[endgroup]
test (3.12)	UNKNOWN STEP	2026-08-28T09:59:24.5548433Z Syncing repository: egnaro9/vac-protocol
test (3.12)	UNKNOWN STEP	2026-08-28T09:59:24.5551088Z ##[group]Getting Git version info
test (3.12)	UNKNOWN STEP	2026-08-28T09:59:24.5552302Z Working directory is '/home/runner/work/vac-protocol/vac-protocol'
test (3.12)	UNKNOWN STEP	2026-08-28T09:59:24.5554114Z [command]/usr/bin/git version
test (3.12)	UNKNOWN STEP	2026-08-28T09:59:24.5570507Z git version 2.55.0
test (3.12)	UNKNOWN STEP	2026-08-28T09:59:24.5625925Z ##[endgroup]
test (3.12)	UNKNOWN STEP	2026-08-28T09:59:24.5663016Z Temporarily overriding HOME='/home/runner/work/_temp/2ade5283-8464-4f88-bdb3-db168e4721fe' before making global git config changes
test (3.12)	UNKNOWN STEP	2026-08-28T09:59:24.5665891Z Adding repository directory to the temporary git global config as a safe directory
test (3.12)	UNKNOWN STEP	2026-08-28T09:59:24.5674210Z [command]/usr/bin/git config --global --add safe.directory /home/runner/work/vac-protocol/vac-protocol
test (3.12)	UNKNOWN STEP	2026-08-28T09:59:24.5716760Z Deleting the contents of '/home/runner/work/vac-protocol/vac-protocol'
test (3.12)	UNKNOWN STEP	2026-08-28T09:59:24.5720933Z ##[group]Initializing the repository
test (3.12)	UNKNOWN STEP	2026-08-28T09:59:24.5726316Z [command]/usr/bin/git init /home/runner/work/vac-protocol/vac-protocol
test (3.12)	UNKNOWN STEP	2026-08-28T09:59:24.5832963Z hint: Using 'master' as the name for the initial branch. This default branch name
test (3.12)	UNKNOWN STEP	2026-08-28T09:59:24.5835050Z hint: will change to "main" in Git 3.0. To configure the initial branch name
test (3.12)	UNKNOWN STEP	2026-08-28T09:59:24.5836388Z hint: to use in all of your new repositories, which will suppress this warning,
test (3.12)	UNKNOWN STEP	2026-08-28T09:59:24.5837451Z hint: call:
test (3.12)	UNKNOWN STEP	2026-08-28T09:59:24.5838170Z hint:
test (3.12)	UNKNOWN STEP	2026-08-28T09:59:24.5839024Z hint: 	git config --global init.defaultBranch <name>
test (3.12)	UNKNOWN STEP	2026-08-28T09:59:24.5839925Z hint:
test (3.12)	UNKNOWN STEP	2026-08-28T09:59:24.5840856Z hint: Names commonly chosen instead of 'master' are 'main', 'trunk' and
test (3.12)	UNKNOWN STEP	2026-08-28T09:59:24.5842132Z hint: 'development'. The just-created branch can be renamed via this command:
test (3.12)	UNKNOWN STEP	2026-08-28T09:59:24.5843130Z hint:
test (3.12)	UNKNOWN STEP	2026-08-28T09:59:24.5843927Z hint: 	git branch -m <name>
test (3.12)	UNKNOWN STEP	2026-08-28T09:59:24.5845021Z hint:
test (3.12)	UNKNOWN STEP	2026-08-28T09:59:24.5846096Z hint: Disable this message with "git config set advice.defaultBranchName false"
test (3.12)	UNKNOWN STEP	2026-08-28T09:59:24.5847825Z Initialized empty Git repository in /home/runner/work/vac-protocol/vac-protocol/.git/
test (3.12)	UNKNOWN STEP	2026-08-28T09:59:24.5851085Z [command]/usr/bin/git remote add origin https://github.com/egnaro9/vac-protocol
test (3.12)	UNKNOWN STEP	2026-08-28T09:59:24.5898344Z ##[endgroup]
test (3.12)	UNKNOWN STEP	2026-08-28T09:59:24.5899586Z ##[group]Disabling automatic garbage collection
test (3.12)	UNKNOWN STEP	2026-08-28T09:59:24.5903143Z [command]/usr/bin/git config --local gc.auto 0
test (3.12)	UNKNOWN STEP	2026-08-28T09:59:24.5934787Z ##[endgroup]
test (3.12)	UNKNOWN STEP	2026-08-28T09:59:24.5936000Z ##[group]Setting up auth
test (3.12)	UNKNOWN STEP	2026-08-28T09:59:24.5942132Z [command]/usr/bin/git config --local --name-only --get-regexp core\.sshCommand
test (3.12)	UNKNOWN STEP	2026-08-28T09:59:24.5976105Z [command]/usr/bin/git submodule foreach --recursive sh -c "git config --local --name-only --get-regexp 'core\.sshCommand' && git config --local --unset-all 'core.sshCommand' || :"
test (3.12)	UNKNOWN STEP	2026-08-28T09:59:24.6354019Z [command]/usr/bin/git config --local --name-only --get-regexp http\.https\:\/\/github\.com\/\.extraheader
test (3.12)	UNKNOWN STEP	2026-08-28T09:59:24.6394668Z [command]/usr/bin/git submodule foreach --recursive sh -c "git config --local --name-only --get-regexp 'http\.https\:\/\/github\.com\/\.extraheader' && git config --local --unset-all 'http.https://github.com/.extraheader' || :"
test (3.12)	UNKNOWN STEP	2026-08-28T09:59:24.6636623Z [command]/usr/bin/git config --local --name-only --get-regexp ^includeIf\.gitdir:
test (3.12)	UNKNOWN STEP	2026-08-28T09:59:24.6674259Z [command]/usr/bin/git submodule foreach --recursive git config --local --show-origin --name-only --get-regexp remote.origin.url
test (3.12)	UNKNOWN STEP	2026-08-28T09:59:24.6907058Z [command]/usr/bin/git config --local http.https://github.com/.extraheader AUTHORIZATION: basic ***
test (3.12)	UNKNOWN STEP	2026-08-28T09:59:24.6945500Z ##[endgroup]
test (3.12)	UNKNOWN STEP	2026-08-28T09:59:24.6946274Z ##[group]Fetching the repository
test (3.12)	UNKNOWN STEP	2026-08-28T09:59:24.6959971Z [command]/usr/bin/git -c protocol.version=2 fetch --no-tags --prune --no-recurse-submodules --depth=1 origin +0bca93645ed09942ad64469509da701a67316cba:refs/remotes/origin/main
test (3.12)	UNKNOWN STEP	2026-08-28T09:59:25.1724627Z From https://github.com/egnaro9/vac-protocol
test (3.12)	UNKNOWN STEP	2026-08-28T09:59:25.1725630Z  * [new ref]         0bca93645ed09942ad64469509da701a67316cba -> origin/main
test (3.12)	UNKNOWN STEP	2026-08-28T09:59:25.1729433Z ##[endgroup]
test (3.12)	UNKNOWN STEP	2026-08-28T09:59:25.1730224Z ##[group]Determining the checkout info
test (3.12)	UNKNOWN STEP	2026-08-28T09:59:25.1733409Z ##[endgroup]
test (3.12)	UNKNOWN STEP	2026-08-28T09:59:25.1741783Z [command]/usr/bin/git sparse-checkout disable
test (3.12)	UNKNOWN STEP	2026-08-28T09:59:25.1793090Z [command]/usr/bin/git config --local --unset-all extensions.worktreeConfig
test (3.12)	UNKNOWN STEP	2026-08-28T09:59:25.1825483Z ##[group]Checking out the ref
test (3.12)	UNKNOWN STEP	2026-08-28T09:59:25.1831992Z [command]/usr/bin/git checkout --progress --force -B main refs/remotes/origin/main
test (3.12)	UNKNOWN STEP	2026-08-28T09:59:25.2092460Z Switched to a new branch 'main'
test (3.12)	UNKNOWN STEP	2026-08-28T09:59:25.2098378Z branch 'main' set up to track 'origin/main'.
test (3.12)	UNKNOWN STEP	2026-08-28T09:59:25.2104682Z ##[endgroup]
test (3.12)	UNKNOWN STEP	2026-08-28T09:59:25.2147072Z [command]/usr/bin/git log -1 --format=%H
test (3.12)	UNKNOWN STEP	2026-08-28T09:59:25.2173198Z 0bca93645ed09942ad64469509da701a67316cba
test (3.12)	UNKNOWN STEP	2026-08-28T09:59:25.2481901Z Node 20 is being deprecated. This workflow is running with Node 24 by default. If you need to temporarily use Node 20, you can set the ACTIONS_ALLOW_USE_UNSECURE_NODE_VERSION=true environment variable. For more information see: https://github.blog/changelog/2025-09-19-deprecation-of-node-20-on-github-actions-runners/
test (3.12)	UNKNOWN STEP	2026-08-28T09:59:25.2485249Z ##[group]Run actions/setup-python@v5
test (3.12)	UNKNOWN STEP	2026-08-28T09:59:25.2485797Z with:
test (3.12)	UNKNOWN STEP	2026-08-28T09:59:25.2486206Z   python-version: 3.12
test (3.12)	UNKNOWN STEP	2026-08-28T09:59:25.2486661Z   check-latest: false
test (3.12)	UNKNOWN STEP	2026-08-28T09:59:25.2490194Z   token: ***
test (3.12)	UNKNOWN STEP	2026-08-28T09:59:25.2490629Z   update-environment: true
test (3.12)	UNKNOWN STEP	2026-08-28T09:59:25.2491126Z   allow-prereleases: false
test (3.12)	UNKNOWN STEP	2026-08-28T09:59:25.2491602Z   freethreaded: false
test (3.12)	UNKNOWN STEP	2026-08-28T09:59:25.2492035Z ##[endgroup]
test (3.12)	UNKNOWN STEP	2026-08-28T09:59:25.3807727Z ##[group]Installed versions
test (3.12)	UNKNOWN STEP	2026-08-28T09:59:25.4175347Z (node:2228) [DEP0040] DeprecationWarning: The `punycode` module is deprecated. Please use a userland alternative instead.
test (3.12)	UNKNOWN STEP	2026-08-28T09:59:25.4177478Z (Use `node --trace-deprecation ...` to show where the warning was created)
test (3.12)	UNKNOWN STEP	2026-08-28T09:59:25.4178904Z Successfully set up CPython (3.12.14)
test (3.12)	UNKNOWN STEP	2026-08-28T09:59:25.4180450Z ##[endgroup]
test (3.12)	UNKNOWN STEP	2026-08-28T09:59:25.4390556Z ##[group]Run pip install -e ".[test]"
test (3.12)	UNKNOWN STEP	2026-08-28T09:59:25.4391559Z ^[[36;1mpip install -e ".[test]"^[[0m
test (3.12)	UNKNOWN STEP	2026-08-28T09:59:25.4500380Z shell: /usr/bin/bash -e {0}
test (3.12)	UNKNOWN STEP	2026-08-28T09:59:25.4501273Z env:
test (3.12)	UNKNOWN STEP	2026-08-28T09:59:25.4502154Z   pythonLocation: /opt/hostedtoolcache/Python/3.12.14/x64
test (3.12)	UNKNOWN STEP	2026-08-28T09:59:25.4503612Z   PKG_CONFIG_PATH: /opt/hostedtoolcache/Python/3.12.14/x64/lib/pkgconfig
test (3.12)	UNKNOWN STEP	2026-08-28T09:59:25.4504861Z   Python_ROOT_DIR: /opt/hostedtoolcache/Python/3.12.14/x64
test (3.12)	UNKNOWN STEP	2026-08-28T09:59:25.4505620Z   Python2_ROOT_DIR: /opt/hostedtoolcache/Python/3.12.14/x64
test (3.12)	UNKNOWN STEP	2026-08-28T09:59:25.4506763Z   Python3_ROOT_DIR: /opt/hostedtoolcache/Python/3.12.14/x64
test (3.12)	UNKNOWN STEP	2026-08-28T09:59:25.4508711Z   LD_LIBRARY_PATH: /opt/hostedtoolcache/Python/3.12.14/x64/lib
test (3.12)	UNKNOWN STEP	2026-08-28T09:59:25.4510199Z ##[endgroup]
test (3.12)	UNKNOWN STEP	2026-08-28T09:59:27.8062773Z Obtaining file:///home/runner/work/vac-protocol/vac-protocol
test (3.12)	UNKNOWN STEP	2026-08-28T09:59:27.8077279Z   Installing build dependencies: started
test (3.12)	UNKNOWN STEP	2026-08-28T09:59:29.1142298Z   Installing build dependencies: finished with status 'done'
test (3.12)	UNKNOWN STEP	2026-08-28T09:59:29.1147599Z   Checking if build backend supports build_editable: started
test (3.12)	UNKNOWN STEP	2026-08-28T09:59:29.4564911Z   Checking if build backend supports build_editable: finished with status 'done'
test (3.12)	UNKNOWN STEP	2026-08-28T09:59:29.4572279Z   Getting requirements to build editable: started
test (3.12)	UNKNOWN STEP	2026-08-28T09:59:29.7982083Z   Getting requirements to build editable: finished with status 'done'
test (3.12)	UNKNOWN STEP	2026-08-28T09:59:29.7990409Z   Preparing editable metadata (pyproject.toml): started
test (3.12)	UNKNOWN STEP	2026-08-28T09:59:29.9894739Z   Preparing editable metadata (pyproject.toml): finished with status 'done'
test (3.12)	UNKNOWN STEP	2026-08-28T09:59:30.0892966Z Collecting pytest (from vac-protocol==0.1.0)
test (3.12)	UNKNOWN STEP	2026-08-28T09:59:30.1439755Z   Downloading pytest-9.1.1-py3-none-any.whl.metadata (7.6 kB)
test (3.12)	UNKNOWN STEP	2026-08-28T09:59:30.1597264Z Collecting iniconfig>=1.0.1 (from pytest->vac-protocol==0.1.0)
test (3.12)	UNKNOWN STEP	2026-08-28T09:59:30.1666091Z   Downloading iniconfig-2.3.0-py3-none-any.whl.metadata (2.5 kB)
test (3.12)	UNKNOWN STEP	2026-08-28T09:59:30.1851597Z Collecting packaging>=22 (from pytest->vac-protocol==0.1.0)
test (3.12)	UNKNOWN STEP	2026-08-28T09:59:30.1916369Z   Downloading packaging-26.3-py3-none-any.whl.metadata (3.5 kB)
test (3.12)	UNKNOWN STEP	2026-08-28T09:59:30.2092780Z Collecting pluggy<2,>=1.5 (from pytest->vac-protocol==0.1.0)
test (3.12)	UNKNOWN STEP	2026-08-28T09:59:30.2161733Z   Downloading pluggy-1.6.0-py3-none-any.whl.metadata (4.8 kB)
test (3.12)	UNKNOWN STEP	2026-08-28T09:59:30.2402084Z Collecting pygments>=2.7.2 (from pytest->vac-protocol==0.1.0)
test (3.12)	UNKNOWN STEP	2026-08-28T09:59:30.2470486Z   Downloading pygments-2.21.0-py3-none-any.whl.metadata (2.5 kB)
test (3.12)	UNKNOWN STEP	2026-08-28T09:59:30.2587613Z Downloading pytest-9.1.1-py3-none-any.whl (386 kB)
test (3.12)	UNKNOWN STEP	2026-08-28T09:59:30.2998751Z Downloading pluggy-1.6.0-py3-none-any.whl (20 kB)
test (3.12)	UNKNOWN STEP	2026-08-28T09:59:30.3085044Z Downloading iniconfig-2.3.0-py3-none-any.whl (7.5 kB)
test (3.12)	UNKNOWN STEP	2026-08-28T09:59:30.3170198Z Downloading packaging-26.3-py3-none-any.whl (129 kB)
test (3.12)	UNKNOWN STEP	2026-08-28T09:59:30.3315764Z Downloading pygments-2.21.0-py3-none-any.whl (1.3 MB)
test (3.12)	UNKNOWN STEP	2026-08-28T09:59:30.3865923Z    ━━━━━━━━━━━━━━━━━━━━━━━━━━━━━━━━━━━━━━━━ 1.3/1.3 MB 24.4 MB/s  0:00:00
test (3.12)	UNKNOWN STEP	2026-08-28T09:59:30.4029222Z Building wheels for collected packages: vac-protocol
test (3.12)	UNKNOWN STEP	2026-08-28T09:59:30.4037548Z   Building editable for vac-protocol (pyproject.toml): started
test (3.12)	UNKNOWN STEP	2026-08-28T09:59:30.6243287Z   Building editable for vac-protocol (pyproject.toml): finished with status 'done'
test (3.12)	UNKNOWN STEP	2026-08-28T09:59:30.6250390Z   Created wheel for vac-protocol: filename=vac_protocol-0.1.0-0.editable-py3-none-any.whl size=8767 sha256=e8cfc33355ce9be663dfa2de4f31950ad98f313262cfcb5cb172e0232768e67c
test (3.12)	UNKNOWN STEP	2026-08-28T09:59:30.6252813Z   Stored in directory: /tmp/pip-ephem-wheel-cache-dibbhwk9/wheels/31/93/c0/4effb33ea68d4321a176d9cb097b94ea8b1be9d534ea861dec
test (3.12)	UNKNOWN STEP	2026-08-28T09:59:30.6284734Z Successfully built vac-protocol
test (3.12)	UNKNOWN STEP	2026-08-28T09:59:30.6564656Z Installing collected packages: vac-protocol, pygments, pluggy, packaging, iniconfig, pytest
test (3.12)	UNKNOWN STEP	2026-08-28T09:59:31.7432010Z 
test (3.12)	UNKNOWN STEP	2026-08-28T09:59:31.7445482Z Successfully installed iniconfig-2.3.0 packaging-26.3 pluggy-1.6.0 pygments-2.21.0 pytest-9.1.1 vac-protocol-0.1.0
test (3.12)	UNKNOWN STEP	2026-08-28T09:59:31.8039115Z ##[group]Run python -m pytest tests/ -q
test (3.12)	UNKNOWN STEP	2026-08-28T09:59:31.8039516Z ^[[36;1mpython -m pytest tests/ -q^[[0m
test (3.12)	UNKNOWN STEP	2026-08-28T09:59:31.8077691Z shell: /usr/bin/bash -e {0}
test (3.12)	UNKNOWN STEP	2026-08-28T09:59:31.8077955Z env:
test (3.12)	UNKNOWN STEP	2026-08-28T09:59:31.8078230Z   pythonLocation: /opt/hostedtoolcache/Python/3.12.14/x64
test (3.12)	UNKNOWN STEP	2026-08-28T09:59:31.8078701Z   PKG_CONFIG_PATH: /opt/hostedtoolcache/Python/3.12.14/x64/lib/pkgconfig
test (3.12)	UNKNOWN STEP	2026-08-28T09:59:31.8079161Z   Python_ROOT_DIR: /opt/hostedtoolcache/Python/3.12.14/x64
test (3.12)	UNKNOWN STEP	2026-08-28T09:59:31.8079557Z   Python2_ROOT_DIR: /opt/hostedtoolcache/Python/3.12.14/x64
test (3.12)	UNKNOWN STEP	2026-08-28T09:59:31.8079947Z   Python3_ROOT_DIR: /opt/hostedtoolcache/Python/3.12.14/x64
test (3.12)	UNKNOWN STEP	2026-08-28T09:59:31.8080334Z   LD_LIBRARY_PATH: /opt/hostedtoolcache/Python/3.12.14/x64/lib
test (3.12)	UNKNOWN STEP	2026-08-28T09:59:31.8080658Z ##[endgroup]
test (3.12)	UNKNOWN STEP	2026-08-28T09:59:33.4377467Z ......................xxx.s..s..x....................................... [ 24%]
test (3.12)	UNKNOWN STEP	2026-08-28T09:59:33.7787708Z ........................................................................ [ 48%]
test (3.12)	UNKNOWN STEP	2026-08-28T09:59:34.8202274Z ........................................................................ [ 72%]
test (3.12)	UNKNOWN STEP	2026-08-28T09:59:35.5158464Z ....s.ss.....sssssssss.................................................. [ 97%]
test (3.12)	UNKNOWN STEP	2026-08-28T09:59:35.5983933Z ........                                                                 [100%]
test (3.12)	UNKNOWN STEP	2026-08-28T09:59:35.5985049Z 278 passed, 14 skipped, 4 xfailed in 3.38s
test (3.12)	UNKNOWN STEP	2026-08-28T09:59:35.6362441Z Node 20 is being deprecated. This workflow is running with Node 24 by default. If you need to temporarily use Node 20, you can set the ACTIONS_ALLOW_USE_UNSECURE_NODE_VERSION=true environment variable. For more information see: https://github.blog/changelog/2025-09-19-deprecation-of-node-20-on-github-actions-runners/
test (3.12)	UNKNOWN STEP	2026-08-28T09:59:35.6363731Z Post job cleanup.
test (3.12)	UNKNOWN STEP	2026-08-28T09:59:35.7596556Z (node:2764) [DEP0040] DeprecationWarning: The `punycode` module is deprecated. Please use a userland alternative instead.
test (3.12)	UNKNOWN STEP	2026-08-28T09:59:35.7597447Z (Use `node --trace-deprecation ...` to show where the warning was created)
test (3.12)	UNKNOWN STEP	2026-08-28T09:59:35.7817871Z Node 20 is being deprecated. This workflow is running with Node 24 by default. If you need to temporarily use Node 20, you can set the ACTIONS_ALLOW_USE_UNSECURE_NODE_VERSION=true environment variable. For more information see: https://github.blog/changelog/2025-09-19-deprecation-of-node-20-on-github-actions-runners/
test (3.12)	UNKNOWN STEP	2026-08-28T09:59:35.7820074Z Post job cleanup.
test (3.12)	UNKNOWN STEP	2026-08-28T09:59:35.8684617Z [command]/usr/bin/git version
test (3.12)	UNKNOWN STEP	2026-08-28T09:59:35.8729595Z git version 2.55.0
test (3.12)	UNKNOWN STEP	2026-08-28T09:59:35.8773341Z Temporarily overriding HOME='/home/runner/work/_temp/89ca2a4b-f8b2-4cc0-84c9-ed252fbd339e' before making global git config changes
test (3.12)	UNKNOWN STEP	2026-08-28T09:59:35.8775052Z Adding repository directory to the temporary git global config as a safe directory
test (3.12)	UNKNOWN STEP	2026-08-28T09:59:35.8779109Z [command]/usr/bin/git config --global --add safe.directory /home/runner/work/vac-protocol/vac-protocol
test (3.12)	UNKNOWN STEP	2026-08-28T09:59:35.8826699Z [command]/usr/bin/git config --local --name-only --get-regexp core\.sshCommand
test (3.12)	UNKNOWN STEP	2026-08-28T09:59:35.8862675Z [command]/usr/bin/git submodule foreach --recursive sh -c "git config --local --name-only --get-regexp 'core\.sshCommand' && git config --local --unset-all 'core.sshCommand' || :"
test (3.12)	UNKNOWN STEP	2026-08-28T09:59:35.9113882Z [command]/usr/bin/git config --local --name-only --get-regexp http\.https\:\/\/github\.com\/\.extraheader
test (3.12)	UNKNOWN STEP	2026-08-28T09:59:35.9138702Z http.https://github.com/.extraheader
test (3.12)	UNKNOWN STEP	2026-08-28T09:59:35.9155071Z [command]/usr/bin/git config --local --unset-all http.https://github.com/.extraheader
test (3.12)	UNKNOWN STEP	2026-08-28T09:59:35.9187927Z [command]/usr/bin/git submodule foreach --recursive sh -c "git config --local --name-only --get-regexp 'http\.https\:\/\/github\.com\/\.extraheader' && git config --local --unset-all 'http.https://github.com/.extraheader' || :"
test (3.12)	UNKNOWN STEP	2026-08-28T09:59:35.9464158Z [command]/usr/bin/git config --local --name-only --get-regexp ^includeIf\.gitdir:
test (3.12)	UNKNOWN STEP	2026-08-28T09:59:35.9511031Z [command]/usr/bin/git submodule foreach --recursive git config --local --show-origin --name-only --get-regexp remote.origin.url
test (3.12)	UNKNOWN STEP	2026-08-28T09:59:35.9922664Z Cleaning up orphan processes
test (3.12)	UNKNOWN STEP	2026-08-28T09:59:36.0218609Z ##[warning]Node.js 20 is deprecated. The following actions target Node.js 20 but are being forced to run on Node.js 24: actions/checkout@v4, actions/setup-python@v5. For more information see: https://github.blog/changelog/2025-09-19-deprecation-of-node-20-on-github-actions-runners/
