refusal-coverage	UNKNOWN STEP	﻿2026-08-30T06:40:00.2548794Z Current runner version: '2.336.0'
refusal-coverage	UNKNOWN STEP	2026-08-30T06:40:00.2618057Z ##[group]Runner Image Provisioner
refusal-coverage	UNKNOWN STEP	2026-08-30T06:40:00.2619295Z Hosted Compute Agent
refusal-coverage	UNKNOWN STEP	2026-08-30T06:40:00.2620326Z Version: 20260819.586
refusal-coverage	UNKNOWN STEP	2026-08-30T06:40:00.2621361Z Commit: 3cc4a88dfa507ef76119ad1bb3eccc6378bb2b76
refusal-coverage	UNKNOWN STEP	2026-08-30T06:40:00.2622632Z Build Date: 2026-08-18T23:20:18Z
refusal-coverage	UNKNOWN STEP	2026-08-30T06:40:00.2623705Z Worker ID: {8f8c0c57-45d0-4ba7-b9fa-56daa7468476}
refusal-coverage	UNKNOWN STEP	2026-08-30T06:40:00.2624957Z Azure Region: eastus2
refusal-coverage	UNKNOWN STEP	2026-08-30T06:40:00.2626042Z ##[endgroup]
refusal-coverage	UNKNOWN STEP	2026-08-30T06:40:00.2628155Z ##[group]Operating System
refusal-coverage	UNKNOWN STEP	2026-08-30T06:40:00.2629808Z Ubuntu
refusal-coverage	UNKNOWN STEP	2026-08-30T06:40:00.2630613Z 24.04.4
refusal-coverage	UNKNOWN STEP	2026-08-30T06:40:00.2631372Z LTS
refusal-coverage	UNKNOWN STEP	2026-08-30T06:40:00.2632183Z ##[endgroup]
refusal-coverage	UNKNOWN STEP	2026-08-30T06:40:00.2633070Z ##[group]Runner Image
refusal-coverage	UNKNOWN STEP	2026-08-30T06:40:00.2634163Z Image: ubuntu-24.04
refusal-coverage	UNKNOWN STEP	2026-08-30T06:40:00.2635032Z Version: 20260823.283.1
refusal-coverage	UNKNOWN STEP	2026-08-30T06:40:00.2637386Z Included Software: https://github.com/actions/runner-images/blob/ubuntu24/20260823.283/images/ubuntu/Ubuntu2404-Readme.md
refusal-coverage	UNKNOWN STEP	2026-08-30T06:40:00.2639921Z Image Release: https://github.com/actions/runner-images/releases/tag/ubuntu24%2F20260823.283
refusal-coverage	UNKNOWN STEP	2026-08-30T06:40:00.2641463Z ##[endgroup]
refusal-coverage	UNKNOWN STEP	2026-08-30T06:40:00.2643265Z ##[group]GITHUB_TOKEN Permissions
refusal-coverage	UNKNOWN STEP	2026-08-30T06:40:00.2646606Z Contents: read
refusal-coverage	UNKNOWN STEP	2026-08-30T06:40:00.2647478Z Metadata: read
refusal-coverage	UNKNOWN STEP	2026-08-30T06:40:00.2648506Z Packages: read
refusal-coverage	UNKNOWN STEP	2026-08-30T06:40:00.2649359Z ##[endgroup]
refusal-coverage	UNKNOWN STEP	2026-08-30T06:40:00.2652393Z Secret source: Actions
refusal-coverage	UNKNOWN STEP	2026-08-30T06:40:00.2654332Z Prepare workflow directory
refusal-coverage	UNKNOWN STEP	2026-08-30T06:40:00.3118680Z Prepare all required actions
refusal-coverage	UNKNOWN STEP	2026-08-30T06:40:00.3190246Z Getting action download info
refusal-coverage	UNKNOWN STEP	2026-08-30T06:40:00.5050729Z Download action repository 'actions/checkout@v4' (SHA:11d5960a326750d5838078e36cf38b85af677262)
refusal-coverage	UNKNOWN STEP	2026-08-30T06:40:00.6471067Z Download action repository 'actions/setup-python@v5' (SHA:a26af69be951a213d495a4c3e4e4022e16d87065)
refusal-coverage	UNKNOWN STEP	2026-08-30T06:40:00.8697915Z Complete job name: refusal-coverage
refusal-coverage	UNKNOWN STEP	2026-08-30T06:40:00.9542473Z Node 20 is being deprecated. This workflow is running with Node 24 by default. If you need to temporarily use Node 20, you can set the ACTIONS_ALLOW_USE_UNSECURE_NODE_VERSION=true environment variable. For more information see: https://github.blog/changelog/2025-09-19-deprecation-of-node-20-on-github-actions-runners/
refusal-coverage	UNKNOWN STEP	2026-08-30T06:40:00.9551710Z ##[group]Run actions/checkout@v4
refusal-coverage	UNKNOWN STEP	2026-08-30T06:40:00.9552422Z with:
refusal-coverage	UNKNOWN STEP	2026-08-30T06:40:00.9552872Z   repository: egnaro9/vac-protocol
refusal-coverage	UNKNOWN STEP	2026-08-30T06:40:00.9557018Z   token: ***
refusal-coverage	UNKNOWN STEP	2026-08-30T06:40:00.9557459Z   ssh-strict: true
refusal-coverage	UNKNOWN STEP	2026-08-30T06:40:00.9557903Z   ssh-user: git
refusal-coverage	UNKNOWN STEP	2026-08-30T06:40:00.9558350Z   persist-credentials: true
refusal-coverage	UNKNOWN STEP	2026-08-30T06:40:00.9558831Z   clean: true
refusal-coverage	UNKNOWN STEP	2026-08-30T06:40:00.9559274Z   sparse-checkout-cone-mode: true
refusal-coverage	UNKNOWN STEP	2026-08-30T06:40:00.9559786Z   fetch-depth: 1
refusal-coverage	UNKNOWN STEP	2026-08-30T06:40:00.9560222Z   fetch-tags: false
refusal-coverage	UNKNOWN STEP	2026-08-30T06:40:00.9560663Z   show-progress: true
refusal-coverage	UNKNOWN STEP	2026-08-30T06:40:00.9561098Z   lfs: false
refusal-coverage	UNKNOWN STEP	2026-08-30T06:40:00.9561564Z   submodules: false
refusal-coverage	UNKNOWN STEP	2026-08-30T06:40:00.9562010Z   set-safe-directory: true
refusal-coverage	UNKNOWN STEP	2026-08-30T06:40:00.9562521Z   allow-unsafe-pr-checkout: false
refusal-coverage	UNKNOWN STEP	2026-08-30T06:40:00.9563240Z ##[endgroup]
refusal-coverage	UNKNOWN STEP	2026-08-30T06:40:01.0617111Z Syncing repository: egnaro9/vac-protocol
refusal-coverage	UNKNOWN STEP	2026-08-30T06:40:01.0619349Z ##[group]Getting Git version info
refusal-coverage	UNKNOWN STEP	2026-08-30T06:40:01.0620129Z Working directory is '/home/runner/work/vac-protocol/vac-protocol'
refusal-coverage	UNKNOWN STEP	2026-08-30T06:40:01.0621412Z [command]/usr/bin/git version
refusal-coverage	UNKNOWN STEP	2026-08-30T06:40:01.0678950Z git version 2.55.0
refusal-coverage	UNKNOWN STEP	2026-08-30T06:40:01.0736369Z ##[endgroup]
refusal-coverage	UNKNOWN STEP	2026-08-30T06:40:01.0757616Z Temporarily overriding HOME='/home/runner/work/_temp/554d9c78-11de-4e09-8037-42e251c6dcd1' before making global git config changes
refusal-coverage	UNKNOWN STEP	2026-08-30T06:40:01.0759866Z Adding repository directory to the temporary git global config as a safe directory
refusal-coverage	UNKNOWN STEP	2026-08-30T06:40:01.0763445Z [command]/usr/bin/git config --global --add safe.directory /home/runner/work/vac-protocol/vac-protocol
refusal-coverage	UNKNOWN STEP	2026-08-30T06:40:01.0823990Z Deleting the contents of '/home/runner/work/vac-protocol/vac-protocol'
refusal-coverage	UNKNOWN STEP	2026-08-30T06:40:01.0829628Z ##[group]Initializing the repository
refusal-coverage	UNKNOWN STEP	2026-08-30T06:40:01.0834512Z [command]/usr/bin/git init /home/runner/work/vac-protocol/vac-protocol
refusal-coverage	UNKNOWN STEP	2026-08-30T06:40:01.0952825Z hint: Using 'master' as the name for the initial branch. This default branch name
refusal-coverage	UNKNOWN STEP	2026-08-30T06:40:01.0954148Z hint: will change to "main" in Git 3.0. To configure the initial branch name
refusal-coverage	UNKNOWN STEP	2026-08-30T06:40:01.0955130Z hint: to use in all of your new repositories, which will suppress this warning,
refusal-coverage	UNKNOWN STEP	2026-08-30T06:40:01.0956208Z hint: call:
refusal-coverage	UNKNOWN STEP	2026-08-30T06:40:01.0956855Z hint:
refusal-coverage	UNKNOWN STEP	2026-08-30T06:40:01.0957674Z hint: 	git config --global init.defaultBranch <name>
refusal-coverage	UNKNOWN STEP	2026-08-30T06:40:01.0958638Z hint:
refusal-coverage	UNKNOWN STEP	2026-08-30T06:40:01.0959555Z hint: Names commonly chosen instead of 'master' are 'main', 'trunk' and
refusal-coverage	UNKNOWN STEP	2026-08-30T06:40:01.0961113Z hint: 'development'. The just-created branch can be renamed via this command:
refusal-coverage	UNKNOWN STEP	2026-08-30T06:40:01.0962110Z hint:
refusal-coverage	UNKNOWN STEP	2026-08-30T06:40:01.0962783Z hint: 	git branch -m <name>
refusal-coverage	UNKNOWN STEP	2026-08-30T06:40:01.0963351Z hint:
refusal-coverage	UNKNOWN STEP	2026-08-30T06:40:01.0964210Z hint: Disable this message with "git config set advice.defaultBranchName false"
refusal-coverage	UNKNOWN STEP	2026-08-30T06:40:01.0965642Z Initialized empty Git repository in /home/runner/work/vac-protocol/vac-protocol/.git/
refusal-coverage	UNKNOWN STEP	2026-08-30T06:40:01.0974937Z [command]/usr/bin/git remote add origin https://github.com/egnaro9/vac-protocol
refusal-coverage	UNKNOWN STEP	2026-08-30T06:40:01.1034206Z ##[endgroup]
refusal-coverage	UNKNOWN STEP	2026-08-30T06:40:01.1035163Z ##[group]Disabling automatic garbage collection
refusal-coverage	UNKNOWN STEP	2026-08-30T06:40:01.1036086Z [command]/usr/bin/git config --local gc.auto 0
refusal-coverage	UNKNOWN STEP	2026-08-30T06:40:01.1077201Z ##[endgroup]
refusal-coverage	UNKNOWN STEP	2026-08-30T06:40:01.1078404Z ##[group]Setting up auth
refusal-coverage	UNKNOWN STEP	2026-08-30T06:40:01.1087664Z [command]/usr/bin/git config --local --name-only --get-regexp core\.sshCommand
refusal-coverage	UNKNOWN STEP	2026-08-30T06:40:01.1140288Z [command]/usr/bin/git submodule foreach --recursive sh -c "git config --local --name-only --get-regexp 'core\.sshCommand' && git config --local --unset-all 'core.sshCommand' || :"
refusal-coverage	UNKNOWN STEP	2026-08-30T06:40:01.1542270Z [command]/usr/bin/git config --local --name-only --get-regexp http\.https\:\/\/github\.com\/\.extraheader
refusal-coverage	UNKNOWN STEP	2026-08-30T06:40:01.1585610Z [command]/usr/bin/git submodule foreach --recursive sh -c "git config --local --name-only --get-regexp 'http\.https\:\/\/github\.com\/\.extraheader' && git config --local --unset-all 'http.https://github.com/.extraheader' || :"
refusal-coverage	UNKNOWN STEP	2026-08-30T06:40:01.1836401Z [command]/usr/bin/git config --local --name-only --get-regexp ^includeIf\.gitdir:
refusal-coverage	UNKNOWN STEP	2026-08-30T06:40:01.1877861Z [command]/usr/bin/git submodule foreach --recursive git config --local --show-origin --name-only --get-regexp remote.origin.url
refusal-coverage	UNKNOWN STEP	2026-08-30T06:40:01.2139792Z [command]/usr/bin/git config --local http.https://github.com/.extraheader AUTHORIZATION: basic ***
refusal-coverage	UNKNOWN STEP	2026-08-30T06:40:01.2192341Z ##[endgroup]
refusal-coverage	UNKNOWN STEP	2026-08-30T06:40:01.2193428Z ##[group]Fetching the repository
refusal-coverage	UNKNOWN STEP	2026-08-30T06:40:01.2207031Z [command]/usr/bin/git -c protocol.version=2 fetch --no-tags --prune --no-recurse-submodules --depth=1 origin +652e71bc0dcf39aa26c01995d94741325325eff5:refs/remotes/origin/main
refusal-coverage	UNKNOWN STEP	2026-08-30T06:40:01.5686004Z From https://github.com/egnaro9/vac-protocol
refusal-coverage	UNKNOWN STEP	2026-08-30T06:40:01.5687117Z  * [new ref]         652e71bc0dcf39aa26c01995d94741325325eff5 -> origin/main
refusal-coverage	UNKNOWN STEP	2026-08-30T06:40:01.5690160Z ##[endgroup]
refusal-coverage	UNKNOWN STEP	2026-08-30T06:40:01.5691104Z ##[group]Determining the checkout info
refusal-coverage	UNKNOWN STEP	2026-08-30T06:40:01.5693003Z ##[endgroup]
refusal-coverage	UNKNOWN STEP	2026-08-30T06:40:01.5699466Z [command]/usr/bin/git sparse-checkout disable
refusal-coverage	UNKNOWN STEP	2026-08-30T06:40:01.5755219Z [command]/usr/bin/git config --local --unset-all extensions.worktreeConfig
refusal-coverage	UNKNOWN STEP	2026-08-30T06:40:01.5789425Z ##[group]Checking out the ref
refusal-coverage	UNKNOWN STEP	2026-08-30T06:40:01.5793451Z [command]/usr/bin/git checkout --progress --force -B main refs/remotes/origin/main
refusal-coverage	UNKNOWN STEP	2026-08-30T06:40:01.6091712Z Switched to a new branch 'main'
refusal-coverage	UNKNOWN STEP	2026-08-30T06:40:01.6095417Z branch 'main' set up to track 'origin/main'.
refusal-coverage	UNKNOWN STEP	2026-08-30T06:40:01.6103167Z ##[endgroup]
refusal-coverage	UNKNOWN STEP	2026-08-30T06:40:01.6153193Z [command]/usr/bin/git log -1 --format=%H
refusal-coverage	UNKNOWN STEP	2026-08-30T06:40:01.6183363Z 652e71bc0dcf39aa26c01995d94741325325eff5
refusal-coverage	UNKNOWN STEP	2026-08-30T06:40:01.6583242Z Node 20 is being deprecated. This workflow is running with Node 24 by default. If you need to temporarily use Node 20, you can set the ACTIONS_ALLOW_USE_UNSECURE_NODE_VERSION=true environment variable. For more information see: https://github.blog/changelog/2025-09-19-deprecation-of-node-20-on-github-actions-runners/
refusal-coverage	UNKNOWN STEP	2026-08-30T06:40:01.6586465Z ##[group]Run actions/setup-python@v5
refusal-coverage	UNKNOWN STEP	2026-08-30T06:40:01.6587020Z with:
refusal-coverage	UNKNOWN STEP	2026-08-30T06:40:01.6587451Z   python-version: 3.12
refusal-coverage	UNKNOWN STEP	2026-08-30T06:40:01.6587936Z   check-latest: false
refusal-coverage	UNKNOWN STEP	2026-08-30T06:40:01.6591748Z   token: ***
refusal-coverage	UNKNOWN STEP	2026-08-30T06:40:01.6592203Z   update-environment: true
refusal-coverage	UNKNOWN STEP	2026-08-30T06:40:01.6592720Z   allow-prereleases: false
refusal-coverage	UNKNOWN STEP	2026-08-30T06:40:01.6593218Z   freethreaded: false
refusal-coverage	UNKNOWN STEP	2026-08-30T06:40:01.6593682Z ##[endgroup]
refusal-coverage	UNKNOWN STEP	2026-08-30T06:40:01.7974695Z ##[group]Installed versions
refusal-coverage	UNKNOWN STEP	2026-08-30T06:40:01.8062719Z (node:2233) [DEP0040] DeprecationWarning: The `punycode` module is deprecated. Please use a userland alternative instead.
refusal-coverage	UNKNOWN STEP	2026-08-30T06:40:01.8065028Z (Use `node --trace-deprecation ...` to show where the warning was created)
refusal-coverage	UNKNOWN STEP	2026-08-30T06:40:01.8066476Z Successfully set up CPython (3.12.14)
refusal-coverage	UNKNOWN STEP	2026-08-30T06:40:01.8068009Z ##[endgroup]
refusal-coverage	UNKNOWN STEP	2026-08-30T06:40:01.8376271Z Node 20 is being deprecated. This workflow is running with Node 24 by default. If you need to temporarily use Node 20, you can set the ACTIONS_ALLOW_USE_UNSECURE_NODE_VERSION=true environment variable. For more information see: https://github.blog/changelog/2025-09-19-deprecation-of-node-20-on-github-actions-runners/
refusal-coverage	UNKNOWN STEP	2026-08-30T06:40:01.8378613Z ##[group]Run actions/checkout@v4
refusal-coverage	UNKNOWN STEP	2026-08-30T06:40:01.8379135Z with:
refusal-coverage	UNKNOWN STEP	2026-08-30T06:40:01.8379566Z   repository: egnaro9/crashkit
refusal-coverage	UNKNOWN STEP	2026-08-30T06:40:01.8380077Z   path: _issuers/crashkit
refusal-coverage	UNKNOWN STEP	2026-08-30T06:40:01.8386345Z   token: ***
refusal-coverage	UNKNOWN STEP	2026-08-30T06:40:01.8386815Z   ssh-strict: true
refusal-coverage	UNKNOWN STEP	2026-08-30T06:40:01.8387271Z   ssh-user: git
refusal-coverage	UNKNOWN STEP	2026-08-30T06:40:01.8387724Z   persist-credentials: true
refusal-coverage	UNKNOWN STEP	2026-08-30T06:40:01.8388202Z   clean: true
refusal-coverage	UNKNOWN STEP	2026-08-30T06:40:01.8388652Z   sparse-checkout-cone-mode: true
refusal-coverage	UNKNOWN STEP	2026-08-30T06:40:01.8389237Z   fetch-depth: 1
refusal-coverage	UNKNOWN STEP	2026-08-30T06:40:01.8389804Z   fetch-tags: false
refusal-coverage	UNKNOWN STEP	2026-08-30T06:40:01.8390247Z   show-progress: true
refusal-coverage	UNKNOWN STEP	2026-08-30T06:40:01.8390756Z   lfs: false
refusal-coverage	UNKNOWN STEP	2026-08-30T06:40:01.8391172Z   submodules: false
refusal-coverage	UNKNOWN STEP	2026-08-30T06:40:01.8391622Z   set-safe-directory: true
refusal-coverage	UNKNOWN STEP	2026-08-30T06:40:01.8392182Z   allow-unsafe-pr-checkout: false
refusal-coverage	UNKNOWN STEP	2026-08-30T06:40:01.8393333Z env:
refusal-coverage	UNKNOWN STEP	2026-08-30T06:40:01.8394257Z   pythonLocation: /opt/hostedtoolcache/Python/3.12.14/x64
refusal-coverage	UNKNOWN STEP	2026-08-30T06:40:01.8396186Z   PKG_CONFIG_PATH: /opt/hostedtoolcache/Python/3.12.14/x64/lib/pkgconfig
refusal-coverage	UNKNOWN STEP	2026-08-30T06:40:01.8397694Z   Python_ROOT_DIR: /opt/hostedtoolcache/Python/3.12.14/x64
refusal-coverage	UNKNOWN STEP	2026-08-30T06:40:01.8399011Z   Python2_ROOT_DIR: /opt/hostedtoolcache/Python/3.12.14/x64
refusal-coverage	UNKNOWN STEP	2026-08-30T06:40:01.8400364Z   Python3_ROOT_DIR: /opt/hostedtoolcache/Python/3.12.14/x64
refusal-coverage	UNKNOWN STEP	2026-08-30T06:40:01.8401258Z   LD_LIBRARY_PATH: /opt/hostedtoolcache/Python/3.12.14/x64/lib
refusal-coverage	UNKNOWN STEP	2026-08-30T06:40:01.8401916Z ##[endgroup]
refusal-coverage	UNKNOWN STEP	2026-08-30T06:40:01.9323030Z Syncing repository: egnaro9/crashkit
refusal-coverage	UNKNOWN STEP	2026-08-30T06:40:01.9324672Z ##[group]Getting Git version info
refusal-coverage	UNKNOWN STEP	2026-08-30T06:40:01.9326651Z Working directory is '/home/runner/work/vac-protocol/vac-protocol/_issuers/crashkit'
refusal-coverage	UNKNOWN STEP	2026-08-30T06:40:01.9360575Z [command]/usr/bin/git version
refusal-coverage	UNKNOWN STEP	2026-08-30T06:40:01.9409711Z git version 2.55.0
refusal-coverage	UNKNOWN STEP	2026-08-30T06:40:01.9432865Z ##[endgroup]
refusal-coverage	UNKNOWN STEP	2026-08-30T06:40:01.9449817Z Temporarily overriding HOME='/home/runner/work/_temp/d2887976-cab3-45be-ad97-ceebc2b64911' before making global git config changes
refusal-coverage	UNKNOWN STEP	2026-08-30T06:40:01.9451587Z Adding repository directory to the temporary git global config as a safe directory
refusal-coverage	UNKNOWN STEP	2026-08-30T06:40:01.9456252Z [command]/usr/bin/git config --global --add safe.directory /home/runner/work/vac-protocol/vac-protocol/_issuers/crashkit
refusal-coverage	UNKNOWN STEP	2026-08-30T06:40:01.9498716Z ##[group]Initializing the repository
refusal-coverage	UNKNOWN STEP	2026-08-30T06:40:01.9504917Z [command]/usr/bin/git init /home/runner/work/vac-protocol/vac-protocol/_issuers/crashkit
refusal-coverage	UNKNOWN STEP	2026-08-30T06:40:01.9553136Z hint: Using 'master' as the name for the initial branch. This default branch name
refusal-coverage	UNKNOWN STEP	2026-08-30T06:40:01.9555533Z hint: will change to "main" in Git 3.0. To configure the initial branch name
refusal-coverage	UNKNOWN STEP	2026-08-30T06:40:01.9557731Z hint: to use in all of your new repositories, which will suppress this warning,
refusal-coverage	UNKNOWN STEP	2026-08-30T06:40:01.9559065Z hint: call:
refusal-coverage	UNKNOWN STEP	2026-08-30T06:40:01.9559889Z hint:
refusal-coverage	UNKNOWN STEP	2026-08-30T06:40:01.9560856Z hint: 	git config --global init.defaultBranch <name>
refusal-coverage	UNKNOWN STEP	2026-08-30T06:40:01.9561987Z hint:
refusal-coverage	UNKNOWN STEP	2026-08-30T06:40:01.9563166Z hint: Names commonly chosen instead of 'master' are 'main', 'trunk' and
refusal-coverage	UNKNOWN STEP	2026-08-30T06:40:01.9564933Z hint: 'development'. The just-created branch can be renamed via this command:
refusal-coverage	UNKNOWN STEP	2026-08-30T06:40:01.9566588Z hint:
refusal-coverage	UNKNOWN STEP	2026-08-30T06:40:01.9567737Z hint: 	git branch -m <name>
refusal-coverage	UNKNOWN STEP	2026-08-30T06:40:01.9568746Z hint:
refusal-coverage	UNKNOWN STEP	2026-08-30T06:40:01.9569983Z hint: Disable this message with "git config set advice.defaultBranchName false"
refusal-coverage	UNKNOWN STEP	2026-08-30T06:40:01.9572257Z Initialized empty Git repository in /home/runner/work/vac-protocol/vac-protocol/_issuers/crashkit/.git/
refusal-coverage	UNKNOWN STEP	2026-08-30T06:40:01.9574919Z [command]/usr/bin/git remote add origin https://github.com/egnaro9/crashkit
refusal-coverage	UNKNOWN STEP	2026-08-30T06:40:01.9620675Z ##[endgroup]
refusal-coverage	UNKNOWN STEP	2026-08-30T06:40:01.9621826Z ##[group]Disabling automatic garbage collection
refusal-coverage	UNKNOWN STEP	2026-08-30T06:40:01.9625711Z [command]/usr/bin/git config --local gc.auto 0
refusal-coverage	UNKNOWN STEP	2026-08-30T06:40:01.9661639Z ##[endgroup]
refusal-coverage	UNKNOWN STEP	2026-08-30T06:40:01.9662393Z ##[group]Setting up auth
refusal-coverage	UNKNOWN STEP	2026-08-30T06:40:01.9670771Z [command]/usr/bin/git config --local --name-only --get-regexp core\.sshCommand
refusal-coverage	UNKNOWN STEP	2026-08-30T06:40:01.9711012Z [command]/usr/bin/git submodule foreach --recursive sh -c "git config --local --name-only --get-regexp 'core\.sshCommand' && git config --local --unset-all 'core.sshCommand' || :"
refusal-coverage	UNKNOWN STEP	2026-08-30T06:40:01.9999628Z [command]/usr/bin/git config --local --name-only --get-regexp http\.https\:\/\/github\.com\/\.extraheader
refusal-coverage	UNKNOWN STEP	2026-08-30T06:40:02.0037512Z [command]/usr/bin/git submodule foreach --recursive sh -c "git config --local --name-only --get-regexp 'http\.https\:\/\/github\.com\/\.extraheader' && git config --local --unset-all 'http.https://github.com/.extraheader' || :"
refusal-coverage	UNKNOWN STEP	2026-08-30T06:40:02.0323993Z [command]/usr/bin/git config --local --name-only --get-regexp ^includeIf\.gitdir:
refusal-coverage	UNKNOWN STEP	2026-08-30T06:40:02.0370799Z [command]/usr/bin/git submodule foreach --recursive git config --local --show-origin --name-only --get-regexp remote.origin.url
refusal-coverage	UNKNOWN STEP	2026-08-30T06:40:02.0640705Z [command]/usr/bin/git config --local http.https://github.com/.extraheader AUTHORIZATION: basic ***
refusal-coverage	UNKNOWN STEP	2026-08-30T06:40:02.0687513Z ##[endgroup]
refusal-coverage	UNKNOWN STEP	2026-08-30T06:40:02.0688397Z ##[group]Determining the default branch
refusal-coverage	UNKNOWN STEP	2026-08-30T06:40:02.0690758Z Retrieving the default branch name
refusal-coverage	UNKNOWN STEP	2026-08-30T06:40:02.3171132Z Default branch 'main'
refusal-coverage	UNKNOWN STEP	2026-08-30T06:40:02.3173725Z ##[endgroup]
refusal-coverage	UNKNOWN STEP	2026-08-30T06:40:02.3175551Z ##[group]Fetching the repository
refusal-coverage	UNKNOWN STEP	2026-08-30T06:40:02.3191547Z [command]/usr/bin/git -c protocol.version=2 fetch --no-tags --prune --no-recurse-submodules --depth=1 origin +refs/heads/main:refs/remotes/origin/main
refusal-coverage	UNKNOWN STEP	2026-08-30T06:40:03.0878572Z From https://github.com/egnaro9/crashkit
refusal-coverage	UNKNOWN STEP	2026-08-30T06:40:03.0880506Z  * [new branch]      main       -> origin/main
refusal-coverage	UNKNOWN STEP	2026-08-30T06:40:03.0890249Z ##[endgroup]
refusal-coverage	UNKNOWN STEP	2026-08-30T06:40:03.0892497Z ##[group]Determining the checkout info
refusal-coverage	UNKNOWN STEP	2026-08-30T06:40:03.0895433Z ##[endgroup]
refusal-coverage	UNKNOWN STEP	2026-08-30T06:40:03.0898805Z [command]/usr/bin/git sparse-checkout disable
refusal-coverage	UNKNOWN STEP	2026-08-30T06:40:03.0953822Z [command]/usr/bin/git config --local --unset-all extensions.worktreeConfig
refusal-coverage	UNKNOWN STEP	2026-08-30T06:40:03.0998420Z ##[group]Checking out the ref
refusal-coverage	UNKNOWN STEP	2026-08-30T06:40:03.1001446Z [command]/usr/bin/git checkout --progress --force -B main refs/remotes/origin/main
refusal-coverage	UNKNOWN STEP	2026-08-30T06:40:03.1119116Z Switched to a new branch 'main'
refusal-coverage	UNKNOWN STEP	2026-08-30T06:40:03.1121549Z branch 'main' set up to track 'origin/main'.
refusal-coverage	UNKNOWN STEP	2026-08-30T06:40:03.1128927Z ##[endgroup]
refusal-coverage	UNKNOWN STEP	2026-08-30T06:40:03.1182387Z [command]/usr/bin/git log -1 --format=%H
refusal-coverage	UNKNOWN STEP	2026-08-30T06:40:03.1219886Z 77a54af29dfa44d598c87963e6a1e7102a502b04
refusal-coverage	UNKNOWN STEP	2026-08-30T06:40:03.1601603Z Node 20 is being deprecated. This workflow is running with Node 24 by default. If you need to temporarily use Node 20, you can set the ACTIONS_ALLOW_USE_UNSECURE_NODE_VERSION=true environment variable. For more information see: https://github.blog/changelog/2025-09-19-deprecation-of-node-20-on-github-actions-runners/
refusal-coverage	UNKNOWN STEP	2026-08-30T06:40:03.1607344Z ##[group]Run actions/checkout@v4
refusal-coverage	UNKNOWN STEP	2026-08-30T06:40:03.1608516Z with:
refusal-coverage	UNKNOWN STEP	2026-08-30T06:40:03.1609461Z   repository: egnaro9/evalmut
refusal-coverage	UNKNOWN STEP	2026-08-30T06:40:03.1610624Z   path: _issuers/evalmut
refusal-coverage	UNKNOWN STEP	2026-08-30T06:40:03.1620284Z   token: ***
refusal-coverage	UNKNOWN STEP	2026-08-30T06:40:03.1621241Z   ssh-strict: true
refusal-coverage	UNKNOWN STEP	2026-08-30T06:40:03.1622228Z   ssh-user: git
refusal-coverage	UNKNOWN STEP	2026-08-30T06:40:03.1623254Z   persist-credentials: true
refusal-coverage	UNKNOWN STEP	2026-08-30T06:40:03.1624375Z   clean: true
refusal-coverage	UNKNOWN STEP	2026-08-30T06:40:03.1625377Z   sparse-checkout-cone-mode: true
refusal-coverage	UNKNOWN STEP	2026-08-30T06:40:03.1626681Z   fetch-depth: 1
refusal-coverage	UNKNOWN STEP	2026-08-30T06:40:03.1627673Z   fetch-tags: false
refusal-coverage	UNKNOWN STEP	2026-08-30T06:40:03.1628677Z   show-progress: true
refusal-coverage	UNKNOWN STEP	2026-08-30T06:40:03.1629734Z   lfs: false
refusal-coverage	UNKNOWN STEP	2026-08-30T06:40:03.1630679Z   submodules: false
refusal-coverage	UNKNOWN STEP	2026-08-30T06:40:03.1631714Z   set-safe-directory: true
refusal-coverage	UNKNOWN STEP	2026-08-30T06:40:03.1632897Z   allow-unsafe-pr-checkout: false
refusal-coverage	UNKNOWN STEP	2026-08-30T06:40:03.1634079Z env:
refusal-coverage	UNKNOWN STEP	2026-08-30T06:40:03.1635215Z   pythonLocation: /opt/hostedtoolcache/Python/3.12.14/x64
refusal-coverage	UNKNOWN STEP	2026-08-30T06:40:03.1637277Z   PKG_CONFIG_PATH: /opt/hostedtoolcache/Python/3.12.14/x64/lib/pkgconfig
refusal-coverage	UNKNOWN STEP	2026-08-30T06:40:03.1639241Z   Python_ROOT_DIR: /opt/hostedtoolcache/Python/3.12.14/x64
refusal-coverage	UNKNOWN STEP	2026-08-30T06:40:03.1641013Z   Python2_ROOT_DIR: /opt/hostedtoolcache/Python/3.12.14/x64
refusal-coverage	UNKNOWN STEP	2026-08-30T06:40:03.1642762Z   Python3_ROOT_DIR: /opt/hostedtoolcache/Python/3.12.14/x64
refusal-coverage	UNKNOWN STEP	2026-08-30T06:40:03.1644540Z   LD_LIBRARY_PATH: /opt/hostedtoolcache/Python/3.12.14/x64/lib
refusal-coverage	UNKNOWN STEP	2026-08-30T06:40:03.1646149Z ##[endgroup]
refusal-coverage	UNKNOWN STEP	2026-08-30T06:40:03.2581563Z Syncing repository: egnaro9/evalmut
refusal-coverage	UNKNOWN STEP	2026-08-30T06:40:03.2584477Z ##[group]Getting Git version info
refusal-coverage	UNKNOWN STEP	2026-08-30T06:40:03.2587432Z Working directory is '/home/runner/work/vac-protocol/vac-protocol/_issuers/evalmut'
refusal-coverage	UNKNOWN STEP	2026-08-30T06:40:03.2619450Z [command]/usr/bin/git version
refusal-coverage	UNKNOWN STEP	2026-08-30T06:40:03.2662017Z git version 2.55.0
refusal-coverage	UNKNOWN STEP	2026-08-30T06:40:03.2716051Z ##[endgroup]
refusal-coverage	UNKNOWN STEP	2026-08-30T06:40:03.2730766Z Temporarily overriding HOME='/home/runner/work/_temp/0986c868-829c-481d-a021-75c12dea862d' before making global git config changes
refusal-coverage	UNKNOWN STEP	2026-08-30T06:40:03.2735421Z Adding repository directory to the temporary git global config as a safe directory
refusal-coverage	UNKNOWN STEP	2026-08-30T06:40:03.2740256Z [command]/usr/bin/git config --global --add safe.directory /home/runner/work/vac-protocol/vac-protocol/_issuers/evalmut
refusal-coverage	UNKNOWN STEP	2026-08-30T06:40:03.2774073Z ##[group]Initializing the repository
refusal-coverage	UNKNOWN STEP	2026-08-30T06:40:03.2778690Z [command]/usr/bin/git init /home/runner/work/vac-protocol/vac-protocol/_issuers/evalmut
refusal-coverage	UNKNOWN STEP	2026-08-30T06:40:03.2831590Z hint: Using 'master' as the name for the initial branch. This default branch name
refusal-coverage	UNKNOWN STEP	2026-08-30T06:40:03.2836105Z hint: will change to "main" in Git 3.0. To configure the initial branch name
refusal-coverage	UNKNOWN STEP	2026-08-30T06:40:03.2839679Z hint: to use in all of your new repositories, which will suppress this warning,
refusal-coverage	UNKNOWN STEP	2026-08-30T06:40:03.2842262Z hint: call:
refusal-coverage	UNKNOWN STEP	2026-08-30T06:40:03.2844476Z hint:
refusal-coverage	UNKNOWN STEP	2026-08-30T06:40:03.2846351Z hint: 	git config --global init.defaultBranch <name>
refusal-coverage	UNKNOWN STEP	2026-08-30T06:40:03.2848557Z hint:
refusal-coverage	UNKNOWN STEP	2026-08-30T06:40:03.2850795Z hint: Names commonly chosen instead of 'master' are 'main', 'trunk' and
refusal-coverage	UNKNOWN STEP	2026-08-30T06:40:03.2854113Z hint: 'development'. The just-created branch can be renamed via this command:
refusal-coverage	UNKNOWN STEP	2026-08-30T06:40:03.2856835Z hint:
refusal-coverage	UNKNOWN STEP	2026-08-30T06:40:03.2858343Z hint: 	git branch -m <name>
refusal-coverage	UNKNOWN STEP	2026-08-30T06:40:03.2860106Z hint:
refusal-coverage	UNKNOWN STEP	2026-08-30T06:40:03.2862364Z hint: Disable this message with "git config set advice.defaultBranchName false"
refusal-coverage	UNKNOWN STEP	2026-08-30T06:40:03.2866795Z Initialized empty Git repository in /home/runner/work/vac-protocol/vac-protocol/_issuers/evalmut/.git/
refusal-coverage	UNKNOWN STEP	2026-08-30T06:40:03.2873016Z [command]/usr/bin/git remote add origin https://github.com/egnaro9/evalmut
refusal-coverage	UNKNOWN STEP	2026-08-30T06:40:03.2885733Z ##[endgroup]
refusal-coverage	UNKNOWN STEP	2026-08-30T06:40:03.2888866Z ##[group]Disabling automatic garbage collection
refusal-coverage	UNKNOWN STEP	2026-08-30T06:40:03.2891018Z [command]/usr/bin/git config --local gc.auto 0
refusal-coverage	UNKNOWN STEP	2026-08-30T06:40:03.2928342Z ##[endgroup]
refusal-coverage	UNKNOWN STEP	2026-08-30T06:40:03.2930404Z ##[group]Setting up auth
refusal-coverage	UNKNOWN STEP	2026-08-30T06:40:03.2936979Z [command]/usr/bin/git config --local --name-only --get-regexp core\.sshCommand
refusal-coverage	UNKNOWN STEP	2026-08-30T06:40:03.2977737Z [command]/usr/bin/git submodule foreach --recursive sh -c "git config --local --name-only --get-regexp 'core\.sshCommand' && git config --local --unset-all 'core.sshCommand' || :"
refusal-coverage	UNKNOWN STEP	2026-08-30T06:40:03.3272975Z [command]/usr/bin/git config --local --name-only --get-regexp http\.https\:\/\/github\.com\/\.extraheader
refusal-coverage	UNKNOWN STEP	2026-08-30T06:40:03.3313567Z [command]/usr/bin/git submodule foreach --recursive sh -c "git config --local --name-only --get-regexp 'http\.https\:\/\/github\.com\/\.extraheader' && git config --local --unset-all 'http.https://github.com/.extraheader' || :"
refusal-coverage	UNKNOWN STEP	2026-08-30T06:40:03.3601566Z [command]/usr/bin/git config --local --name-only --get-regexp ^includeIf\.gitdir:
refusal-coverage	UNKNOWN STEP	2026-08-30T06:40:03.3651587Z [command]/usr/bin/git submodule foreach --recursive git config --local --show-origin --name-only --get-regexp remote.origin.url
refusal-coverage	UNKNOWN STEP	2026-08-30T06:40:03.3919720Z [command]/usr/bin/git config --local http.https://github.com/.extraheader AUTHORIZATION: basic ***
refusal-coverage	UNKNOWN STEP	2026-08-30T06:40:03.3963090Z ##[endgroup]
refusal-coverage	UNKNOWN STEP	2026-08-30T06:40:03.3964792Z ##[group]Determining the default branch
refusal-coverage	UNKNOWN STEP	2026-08-30T06:40:03.3967106Z Retrieving the default branch name
refusal-coverage	UNKNOWN STEP	2026-08-30T06:40:03.7544428Z Default branch 'main'
refusal-coverage	UNKNOWN STEP	2026-08-30T06:40:03.7545728Z ##[endgroup]
refusal-coverage	UNKNOWN STEP	2026-08-30T06:40:03.7546784Z ##[group]Fetching the repository
refusal-coverage	UNKNOWN STEP	2026-08-30T06:40:03.7569075Z [command]/usr/bin/git -c protocol.version=2 fetch --no-tags --prune --no-recurse-submodules --depth=1 origin +refs/heads/main:refs/remotes/origin/main
refusal-coverage	UNKNOWN STEP	2026-08-30T06:40:04.5039674Z From https://github.com/egnaro9/evalmut
refusal-coverage	UNKNOWN STEP	2026-08-30T06:40:04.5040229Z  * [new branch]      main       -> origin/main
refusal-coverage	UNKNOWN STEP	2026-08-30T06:40:04.5046295Z ##[endgroup]
refusal-coverage	UNKNOWN STEP	2026-08-30T06:40:04.5046765Z ##[group]Determining the checkout info
refusal-coverage	UNKNOWN STEP	2026-08-30T06:40:04.5048328Z ##[endgroup]
refusal-coverage	UNKNOWN STEP	2026-08-30T06:40:04.5055388Z [command]/usr/bin/git sparse-checkout disable
refusal-coverage	UNKNOWN STEP	2026-08-30T06:40:04.5105177Z [command]/usr/bin/git config --local --unset-all extensions.worktreeConfig
refusal-coverage	UNKNOWN STEP	2026-08-30T06:40:04.5142184Z ##[group]Checking out the ref
refusal-coverage	UNKNOWN STEP	2026-08-30T06:40:04.5146665Z [command]/usr/bin/git checkout --progress --force -B main refs/remotes/origin/main
refusal-coverage	UNKNOWN STEP	2026-08-30T06:40:04.5307176Z Switched to a new branch 'main'
refusal-coverage	UNKNOWN STEP	2026-08-30T06:40:04.5308593Z branch 'main' set up to track 'origin/main'.
refusal-coverage	UNKNOWN STEP	2026-08-30T06:40:04.5314659Z ##[endgroup]
refusal-coverage	UNKNOWN STEP	2026-08-30T06:40:04.5367410Z [command]/usr/bin/git log -1 --format=%H
refusal-coverage	UNKNOWN STEP	2026-08-30T06:40:04.5404901Z cda1ea0b6f792e0236ee2387ff36fda853ea6f0a
refusal-coverage	UNKNOWN STEP	2026-08-30T06:40:04.5597367Z Node 20 is being deprecated. This workflow is running with Node 24 by default. If you need to temporarily use Node 20, you can set the ACTIONS_ALLOW_USE_UNSECURE_NODE_VERSION=true environment variable. For more information see: https://github.blog/changelog/2025-09-19-deprecation-of-node-20-on-github-actions-runners/
refusal-coverage	UNKNOWN STEP	2026-08-30T06:40:04.5598558Z ##[group]Run actions/checkout@v4
refusal-coverage	UNKNOWN STEP	2026-08-30T06:40:04.5598835Z with:
refusal-coverage	UNKNOWN STEP	2026-08-30T06:40:04.5599094Z   repository: egnaro9/model-drift
refusal-coverage	UNKNOWN STEP	2026-08-30T06:40:04.5599357Z   path: _issuers/model-drift
refusal-coverage	UNKNOWN STEP	2026-08-30T06:40:04.5601756Z   token: ***
refusal-coverage	UNKNOWN STEP	2026-08-30T06:40:04.5601962Z   ssh-strict: true
refusal-coverage	UNKNOWN STEP	2026-08-30T06:40:04.5602174Z   ssh-user: git
refusal-coverage	UNKNOWN STEP	2026-08-30T06:40:04.5602397Z   persist-credentials: true
refusal-coverage	UNKNOWN STEP	2026-08-30T06:40:04.5602644Z   clean: true
refusal-coverage	UNKNOWN STEP	2026-08-30T06:40:04.5602865Z   sparse-checkout-cone-mode: true
refusal-coverage	UNKNOWN STEP	2026-08-30T06:40:04.5603120Z   fetch-depth: 1
refusal-coverage	UNKNOWN STEP	2026-08-30T06:40:04.5603328Z   fetch-tags: false
refusal-coverage	UNKNOWN STEP	2026-08-30T06:40:04.5603546Z   show-progress: true
refusal-coverage	UNKNOWN STEP	2026-08-30T06:40:04.5603803Z   lfs: false
refusal-coverage	UNKNOWN STEP	2026-08-30T06:40:04.5604008Z   submodules: false
refusal-coverage	UNKNOWN STEP	2026-08-30T06:40:04.5604224Z   set-safe-directory: true
refusal-coverage	UNKNOWN STEP	2026-08-30T06:40:04.5604476Z   allow-unsafe-pr-checkout: false
refusal-coverage	UNKNOWN STEP	2026-08-30T06:40:04.5604716Z env:
refusal-coverage	UNKNOWN STEP	2026-08-30T06:40:04.5604974Z   pythonLocation: /opt/hostedtoolcache/Python/3.12.14/x64
refusal-coverage	UNKNOWN STEP	2026-08-30T06:40:04.5605395Z   PKG_CONFIG_PATH: /opt/hostedtoolcache/Python/3.12.14/x64/lib/pkgconfig
refusal-coverage	UNKNOWN STEP	2026-08-30T06:40:04.5606233Z   Python_ROOT_DIR: /opt/hostedtoolcache/Python/3.12.14/x64
refusal-coverage	UNKNOWN STEP	2026-08-30T06:40:04.5606622Z   Python2_ROOT_DIR: /opt/hostedtoolcache/Python/3.12.14/x64
refusal-coverage	UNKNOWN STEP	2026-08-30T06:40:04.5606987Z   Python3_ROOT_DIR: /opt/hostedtoolcache/Python/3.12.14/x64
refusal-coverage	UNKNOWN STEP	2026-08-30T06:40:04.5607356Z   LD_LIBRARY_PATH: /opt/hostedtoolcache/Python/3.12.14/x64/lib
refusal-coverage	UNKNOWN STEP	2026-08-30T06:40:04.5607675Z ##[endgroup]
refusal-coverage	UNKNOWN STEP	2026-08-30T06:40:04.6479776Z Syncing repository: egnaro9/model-drift
refusal-coverage	UNKNOWN STEP	2026-08-30T06:40:04.6480793Z ##[group]Getting Git version info
refusal-coverage	UNKNOWN STEP	2026-08-30T06:40:04.6481630Z Working directory is '/home/runner/work/vac-protocol/vac-protocol/_issuers/model-drift'
refusal-coverage	UNKNOWN STEP	2026-08-30T06:40:04.6520842Z [command]/usr/bin/git version
refusal-coverage	UNKNOWN STEP	2026-08-30T06:40:04.6564343Z git version 2.55.0
refusal-coverage	UNKNOWN STEP	2026-08-30T06:40:04.6616161Z ##[endgroup]
refusal-coverage	UNKNOWN STEP	2026-08-30T06:40:04.6632088Z Temporarily overriding HOME='/home/runner/work/_temp/cff77ac2-121d-4bc3-9a90-e25a7de39a96' before making global git config changes
refusal-coverage	UNKNOWN STEP	2026-08-30T06:40:04.6633732Z Adding repository directory to the temporary git global config as a safe directory
refusal-coverage	UNKNOWN STEP	2026-08-30T06:40:04.6639648Z [command]/usr/bin/git config --global --add safe.directory /home/runner/work/vac-protocol/vac-protocol/_issuers/model-drift
refusal-coverage	UNKNOWN STEP	2026-08-30T06:40:04.6704558Z ##[group]Initializing the repository
refusal-coverage	UNKNOWN STEP	2026-08-30T06:40:04.6705506Z [command]/usr/bin/git init /home/runner/work/vac-protocol/vac-protocol/_issuers/model-drift
refusal-coverage	UNKNOWN STEP	2026-08-30T06:40:04.6748887Z hint: Using 'master' as the name for the initial branch. This default branch name
refusal-coverage	UNKNOWN STEP	2026-08-30T06:40:04.6750068Z hint: will change to "main" in Git 3.0. To configure the initial branch name
refusal-coverage	UNKNOWN STEP	2026-08-30T06:40:04.6751340Z hint: to use in all of your new repositories, which will suppress this warning,
refusal-coverage	UNKNOWN STEP	2026-08-30T06:40:04.6752276Z hint: call:
refusal-coverage	UNKNOWN STEP	2026-08-30T06:40:04.6752826Z hint:
refusal-coverage	UNKNOWN STEP	2026-08-30T06:40:04.6753435Z hint: 	git config --global init.defaultBranch <name>
refusal-coverage	UNKNOWN STEP	2026-08-30T06:40:04.6754168Z hint:
refusal-coverage	UNKNOWN STEP	2026-08-30T06:40:04.6754863Z hint: Names commonly chosen instead of 'master' are 'main', 'trunk' and
refusal-coverage	UNKNOWN STEP	2026-08-30T06:40:04.6756584Z hint: 'development'. The just-created branch can be renamed via this command:
refusal-coverage	UNKNOWN STEP	2026-08-30T06:40:04.6757559Z hint:
refusal-coverage	UNKNOWN STEP	2026-08-30T06:40:04.6758078Z hint: 	git branch -m <name>
refusal-coverage	UNKNOWN STEP	2026-08-30T06:40:04.6758661Z hint:
refusal-coverage	UNKNOWN STEP	2026-08-30T06:40:04.6759387Z hint: Disable this message with "git config set advice.defaultBranchName false"
refusal-coverage	UNKNOWN STEP	2026-08-30T06:40:04.6760631Z Initialized empty Git repository in /home/runner/work/vac-protocol/vac-protocol/_issuers/model-drift/.git/
refusal-coverage	UNKNOWN STEP	2026-08-30T06:40:04.6764053Z [command]/usr/bin/git remote add origin https://github.com/egnaro9/model-drift
refusal-coverage	UNKNOWN STEP	2026-08-30T06:40:04.6802539Z ##[endgroup]
refusal-coverage	UNKNOWN STEP	2026-08-30T06:40:04.6803154Z ##[group]Disabling automatic garbage collection
refusal-coverage	UNKNOWN STEP	2026-08-30T06:40:04.6808383Z [command]/usr/bin/git config --local gc.auto 0
refusal-coverage	UNKNOWN STEP	2026-08-30T06:40:04.6843693Z ##[endgroup]
refusal-coverage	UNKNOWN STEP	2026-08-30T06:40:04.6844249Z ##[group]Setting up auth
refusal-coverage	UNKNOWN STEP	2026-08-30T06:40:04.6853958Z [command]/usr/bin/git config --local --name-only --get-regexp core\.sshCommand
refusal-coverage	UNKNOWN STEP	2026-08-30T06:40:04.6892691Z [command]/usr/bin/git submodule foreach --recursive sh -c "git config --local --name-only --get-regexp 'core\.sshCommand' && git config --local --unset-all 'core.sshCommand' || :"
refusal-coverage	UNKNOWN STEP	2026-08-30T06:40:04.7171828Z [command]/usr/bin/git config --local --name-only --get-regexp http\.https\:\/\/github\.com\/\.extraheader
refusal-coverage	UNKNOWN STEP	2026-08-30T06:40:04.7232862Z [command]/usr/bin/git submodule foreach --recursive sh -c "git config --local --name-only --get-regexp 'http\.https\:\/\/github\.com\/\.extraheader' && git config --local --unset-all 'http.https://github.com/.extraheader' || :"
refusal-coverage	UNKNOWN STEP	2026-08-30T06:40:04.7598726Z [command]/usr/bin/git config --local --name-only --get-regexp ^includeIf\.gitdir:
refusal-coverage	UNKNOWN STEP	2026-08-30T06:40:04.7658788Z [command]/usr/bin/git submodule foreach --recursive git config --local --show-origin --name-only --get-regexp remote.origin.url
refusal-coverage	UNKNOWN STEP	2026-08-30T06:40:04.8007129Z [command]/usr/bin/git config --local http.https://github.com/.extraheader AUTHORIZATION: basic ***
refusal-coverage	UNKNOWN STEP	2026-08-30T06:40:05.0329556Z ##[endgroup]
refusal-coverage	UNKNOWN STEP	2026-08-30T06:40:05.0330329Z ##[group]Determining the default branch
refusal-coverage	UNKNOWN STEP	2026-08-30T06:40:05.0356829Z Retrieving the default branch name
refusal-coverage	UNKNOWN STEP	2026-08-30T06:40:05.2784327Z Default branch 'main'
refusal-coverage	UNKNOWN STEP	2026-08-30T06:40:05.2785640Z ##[endgroup]
refusal-coverage	UNKNOWN STEP	2026-08-30T06:40:05.2787196Z ##[group]Fetching the repository
refusal-coverage	UNKNOWN STEP	2026-08-30T06:40:05.2808120Z [command]/usr/bin/git -c protocol.version=2 fetch --no-tags --prune --no-recurse-submodules --depth=1 origin +refs/heads/main:refs/remotes/origin/main
refusal-coverage	UNKNOWN STEP	2026-08-30T06:40:05.6918467Z From https://github.com/egnaro9/model-drift
refusal-coverage	UNKNOWN STEP	2026-08-30T06:40:05.6919060Z  * [new branch]      main       -> origin/main
refusal-coverage	UNKNOWN STEP	2026-08-30T06:40:05.6923455Z ##[endgroup]
refusal-coverage	UNKNOWN STEP	2026-08-30T06:40:05.6924036Z ##[group]Determining the checkout info
refusal-coverage	UNKNOWN STEP	2026-08-30T06:40:05.6926839Z ##[endgroup]
refusal-coverage	UNKNOWN STEP	2026-08-30T06:40:05.6932311Z [command]/usr/bin/git sparse-checkout disable
refusal-coverage	UNKNOWN STEP	2026-08-30T06:40:05.8424296Z [command]/usr/bin/git config --local --unset-all extensions.worktreeConfig
refusal-coverage	UNKNOWN STEP	2026-08-30T06:40:05.9827371Z ##[group]Checking out the ref
refusal-coverage	UNKNOWN STEP	2026-08-30T06:40:05.9830421Z [command]/usr/bin/git checkout --progress --force -B main refs/remotes/origin/main
refusal-coverage	UNKNOWN STEP	2026-08-30T06:40:06.0455203Z Switched to a new branch 'main'
refusal-coverage	UNKNOWN STEP	2026-08-30T06:40:06.0457038Z branch 'main' set up to track 'origin/main'.
refusal-coverage	UNKNOWN STEP	2026-08-30T06:40:06.0465021Z ##[endgroup]
refusal-coverage	UNKNOWN STEP	2026-08-30T06:40:06.0526476Z [command]/usr/bin/git log -1 --format=%H
refusal-coverage	UNKNOWN STEP	2026-08-30T06:40:06.0563700Z d8cd339b60c01c4a9fabbdfda699a6bd4afdc69a
refusal-coverage	UNKNOWN STEP	2026-08-30T06:40:06.0732484Z ##[group]Run pip install -e ".[test]"
refusal-coverage	UNKNOWN STEP	2026-08-30T06:40:06.0732865Z ^[[36;1mpip install -e ".[test]"^[[0m
refusal-coverage	UNKNOWN STEP	2026-08-30T06:40:06.0839340Z shell: /usr/bin/bash -e {0}
refusal-coverage	UNKNOWN STEP	2026-08-30T06:40:06.0839632Z env:
refusal-coverage	UNKNOWN STEP	2026-08-30T06:40:06.0839941Z   pythonLocation: /opt/hostedtoolcache/Python/3.12.14/x64
refusal-coverage	UNKNOWN STEP	2026-08-30T06:40:06.0840411Z   PKG_CONFIG_PATH: /opt/hostedtoolcache/Python/3.12.14/x64/lib/pkgconfig
refusal-coverage	UNKNOWN STEP	2026-08-30T06:40:06.0840862Z   Python_ROOT_DIR: /opt/hostedtoolcache/Python/3.12.14/x64
refusal-coverage	UNKNOWN STEP	2026-08-30T06:40:06.0841248Z   Python2_ROOT_DIR: /opt/hostedtoolcache/Python/3.12.14/x64
refusal-coverage	UNKNOWN STEP	2026-08-30T06:40:06.0841629Z   Python3_ROOT_DIR: /opt/hostedtoolcache/Python/3.12.14/x64
refusal-coverage	UNKNOWN STEP	2026-08-30T06:40:06.0842027Z   LD_LIBRARY_PATH: /opt/hostedtoolcache/Python/3.12.14/x64/lib
refusal-coverage	UNKNOWN STEP	2026-08-30T06:40:06.0842348Z ##[endgroup]
refusal-coverage	UNKNOWN STEP	2026-08-30T06:40:07.8866285Z Obtaining file:///home/runner/work/vac-protocol/vac-protocol
refusal-coverage	UNKNOWN STEP	2026-08-30T06:40:07.8881711Z   Installing build dependencies: started
refusal-coverage	UNKNOWN STEP	2026-08-30T06:40:09.1679783Z   Installing build dependencies: finished with status 'done'
refusal-coverage	UNKNOWN STEP	2026-08-30T06:40:09.1685521Z   Checking if build backend supports build_editable: started
refusal-coverage	UNKNOWN STEP	2026-08-30T06:40:09.5297280Z   Checking if build backend supports build_editable: finished with status 'done'
refusal-coverage	UNKNOWN STEP	2026-08-30T06:40:09.5305680Z   Getting requirements to build editable: started
refusal-coverage	UNKNOWN STEP	2026-08-30T06:40:09.8871082Z   Getting requirements to build editable: finished with status 'done'
refusal-coverage	UNKNOWN STEP	2026-08-30T06:40:09.8880787Z   Preparing editable metadata (pyproject.toml): started
refusal-coverage	UNKNOWN STEP	2026-08-30T06:40:10.0984045Z   Preparing editable metadata (pyproject.toml): finished with status 'done'
refusal-coverage	UNKNOWN STEP	2026-08-30T06:40:10.1987377Z Collecting pytest (from vac-protocol==0.1.0)
refusal-coverage	UNKNOWN STEP	2026-08-30T06:40:10.2555068Z   Downloading pytest-9.1.1-py3-none-any.whl.metadata (7.6 kB)
refusal-coverage	UNKNOWN STEP	2026-08-30T06:40:10.2711939Z Collecting iniconfig>=1.0.1 (from pytest->vac-protocol==0.1.0)
refusal-coverage	UNKNOWN STEP	2026-08-30T06:40:10.2783835Z   Downloading iniconfig-2.3.0-py3-none-any.whl.metadata (2.5 kB)
refusal-coverage	UNKNOWN STEP	2026-08-30T06:40:10.2973613Z Collecting packaging>=22 (from pytest->vac-protocol==0.1.0)
refusal-coverage	UNKNOWN STEP	2026-08-30T06:40:10.3045350Z   Downloading packaging-26.3-py3-none-any.whl.metadata (3.5 kB)
refusal-coverage	UNKNOWN STEP	2026-08-30T06:40:10.3199393Z Collecting pluggy<2,>=1.5 (from pytest->vac-protocol==0.1.0)
refusal-coverage	UNKNOWN STEP	2026-08-30T06:40:10.3269103Z   Downloading pluggy-1.6.0-py3-none-any.whl.metadata (4.8 kB)
refusal-coverage	UNKNOWN STEP	2026-08-30T06:40:10.3486650Z Collecting pygments>=2.7.2 (from pytest->vac-protocol==0.1.0)
refusal-coverage	UNKNOWN STEP	2026-08-30T06:40:10.3556599Z   Downloading pygments-2.21.0-py3-none-any.whl.metadata (2.5 kB)
refusal-coverage	UNKNOWN STEP	2026-08-30T06:40:10.3672030Z Downloading pytest-9.1.1-py3-none-any.whl (386 kB)
refusal-coverage	UNKNOWN STEP	2026-08-30T06:40:10.4077843Z Downloading pluggy-1.6.0-py3-none-any.whl (20 kB)
refusal-coverage	UNKNOWN STEP	2026-08-30T06:40:10.4165206Z Downloading iniconfig-2.3.0-py3-none-any.whl (7.5 kB)
refusal-coverage	UNKNOWN STEP	2026-08-30T06:40:10.4251341Z Downloading packaging-26.3-py3-none-any.whl (129 kB)
refusal-coverage	UNKNOWN STEP	2026-08-30T06:40:10.4397265Z Downloading pygments-2.21.0-py3-none-any.whl (1.3 MB)
refusal-coverage	UNKNOWN STEP	2026-08-30T06:40:10.4983838Z    ━━━━━━━━━━━━━━━━━━━━━━━━━━━━━━━━━━━━━━━━ 1.3/1.3 MB 22.8 MB/s  0:00:00
refusal-coverage	UNKNOWN STEP	2026-08-30T06:40:10.5151877Z Building wheels for collected packages: vac-protocol
refusal-coverage	UNKNOWN STEP	2026-08-30T06:40:10.5159706Z   Building editable for vac-protocol (pyproject.toml): started
refusal-coverage	UNKNOWN STEP	2026-08-30T06:40:10.7422372Z   Building editable for vac-protocol (pyproject.toml): finished with status 'done'
refusal-coverage	UNKNOWN STEP	2026-08-30T06:40:10.7429125Z   Created wheel for vac-protocol: filename=vac_protocol-0.1.0-0.editable-py3-none-any.whl size=8850 sha256=8a0c17338d8e24e1c97a2dc813ced424c72c2b2e82317dba950dbfe8b8f5d77a
refusal-coverage	UNKNOWN STEP	2026-08-30T06:40:10.7430879Z   Stored in directory: /tmp/pip-ephem-wheel-cache-4uqksl8a/wheels/31/93/c0/4effb33ea68d4321a176d9cb097b94ea8b1be9d534ea861dec
refusal-coverage	UNKNOWN STEP	2026-08-30T06:40:10.7452351Z Successfully built vac-protocol
refusal-coverage	UNKNOWN STEP	2026-08-30T06:40:10.7656803Z Installing collected packages: vac-protocol, pygments, pluggy, packaging, iniconfig, pytest
refusal-coverage	UNKNOWN STEP	2026-08-30T06:40:11.9620643Z 
refusal-coverage	UNKNOWN STEP	2026-08-30T06:40:11.9633497Z Successfully installed iniconfig-2.3.0 packaging-26.3 pluggy-1.6.0 pygments-2.21.0 pytest-9.1.1 vac-protocol-0.1.0
refusal-coverage	UNKNOWN STEP	2026-08-30T06:40:12.0362466Z ##[group]Run python tools/mutation_sweep.py --floor 0.99
refusal-coverage	UNKNOWN STEP	2026-08-30T06:40:12.0362941Z ^[[36;1mpython tools/mutation_sweep.py --floor 0.99^[[0m
refusal-coverage	UNKNOWN STEP	2026-08-30T06:40:12.0408923Z shell: /usr/bin/bash -e {0}
refusal-coverage	UNKNOWN STEP	2026-08-30T06:40:12.0409186Z env:
refusal-coverage	UNKNOWN STEP	2026-08-30T06:40:12.0409468Z   pythonLocation: /opt/hostedtoolcache/Python/3.12.14/x64
refusal-coverage	UNKNOWN STEP	2026-08-30T06:40:12.0409909Z   PKG_CONFIG_PATH: /opt/hostedtoolcache/Python/3.12.14/x64/lib/pkgconfig
refusal-coverage	UNKNOWN STEP	2026-08-30T06:40:12.0410332Z   Python_ROOT_DIR: /opt/hostedtoolcache/Python/3.12.14/x64
refusal-coverage	UNKNOWN STEP	2026-08-30T06:40:12.0410713Z   Python2_ROOT_DIR: /opt/hostedtoolcache/Python/3.12.14/x64
refusal-coverage	UNKNOWN STEP	2026-08-30T06:40:12.0411094Z   Python3_ROOT_DIR: /opt/hostedtoolcache/Python/3.12.14/x64
refusal-coverage	UNKNOWN STEP	2026-08-30T06:40:12.0411501Z   LD_LIBRARY_PATH: /opt/hostedtoolcache/Python/3.12.14/x64/lib
refusal-coverage	UNKNOWN STEP	2026-08-30T06:40:12.0411853Z   VAC_CRASHKIT_CHECKOUT: _issuers/crashkit/vac
refusal-coverage	UNKNOWN STEP	2026-08-30T06:40:12.0412166Z   VAC_EVALMUT_CHECKOUT: _issuers/evalmut/vac
refusal-coverage	UNKNOWN STEP	2026-08-30T06:40:12.0412524Z   VAC_MODELDRIFT_CHECKOUT: _issuers/model-drift/vac
refusal-coverage	UNKNOWN STEP	2026-08-30T06:40:12.0412827Z ##[endgroup]
refusal-coverage	UNKNOWN STEP	2026-08-30T06:40:17.5427218Z baseline clean; 166 refusal sites (4 excluded, see EXCLUDE)
refusal-coverage	UNKNOWN STEP	2026-08-30T06:40:17.5427647Z   [1/166] L113 caught: tests
refusal-coverage	UNKNOWN STEP	2026-08-30T06:40:18.6522485Z   [2/166] L126 caught: tests
refusal-coverage	UNKNOWN STEP	2026-08-30T06:40:21.1762084Z   [3/166] L132 caught: tests
refusal-coverage	UNKNOWN STEP	2026-08-30T06:40:23.9194149Z   [4/166] L142 caught: tests
refusal-coverage	UNKNOWN STEP	2026-08-30T06:40:26.3870934Z   [5/166] L154 caught: tests
refusal-coverage	UNKNOWN STEP	2026-08-30T06:40:27.6147337Z   [6/166] L159 caught: tests
refusal-coverage	UNKNOWN STEP	2026-08-30T06:40:28.8842799Z   [7/166] L163 caught: tests
refusal-coverage	UNKNOWN STEP	2026-08-30T06:40:30.1179843Z   [8/166] L173 caught: tests
refusal-coverage	UNKNOWN STEP	2026-08-30T06:40:31.2946450Z   [9/166] L178 caught: tests
refusal-coverage	UNKNOWN STEP	2026-08-30T06:40:32.4948669Z   [10/166] L183 caught: tests
refusal-coverage	UNKNOWN STEP	2026-08-30T06:40:33.7528168Z   [11/166] L187 caught: tests
refusal-coverage	UNKNOWN STEP	2026-08-30T06:40:35.0216637Z   [12/166] L190 caught: tests
refusal-coverage	UNKNOWN STEP	2026-08-30T06:40:36.2244603Z   [13/166] L196 caught: tests
refusal-coverage	UNKNOWN STEP	2026-08-30T06:40:37.4592783Z   [14/166] L199 caught: tests
refusal-coverage	UNKNOWN STEP	2026-08-30T06:40:40.4277723Z   [15/166] L204 caught: tests
refusal-coverage	UNKNOWN STEP	2026-08-30T06:40:43.1980466Z   [16/166] L209 caught: tests
refusal-coverage	UNKNOWN STEP	2026-08-30T06:40:45.7746965Z   [17/166] L215 caught: tests
refusal-coverage	UNKNOWN STEP	2026-08-30T06:40:47.1472860Z   [18/166] L217 caught: tests
refusal-coverage	UNKNOWN STEP	2026-08-30T06:40:48.4417529Z   [19/166] L222 caught: tests
refusal-coverage	UNKNOWN STEP	2026-08-30T06:40:49.7395230Z   [20/166] L225 caught: tests
refusal-coverage	UNKNOWN STEP	2026-08-30T06:40:53.1789932Z   [21/166] L248 caught: tests
refusal-coverage	UNKNOWN STEP	2026-08-30T06:40:55.8119430Z   [22/166] L251 caught: tests
refusal-coverage	UNKNOWN STEP	2026-08-30T06:40:57.5831774Z   [23/166] L257 caught: tests
refusal-coverage	UNKNOWN STEP	2026-08-30T06:41:01.0867000Z   [24/166] L272 caught: tests
refusal-coverage	UNKNOWN STEP	2026-08-30T06:41:03.8859278Z   [25/166] L276 caught: tests
refusal-coverage	UNKNOWN STEP	2026-08-30T06:41:05.2967507Z   [26/166] L291 caught: tests
refusal-coverage	UNKNOWN STEP	2026-08-30T06:41:08.3608758Z   [27/166] L298 caught: tests
refusal-coverage	UNKNOWN STEP	2026-08-30T06:41:09.8137561Z   [28/166] L313 caught: tests
refusal-coverage	UNKNOWN STEP	2026-08-30T06:41:11.0574049Z   [29/166] L323 caught: tests
refusal-coverage	UNKNOWN STEP	2026-08-30T06:41:12.4724597Z   [30/166] L328 caught: tests
refusal-coverage	UNKNOWN STEP	2026-08-30T06:41:15.0431830Z   [31/166] L331 caught: tests
refusal-coverage	UNKNOWN STEP	2026-08-30T06:41:16.3362038Z   [32/166] L342 caught: tests
refusal-coverage	UNKNOWN STEP	2026-08-30T06:41:17.6471787Z   [33/166] L345 caught: tests
refusal-coverage	UNKNOWN STEP	2026-08-30T06:41:18.9964473Z   [34/166] L350 caught: tests
refusal-coverage	UNKNOWN STEP	2026-08-30T06:41:21.7786058Z   [35/166] L353 caught: tests
refusal-coverage	UNKNOWN STEP	2026-08-30T06:41:23.1723436Z   [36/166] L402 caught: tests
refusal-coverage	UNKNOWN STEP	2026-08-30T06:41:24.5643059Z   [37/166] L408 caught: tests
refusal-coverage	UNKNOWN STEP	2026-08-30T06:41:28.0630978Z   [38/166] L412 caught: tests
refusal-coverage	UNKNOWN STEP	2026-08-30T06:41:31.4553698Z   [39/166] L418 caught: tests
refusal-coverage	UNKNOWN STEP	2026-08-30T06:41:32.2396054Z   [40/166] L425 caught: tests
refusal-coverage	UNKNOWN STEP	2026-08-30T06:41:33.6923115Z   [41/166] L432 caught: tests
refusal-coverage	UNKNOWN STEP	2026-08-30T06:41:35.1348204Z   [42/166] L435 caught: tests
refusal-coverage	UNKNOWN STEP	2026-08-30T06:41:38.5172110Z   [43/166] L440 caught: tests
refusal-coverage	UNKNOWN STEP	2026-08-30T06:41:41.5269963Z   [44/166] L445 caught: tests
refusal-coverage	UNKNOWN STEP	2026-08-30T06:41:42.2861703Z   [45/166] L451 caught: tests
refusal-coverage	UNKNOWN STEP	2026-08-30T06:41:44.9420203Z   [46/166] L456 caught: tests
refusal-coverage	UNKNOWN STEP	2026-08-30T06:41:45.7826525Z   [47/166] L460 caught: tests
refusal-coverage	UNKNOWN STEP	2026-08-30T06:41:47.0519283Z   [48/166] L465 caught: tests
refusal-coverage	UNKNOWN STEP	2026-08-30T06:41:48.4061369Z   [49/166] L469 caught: tests
refusal-coverage	UNKNOWN STEP	2026-08-30T06:41:49.6768225Z   [50/166] L478 caught: tests
refusal-coverage	UNKNOWN STEP	2026-08-30T06:41:50.9824876Z   [51/166] L481 caught: tests
refusal-coverage	UNKNOWN STEP	2026-08-30T06:41:52.1066345Z   [52/166] L550 caught: tests
refusal-coverage	UNKNOWN STEP	2026-08-30T06:41:53.2506707Z   [53/166] L555 caught: tests
refusal-coverage	UNKNOWN STEP	2026-08-30T06:41:54.3989431Z   [54/166] L559 caught: tests
refusal-coverage	UNKNOWN STEP	2026-08-30T06:41:57.1280776Z   [55/166] L575 caught: tests
refusal-coverage	UNKNOWN STEP	2026-08-30T06:41:58.5265230Z   [56/166] L580 caught: tests
refusal-coverage	UNKNOWN STEP	2026-08-30T06:41:59.9358144Z   [57/166] L584 caught: tests
refusal-coverage	UNKNOWN STEP	2026-08-30T06:42:03.4016926Z   [58/166] L592 caught: tests
refusal-coverage	UNKNOWN STEP	2026-08-30T06:42:06.1494939Z   [59/166] L598 caught: tests
refusal-coverage	UNKNOWN STEP	2026-08-30T06:42:08.7127425Z   [60/166] L605 caught: tests
refusal-coverage	UNKNOWN STEP	2026-08-30T06:42:11.3026773Z   [61/166] L614 caught: tests
refusal-coverage	UNKNOWN STEP	2026-08-30T06:42:12.0318268Z   [62/166] L620 caught: tests
refusal-coverage	UNKNOWN STEP	2026-08-30T06:42:14.5734362Z   [63/166] L635 caught: tests
refusal-coverage	UNKNOWN STEP	2026-08-30T06:42:15.2943156Z   [64/166] L662 caught: tests
refusal-coverage	UNKNOWN STEP	2026-08-30T06:42:18.6922262Z   [65/166] L668 caught: tests
refusal-coverage	UNKNOWN STEP	2026-08-30T06:42:22.2224199Z   [66/166] L673 caught: tests
refusal-coverage	UNKNOWN STEP	2026-08-30T06:42:25.6731556Z   [67/166] L676 caught: tests
refusal-coverage	UNKNOWN STEP	2026-08-30T06:42:29.2223401Z   [68/166] L685 caught: tests
refusal-coverage	UNKNOWN STEP	2026-08-30T06:42:30.7574466Z   [69/166] L697 caught: tests
refusal-coverage	UNKNOWN STEP	2026-08-30T06:42:32.2841484Z   [70/166] L703 caught: tests
refusal-coverage	UNKNOWN STEP	2026-08-30T06:42:33.8196128Z   [71/166] L710 caught: tests
refusal-coverage	UNKNOWN STEP	2026-08-30T06:42:34.6126822Z   [72/166] L717 caught: tests
refusal-coverage	UNKNOWN STEP	2026-08-30T06:42:37.3466937Z   [73/166] L724 caught: tests
refusal-coverage	UNKNOWN STEP	2026-08-30T06:42:38.6002029Z   [74/166] L743 caught: tests
refusal-coverage	UNKNOWN STEP	2026-08-30T06:42:39.9318421Z   [75/166] L748 caught: tests
refusal-coverage	UNKNOWN STEP	2026-08-30T06:42:42.4978154Z   [76/166] L751 caught: tests
refusal-coverage	UNKNOWN STEP	2026-08-30T06:42:43.6183005Z   [77/166] L786 caught: tests
refusal-coverage	UNKNOWN STEP	2026-08-30T06:42:44.7418769Z   [78/166] L796 caught: tests
refusal-coverage	UNKNOWN STEP	2026-08-30T06:42:45.9133366Z   [79/166] L802 caught: tests
refusal-coverage	UNKNOWN STEP	2026-08-30T06:42:47.3626257Z   [80/166] L816 caught: tests
refusal-coverage	UNKNOWN STEP	2026-08-30T06:42:48.8130857Z   [81/166] L820 caught: tests
refusal-coverage	UNKNOWN STEP	2026-08-30T06:42:50.2718641Z   [82/166] L824 caught: tests
refusal-coverage	UNKNOWN STEP	2026-08-30T06:42:52.9539259Z   [83/166] L833 caught: tests
refusal-coverage	UNKNOWN STEP	2026-08-30T06:42:55.5409308Z   [84/166] L840 caught: tests
refusal-coverage	UNKNOWN STEP	2026-08-30T06:42:57.0216226Z   [85/166] L872 caught: tests
refusal-coverage	UNKNOWN STEP	2026-08-30T06:42:57.7596463Z   [86/166] L894 caught: tests
refusal-coverage	UNKNOWN STEP	2026-08-30T06:43:00.2928960Z   [87/166] L899 caught: tests
refusal-coverage	UNKNOWN STEP	2026-08-30T06:43:02.8026891Z   [88/166] L908 caught: tests
refusal-coverage	UNKNOWN STEP	2026-08-30T06:43:04.0266113Z   [89/166] L917 caught: tests
refusal-coverage	UNKNOWN STEP	2026-08-30T06:43:05.4008295Z   [90/166] L921 caught: tests
refusal-coverage	UNKNOWN STEP	2026-08-30T06:43:08.1423757Z   [91/166] L924 caught: tests
refusal-coverage	UNKNOWN STEP	2026-08-30T06:43:09.4017999Z   [92/166] L928 caught: tests
refusal-coverage	UNKNOWN STEP	2026-08-30T06:43:10.7517791Z   [93/166] L933 caught: tests
refusal-coverage	UNKNOWN STEP	2026-08-30T06:43:13.2997056Z   [94/166] L936 caught: tests
refusal-coverage	UNKNOWN STEP	2026-08-30T06:43:14.3332116Z   [95/166] L1048 caught: tests
refusal-coverage	UNKNOWN STEP	2026-08-30T06:43:15.3705196Z   [96/166] L1053 caught: tests
refusal-coverage	UNKNOWN STEP	2026-08-30T06:43:16.4881175Z   [97/166] L1057 caught: tests
refusal-coverage	UNKNOWN STEP	2026-08-30T06:43:17.5600616Z   [98/166] L1064 caught: tests
refusal-coverage	UNKNOWN STEP	2026-08-30T06:43:18.6438560Z   [99/166] L1075 caught: tests
refusal-coverage	UNKNOWN STEP	2026-08-30T06:43:20.0963986Z   [100/166] L1242 caught: tests
refusal-coverage	UNKNOWN STEP	2026-08-30T06:43:21.5552298Z   [101/166] L1247 caught: tests
refusal-coverage	UNKNOWN STEP	2026-08-30T06:43:23.0121245Z   [102/166] L1251 caught: tests
refusal-coverage	UNKNOWN STEP	2026-08-30T06:43:24.5624347Z   [103/166] L1259 caught: tests
refusal-coverage	UNKNOWN STEP	2026-08-30T06:43:26.0626637Z   [104/166] L1272 caught: tests
refusal-coverage	UNKNOWN STEP	2026-08-30T06:43:27.5727795Z   [105/166] L1293 caught: tests
refusal-coverage	UNKNOWN STEP	2026-08-30T06:43:29.0558534Z   [106/166] L1297 caught: tests
refusal-coverage	UNKNOWN STEP	2026-08-30T06:43:30.5652036Z   [107/166] L1301 caught: tests
refusal-coverage	UNKNOWN STEP	2026-08-30T06:43:31.7208115Z   [108/166] L1366 caught: tests
refusal-coverage	UNKNOWN STEP	2026-08-30T06:43:32.8653543Z   [109/166] L1372 caught: tests
refusal-coverage	UNKNOWN STEP	2026-08-30T06:43:34.0186546Z   [110/166] L1378 caught: tests
refusal-coverage	UNKNOWN STEP	2026-08-30T06:43:35.1532772Z   [111/166] L1387 caught: tests
refusal-coverage	UNKNOWN STEP	2026-08-30T06:43:36.2721755Z   [112/166] L1391 caught: tests
refusal-coverage	UNKNOWN STEP	2026-08-30T06:43:37.4079731Z   [113/166] L1396 caught: tests
refusal-coverage	UNKNOWN STEP	2026-08-30T06:43:38.5504167Z   [114/166] L1401 caught: tests
refusal-coverage	UNKNOWN STEP	2026-08-30T06:43:39.6635513Z   [115/166] L1407 caught: tests
refusal-coverage	UNKNOWN STEP	2026-08-30T06:43:40.7923780Z   [116/166] L1412 caught: tests
refusal-coverage	UNKNOWN STEP	2026-08-30T06:43:41.9293551Z   [117/166] L1420 caught: tests
refusal-coverage	UNKNOWN STEP	2026-08-30T06:43:43.0603187Z   [118/166] L1425 caught: tests
refusal-coverage	UNKNOWN STEP	2026-08-30T06:43:44.1922925Z   [119/166] L1428 caught: tests
refusal-coverage	UNKNOWN STEP	2026-08-30T06:43:44.9727191Z   [120/166] L1453 caught: tests
refusal-coverage	UNKNOWN STEP	2026-08-30T06:43:45.7643348Z   [121/166] L1459 caught: tests
refusal-coverage	UNKNOWN STEP	2026-08-30T06:43:46.5722001Z   [122/166] L1467 caught: tests
refusal-coverage	UNKNOWN STEP	2026-08-30T06:43:47.3593275Z   [123/166] L1472 caught: tests
refusal-coverage	UNKNOWN STEP	2026-08-30T06:43:48.1488417Z   [124/166] L1477 caught: tests
refusal-coverage	UNKNOWN STEP	2026-08-30T06:43:48.9593148Z   [125/166] L1482 caught: tests
refusal-coverage	UNKNOWN STEP	2026-08-30T06:43:52.1184294Z   [126/166] L1497 caught: tests
refusal-coverage	UNKNOWN STEP	2026-08-30T06:43:52.9268395Z   [127/166] L1501 caught: tests
refusal-coverage	UNKNOWN STEP	2026-08-30T06:43:53.7417356Z   [128/166] L1507 caught: tests
refusal-coverage	UNKNOWN STEP	2026-08-30T06:43:54.7006196Z   [129/166] L1511 caught: tests
refusal-coverage	UNKNOWN STEP	2026-08-30T06:43:55.5464947Z   [130/166] L1515 caught: tests
refusal-coverage	UNKNOWN STEP	2026-08-30T06:43:56.3999588Z   [131/166] L1519 caught: tests
refusal-coverage	UNKNOWN STEP	2026-08-30T06:43:57.2766181Z   [132/166] L1522 caught: tests
refusal-coverage	UNKNOWN STEP	2026-08-30T06:44:00.3463501Z   [133/166] L1528 caught: tests
refusal-coverage	UNKNOWN STEP	2026-08-30T06:44:01.2123918Z   [134/166] L1533 caught: tests
refusal-coverage	UNKNOWN STEP	2026-08-30T06:44:02.0781090Z   [135/166] L1539 caught: tests
refusal-coverage	UNKNOWN STEP	2026-08-30T06:44:03.0696500Z   [136/166] L1542 caught: tests
refusal-coverage	UNKNOWN STEP	2026-08-30T06:44:03.9484798Z   [137/166] L1545 caught: tests
refusal-coverage	UNKNOWN STEP	2026-08-30T06:44:04.8455149Z   [138/166] L1553 caught: tests
refusal-coverage	UNKNOWN STEP	2026-08-30T06:44:05.7614476Z   [139/166] L1559 caught: tests
refusal-coverage	UNKNOWN STEP	2026-08-30T06:44:06.6645274Z   [140/166] L1563 caught: tests
refusal-coverage	UNKNOWN STEP	2026-08-30T06:44:09.3391427Z   [141/166] L1568 caught: tests
refusal-coverage	UNKNOWN STEP	2026-08-30T06:44:10.0142230Z   [142/166] L1589 caught: tests
refusal-coverage	UNKNOWN STEP	2026-08-30T06:44:10.9488325Z   [143/166] L1593 caught: tests
refusal-coverage	UNKNOWN STEP	2026-08-30T06:44:11.9628358Z   [144/166] L1597 caught: tests
refusal-coverage	UNKNOWN STEP	2026-08-30T06:44:13.0393823Z   [145/166] L1604 caught: tests
refusal-coverage	UNKNOWN STEP	2026-08-30T06:44:13.9842904Z   [146/166] L1609 caught: tests
refusal-coverage	UNKNOWN STEP	2026-08-30T06:44:14.7069681Z   [147/166] L1620 caught: tests
refusal-coverage	UNKNOWN STEP	2026-08-30T06:44:15.4147958Z   [148/166] L1626 caught: tests
refusal-coverage	UNKNOWN STEP	2026-08-30T06:44:16.3680303Z   [149/166] L1633 caught: tests
refusal-coverage	UNKNOWN STEP	2026-08-30T06:44:17.3185485Z   [150/166] L1638 caught: tests
refusal-coverage	UNKNOWN STEP	2026-08-30T06:44:18.2829879Z   [151/166] L1645 caught: tests
refusal-coverage	UNKNOWN STEP	2026-08-30T06:44:20.9726659Z   [152/166] L1649 caught: tests
refusal-coverage	UNKNOWN STEP	2026-08-30T06:44:21.9413322Z   [153/166] L1656 caught: tests
refusal-coverage	UNKNOWN STEP	2026-08-30T06:44:24.7174691Z   [154/166] L1662 caught: tests
refusal-coverage	UNKNOWN STEP	2026-08-30T06:44:26.0276469Z   [155/166] L1686 caught: tests
refusal-coverage	UNKNOWN STEP	2026-08-30T06:44:27.4141515Z   [156/166] L1691 caught: tests
refusal-coverage	UNKNOWN STEP	2026-08-30T06:44:29.9837575Z   [157/166] L1694 caught: tests
refusal-coverage	UNKNOWN STEP	2026-08-30T06:44:34.4523155Z   [158/166] L1777 caught: sweep:tamper-summary-string
refusal-coverage	UNKNOWN STEP	2026-08-30T06:44:36.9897364Z   [159/166] L1795 caught: tests
refusal-coverage	UNKNOWN STEP	2026-08-30T06:44:39.5521237Z   [160/166] L1798 caught: tests
refusal-coverage	UNKNOWN STEP	2026-08-30T06:44:41.0392953Z   [161/166] L1837 caught: tests
refusal-coverage	UNKNOWN STEP	2026-08-30T06:44:41.8842441Z   [162/166] L1850 caught: tests
refusal-coverage	UNKNOWN STEP	2026-08-30T06:44:45.4477440Z   [163/166] L1858 caught: tests
refusal-coverage	UNKNOWN STEP	2026-08-30T06:44:49.0123215Z   [164/166] L1864 caught: tests
refusal-coverage	UNKNOWN STEP	2026-08-30T06:44:50.2105424Z   [165/166] L1880 caught: tests
refusal-coverage	UNKNOWN STEP	2026-08-30T06:44:53.7182618Z   [166/166] L1919 caught: tests
refusal-coverage	UNKNOWN STEP	2026-08-30T06:44:53.7187814Z 
refusal-coverage	UNKNOWN STEP	2026-08-30T06:44:53.7187994Z MUTATION SCORE: 166/166 = 1.000
refusal-coverage	UNKNOWN STEP	2026-08-30T06:44:53.7351891Z Node 20 is being deprecated. This workflow is running with Node 24 by default. If you need to temporarily use Node 20, you can set the ACTIONS_ALLOW_USE_UNSECURE_NODE_VERSION=true environment variable. For more information see: https://github.blog/changelog/2025-09-19-deprecation-of-node-20-on-github-actions-runners/
refusal-coverage	UNKNOWN STEP	2026-08-30T06:44:53.7353065Z Post job cleanup.
refusal-coverage	UNKNOWN STEP	2026-08-30T06:44:53.8286869Z [command]/usr/bin/git version
refusal-coverage	UNKNOWN STEP	2026-08-30T06:44:53.8353159Z git version 2.55.0
refusal-coverage	UNKNOWN STEP	2026-08-30T06:44:53.8396604Z Temporarily overriding HOME='/home/runner/work/_temp/689250b1-a647-49e2-bb3a-d1ca9b663734' before making global git config changes
refusal-coverage	UNKNOWN STEP	2026-08-30T06:44:53.8397573Z Adding repository directory to the temporary git global config as a safe directory
refusal-coverage	UNKNOWN STEP	2026-08-30T06:44:53.8403153Z [command]/usr/bin/git config --global --add safe.directory /home/runner/work/vac-protocol/vac-protocol/_issuers/model-drift
refusal-coverage	UNKNOWN STEP	2026-08-30T06:44:53.8449960Z [command]/usr/bin/git config --local --name-only --get-regexp core\.sshCommand
refusal-coverage	UNKNOWN STEP	2026-08-30T06:44:53.8490399Z [command]/usr/bin/git submodule foreach --recursive sh -c "git config --local --name-only --get-regexp 'core\.sshCommand' && git config --local --unset-all 'core.sshCommand' || :"
refusal-coverage	UNKNOWN STEP	2026-08-30T06:44:53.8768740Z [command]/usr/bin/git config --local --name-only --get-regexp http\.https\:\/\/github\.com\/\.extraheader
refusal-coverage	UNKNOWN STEP	2026-08-30T06:44:53.8802262Z http.https://github.com/.extraheader
refusal-coverage	UNKNOWN STEP	2026-08-30T06:44:53.8815287Z [command]/usr/bin/git config --local --unset-all http.https://github.com/.extraheader
refusal-coverage	UNKNOWN STEP	2026-08-30T06:44:53.8859933Z [command]/usr/bin/git submodule foreach --recursive sh -c "git config --local --name-only --get-regexp 'http\.https\:\/\/github\.com\/\.extraheader' && git config --local --unset-all 'http.https://github.com/.extraheader' || :"
refusal-coverage	UNKNOWN STEP	2026-08-30T06:44:53.9156464Z [command]/usr/bin/git config --local --name-only --get-regexp ^includeIf\.gitdir:
refusal-coverage	UNKNOWN STEP	2026-08-30T06:44:53.9208205Z [command]/usr/bin/git submodule foreach --recursive git config --local --show-origin --name-only --get-regexp remote.origin.url
refusal-coverage	UNKNOWN STEP	2026-08-30T06:44:53.9722639Z Node 20 is being deprecated. This workflow is running with Node 24 by default. If you need to temporarily use Node 20, you can set the ACTIONS_ALLOW_USE_UNSECURE_NODE_VERSION=true environment variable. For more information see: https://github.blog/changelog/2025-09-19-deprecation-of-node-20-on-github-actions-runners/
refusal-coverage	UNKNOWN STEP	2026-08-30T06:44:53.9723835Z Post job cleanup.
refusal-coverage	UNKNOWN STEP	2026-08-30T06:44:54.0636847Z [command]/usr/bin/git version
refusal-coverage	UNKNOWN STEP	2026-08-30T06:44:54.0684995Z git version 2.55.0
refusal-coverage	UNKNOWN STEP	2026-08-30T06:44:54.0734288Z Temporarily overriding HOME='/home/runner/work/_temp/8cb86198-c6aa-46d3-8ee5-f466b00d2deb' before making global git config changes
refusal-coverage	UNKNOWN STEP	2026-08-30T06:44:54.0736077Z Adding repository directory to the temporary git global config as a safe directory
refusal-coverage	UNKNOWN STEP	2026-08-30T06:44:54.0737590Z [command]/usr/bin/git config --global --add safe.directory /home/runner/work/vac-protocol/vac-protocol/_issuers/evalmut
refusal-coverage	UNKNOWN STEP	2026-08-30T06:44:54.0779780Z [command]/usr/bin/git config --local --name-only --get-regexp core\.sshCommand
refusal-coverage	UNKNOWN STEP	2026-08-30T06:44:54.0820259Z [command]/usr/bin/git submodule foreach --recursive sh -c "git config --local --name-only --get-regexp 'core\.sshCommand' && git config --local --unset-all 'core.sshCommand' || :"
refusal-coverage	UNKNOWN STEP	2026-08-30T06:44:54.1106627Z [command]/usr/bin/git config --local --name-only --get-regexp http\.https\:\/\/github\.com\/\.extraheader
refusal-coverage	UNKNOWN STEP	2026-08-30T06:44:54.1136583Z http.https://github.com/.extraheader
refusal-coverage	UNKNOWN STEP	2026-08-30T06:44:54.1150507Z [command]/usr/bin/git config --local --unset-all http.https://github.com/.extraheader
refusal-coverage	UNKNOWN STEP	2026-08-30T06:44:54.1189409Z [command]/usr/bin/git submodule foreach --recursive sh -c "git config --local --name-only --get-regexp 'http\.https\:\/\/github\.com\/\.extraheader' && git config --local --unset-all 'http.https://github.com/.extraheader' || :"
refusal-coverage	UNKNOWN STEP	2026-08-30T06:44:54.1486143Z [command]/usr/bin/git config --local --name-only --get-regexp ^includeIf\.gitdir:
refusal-coverage	UNKNOWN STEP	2026-08-30T06:44:54.1529512Z [command]/usr/bin/git submodule foreach --recursive git config --local --show-origin --name-only --get-regexp remote.origin.url
refusal-coverage	UNKNOWN STEP	2026-08-30T06:44:54.1993704Z Node 20 is being deprecated. This workflow is running with Node 24 by default. If you need to temporarily use Node 20, you can set the ACTIONS_ALLOW_USE_UNSECURE_NODE_VERSION=true environment variable. For more information see: https://github.blog/changelog/2025-09-19-deprecation-of-node-20-on-github-actions-runners/
refusal-coverage	UNKNOWN STEP	2026-08-30T06:44:54.1994900Z Post job cleanup.
refusal-coverage	UNKNOWN STEP	2026-08-30T06:44:54.2875620Z [command]/usr/bin/git version
refusal-coverage	UNKNOWN STEP	2026-08-30T06:44:54.2934417Z git version 2.55.0
refusal-coverage	UNKNOWN STEP	2026-08-30T06:44:54.2977729Z Temporarily overriding HOME='/home/runner/work/_temp/9a571596-27ff-43a8-bab0-483c2e9d513f' before making global git config changes
refusal-coverage	UNKNOWN STEP	2026-08-30T06:44:54.2978774Z Adding repository directory to the temporary git global config as a safe directory
refusal-coverage	UNKNOWN STEP	2026-08-30T06:44:54.2984604Z [command]/usr/bin/git config --global --add safe.directory /home/runner/work/vac-protocol/vac-protocol/_issuers/crashkit
refusal-coverage	UNKNOWN STEP	2026-08-30T06:44:54.3029464Z [command]/usr/bin/git config --local --name-only --get-regexp core\.sshCommand
refusal-coverage	UNKNOWN STEP	2026-08-30T06:44:54.3068265Z [command]/usr/bin/git submodule foreach --recursive sh -c "git config --local --name-only --get-regexp 'core\.sshCommand' && git config --local --unset-all 'core.sshCommand' || :"
refusal-coverage	UNKNOWN STEP	2026-08-30T06:44:54.3351375Z [command]/usr/bin/git config --local --name-only --get-regexp http\.https\:\/\/github\.com\/\.extraheader
refusal-coverage	UNKNOWN STEP	2026-08-30T06:44:54.3383300Z http.https://github.com/.extraheader
refusal-coverage	UNKNOWN STEP	2026-08-30T06:44:54.3395549Z [command]/usr/bin/git config --local --unset-all http.https://github.com/.extraheader
refusal-coverage	UNKNOWN STEP	2026-08-30T06:44:54.3435171Z [command]/usr/bin/git submodule foreach --recursive sh -c "git config --local --name-only --get-regexp 'http\.https\:\/\/github\.com\/\.extraheader' && git config --local --unset-all 'http.https://github.com/.extraheader' || :"
refusal-coverage	UNKNOWN STEP	2026-08-30T06:44:54.3722008Z [command]/usr/bin/git config --local --name-only --get-regexp ^includeIf\.gitdir:
refusal-coverage	UNKNOWN STEP	2026-08-30T06:44:54.3768416Z [command]/usr/bin/git submodule foreach --recursive git config --local --show-origin --name-only --get-regexp remote.origin.url
refusal-coverage	UNKNOWN STEP	2026-08-30T06:44:54.4249641Z Node 20 is being deprecated. This workflow is running with Node 24 by default. If you need to temporarily use Node 20, you can set the ACTIONS_ALLOW_USE_UNSECURE_NODE_VERSION=true environment variable. For more information see: https://github.blog/changelog/2025-09-19-deprecation-of-node-20-on-github-actions-runners/
refusal-coverage	UNKNOWN STEP	2026-08-30T06:44:54.4250838Z Post job cleanup.
refusal-coverage	UNKNOWN STEP	2026-08-30T06:44:54.5486320Z (node:34822) [DEP0040] DeprecationWarning: The `punycode` module is deprecated. Please use a userland alternative instead.
refusal-coverage	UNKNOWN STEP	2026-08-30T06:44:54.5487464Z (Use `node --trace-deprecation ...` to show where the warning was created)
refusal-coverage	UNKNOWN STEP	2026-08-30T06:44:54.5681935Z Node 20 is being deprecated. This workflow is running with Node 24 by default. If you need to temporarily use Node 20, you can set the ACTIONS_ALLOW_USE_UNSECURE_NODE_VERSION=true environment variable. For more information see: https://github.blog/changelog/2025-09-19-deprecation-of-node-20-on-github-actions-runners/
refusal-coverage	UNKNOWN STEP	2026-08-30T06:44:54.5683113Z Post job cleanup.
refusal-coverage	UNKNOWN STEP	2026-08-30T06:44:54.6635159Z [command]/usr/bin/git version
refusal-coverage	UNKNOWN STEP	2026-08-30T06:44:54.6684547Z git version 2.55.0
refusal-coverage	UNKNOWN STEP	2026-08-30T06:44:54.6728087Z Temporarily overriding HOME='/home/runner/work/_temp/e63eddd4-b141-4838-8c62-b4491f017055' before making global git config changes
refusal-coverage	UNKNOWN STEP	2026-08-30T06:44:54.6729258Z Adding repository directory to the temporary git global config as a safe directory
refusal-coverage	UNKNOWN STEP	2026-08-30T06:44:54.6734217Z [command]/usr/bin/git config --global --add safe.directory /home/runner/work/vac-protocol/vac-protocol
refusal-coverage	UNKNOWN STEP	2026-08-30T06:44:54.6782420Z [command]/usr/bin/git config --local --name-only --get-regexp core\.sshCommand
refusal-coverage	UNKNOWN STEP	2026-08-30T06:44:54.6820604Z [command]/usr/bin/git submodule foreach --recursive sh -c "git config --local --name-only --get-regexp 'core\.sshCommand' && git config --local --unset-all 'core.sshCommand' || :"
refusal-coverage	UNKNOWN STEP	2026-08-30T06:44:54.7101392Z [command]/usr/bin/git config --local --name-only --get-regexp http\.https\:\/\/github\.com\/\.extraheader
refusal-coverage	UNKNOWN STEP	2026-08-30T06:44:54.7128449Z http.https://github.com/.extraheader
refusal-coverage	UNKNOWN STEP	2026-08-30T06:44:54.7140644Z [command]/usr/bin/git config --local --unset-all http.https://github.com/.extraheader
refusal-coverage	UNKNOWN STEP	2026-08-30T06:44:54.7179579Z [command]/usr/bin/git submodule foreach --recursive sh -c "git config --local --name-only --get-regexp 'http\.https\:\/\/github\.com\/\.extraheader' && git config --local --unset-all 'http.https://github.com/.extraheader' || :"
refusal-coverage	UNKNOWN STEP	2026-08-30T06:44:54.7473931Z [command]/usr/bin/git config --local --name-only --get-regexp ^includeIf\.gitdir:
refusal-coverage	UNKNOWN STEP	2026-08-30T06:44:54.7516864Z [command]/usr/bin/git submodule foreach --recursive git config --local --show-origin --name-only --get-regexp remote.origin.url
refusal-coverage	UNKNOWN STEP	2026-08-30T06:44:54.7959655Z Cleaning up orphan processes
refusal-coverage	UNKNOWN STEP	2026-08-30T06:44:54.8268155Z ##[warning]Node.js 20 is deprecated. The following actions target Node.js 20 but are being forced to run on Node.js 24: actions/checkout@v4, actions/setup-python@v5. For more information see: https://github.blog/changelog/2025-09-19-deprecation-of-node-20-on-github-actions-runners/
test (3.12)	UNKNOWN STEP	﻿2026-08-30T06:40:00.6326213Z Current runner version: '2.336.0'
test (3.12)	UNKNOWN STEP	2026-08-30T06:40:00.6367126Z ##[group]Runner Image Provisioner
test (3.12)	UNKNOWN STEP	2026-08-30T06:40:00.6367952Z Hosted Compute Agent
test (3.12)	UNKNOWN STEP	2026-08-30T06:40:00.6368443Z Version: 20260819.586
test (3.12)	UNKNOWN STEP	2026-08-30T06:40:00.6369227Z Commit: 3cc4a88dfa507ef76119ad1bb3eccc6378bb2b76
test (3.12)	UNKNOWN STEP	2026-08-30T06:40:00.6369873Z Build Date: 2026-08-18T23:20:18Z
test (3.12)	UNKNOWN STEP	2026-08-30T06:40:00.6370417Z Worker ID: {e95d5869-5dfa-4360-9686-469b6a8908fa}
test (3.12)	UNKNOWN STEP	2026-08-30T06:40:00.6371028Z Azure Region: westus3
test (3.12)	UNKNOWN STEP	2026-08-30T06:40:00.6371500Z ##[endgroup]
test (3.12)	UNKNOWN STEP	2026-08-30T06:40:00.6372588Z ##[group]Operating System
test (3.12)	UNKNOWN STEP	2026-08-30T06:40:00.6373129Z Ubuntu
test (3.12)	UNKNOWN STEP	2026-08-30T06:40:00.6373568Z 24.04.4
test (3.12)	UNKNOWN STEP	2026-08-30T06:40:00.6374019Z LTS
test (3.12)	UNKNOWN STEP	2026-08-30T06:40:00.6374445Z ##[endgroup]
test (3.12)	UNKNOWN STEP	2026-08-30T06:40:00.6374934Z ##[group]Runner Image
test (3.12)	UNKNOWN STEP	2026-08-30T06:40:00.6375456Z Image: ubuntu-24.04
test (3.12)	UNKNOWN STEP	2026-08-30T06:40:00.6375970Z Version: 20260823.283.1
test (3.12)	UNKNOWN STEP	2026-08-30T06:40:00.6377033Z Included Software: https://github.com/actions/runner-images/blob/ubuntu24/20260823.283/images/ubuntu/Ubuntu2404-Readme.md
test (3.12)	UNKNOWN STEP	2026-08-30T06:40:00.6378824Z Image Release: https://github.com/actions/runner-images/releases/tag/ubuntu24%2F20260823.283
test (3.12)	UNKNOWN STEP	2026-08-30T06:40:00.6379741Z ##[endgroup]
test (3.12)	UNKNOWN STEP	2026-08-30T06:40:00.6380692Z ##[group]GITHUB_TOKEN Permissions
test (3.12)	UNKNOWN STEP	2026-08-30T06:40:00.6382494Z Contents: read
test (3.12)	UNKNOWN STEP	2026-08-30T06:40:00.6382972Z Metadata: read
test (3.12)	UNKNOWN STEP	2026-08-30T06:40:00.6383473Z Packages: read
test (3.12)	UNKNOWN STEP	2026-08-30T06:40:00.6383936Z ##[endgroup]
test (3.12)	UNKNOWN STEP	2026-08-30T06:40:00.6385516Z Secret source: Actions
test (3.12)	UNKNOWN STEP	2026-08-30T06:40:00.6386399Z Prepare workflow directory
test (3.12)	UNKNOWN STEP	2026-08-30T06:40:00.6640115Z Prepare all required actions
test (3.12)	UNKNOWN STEP	2026-08-30T06:40:00.6679611Z Getting action download info
test (3.12)	UNKNOWN STEP	2026-08-30T06:40:00.9454787Z Download action repository 'actions/checkout@v4' (SHA:11d5960a326750d5838078e36cf38b85af677262)
test (3.12)	UNKNOWN STEP	2026-08-30T06:40:01.0209144Z Download action repository 'actions/setup-python@v5' (SHA:a26af69be951a213d495a4c3e4e4022e16d87065)
test (3.12)	UNKNOWN STEP	2026-08-30T06:40:01.1858419Z Complete job name: test (3.12)
test (3.12)	UNKNOWN STEP	2026-08-30T06:40:01.2460478Z Node 20 is being deprecated. This workflow is running with Node 24 by default. If you need to temporarily use Node 20, you can set the ACTIONS_ALLOW_USE_UNSECURE_NODE_VERSION=true environment variable. For more information see: https://github.blog/changelog/2025-09-19-deprecation-of-node-20-on-github-actions-runners/
test (3.12)	UNKNOWN STEP	2026-08-30T06:40:01.2467226Z ##[group]Run actions/checkout@v4
test (3.12)	UNKNOWN STEP	2026-08-30T06:40:01.2467838Z with:
test (3.12)	UNKNOWN STEP	2026-08-30T06:40:01.2468343Z   repository: egnaro9/vac-protocol
test (3.12)	UNKNOWN STEP	2026-08-30T06:40:01.2472084Z   token: ***
test (3.12)	UNKNOWN STEP	2026-08-30T06:40:01.2472867Z   ssh-strict: true
test (3.12)	UNKNOWN STEP	2026-08-30T06:40:01.2473544Z   ssh-user: git
test (3.12)	UNKNOWN STEP	2026-08-30T06:40:01.2473992Z   persist-credentials: true
test (3.12)	UNKNOWN STEP	2026-08-30T06:40:01.2474488Z   clean: true
test (3.12)	UNKNOWN STEP	2026-08-30T06:40:01.2474960Z   sparse-checkout-cone-mode: true
test (3.12)	UNKNOWN STEP	2026-08-30T06:40:01.2475457Z   fetch-depth: 1
test (3.12)	UNKNOWN STEP	2026-08-30T06:40:01.2475953Z   fetch-tags: false
test (3.12)	UNKNOWN STEP	2026-08-30T06:40:01.2476396Z   show-progress: true
test (3.12)	UNKNOWN STEP	2026-08-30T06:40:01.2476851Z   lfs: false
test (3.12)	UNKNOWN STEP	2026-08-30T06:40:01.2477384Z   submodules: false
test (3.12)	UNKNOWN STEP	2026-08-30T06:40:01.2477847Z   set-safe-directory: true
test (3.12)	UNKNOWN STEP	2026-08-30T06:40:01.2478341Z   allow-unsafe-pr-checkout: false
test (3.12)	UNKNOWN STEP	2026-08-30T06:40:01.2479232Z ##[endgroup]
test (3.12)	UNKNOWN STEP	2026-08-30T06:40:01.3320100Z Syncing repository: egnaro9/vac-protocol
test (3.12)	UNKNOWN STEP	2026-08-30T06:40:01.3321653Z ##[group]Getting Git version info
test (3.12)	UNKNOWN STEP	2026-08-30T06:40:01.3322352Z Working directory is '/home/runner/work/vac-protocol/vac-protocol'
test (3.12)	UNKNOWN STEP	2026-08-30T06:40:01.3323340Z [command]/usr/bin/git version
test (3.12)	UNKNOWN STEP	2026-08-30T06:40:01.3393856Z git version 2.55.0
test (3.12)	UNKNOWN STEP	2026-08-30T06:40:01.3415624Z ##[endgroup]
test (3.12)	UNKNOWN STEP	2026-08-30T06:40:01.3422160Z Temporarily overriding HOME='/home/runner/work/_temp/481c8088-b8ec-4b71-b515-8967a090414d' before making global git config changes
test (3.12)	UNKNOWN STEP	2026-08-30T06:40:01.3423821Z Adding repository directory to the temporary git global config as a safe directory
test (3.12)	UNKNOWN STEP	2026-08-30T06:40:01.3426196Z [command]/usr/bin/git config --global --add safe.directory /home/runner/work/vac-protocol/vac-protocol
test (3.12)	UNKNOWN STEP	2026-08-30T06:40:01.3468225Z Deleting the contents of '/home/runner/work/vac-protocol/vac-protocol'
test (3.12)	UNKNOWN STEP	2026-08-30T06:40:01.3473189Z ##[group]Initializing the repository
test (3.12)	UNKNOWN STEP	2026-08-30T06:40:01.3481751Z [command]/usr/bin/git init /home/runner/work/vac-protocol/vac-protocol
test (3.12)	UNKNOWN STEP	2026-08-30T06:40:01.3590591Z hint: Using 'master' as the name for the initial branch. This default branch name
test (3.12)	UNKNOWN STEP	2026-08-30T06:40:01.3592146Z hint: will change to "main" in Git 3.0. To configure the initial branch name
test (3.12)	UNKNOWN STEP	2026-08-30T06:40:01.3593915Z hint: to use in all of your new repositories, which will suppress this warning,
test (3.12)	UNKNOWN STEP	2026-08-30T06:40:01.3595088Z hint: call:
test (3.12)	UNKNOWN STEP	2026-08-30T06:40:01.3595855Z hint:
test (3.12)	UNKNOWN STEP	2026-08-30T06:40:01.3597966Z hint: 	git config --global init.defaultBranch <name>
test (3.12)	UNKNOWN STEP	2026-08-30T06:40:01.3599136Z hint:
test (3.12)	UNKNOWN STEP	2026-08-30T06:40:01.3600190Z hint: Names commonly chosen instead of 'master' are 'main', 'trunk' and
test (3.12)	UNKNOWN STEP	2026-08-30T06:40:01.3601604Z hint: 'development'. The just-created branch can be renamed via this command:
test (3.12)	UNKNOWN STEP	2026-08-30T06:40:01.3602702Z hint:
test (3.12)	UNKNOWN STEP	2026-08-30T06:40:01.3603496Z hint: 	git branch -m <name>
test (3.12)	UNKNOWN STEP	2026-08-30T06:40:01.3604332Z hint:
test (3.12)	UNKNOWN STEP	2026-08-30T06:40:01.3605299Z hint: Disable this message with "git config set advice.defaultBranchName false"
test (3.12)	UNKNOWN STEP	2026-08-30T06:40:01.3607356Z Initialized empty Git repository in /home/runner/work/vac-protocol/vac-protocol/.git/
test (3.12)	UNKNOWN STEP	2026-08-30T06:40:01.3610423Z [command]/usr/bin/git remote add origin https://github.com/egnaro9/vac-protocol
test (3.12)	UNKNOWN STEP	2026-08-30T06:40:01.3642978Z ##[endgroup]
test (3.12)	UNKNOWN STEP	2026-08-30T06:40:01.3644050Z ##[group]Disabling automatic garbage collection
test (3.12)	UNKNOWN STEP	2026-08-30T06:40:01.3646332Z [command]/usr/bin/git config --local gc.auto 0
test (3.12)	UNKNOWN STEP	2026-08-30T06:40:01.3669717Z ##[endgroup]
test (3.12)	UNKNOWN STEP	2026-08-30T06:40:01.3670887Z ##[group]Setting up auth
test (3.12)	UNKNOWN STEP	2026-08-30T06:40:01.3675533Z [command]/usr/bin/git config --local --name-only --get-regexp core\.sshCommand
test (3.12)	UNKNOWN STEP	2026-08-30T06:40:01.3699730Z [command]/usr/bin/git submodule foreach --recursive sh -c "git config --local --name-only --get-regexp 'core\.sshCommand' && git config --local --unset-all 'core.sshCommand' || :"
test (3.12)	UNKNOWN STEP	2026-08-30T06:40:01.4007070Z [command]/usr/bin/git config --local --name-only --get-regexp http\.https\:\/\/github\.com\/\.extraheader
test (3.12)	UNKNOWN STEP	2026-08-30T06:40:01.4032930Z [command]/usr/bin/git submodule foreach --recursive sh -c "git config --local --name-only --get-regexp 'http\.https\:\/\/github\.com\/\.extraheader' && git config --local --unset-all 'http.https://github.com/.extraheader' || :"
test (3.12)	UNKNOWN STEP	2026-08-30T06:40:01.4198946Z [command]/usr/bin/git config --local --name-only --get-regexp ^includeIf\.gitdir:
test (3.12)	UNKNOWN STEP	2026-08-30T06:40:01.4222456Z [command]/usr/bin/git submodule foreach --recursive git config --local --show-origin --name-only --get-regexp remote.origin.url
test (3.12)	UNKNOWN STEP	2026-08-30T06:40:01.4378288Z [command]/usr/bin/git config --local http.https://github.com/.extraheader AUTHORIZATION: basic ***
test (3.12)	UNKNOWN STEP	2026-08-30T06:40:01.4403676Z ##[endgroup]
test (3.12)	UNKNOWN STEP	2026-08-30T06:40:01.4404572Z ##[group]Fetching the repository
test (3.12)	UNKNOWN STEP	2026-08-30T06:40:01.4411844Z [command]/usr/bin/git -c protocol.version=2 fetch --no-tags --prune --no-recurse-submodules --depth=1 origin +652e71bc0dcf39aa26c01995d94741325325eff5:refs/remotes/origin/main
test (3.12)	UNKNOWN STEP	2026-08-30T06:40:02.3626550Z From https://github.com/egnaro9/vac-protocol
test (3.12)	UNKNOWN STEP	2026-08-30T06:40:02.3628998Z  * [new ref]         652e71bc0dcf39aa26c01995d94741325325eff5 -> origin/main
test (3.12)	UNKNOWN STEP	2026-08-30T06:40:02.3633964Z ##[endgroup]
test (3.12)	UNKNOWN STEP	2026-08-30T06:40:02.3635939Z ##[group]Determining the checkout info
test (3.12)	UNKNOWN STEP	2026-08-30T06:40:02.3638346Z ##[endgroup]
test (3.12)	UNKNOWN STEP	2026-08-30T06:40:02.3639896Z [command]/usr/bin/git sparse-checkout disable
test (3.12)	UNKNOWN STEP	2026-08-30T06:40:02.3681716Z [command]/usr/bin/git config --local --unset-all extensions.worktreeConfig
test (3.12)	UNKNOWN STEP	2026-08-30T06:40:02.3705668Z ##[group]Checking out the ref
test (3.12)	UNKNOWN STEP	2026-08-30T06:40:02.3708305Z [command]/usr/bin/git checkout --progress --force -B main refs/remotes/origin/main
test (3.12)	UNKNOWN STEP	2026-08-30T06:40:02.3889050Z Switched to a new branch 'main'
test (3.12)	UNKNOWN STEP	2026-08-30T06:40:02.3894330Z branch 'main' set up to track 'origin/main'.
test (3.12)	UNKNOWN STEP	2026-08-30T06:40:02.3897899Z ##[endgroup]
test (3.12)	UNKNOWN STEP	2026-08-30T06:40:02.3927829Z [command]/usr/bin/git log -1 --format=%H
test (3.12)	UNKNOWN STEP	2026-08-30T06:40:02.3946583Z 652e71bc0dcf39aa26c01995d94741325325eff5
test (3.12)	UNKNOWN STEP	2026-08-30T06:40:02.4272836Z Node 20 is being deprecated. This workflow is running with Node 24 by default. If you need to temporarily use Node 20, you can set the ACTIONS_ALLOW_USE_UNSECURE_NODE_VERSION=true environment variable. For more information see: https://github.blog/changelog/2025-09-19-deprecation-of-node-20-on-github-actions-runners/
test (3.12)	UNKNOWN STEP	2026-08-30T06:40:02.4278246Z ##[group]Run actions/setup-python@v5
test (3.12)	UNKNOWN STEP	2026-08-30T06:40:02.4279458Z with:
test (3.12)	UNKNOWN STEP	2026-08-30T06:40:02.4280351Z   python-version: 3.12
test (3.12)	UNKNOWN STEP	2026-08-30T06:40:02.4281334Z   check-latest: false
test (3.12)	UNKNOWN STEP	2026-08-30T06:40:02.4290594Z   token: ***
test (3.12)	UNKNOWN STEP	2026-08-30T06:40:02.4291549Z   update-environment: true
test (3.12)	UNKNOWN STEP	2026-08-30T06:40:02.4292612Z   allow-prereleases: false
test (3.12)	UNKNOWN STEP	2026-08-30T06:40:02.4293666Z   freethreaded: false
test (3.12)	UNKNOWN STEP	2026-08-30T06:40:02.4294607Z ##[endgroup]
test (3.12)	UNKNOWN STEP	2026-08-30T06:40:02.5409911Z ##[group]Installed versions
test (3.12)	UNKNOWN STEP	2026-08-30T06:40:02.5479640Z (node:2024) [DEP0040] DeprecationWarning: The `punycode` module is deprecated. Please use a userland alternative instead.
test (3.12)	UNKNOWN STEP	2026-08-30T06:40:02.5483502Z (Use `node --trace-deprecation ...` to show where the warning was created)
test (3.12)	UNKNOWN STEP	2026-08-30T06:40:02.5485815Z Successfully set up CPython (3.12.14)
test (3.12)	UNKNOWN STEP	2026-08-30T06:40:02.5487739Z ##[endgroup]
test (3.12)	UNKNOWN STEP	2026-08-30T06:40:02.5626232Z ##[group]Run pip install -e ".[test]"
test (3.12)	UNKNOWN STEP	2026-08-30T06:40:02.5627656Z ^[[36;1mpip install -e ".[test]"^[[0m
test (3.12)	UNKNOWN STEP	2026-08-30T06:40:02.5668257Z shell: /usr/bin/bash -e {0}
test (3.12)	UNKNOWN STEP	2026-08-30T06:40:02.5669509Z env:
test (3.12)	UNKNOWN STEP	2026-08-30T06:40:02.5670650Z   pythonLocation: /opt/hostedtoolcache/Python/3.12.14/x64
test (3.12)	UNKNOWN STEP	2026-08-30T06:40:02.5672353Z   PKG_CONFIG_PATH: /opt/hostedtoolcache/Python/3.12.14/x64/lib/pkgconfig
test (3.12)	UNKNOWN STEP	2026-08-30T06:40:02.5674023Z   Python_ROOT_DIR: /opt/hostedtoolcache/Python/3.12.14/x64
test (3.12)	UNKNOWN STEP	2026-08-30T06:40:02.5675550Z   Python2_ROOT_DIR: /opt/hostedtoolcache/Python/3.12.14/x64
test (3.12)	UNKNOWN STEP	2026-08-30T06:40:02.5677121Z   Python3_ROOT_DIR: /opt/hostedtoolcache/Python/3.12.14/x64
test (3.12)	UNKNOWN STEP	2026-08-30T06:40:02.5678753Z   LD_LIBRARY_PATH: /opt/hostedtoolcache/Python/3.12.14/x64/lib
test (3.12)	UNKNOWN STEP	2026-08-30T06:40:02.5680082Z ##[endgroup]
test (3.12)	UNKNOWN STEP	2026-08-30T06:40:03.5571383Z Obtaining file:///home/runner/work/vac-protocol/vac-protocol
test (3.12)	UNKNOWN STEP	2026-08-30T06:40:03.5582949Z   Installing build dependencies: started
test (3.12)	UNKNOWN STEP	2026-08-30T06:40:05.0072160Z   Installing build dependencies: finished with status 'done'
test (3.12)	UNKNOWN STEP	2026-08-30T06:40:05.0076740Z   Checking if build backend supports build_editable: started
test (3.12)	UNKNOWN STEP	2026-08-30T06:40:05.2885271Z   Checking if build backend supports build_editable: finished with status 'done'
test (3.12)	UNKNOWN STEP	2026-08-30T06:40:05.2892425Z   Getting requirements to build editable: started
test (3.12)	UNKNOWN STEP	2026-08-30T06:40:05.5622032Z   Getting requirements to build editable: finished with status 'done'
test (3.12)	UNKNOWN STEP	2026-08-30T06:40:05.5629487Z   Preparing editable metadata (pyproject.toml): started
test (3.12)	UNKNOWN STEP	2026-08-30T06:40:05.7121793Z   Preparing editable metadata (pyproject.toml): finished with status 'done'
test (3.12)	UNKNOWN STEP	2026-08-30T06:40:05.8891853Z Collecting pytest (from vac-protocol==0.1.0)
test (3.12)	UNKNOWN STEP	2026-08-30T06:40:05.9395141Z   Downloading pytest-9.1.1-py3-none-any.whl.metadata (7.6 kB)
test (3.12)	UNKNOWN STEP	2026-08-30T06:40:06.0029201Z Collecting iniconfig>=1.0.1 (from pytest->vac-protocol==0.1.0)
test (3.12)	UNKNOWN STEP	2026-08-30T06:40:06.0060445Z   Downloading iniconfig-2.3.0-py3-none-any.whl.metadata (2.5 kB)
test (3.12)	UNKNOWN STEP	2026-08-30T06:40:06.0645648Z Collecting packaging>=22 (from pytest->vac-protocol==0.1.0)
test (3.12)	UNKNOWN STEP	2026-08-30T06:40:06.0673280Z   Downloading packaging-26.3-py3-none-any.whl.metadata (3.5 kB)
test (3.12)	UNKNOWN STEP	2026-08-30T06:40:06.1134657Z Collecting pluggy<2,>=1.5 (from pytest->vac-protocol==0.1.0)
test (3.12)	UNKNOWN STEP	2026-08-30T06:40:06.1162593Z   Downloading pluggy-1.6.0-py3-none-any.whl.metadata (4.8 kB)
test (3.12)	UNKNOWN STEP	2026-08-30T06:40:06.9184764Z Collecting pygments>=2.7.2 (from pytest->vac-protocol==0.1.0)
test (3.12)	UNKNOWN STEP	2026-08-30T06:40:06.9219255Z   Downloading pygments-2.21.0-py3-none-any.whl.metadata (2.5 kB)
test (3.12)	UNKNOWN STEP	2026-08-30T06:40:07.1485794Z Downloading pytest-9.1.1-py3-none-any.whl (386 kB)
test (3.12)	UNKNOWN STEP	2026-08-30T06:40:07.3863822Z Downloading pluggy-1.6.0-py3-none-any.whl (20 kB)
test (3.12)	UNKNOWN STEP	2026-08-30T06:40:07.5883330Z Downloading iniconfig-2.3.0-py3-none-any.whl (7.5 kB)
test (3.12)	UNKNOWN STEP	2026-08-30T06:40:07.5928991Z Downloading packaging-26.3-py3-none-any.whl (129 kB)
test (3.12)	UNKNOWN STEP	2026-08-30T06:40:07.5988513Z Downloading pygments-2.21.0-py3-none-any.whl (1.3 MB)
test (3.12)	UNKNOWN STEP	2026-08-30T06:40:07.6180916Z    ━━━━━━━━━━━━━━━━━━━━━━━━━━━━━━━━━━━━━━━━ 1.3/1.3 MB 73.2 MB/s  0:00:00
test (3.12)	UNKNOWN STEP	2026-08-30T06:40:07.6312063Z Building wheels for collected packages: vac-protocol
test (3.12)	UNKNOWN STEP	2026-08-30T06:40:07.6317465Z   Building editable for vac-protocol (pyproject.toml): started
test (3.12)	UNKNOWN STEP	2026-08-30T06:40:07.7942890Z   Building editable for vac-protocol (pyproject.toml): finished with status 'done'
test (3.12)	UNKNOWN STEP	2026-08-30T06:40:07.7947093Z   Created wheel for vac-protocol: filename=vac_protocol-0.1.0-0.editable-py3-none-any.whl size=8850 sha256=db9d4daaac95e3e297fa993951e1a5aa7d8a12dcea899029170a21e38b4a467d
test (3.12)	UNKNOWN STEP	2026-08-30T06:40:07.7949368Z   Stored in directory: /tmp/pip-ephem-wheel-cache-b6zuokg5/wheels/31/93/c0/4effb33ea68d4321a176d9cb097b94ea8b1be9d534ea861dec
test (3.12)	UNKNOWN STEP	2026-08-30T06:40:07.7971466Z Successfully built vac-protocol
test (3.12)	UNKNOWN STEP	2026-08-30T06:40:07.8211806Z Installing collected packages: vac-protocol, pygments, pluggy, packaging, iniconfig, pytest
test (3.12)	UNKNOWN STEP	2026-08-30T06:40:08.6187637Z 
test (3.12)	UNKNOWN STEP	2026-08-30T06:40:08.6198927Z Successfully installed iniconfig-2.3.0 packaging-26.3 pluggy-1.6.0 pygments-2.21.0 pytest-9.1.1 vac-protocol-0.1.0
test (3.12)	UNKNOWN STEP	2026-08-30T06:40:08.6767020Z ##[group]Run python -m pytest tests/ -q
test (3.12)	UNKNOWN STEP	2026-08-30T06:40:08.6767453Z ^[[36;1mpython -m pytest tests/ -q^[[0m
test (3.12)	UNKNOWN STEP	2026-08-30T06:40:08.6790528Z shell: /usr/bin/bash -e {0}
test (3.12)	UNKNOWN STEP	2026-08-30T06:40:08.6790854Z env:
test (3.12)	UNKNOWN STEP	2026-08-30T06:40:08.6791177Z   pythonLocation: /opt/hostedtoolcache/Python/3.12.14/x64
test (3.12)	UNKNOWN STEP	2026-08-30T06:40:08.6791632Z   PKG_CONFIG_PATH: /opt/hostedtoolcache/Python/3.12.14/x64/lib/pkgconfig
test (3.12)	UNKNOWN STEP	2026-08-30T06:40:08.6792053Z   Python_ROOT_DIR: /opt/hostedtoolcache/Python/3.12.14/x64
test (3.12)	UNKNOWN STEP	2026-08-30T06:40:08.6792430Z   Python2_ROOT_DIR: /opt/hostedtoolcache/Python/3.12.14/x64
test (3.12)	UNKNOWN STEP	2026-08-30T06:40:08.6792893Z   Python3_ROOT_DIR: /opt/hostedtoolcache/Python/3.12.14/x64
test (3.12)	UNKNOWN STEP	2026-08-30T06:40:08.6793276Z   LD_LIBRARY_PATH: /opt/hostedtoolcache/Python/3.12.14/x64/lib
test (3.12)	UNKNOWN STEP	2026-08-30T06:40:08.6793625Z ##[endgroup]
test (3.12)	UNKNOWN STEP	2026-08-30T06:40:09.9108120Z ......................xxx.s...s..x....ssss.............................. [ 20%]
test (3.12)	UNKNOWN STEP	2026-08-30T06:40:10.1112571Z ........................................................................ [ 41%]
test (3.12)	UNKNOWN STEP	2026-08-30T06:40:10.8017558Z ...........................................................s............ [ 62%]
test (3.12)	UNKNOWN STEP	2026-08-30T06:40:11.1050983Z ........................................s.ss.....ssssssssss............. [ 83%]
test (3.12)	UNKNOWN STEP	2026-08-30T06:40:11.4798029Z ........................................................                 [100%]
test (3.12)	UNKNOWN STEP	2026-08-30T06:40:11.4799690Z 320 passed, 20 skipped, 4 xfailed in 2.49s
test (3.12)	UNKNOWN STEP	2026-08-30T06:40:11.5204792Z Node 20 is being deprecated. This workflow is running with Node 24 by default. If you need to temporarily use Node 20, you can set the ACTIONS_ALLOW_USE_UNSECURE_NODE_VERSION=true environment variable. For more information see: https://github.blog/changelog/2025-09-19-deprecation-of-node-20-on-github-actions-runners/
test (3.12)	UNKNOWN STEP	2026-08-30T06:40:11.5205778Z Post job cleanup.
test (3.12)	UNKNOWN STEP	2026-08-30T06:40:11.6224085Z (node:2575) [DEP0040] DeprecationWarning: The `punycode` module is deprecated. Please use a userland alternative instead.
test (3.12)	UNKNOWN STEP	2026-08-30T06:40:11.6224730Z (Use `node --trace-deprecation ...` to show where the warning was created)
test (3.12)	UNKNOWN STEP	2026-08-30T06:40:11.6415988Z Node 20 is being deprecated. This workflow is running with Node 24 by default. If you need to temporarily use Node 20, you can set the ACTIONS_ALLOW_USE_UNSECURE_NODE_VERSION=true environment variable. For more information see: https://github.blog/changelog/2025-09-19-deprecation-of-node-20-on-github-actions-runners/
test (3.12)	UNKNOWN STEP	2026-08-30T06:40:11.6417609Z Post job cleanup.
test (3.12)	UNKNOWN STEP	2026-08-30T06:40:11.7127846Z [command]/usr/bin/git version
test (3.12)	UNKNOWN STEP	2026-08-30T06:40:11.7159576Z git version 2.55.0
test (3.12)	UNKNOWN STEP	2026-08-30T06:40:11.7187014Z Temporarily overriding HOME='/home/runner/work/_temp/ef986adf-b475-4241-91aa-f5fa07339814' before making global git config changes
test (3.12)	UNKNOWN STEP	2026-08-30T06:40:11.7188370Z Adding repository directory to the temporary git global config as a safe directory
test (3.12)	UNKNOWN STEP	2026-08-30T06:40:11.7192166Z [command]/usr/bin/git config --global --add safe.directory /home/runner/work/vac-protocol/vac-protocol
test (3.12)	UNKNOWN STEP	2026-08-30T06:40:11.7224782Z [command]/usr/bin/git config --local --name-only --get-regexp core\.sshCommand
test (3.12)	UNKNOWN STEP	2026-08-30T06:40:11.7253045Z [command]/usr/bin/git submodule foreach --recursive sh -c "git config --local --name-only --get-regexp 'core\.sshCommand' && git config --local --unset-all 'core.sshCommand' || :"
test (3.12)	UNKNOWN STEP	2026-08-30T06:40:11.7429335Z [command]/usr/bin/git config --local --name-only --get-regexp http\.https\:\/\/github\.com\/\.extraheader
test (3.12)	UNKNOWN STEP	2026-08-30T06:40:11.7447215Z http.https://github.com/.extraheader
test (3.12)	UNKNOWN STEP	2026-08-30T06:40:11.7458544Z [command]/usr/bin/git config --local --unset-all http.https://github.com/.extraheader
test (3.12)	UNKNOWN STEP	2026-08-30T06:40:11.7487780Z [command]/usr/bin/git submodule foreach --recursive sh -c "git config --local --name-only --get-regexp 'http\.https\:\/\/github\.com\/\.extraheader' && git config --local --unset-all 'http.https://github.com/.extraheader' || :"
test (3.12)	UNKNOWN STEP	2026-08-30T06:40:11.7682008Z [command]/usr/bin/git config --local --name-only --get-regexp ^includeIf\.gitdir:
test (3.12)	UNKNOWN STEP	2026-08-30T06:40:11.7706246Z [command]/usr/bin/git submodule foreach --recursive git config --local --show-origin --name-only --get-regexp remote.origin.url
test (3.12)	UNKNOWN STEP	2026-08-30T06:40:11.8012101Z Cleaning up orphan processes
test (3.12)	UNKNOWN STEP	2026-08-30T06:40:11.8226462Z ##[warning]Node.js 20 is deprecated. The following actions target Node.js 20 but are being forced to run on Node.js 24: actions/checkout@v4, actions/setup-python@v5. For more information see: https://github.blog/changelog/2025-09-19-deprecation-of-node-20-on-github-actions-runners/
invalidation-liveness	UNKNOWN STEP	﻿2026-08-30T06:40:00.2480980Z Current runner version: '2.336.0'
invalidation-liveness	UNKNOWN STEP	2026-08-30T06:40:00.2534194Z ##[group]Runner Image Provisioner
invalidation-liveness	UNKNOWN STEP	2026-08-30T06:40:00.2535063Z Hosted Compute Agent
invalidation-liveness	UNKNOWN STEP	2026-08-30T06:40:00.2535771Z Version: 20260819.586
invalidation-liveness	UNKNOWN STEP	2026-08-30T06:40:00.2536420Z Commit: 3cc4a88dfa507ef76119ad1bb3eccc6378bb2b76
invalidation-liveness	UNKNOWN STEP	2026-08-30T06:40:00.2537175Z Build Date: 2026-08-18T23:20:18Z
invalidation-liveness	UNKNOWN STEP	2026-08-30T06:40:00.2537958Z Worker ID: {62529fb6-b4fe-4cc7-aadd-c1bc4ff4d020}
invalidation-liveness	UNKNOWN STEP	2026-08-30T06:40:00.2538776Z Azure Region: eastus2
invalidation-liveness	UNKNOWN STEP	2026-08-30T06:40:00.2539484Z ##[endgroup]
invalidation-liveness	UNKNOWN STEP	2026-08-30T06:40:00.2541335Z ##[group]Operating System
invalidation-liveness	UNKNOWN STEP	2026-08-30T06:40:00.2542319Z Ubuntu
invalidation-liveness	UNKNOWN STEP	2026-08-30T06:40:00.2543008Z 24.04.4
invalidation-liveness	UNKNOWN STEP	2026-08-30T06:40:00.2543544Z LTS
invalidation-liveness	UNKNOWN STEP	2026-08-30T06:40:00.2544113Z ##[endgroup]
invalidation-liveness	UNKNOWN STEP	2026-08-30T06:40:00.2544710Z ##[group]Runner Image
invalidation-liveness	UNKNOWN STEP	2026-08-30T06:40:00.2545355Z Image: ubuntu-24.04
invalidation-liveness	UNKNOWN STEP	2026-08-30T06:40:00.2546004Z Version: 20260823.283.1
invalidation-liveness	UNKNOWN STEP	2026-08-30T06:40:00.2547787Z Included Software: https://github.com/actions/runner-images/blob/ubuntu24/20260823.283/images/ubuntu/Ubuntu2404-Readme.md
invalidation-liveness	UNKNOWN STEP	2026-08-30T06:40:00.2549401Z Image Release: https://github.com/actions/runner-images/releases/tag/ubuntu24%2F20260823.283
invalidation-liveness	UNKNOWN STEP	2026-08-30T06:40:00.2550470Z ##[endgroup]
invalidation-liveness	UNKNOWN STEP	2026-08-30T06:40:00.2551901Z ##[group]GITHUB_TOKEN Permissions
invalidation-liveness	UNKNOWN STEP	2026-08-30T06:40:00.2554267Z Contents: read
invalidation-liveness	UNKNOWN STEP	2026-08-30T06:40:00.2554914Z Metadata: read
invalidation-liveness	UNKNOWN STEP	2026-08-30T06:40:00.2555564Z Packages: read
invalidation-liveness	UNKNOWN STEP	2026-08-30T06:40:00.2556192Z ##[endgroup]
invalidation-liveness	UNKNOWN STEP	2026-08-30T06:40:00.2558624Z Secret source: Actions
invalidation-liveness	UNKNOWN STEP	2026-08-30T06:40:00.2560025Z Prepare workflow directory
invalidation-liveness	UNKNOWN STEP	2026-08-30T06:40:00.2884796Z Prepare all required actions
invalidation-liveness	UNKNOWN STEP	2026-08-30T06:40:00.2932609Z Getting action download info
invalidation-liveness	UNKNOWN STEP	2026-08-30T06:40:00.4853061Z Download action repository 'actions/checkout@v4' (SHA:11d5960a326750d5838078e36cf38b85af677262)
invalidation-liveness	UNKNOWN STEP	2026-08-30T06:40:00.5996425Z Download action repository 'actions/setup-python@v5' (SHA:a26af69be951a213d495a4c3e4e4022e16d87065)
invalidation-liveness	UNKNOWN STEP	2026-08-30T06:40:00.7864381Z Complete job name: invalidation-liveness
invalidation-liveness	UNKNOWN STEP	2026-08-30T06:40:00.8676537Z Node 20 is being deprecated. This workflow is running with Node 24 by default. If you need to temporarily use Node 20, you can set the ACTIONS_ALLOW_USE_UNSECURE_NODE_VERSION=true environment variable. For more information see: https://github.blog/changelog/2025-09-19-deprecation-of-node-20-on-github-actions-runners/
invalidation-liveness	UNKNOWN STEP	2026-08-30T06:40:00.8685694Z ##[group]Run actions/checkout@v4
invalidation-liveness	UNKNOWN STEP	2026-08-30T06:40:00.8686416Z with:
invalidation-liveness	UNKNOWN STEP	2026-08-30T06:40:00.8686898Z   repository: egnaro9/vac-protocol
invalidation-liveness	UNKNOWN STEP	2026-08-30T06:40:00.8691045Z   token: ***
invalidation-liveness	UNKNOWN STEP	2026-08-30T06:40:00.8691534Z   ssh-strict: true
invalidation-liveness	UNKNOWN STEP	2026-08-30T06:40:00.8692178Z   ssh-user: git
invalidation-liveness	UNKNOWN STEP	2026-08-30T06:40:00.8692660Z   persist-credentials: true
invalidation-liveness	UNKNOWN STEP	2026-08-30T06:40:00.8693174Z   clean: true
invalidation-liveness	UNKNOWN STEP	2026-08-30T06:40:00.8693651Z   sparse-checkout-cone-mode: true
invalidation-liveness	UNKNOWN STEP	2026-08-30T06:40:00.8694190Z   fetch-depth: 1
invalidation-liveness	UNKNOWN STEP	2026-08-30T06:40:00.8694644Z   fetch-tags: false
invalidation-liveness	UNKNOWN STEP	2026-08-30T06:40:00.8695109Z   show-progress: true
invalidation-liveness	UNKNOWN STEP	2026-08-30T06:40:00.8695576Z   lfs: false
invalidation-liveness	UNKNOWN STEP	2026-08-30T06:40:00.8696067Z   submodules: false
invalidation-liveness	UNKNOWN STEP	2026-08-30T06:40:00.8696547Z   set-safe-directory: true
invalidation-liveness	UNKNOWN STEP	2026-08-30T06:40:00.8697085Z   allow-unsafe-pr-checkout: false
invalidation-liveness	UNKNOWN STEP	2026-08-30T06:40:00.8697814Z ##[endgroup]
invalidation-liveness	UNKNOWN STEP	2026-08-30T06:40:00.9698773Z Syncing repository: egnaro9/vac-protocol
invalidation-liveness	UNKNOWN STEP	2026-08-30T06:40:00.9701202Z ##[group]Getting Git version info
invalidation-liveness	UNKNOWN STEP	2026-08-30T06:40:00.9702262Z Working directory is '/home/runner/work/vac-protocol/vac-protocol'
invalidation-liveness	UNKNOWN STEP	2026-08-30T06:40:00.9703700Z [command]/usr/bin/git version
invalidation-liveness	UNKNOWN STEP	2026-08-30T06:40:00.9735966Z git version 2.55.0
invalidation-liveness	UNKNOWN STEP	2026-08-30T06:40:00.9757870Z ##[endgroup]
invalidation-liveness	UNKNOWN STEP	2026-08-30T06:40:00.9774308Z Temporarily overriding HOME='/home/runner/work/_temp/61d1cbfc-6849-4071-a0ef-f4e85a76d893' before making global git config changes
invalidation-liveness	UNKNOWN STEP	2026-08-30T06:40:00.9776473Z Adding repository directory to the temporary git global config as a safe directory
invalidation-liveness	UNKNOWN STEP	2026-08-30T06:40:00.9779686Z [command]/usr/bin/git config --global --add safe.directory /home/runner/work/vac-protocol/vac-protocol
invalidation-liveness	UNKNOWN STEP	2026-08-30T06:40:00.9830452Z Deleting the contents of '/home/runner/work/vac-protocol/vac-protocol'
invalidation-liveness	UNKNOWN STEP	2026-08-30T06:40:00.9834600Z ##[group]Initializing the repository
invalidation-liveness	UNKNOWN STEP	2026-08-30T06:40:00.9840750Z [command]/usr/bin/git init /home/runner/work/vac-protocol/vac-protocol
invalidation-liveness	UNKNOWN STEP	2026-08-30T06:40:00.9919869Z hint: Using 'master' as the name for the initial branch. This default branch name
invalidation-liveness	UNKNOWN STEP	2026-08-30T06:40:00.9921840Z hint: will change to "main" in Git 3.0. To configure the initial branch name
invalidation-liveness	UNKNOWN STEP	2026-08-30T06:40:00.9925461Z hint: to use in all of your new repositories, which will suppress this warning,
invalidation-liveness	UNKNOWN STEP	2026-08-30T06:40:00.9926728Z hint: call:
invalidation-liveness	UNKNOWN STEP	2026-08-30T06:40:00.9927604Z hint:
invalidation-liveness	UNKNOWN STEP	2026-08-30T06:40:00.9928396Z hint: 	git config --global init.defaultBranch <name>
invalidation-liveness	UNKNOWN STEP	2026-08-30T06:40:00.9929172Z hint:
invalidation-liveness	UNKNOWN STEP	2026-08-30T06:40:00.9929798Z hint: Names commonly chosen instead of 'master' are 'main', 'trunk' and
invalidation-liveness	UNKNOWN STEP	2026-08-30T06:40:00.9930755Z hint: 'development'. The just-created branch can be renamed via this command:
invalidation-liveness	UNKNOWN STEP	2026-08-30T06:40:00.9931502Z hint:
invalidation-liveness	UNKNOWN STEP	2026-08-30T06:40:00.9932153Z hint: 	git branch -m <name>
invalidation-liveness	UNKNOWN STEP	2026-08-30T06:40:00.9932758Z hint:
invalidation-liveness	UNKNOWN STEP	2026-08-30T06:40:00.9933723Z hint: Disable this message with "git config set advice.defaultBranchName false"
invalidation-liveness	UNKNOWN STEP	2026-08-30T06:40:00.9935057Z Initialized empty Git repository in /home/runner/work/vac-protocol/vac-protocol/.git/
invalidation-liveness	UNKNOWN STEP	2026-08-30T06:40:00.9936881Z [command]/usr/bin/git remote add origin https://github.com/egnaro9/vac-protocol
invalidation-liveness	UNKNOWN STEP	2026-08-30T06:40:00.9977202Z ##[endgroup]
invalidation-liveness	UNKNOWN STEP	2026-08-30T06:40:00.9978242Z ##[group]Disabling automatic garbage collection
invalidation-liveness	UNKNOWN STEP	2026-08-30T06:40:00.9981465Z [command]/usr/bin/git config --local gc.auto 0
invalidation-liveness	UNKNOWN STEP	2026-08-30T06:40:01.0014653Z ##[endgroup]
invalidation-liveness	UNKNOWN STEP	2026-08-30T06:40:01.0015584Z ##[group]Setting up auth
invalidation-liveness	UNKNOWN STEP	2026-08-30T06:40:01.0022143Z [command]/usr/bin/git config --local --name-only --get-regexp core\.sshCommand
invalidation-liveness	UNKNOWN STEP	2026-08-30T06:40:01.0058799Z [command]/usr/bin/git submodule foreach --recursive sh -c "git config --local --name-only --get-regexp 'core\.sshCommand' && git config --local --unset-all 'core.sshCommand' || :"
invalidation-liveness	UNKNOWN STEP	2026-08-30T06:40:01.0444229Z [command]/usr/bin/git config --local --name-only --get-regexp http\.https\:\/\/github\.com\/\.extraheader
invalidation-liveness	UNKNOWN STEP	2026-08-30T06:40:01.0486828Z [command]/usr/bin/git submodule foreach --recursive sh -c "git config --local --name-only --get-regexp 'http\.https\:\/\/github\.com\/\.extraheader' && git config --local --unset-all 'http.https://github.com/.extraheader' || :"
invalidation-liveness	UNKNOWN STEP	2026-08-30T06:40:01.0744639Z [command]/usr/bin/git config --local --name-only --get-regexp ^includeIf\.gitdir:
invalidation-liveness	UNKNOWN STEP	2026-08-30T06:40:01.0784467Z [command]/usr/bin/git submodule foreach --recursive git config --local --show-origin --name-only --get-regexp remote.origin.url
invalidation-liveness	UNKNOWN STEP	2026-08-30T06:40:01.1023488Z [command]/usr/bin/git config --local http.https://github.com/.extraheader AUTHORIZATION: basic ***
invalidation-liveness	UNKNOWN STEP	2026-08-30T06:40:01.1064789Z ##[endgroup]
invalidation-liveness	UNKNOWN STEP	2026-08-30T06:40:01.1065659Z ##[group]Fetching the repository
invalidation-liveness	UNKNOWN STEP	2026-08-30T06:40:01.1074102Z [command]/usr/bin/git -c protocol.version=2 fetch --no-tags --prune --no-recurse-submodules --depth=1 origin +652e71bc0dcf39aa26c01995d94741325325eff5:refs/remotes/origin/main
invalidation-liveness	UNKNOWN STEP	2026-08-30T06:40:01.4592303Z From https://github.com/egnaro9/vac-protocol
invalidation-liveness	UNKNOWN STEP	2026-08-30T06:40:01.4594076Z  * [new ref]         652e71bc0dcf39aa26c01995d94741325325eff5 -> origin/main
invalidation-liveness	UNKNOWN STEP	2026-08-30T06:40:01.4598280Z ##[endgroup]
invalidation-liveness	UNKNOWN STEP	2026-08-30T06:40:01.4600012Z ##[group]Determining the checkout info
invalidation-liveness	UNKNOWN STEP	2026-08-30T06:40:01.4602238Z ##[endgroup]
invalidation-liveness	UNKNOWN STEP	2026-08-30T06:40:01.4608883Z [command]/usr/bin/git sparse-checkout disable
invalidation-liveness	UNKNOWN STEP	2026-08-30T06:40:01.4664035Z [command]/usr/bin/git config --local --unset-all extensions.worktreeConfig
invalidation-liveness	UNKNOWN STEP	2026-08-30T06:40:01.4700526Z ##[group]Checking out the ref
invalidation-liveness	UNKNOWN STEP	2026-08-30T06:40:01.4706346Z [command]/usr/bin/git checkout --progress --force -B main refs/remotes/origin/main
invalidation-liveness	UNKNOWN STEP	2026-08-30T06:40:01.5008618Z Switched to a new branch 'main'
invalidation-liveness	UNKNOWN STEP	2026-08-30T06:40:01.5013339Z branch 'main' set up to track 'origin/main'.
invalidation-liveness	UNKNOWN STEP	2026-08-30T06:40:01.5020913Z ##[endgroup]
invalidation-liveness	UNKNOWN STEP	2026-08-30T06:40:01.5068754Z [command]/usr/bin/git log -1 --format=%H
invalidation-liveness	UNKNOWN STEP	2026-08-30T06:40:01.5098756Z 652e71bc0dcf39aa26c01995d94741325325eff5
invalidation-liveness	UNKNOWN STEP	2026-08-30T06:40:01.5400099Z Node 20 is being deprecated. This workflow is running with Node 24 by default. If you need to temporarily use Node 20, you can set the ACTIONS_ALLOW_USE_UNSECURE_NODE_VERSION=true environment variable. For more information see: https://github.blog/changelog/2025-09-19-deprecation-of-node-20-on-github-actions-runners/
invalidation-liveness	UNKNOWN STEP	2026-08-30T06:40:01.5403350Z ##[group]Run actions/setup-python@v5
invalidation-liveness	UNKNOWN STEP	2026-08-30T06:40:01.5403918Z with:
invalidation-liveness	UNKNOWN STEP	2026-08-30T06:40:01.5404372Z   python-version: 3.12
invalidation-liveness	UNKNOWN STEP	2026-08-30T06:40:01.5404876Z   check-latest: false
invalidation-liveness	UNKNOWN STEP	2026-08-30T06:40:01.5409158Z   token: ***
invalidation-liveness	UNKNOWN STEP	2026-08-30T06:40:01.5409631Z   update-environment: true
invalidation-liveness	UNKNOWN STEP	2026-08-30T06:40:01.5410173Z   allow-prereleases: false
invalidation-liveness	UNKNOWN STEP	2026-08-30T06:40:01.5410696Z   freethreaded: false
invalidation-liveness	UNKNOWN STEP	2026-08-30T06:40:01.5411180Z ##[endgroup]
invalidation-liveness	UNKNOWN STEP	2026-08-30T06:40:01.6753668Z ##[group]Installed versions
invalidation-liveness	UNKNOWN STEP	2026-08-30T06:40:01.6820778Z (node:2298) [DEP0040] DeprecationWarning: The `punycode` module is deprecated. Please use a userland alternative instead.
invalidation-liveness	UNKNOWN STEP	2026-08-30T06:40:01.6822609Z (Use `node --trace-deprecation ...` to show where the warning was created)
invalidation-liveness	UNKNOWN STEP	2026-08-30T06:40:01.6823969Z Successfully set up CPython (3.12.14)
invalidation-liveness	UNKNOWN STEP	2026-08-30T06:40:01.6825439Z ##[endgroup]
invalidation-liveness	UNKNOWN STEP	2026-08-30T06:40:01.7028828Z ##[group]Run pip install -e .
invalidation-liveness	UNKNOWN STEP	2026-08-30T06:40:01.7029599Z ^[[36;1mpip install -e .^[[0m
invalidation-liveness	UNKNOWN STEP	2026-08-30T06:40:01.7187778Z shell: /usr/bin/bash -e {0}
invalidation-liveness	UNKNOWN STEP	2026-08-30T06:40:01.7188529Z env:
invalidation-liveness	UNKNOWN STEP	2026-08-30T06:40:01.7189268Z   pythonLocation: /opt/hostedtoolcache/Python/3.12.14/x64
invalidation-liveness	UNKNOWN STEP	2026-08-30T06:40:01.7190337Z   PKG_CONFIG_PATH: /opt/hostedtoolcache/Python/3.12.14/x64/lib/pkgconfig
invalidation-liveness	UNKNOWN STEP	2026-08-30T06:40:01.7191385Z   Python_ROOT_DIR: /opt/hostedtoolcache/Python/3.12.14/x64
invalidation-liveness	UNKNOWN STEP	2026-08-30T06:40:01.7192582Z   Python2_ROOT_DIR: /opt/hostedtoolcache/Python/3.12.14/x64
invalidation-liveness	UNKNOWN STEP	2026-08-30T06:40:01.7193558Z   Python3_ROOT_DIR: /opt/hostedtoolcache/Python/3.12.14/x64
invalidation-liveness	UNKNOWN STEP	2026-08-30T06:40:01.7194493Z   LD_LIBRARY_PATH: /opt/hostedtoolcache/Python/3.12.14/x64/lib
invalidation-liveness	UNKNOWN STEP	2026-08-30T06:40:01.7195322Z ##[endgroup]
invalidation-liveness	UNKNOWN STEP	2026-08-30T06:40:02.4343391Z Obtaining file:///home/runner/work/vac-protocol/vac-protocol
invalidation-liveness	UNKNOWN STEP	2026-08-30T06:40:02.4359411Z   Installing build dependencies: started
invalidation-liveness	UNKNOWN STEP	2026-08-30T06:40:03.2128097Z   Installing build dependencies: finished with status 'done'
invalidation-liveness	UNKNOWN STEP	2026-08-30T06:40:03.2135333Z   Checking if build backend supports build_editable: started
invalidation-liveness	UNKNOWN STEP	2026-08-30T06:40:03.5374957Z   Checking if build backend supports build_editable: finished with status 'done'
invalidation-liveness	UNKNOWN STEP	2026-08-30T06:40:03.5384830Z   Getting requirements to build editable: started
invalidation-liveness	UNKNOWN STEP	2026-08-30T06:40:03.8894352Z   Getting requirements to build editable: finished with status 'done'
invalidation-liveness	UNKNOWN STEP	2026-08-30T06:40:03.8904958Z   Preparing editable metadata (pyproject.toml): started
invalidation-liveness	UNKNOWN STEP	2026-08-30T06:40:04.0938362Z   Preparing editable metadata (pyproject.toml): finished with status 'done'
invalidation-liveness	UNKNOWN STEP	2026-08-30T06:40:04.0976542Z Building wheels for collected packages: vac-protocol
invalidation-liveness	UNKNOWN STEP	2026-08-30T06:40:04.0984394Z   Building editable for vac-protocol (pyproject.toml): started
invalidation-liveness	UNKNOWN STEP	2026-08-30T06:40:04.3180466Z   Building editable for vac-protocol (pyproject.toml): finished with status 'done'
invalidation-liveness	UNKNOWN STEP	2026-08-30T06:40:04.3187720Z   Created wheel for vac-protocol: filename=vac_protocol-0.1.0-0.editable-py3-none-any.whl size=8850 sha256=eff100c6462346502f1af5ba4a2a402ac5976d3117a4d2c5b7be08783128e09c
invalidation-liveness	UNKNOWN STEP	2026-08-30T06:40:04.3189945Z   Stored in directory: /tmp/pip-ephem-wheel-cache-2ov9mnzl/wheels/31/93/c0/4effb33ea68d4321a176d9cb097b94ea8b1be9d534ea861dec
invalidation-liveness	UNKNOWN STEP	2026-08-30T06:40:04.3215807Z Successfully built vac-protocol
invalidation-liveness	UNKNOWN STEP	2026-08-30T06:40:04.3349931Z Installing collected packages: vac-protocol
invalidation-liveness	UNKNOWN STEP	2026-08-30T06:40:04.3436051Z Successfully installed vac-protocol-0.1.0
invalidation-liveness	UNKNOWN STEP	2026-08-30T06:40:04.4074050Z ##[group]Run python -m vac.verify fixtures/valid
invalidation-liveness	UNKNOWN STEP	2026-08-30T06:40:04.4074502Z ^[[36;1mpython -m vac.verify fixtures/valid^[[0m
invalidation-liveness	UNKNOWN STEP	2026-08-30T06:40:04.4117963Z shell: /usr/bin/bash -e {0}
invalidation-liveness	UNKNOWN STEP	2026-08-30T06:40:04.4118239Z env:
invalidation-liveness	UNKNOWN STEP	2026-08-30T06:40:04.4118531Z   pythonLocation: /opt/hostedtoolcache/Python/3.12.14/x64
invalidation-liveness	UNKNOWN STEP	2026-08-30T06:40:04.4118992Z   PKG_CONFIG_PATH: /opt/hostedtoolcache/Python/3.12.14/x64/lib/pkgconfig
invalidation-liveness	UNKNOWN STEP	2026-08-30T06:40:04.4119429Z   Python_ROOT_DIR: /opt/hostedtoolcache/Python/3.12.14/x64
invalidation-liveness	UNKNOWN STEP	2026-08-30T06:40:04.4120050Z   Python2_ROOT_DIR: /opt/hostedtoolcache/Python/3.12.14/x64
invalidation-liveness	UNKNOWN STEP	2026-08-30T06:40:04.4120445Z   Python3_ROOT_DIR: /opt/hostedtoolcache/Python/3.12.14/x64
invalidation-liveness	UNKNOWN STEP	2026-08-30T06:40:04.4120829Z   LD_LIBRARY_PATH: /opt/hostedtoolcache/Python/3.12.14/x64/lib
invalidation-liveness	UNKNOWN STEP	2026-08-30T06:40:04.4121159Z ##[endgroup]
invalidation-liveness	UNKNOWN STEP	2026-08-30T06:40:04.4846971Z structural verification: PASS (valid)
invalidation-liveness	UNKNOWN STEP	2026-08-30T06:40:04.4847721Z   proved offline: manifest schema, artifact presence + sha256, bundle closure,
invalidation-liveness	UNKNOWN STEP	2026-08-30T06:40:04.4848713Z   stated limitations, stamp agreement, declared results recomputed from artifacts.
invalidation-liveness	UNKNOWN STEP	2026-08-30T06:40:04.4849700Z semantic replay: NOT run by this tool. A structural PASS means the bundle is
invalidation-liveness	UNKNOWN STEP	2026-08-30T06:40:04.4850499Z   internally honest, not that the issuer's grader agrees. To re-earn the
invalidation-liveness	UNKNOWN STEP	2026-08-30T06:40:04.4851200Z   verdicts, run the bundle's replay block at the pinned issuer_commit:
invalidation-liveness	UNKNOWN STEP	2026-08-30T06:40:04.4852344Z     $ git clone https://github.com/example/toy-issuer issuer
invalidation-liveness	UNKNOWN STEP	2026-08-30T06:40:04.4852886Z     $ git -C issuer checkout f1e2d3c
invalidation-liveness	UNKNOWN STEP	2026-08-30T06:40:04.4853308Z     $ python -m pip install -e ./issuer
invalidation-liveness	UNKNOWN STEP	2026-08-30T06:40:04.4853844Z     $ python -m toy_issuer.regrade evidence/bundle.json
invalidation-liveness	UNKNOWN STEP	2026-08-30T06:40:04.4854456Z     $ python issuer/audit/run_audit.py --check evidence/results.json
invalidation-liveness	UNKNOWN STEP	2026-08-30T06:40:04.4855216Z     $ python -m toy_issuer.mutrun --check evidence/evalmut_run.json
invalidation-liveness	UNKNOWN STEP	2026-08-30T06:40:04.4855932Z     $ python -m toy_issuer.crashrun --check evidence/eval_run.json
invalidation-liveness	UNKNOWN STEP	2026-08-30T06:40:04.4856668Z     $ python -m toy_issuer.driftboard --check evidence/standings.json
invalidation-liveness	UNKNOWN STEP	2026-08-30T06:40:04.4858632Z     expected: regrade exits 0 reporting 'consistent'; audit, mutrun, crashrun, and driftboard reproduce results.json, evalmut_run.json, eval_run.json, and the drift board artifacts byte-identically at the stamped commit (mutrun exits 1 by design: the toy suite has holes)
invalidation-liveness	UNKNOWN STEP	2026-08-30T06:40:04.4952127Z ##[group]Run set -e
invalidation-liveness	UNKNOWN STEP	2026-08-30T06:40:04.4952442Z ^[[36;1mset -e^[[0m
invalidation-liveness	UNKNOWN STEP	2026-08-30T06:40:04.4952702Z ^[[36;1mfor d in fixtures/tamper-*; do^[[0m
invalidation-liveness	UNKNOWN STEP	2026-08-30T06:40:04.4953025Z ^[[36;1m  if python -m vac.verify "$d"; then^[[0m
invalidation-liveness	UNKNOWN STEP	2026-08-30T06:40:04.4953464Z ^[[36;1m    echo "LIVENESS FAILURE: $d verified clean — the gate cannot block"^[[0m
invalidation-liveness	UNKNOWN STEP	2026-08-30T06:40:04.4953857Z ^[[36;1m    exit 1^[[0m
invalidation-liveness	UNKNOWN STEP	2026-08-30T06:40:04.4954078Z ^[[36;1m  fi^[[0m
invalidation-liveness	UNKNOWN STEP	2026-08-30T06:40:04.4954279Z ^[[36;1mdone^[[0m
invalidation-liveness	UNKNOWN STEP	2026-08-30T06:40:04.4996962Z shell: /usr/bin/bash -e {0}
invalidation-liveness	UNKNOWN STEP	2026-08-30T06:40:04.4997238Z env:
invalidation-liveness	UNKNOWN STEP	2026-08-30T06:40:04.4997529Z   pythonLocation: /opt/hostedtoolcache/Python/3.12.14/x64
invalidation-liveness	UNKNOWN STEP	2026-08-30T06:40:04.4997986Z   PKG_CONFIG_PATH: /opt/hostedtoolcache/Python/3.12.14/x64/lib/pkgconfig
invalidation-liveness	UNKNOWN STEP	2026-08-30T06:40:04.4998424Z   Python_ROOT_DIR: /opt/hostedtoolcache/Python/3.12.14/x64
invalidation-liveness	UNKNOWN STEP	2026-08-30T06:40:04.4998806Z   Python2_ROOT_DIR: /opt/hostedtoolcache/Python/3.12.14/x64
invalidation-liveness	UNKNOWN STEP	2026-08-30T06:40:04.4999243Z   Python3_ROOT_DIR: /opt/hostedtoolcache/Python/3.12.14/x64
invalidation-liveness	UNKNOWN STEP	2026-08-30T06:40:04.4999628Z   LD_LIBRARY_PATH: /opt/hostedtoolcache/Python/3.12.14/x64/lib
invalidation-liveness	UNKNOWN STEP	2026-08-30T06:40:04.4999976Z ##[endgroup]
invalidation-liveness	UNKNOWN STEP	2026-08-30T06:40:04.5472948Z FAIL evidence-unchecked: evidence/bundle.json: listed in evidence but read by no check
invalidation-liveness	UNKNOWN STEP	2026-08-30T06:40:04.5473936Z structural verification: FAIL — 1 named reason(s) (tamper-check-deleted)
invalidation-liveness	UNKNOWN STEP	2026-08-30T06:40:04.5474521Z   proved offline: manifest schema, artifact presence + sha256, bundle closure,
invalidation-liveness	UNKNOWN STEP	2026-08-30T06:40:04.5475072Z   stated limitations, stamp agreement, declared results recomputed from artifacts.
invalidation-liveness	UNKNOWN STEP	2026-08-30T06:40:04.5475603Z semantic replay: NOT run by this tool. A structural PASS means the bundle is
invalidation-liveness	UNKNOWN STEP	2026-08-30T06:40:04.5476109Z   internally honest, not that the issuer's grader agrees. To re-earn the
invalidation-liveness	UNKNOWN STEP	2026-08-30T06:40:04.5476592Z   verdicts, run the bundle's replay block at the pinned issuer_commit:
invalidation-liveness	UNKNOWN STEP	2026-08-30T06:40:04.5477077Z     $ git clone https://github.com/example/toy-issuer issuer
invalidation-liveness	UNKNOWN STEP	2026-08-30T06:40:04.5477512Z     $ git -C issuer checkout f1e2d3c
invalidation-liveness	UNKNOWN STEP	2026-08-30T06:40:04.5477812Z     $ python -m pip install -e ./issuer
invalidation-liveness	UNKNOWN STEP	2026-08-30T06:40:04.5478476Z     $ python -m toy_issuer.regrade evidence/bundle.json
invalidation-liveness	UNKNOWN STEP	2026-08-30T06:40:04.5478872Z     $ python issuer/audit/run_audit.py --check evidence/results.json
invalidation-liveness	UNKNOWN STEP	2026-08-30T06:40:04.5479329Z     $ python -m toy_issuer.mutrun --check evidence/evalmut_run.json
invalidation-liveness	UNKNOWN STEP	2026-08-30T06:40:04.5479746Z     $ python -m toy_issuer.crashrun --check evidence/eval_run.json
invalidation-liveness	UNKNOWN STEP	2026-08-30T06:40:04.5480163Z     $ python -m toy_issuer.driftboard --check evidence/standings.json
invalidation-liveness	UNKNOWN STEP	2026-08-30T06:40:04.5481260Z     expected: regrade exits 0 reporting 'consistent'; audit, mutrun, crashrun, and driftboard reproduce results.json, evalmut_run.json, eval_run.json, and the drift board artifacts byte-identically at the stamped commit (mutrun exits 1 by design: the toy suite has holes)
invalidation-liveness	UNKNOWN STEP	2026-08-30T06:40:04.5939145Z FAIL raw-aggregate-mismatch: evidence/eval_run.json: case 2 flagged flag contradicts its own passed/truncated pair
invalidation-liveness	UNKNOWN STEP	2026-08-30T06:40:04.5940304Z FAIL raw-aggregate-mismatch: evidence/eval_run.json: metrics.faithfulness declared 0.5, recomputed 0.75
invalidation-liveness	UNKNOWN STEP	2026-08-30T06:40:04.5941037Z FAIL raw-aggregate-mismatch: evidence/eval_run.json: metrics.precision@k declared 0.5, recomputed 0.75
invalidation-liveness	UNKNOWN STEP	2026-08-30T06:40:04.5941972Z FAIL raw-aggregate-mismatch: evidence/eval_run.json: metrics.recall@k declared 0.5, recomputed 0.75
invalidation-liveness	UNKNOWN STEP	2026-08-30T06:40:04.5942677Z FAIL raw-aggregate-mismatch: evidence/eval_run.json: metrics.citation_rate declared 0.5, recomputed 0.75
invalidation-liveness	UNKNOWN STEP	2026-08-30T06:40:04.5943409Z FAIL raw-aggregate-mismatch: evidence/eval_run.json: metrics.vulnerability_score declared 0.4545, recomputed 0.0909
invalidation-liveness	UNKNOWN STEP	2026-08-30T06:40:04.5944180Z FAIL raw-aggregate-mismatch: evidence/eval_run.json: per_kind['prompt-injection'] declared 0.5, recomputed 1.0
invalidation-liveness	UNKNOWN STEP	2026-08-30T06:40:04.5944799Z FAIL summary-mismatch: accuracy: declared 0.5, recomputed 0.75
invalidation-liveness	UNKNOWN STEP	2026-08-30T06:40:04.5945285Z FAIL summary-mismatch: vulnerability_score: declared 0.4545, recomputed 0.0909
invalidation-liveness	UNKNOWN STEP	2026-08-30T06:40:04.5946256Z FAIL summary-outruns-checks: summary.crash_vulnerability: declares 0.4545, no check recomputes it
invalidation-liveness	UNKNOWN STEP	2026-08-30T06:40:04.5947145Z structural verification: FAIL — 10 named reason(s) (tamper-crashkit-case)
invalidation-liveness	UNKNOWN STEP	2026-08-30T06:40:04.5947667Z   proved offline: manifest schema, artifact presence + sha256, bundle closure,
invalidation-liveness	UNKNOWN STEP	2026-08-30T06:40:04.5948196Z   stated limitations, stamp agreement, declared results recomputed from artifacts.
invalidation-liveness	UNKNOWN STEP	2026-08-30T06:40:04.5948735Z semantic replay: NOT run by this tool. A structural PASS means the bundle is
invalidation-liveness	UNKNOWN STEP	2026-08-30T06:40:04.5949221Z   internally honest, not that the issuer's grader agrees. To re-earn the
invalidation-liveness	UNKNOWN STEP	2026-08-30T06:40:04.5949684Z   verdicts, run the bundle's replay block at the pinned issuer_commit:
invalidation-liveness	UNKNOWN STEP	2026-08-30T06:40:04.5950156Z     $ git clone https://github.com/example/toy-issuer issuer
invalidation-liveness	UNKNOWN STEP	2026-08-30T06:40:04.5950558Z     $ git -C issuer checkout f1e2d3c
invalidation-liveness	UNKNOWN STEP	2026-08-30T06:40:04.5950930Z     $ python -m pip install -e ./issuer
invalidation-liveness	UNKNOWN STEP	2026-08-30T06:40:04.5951283Z     $ python -m toy_issuer.regrade evidence/bundle.json
invalidation-liveness	UNKNOWN STEP	2026-08-30T06:40:04.5951794Z     $ python issuer/audit/run_audit.py --check evidence/results.json
invalidation-liveness	UNKNOWN STEP	2026-08-30T06:40:04.5952249Z     $ python -m toy_issuer.mutrun --check evidence/evalmut_run.json
invalidation-liveness	UNKNOWN STEP	2026-08-30T06:40:04.5952666Z     $ python -m toy_issuer.crashrun --check evidence/eval_run.json
invalidation-liveness	UNKNOWN STEP	2026-08-30T06:40:04.5953091Z     $ python -m toy_issuer.driftboard --check evidence/standings.json
invalidation-liveness	UNKNOWN STEP	2026-08-30T06:40:04.5954186Z     expected: regrade exits 0 reporting 'consistent'; audit, mutrun, crashrun, and driftboard reproduce results.json, evalmut_run.json, eval_run.json, and the drift board artifacts byte-identically at the stamped commit (mutrun exits 1 by design: the toy suite has holes)
invalidation-liveness	UNKNOWN STEP	2026-08-30T06:40:04.6394847Z FAIL raw-aggregate-mismatch: evidence/eval_run.json: metrics.vulnerability_score declared 0.0909, recomputed 0.4545
invalidation-liveness	UNKNOWN STEP	2026-08-30T06:40:04.6395902Z structural verification: FAIL — 1 named reason(s) (tamper-crashkit-metrics)
invalidation-liveness	UNKNOWN STEP	2026-08-30T06:40:04.6396543Z   proved offline: manifest schema, artifact presence + sha256, bundle closure,
invalidation-liveness	UNKNOWN STEP	2026-08-30T06:40:04.6397084Z   stated limitations, stamp agreement, declared results recomputed from artifacts.
invalidation-liveness	UNKNOWN STEP	2026-08-30T06:40:04.6397961Z semantic replay: NOT run by this tool. A structural PASS means the bundle is
invalidation-liveness	UNKNOWN STEP	2026-08-30T06:40:04.6398474Z   internally honest, not that the issuer's grader agrees. To re-earn the
invalidation-liveness	UNKNOWN STEP	2026-08-30T06:40:04.6398962Z   verdicts, run the bundle's replay block at the pinned issuer_commit:
invalidation-liveness	UNKNOWN STEP	2026-08-30T06:40:04.6399431Z     $ git clone https://github.com/example/toy-issuer issuer
invalidation-liveness	UNKNOWN STEP	2026-08-30T06:40:04.6399788Z     $ git -C issuer checkout f1e2d3c
invalidation-liveness	UNKNOWN STEP	2026-08-30T06:40:04.6400077Z     $ python -m pip install -e ./issuer
invalidation-liveness	UNKNOWN STEP	2026-08-30T06:40:04.6400408Z     $ python -m toy_issuer.regrade evidence/bundle.json
invalidation-liveness	UNKNOWN STEP	2026-08-30T06:40:04.6400817Z     $ python issuer/audit/run_audit.py --check evidence/results.json
invalidation-liveness	UNKNOWN STEP	2026-08-30T06:40:04.6401337Z     $ python -m toy_issuer.mutrun --check evidence/evalmut_run.json
invalidation-liveness	UNKNOWN STEP	2026-08-30T06:40:04.6402074Z     $ python -m toy_issuer.crashrun --check evidence/eval_run.json
invalidation-liveness	UNKNOWN STEP	2026-08-30T06:40:04.6402760Z     $ python -m toy_issuer.driftboard --check evidence/standings.json
invalidation-liveness	UNKNOWN STEP	2026-08-30T06:40:04.6404646Z     expected: regrade exits 0 reporting 'consistent'; audit, mutrun, crashrun, and driftboard reproduce results.json, evalmut_run.json, eval_run.json, and the drift board artifacts byte-identically at the stamped commit (mutrun exits 1 by design: the toy suite has holes)
invalidation-liveness	UNKNOWN STEP	2026-08-30T06:40:04.6862335Z FAIL artifact-unparsable: evidence/eval_run.json: severity 'Critical', 'Med' outside the profile's frozen table (none/low/med/high/critical)
invalidation-liveness	UNKNOWN STEP	2026-08-30T06:40:04.6863499Z structural verification: FAIL — 1 named reason(s) (tamper-crashkit-severity)
invalidation-liveness	UNKNOWN STEP	2026-08-30T06:40:04.6864071Z   proved offline: manifest schema, artifact presence + sha256, bundle closure,
invalidation-liveness	UNKNOWN STEP	2026-08-30T06:40:04.6864620Z   stated limitations, stamp agreement, declared results recomputed from artifacts.
invalidation-liveness	UNKNOWN STEP	2026-08-30T06:40:04.6865548Z semantic replay: NOT run by this tool. A structural PASS means the bundle is
invalidation-liveness	UNKNOWN STEP	2026-08-30T06:40:04.6866072Z   internally honest, not that the issuer's grader agrees. To re-earn the
invalidation-liveness	UNKNOWN STEP	2026-08-30T06:40:04.6866565Z   verdicts, run the bundle's replay block at the pinned issuer_commit:
invalidation-liveness	UNKNOWN STEP	2026-08-30T06:40:04.6867024Z     $ git clone https://github.com/example/toy-issuer issuer
invalidation-liveness	UNKNOWN STEP	2026-08-30T06:40:04.6867398Z     $ git -C issuer checkout f1e2d3c
invalidation-liveness	UNKNOWN STEP	2026-08-30T06:40:04.6867695Z     $ python -m pip install -e ./issuer
invalidation-liveness	UNKNOWN STEP	2026-08-30T06:40:04.6868024Z     $ python -m toy_issuer.regrade evidence/bundle.json
invalidation-liveness	UNKNOWN STEP	2026-08-30T06:40:04.6868419Z     $ python issuer/audit/run_audit.py --check evidence/results.json
invalidation-liveness	UNKNOWN STEP	2026-08-30T06:40:04.6868851Z     $ python -m toy_issuer.mutrun --check evidence/evalmut_run.json
invalidation-liveness	UNKNOWN STEP	2026-08-30T06:40:04.6869266Z     $ python -m toy_issuer.crashrun --check evidence/eval_run.json
invalidation-liveness	UNKNOWN STEP	2026-08-30T06:40:04.6869682Z     $ python -m toy_issuer.driftboard --check evidence/standings.json
invalidation-liveness	UNKNOWN STEP	2026-08-30T06:40:04.6870794Z     expected: regrade exits 0 reporting 'consistent'; audit, mutrun, crashrun, and driftboard reproduce results.json, evalmut_run.json, eval_run.json, and the drift board artifacts byte-identically at the stamped commit (mutrun exits 1 by design: the toy suite has holes)
invalidation-liveness	UNKNOWN STEP	2026-08-30T06:40:04.7302247Z FAIL draft-incomplete: claim.capability is an unauthored TODO
invalidation-liveness	UNKNOWN STEP	2026-08-30T06:40:04.7302802Z FAIL draft-incomplete: claim.limitations[0] is an unauthored TODO
invalidation-liveness	UNKNOWN STEP	2026-08-30T06:40:04.7303242Z FAIL draft-incomplete: claim.scope is an unauthored TODO
invalidation-liveness	UNKNOWN STEP	2026-08-30T06:40:04.7303678Z FAIL draft-incomplete: protocol.control_policy is an unauthored TODO
invalidation-liveness	UNKNOWN STEP	2026-08-30T06:40:04.7304133Z FAIL draft-incomplete: protocol.grading is an unauthored TODO
invalidation-liveness	UNKNOWN STEP	2026-08-30T06:40:04.7304565Z FAIL draft-incomplete: protocol.hashes.TODO is an unauthored TODO
invalidation-liveness	UNKNOWN STEP	2026-08-30T06:40:04.7304985Z FAIL draft-incomplete: protocol.task is an unauthored TODO
invalidation-liveness	UNKNOWN STEP	2026-08-30T06:40:04.7305413Z FAIL draft-incomplete: replay.commands[2] is an unauthored TODO
invalidation-liveness	UNKNOWN STEP	2026-08-30T06:40:04.7305858Z FAIL draft-incomplete: replay.commands[3] is an unauthored TODO
invalidation-liveness	UNKNOWN STEP	2026-08-30T06:40:04.7306268Z FAIL draft-incomplete: replay.expected is an unauthored TODO
invalidation-liveness	UNKNOWN STEP	2026-08-30T06:40:04.7306980Z FAIL draft-incomplete: results.checks[0].TODO is an unauthored TODO
invalidation-liveness	UNKNOWN STEP	2026-08-30T06:40:04.7307454Z FAIL draft-incomplete: results.checks[0].profile is an unauthored TODO
invalidation-liveness	UNKNOWN STEP	2026-08-30T06:40:04.7307912Z FAIL draft-incomplete: results.summary.TODO is an unauthored TODO
invalidation-liveness	UNKNOWN STEP	2026-08-30T06:40:04.7308316Z FAIL draft-incomplete: subject.id is an unauthored TODO
invalidation-liveness	UNKNOWN STEP	2026-08-30T06:40:04.7308699Z FAIL draft-incomplete: subject.kind is an unauthored TODO
invalidation-liveness	UNKNOWN STEP	2026-08-30T06:40:04.7309100Z FAIL draft-incomplete: subject.version.TODO is an unauthored TODO
invalidation-liveness	UNKNOWN STEP	2026-08-30T06:40:04.7309873Z structural verification: FAIL — 16 named reason(s) (tamper-draft-incomplete)
invalidation-liveness	UNKNOWN STEP	2026-08-30T06:40:04.7310436Z   proved offline: manifest schema, artifact presence + sha256, bundle closure,
invalidation-liveness	UNKNOWN STEP	2026-08-30T06:40:04.7310971Z   stated limitations, stamp agreement, declared results recomputed from artifacts.
invalidation-liveness	UNKNOWN STEP	2026-08-30T06:40:04.7311516Z semantic replay: NOT run by this tool. A structural PASS means the bundle is
invalidation-liveness	UNKNOWN STEP	2026-08-30T06:40:04.7312316Z   internally honest, not that the issuer's grader agrees. To re-earn the
invalidation-liveness	UNKNOWN STEP	2026-08-30T06:40:04.7312798Z   verdicts, run the bundle's replay block at the pinned issuer_commit:
invalidation-liveness	UNKNOWN STEP	2026-08-30T06:40:04.7313265Z     $ git clone https://github.com/example/toy-issuer issuer
invalidation-liveness	UNKNOWN STEP	2026-08-30T06:40:04.7313626Z     $ git -C issuer checkout f1e2d3c
invalidation-liveness	UNKNOWN STEP	2026-08-30T06:40:04.7314165Z     $ TODO(replay.commands): install, then run the issuer's deterministic regrader/audit over this bundle's artifacts
invalidation-liveness	UNKNOWN STEP	2026-08-30T06:40:04.7314933Z     $ TODO(replay.commands): byte-compare the regraded output against the committed artifacts; nonzero on any difference
invalidation-liveness	UNKNOWN STEP	2026-08-30T06:40:04.7315677Z     expected: TODO(replay.expected): the exact outcome — exit code and report text
invalidation-liveness	UNKNOWN STEP	2026-08-30T06:40:04.7757783Z FAIL empty-limitations
invalidation-liveness	UNKNOWN STEP	2026-08-30T06:40:04.7758656Z structural verification: FAIL — 1 named reason(s) (tamper-empty-limitations)
invalidation-liveness	UNKNOWN STEP	2026-08-30T06:40:04.7759630Z   proved offline: manifest schema, artifact presence + sha256, bundle closure,
invalidation-liveness	UNKNOWN STEP	2026-08-30T06:40:04.7760191Z   stated limitations, stamp agreement, declared results recomputed from artifacts.
invalidation-liveness	UNKNOWN STEP	2026-08-30T06:40:04.7760737Z semantic replay: NOT run by this tool. A structural PASS means the bundle is
invalidation-liveness	UNKNOWN STEP	2026-08-30T06:40:04.7761230Z   internally honest, not that the issuer's grader agrees. To re-earn the
invalidation-liveness	UNKNOWN STEP	2026-08-30T06:40:04.7761930Z   verdicts, run the bundle's replay block at the pinned issuer_commit:
invalidation-liveness	UNKNOWN STEP	2026-08-30T06:40:04.7762437Z     $ git clone https://github.com/example/toy-issuer issuer
invalidation-liveness	UNKNOWN STEP	2026-08-30T06:40:04.7762816Z     $ git -C issuer checkout f1e2d3c
invalidation-liveness	UNKNOWN STEP	2026-08-30T06:40:04.7763115Z     $ python -m pip install -e ./issuer
invalidation-liveness	UNKNOWN STEP	2026-08-30T06:40:04.7763450Z     $ python -m toy_issuer.regrade evidence/bundle.json
invalidation-liveness	UNKNOWN STEP	2026-08-30T06:40:04.7763848Z     $ python issuer/audit/run_audit.py --check evidence/results.json
invalidation-liveness	UNKNOWN STEP	2026-08-30T06:40:04.7764282Z     $ python -m toy_issuer.mutrun --check evidence/evalmut_run.json
invalidation-liveness	UNKNOWN STEP	2026-08-30T06:40:04.7764714Z     $ python -m toy_issuer.crashrun --check evidence/eval_run.json
invalidation-liveness	UNKNOWN STEP	2026-08-30T06:40:04.7765195Z     $ python -m toy_issuer.driftboard --check evidence/standings.json
invalidation-liveness	UNKNOWN STEP	2026-08-30T06:40:04.7766344Z     expected: regrade exits 0 reporting 'consistent'; audit, mutrun, crashrun, and driftboard reproduce results.json, evalmut_run.json, eval_run.json, and the drift board artifacts byte-identically at the stamped commit (mutrun exits 1 by design: the toy suite has holes)
invalidation-liveness	UNKNOWN STEP	2026-08-30T06:40:04.8220640Z FAIL artifact-unparsable: evidence/evalmut_run.json: applied == 0, so this run has no score. A payload that applied no mutation has measured nothing; it does not score 1.0 by default
invalidation-liveness	UNKNOWN STEP	2026-08-30T06:40:04.8222701Z structural verification: FAIL — 1 named reason(s) (tamper-evalmut-all-error)
invalidation-liveness	UNKNOWN STEP	2026-08-30T06:40:04.8223526Z   proved offline: manifest schema, artifact presence + sha256, bundle closure,
invalidation-liveness	UNKNOWN STEP	2026-08-30T06:40:04.8224330Z   stated limitations, stamp agreement, declared results recomputed from artifacts.
invalidation-liveness	UNKNOWN STEP	2026-08-30T06:40:04.8225157Z semantic replay: NOT run by this tool. A structural PASS means the bundle is
invalidation-liveness	UNKNOWN STEP	2026-08-30T06:40:04.8226281Z   internally honest, not that the issuer's grader agrees. To re-earn the
invalidation-liveness	UNKNOWN STEP	2026-08-30T06:40:04.8226993Z   verdicts, run the bundle's replay block at the pinned issuer_commit:
invalidation-liveness	UNKNOWN STEP	2026-08-30T06:40:04.8227684Z     $ git clone https://github.com/example/toy-issuer issuer
invalidation-liveness	UNKNOWN STEP	2026-08-30T06:40:04.8228270Z     $ git -C issuer checkout f1e2d3c
invalidation-liveness	UNKNOWN STEP	2026-08-30T06:40:04.8228740Z     $ python -m pip install -e ./issuer
invalidation-liveness	UNKNOWN STEP	2026-08-30T06:40:04.8229271Z     $ python -m toy_issuer.regrade evidence/bundle.json
invalidation-liveness	UNKNOWN STEP	2026-08-30T06:40:04.8229928Z     $ python issuer/audit/run_audit.py --check evidence/results.json
invalidation-liveness	UNKNOWN STEP	2026-08-30T06:40:04.8230650Z     $ python -m toy_issuer.mutrun --check evidence/evalmut_run.json
invalidation-liveness	UNKNOWN STEP	2026-08-30T06:40:04.8231347Z     $ python -m toy_issuer.crashrun --check evidence/eval_run.json
invalidation-liveness	UNKNOWN STEP	2026-08-30T06:40:04.8232222Z     $ python -m toy_issuer.driftboard --check evidence/standings.json
invalidation-liveness	UNKNOWN STEP	2026-08-30T06:40:04.8234067Z     expected: regrade exits 0 reporting 'consistent'; audit, mutrun, crashrun, and driftboard reproduce results.json, evalmut_run.json, eval_run.json, and the drift board artifacts byte-identically at the stamped commit (mutrun exits 1 by design: the toy suite has holes)
invalidation-liveness	UNKNOWN STEP	2026-08-30T06:40:04.8693523Z FAIL artifact-unparsable: evidence/evalmut_run.json: applied == 0, so this run has no score. A payload that applied no mutation has measured nothing; it does not score 1.0 by default
invalidation-liveness	UNKNOWN STEP	2026-08-30T06:40:04.8695380Z structural verification: FAIL — 1 named reason(s) (tamper-evalmut-empty-rows)
invalidation-liveness	UNKNOWN STEP	2026-08-30T06:40:04.8696218Z   proved offline: manifest schema, artifact presence + sha256, bundle closure,
invalidation-liveness	UNKNOWN STEP	2026-08-30T06:40:04.8697054Z   stated limitations, stamp agreement, declared results recomputed from artifacts.
invalidation-liveness	UNKNOWN STEP	2026-08-30T06:40:04.8697874Z semantic replay: NOT run by this tool. A structural PASS means the bundle is
invalidation-liveness	UNKNOWN STEP	2026-08-30T06:40:04.8698638Z   internally honest, not that the issuer's grader agrees. To re-earn the
invalidation-liveness	UNKNOWN STEP	2026-08-30T06:40:04.8699791Z   verdicts, run the bundle's replay block at the pinned issuer_commit:
invalidation-liveness	UNKNOWN STEP	2026-08-30T06:40:04.8700583Z     $ git clone https://github.com/example/toy-issuer issuer
invalidation-liveness	UNKNOWN STEP	2026-08-30T06:40:04.8701192Z     $ git -C issuer checkout f1e2d3c
invalidation-liveness	UNKNOWN STEP	2026-08-30T06:40:04.8701883Z     $ python -m pip install -e ./issuer
invalidation-liveness	UNKNOWN STEP	2026-08-30T06:40:04.8702425Z     $ python -m toy_issuer.regrade evidence/bundle.json
invalidation-liveness	UNKNOWN STEP	2026-08-30T06:40:04.8703090Z     $ python issuer/audit/run_audit.py --check evidence/results.json
invalidation-liveness	UNKNOWN STEP	2026-08-30T06:40:04.8703840Z     $ python -m toy_issuer.mutrun --check evidence/evalmut_run.json
invalidation-liveness	UNKNOWN STEP	2026-08-30T06:40:04.8704535Z     $ python -m toy_issuer.crashrun --check evidence/eval_run.json
invalidation-liveness	UNKNOWN STEP	2026-08-30T06:40:04.8705239Z     $ python -m toy_issuer.driftboard --check evidence/standings.json
invalidation-liveness	UNKNOWN STEP	2026-08-30T06:40:04.8707004Z     expected: regrade exits 0 reporting 'consistent'; audit, mutrun, crashrun, and driftboard reproduce results.json, evalmut_run.json, eval_run.json, and the drift board artifacts byte-identically at the stamped commit (mutrun exits 1 by design: the toy suite has holes)
invalidation-liveness	UNKNOWN STEP	2026-08-30T06:40:04.9157000Z FAIL raw-aggregate-mismatch: evidence/evalmut_run.json: tally.caught declared 4, recomputed 5
invalidation-liveness	UNKNOWN STEP	2026-08-30T06:40:04.9158295Z FAIL raw-aggregate-mismatch: evidence/evalmut_run.json: tally.missed declared 2, recomputed 1
invalidation-liveness	UNKNOWN STEP	2026-08-30T06:40:04.9159453Z FAIL raw-aggregate-mismatch: evidence/evalmut_run.json: score declared 0.5714285714285714, recomputed 0.7142857142857143
invalidation-liveness	UNKNOWN STEP	2026-08-30T06:40:04.9160800Z FAIL raw-aggregate-mismatch: evidence/evalmut_run.json: holes.blind does not recompute from the rows (declared 1, recomputed 0)
invalidation-liveness	UNKNOWN STEP	2026-08-30T06:40:04.9162106Z FAIL summary-mismatch: blind: declared 1, recomputed 0
invalidation-liveness	UNKNOWN STEP	2026-08-30T06:40:04.9162755Z FAIL summary-mismatch: caught: declared 4, recomputed 5
invalidation-liveness	UNKNOWN STEP	2026-08-30T06:40:04.9163384Z FAIL summary-mismatch: missed: declared 2, recomputed 1
invalidation-liveness	UNKNOWN STEP	2026-08-30T06:40:04.9164067Z FAIL summary-mismatch: score_3: declared 0.571, recomputed 0.714
invalidation-liveness	UNKNOWN STEP	2026-08-30T06:40:04.9165003Z FAIL summary-outruns-checks: summary.mutation_score_3: declares 0.571, no check recomputes it
invalidation-liveness	UNKNOWN STEP	2026-08-30T06:40:04.9166320Z structural verification: FAIL — 9 named reason(s) (tamper-evalmut-rows)
invalidation-liveness	UNKNOWN STEP	2026-08-30T06:40:04.9167552Z   proved offline: manifest schema, artifact presence + sha256, bundle closure,
invalidation-liveness	UNKNOWN STEP	2026-08-30T06:40:04.9168401Z   stated limitations, stamp agreement, declared results recomputed from artifacts.
invalidation-liveness	UNKNOWN STEP	2026-08-30T06:40:04.9169206Z semantic replay: NOT run by this tool. A structural PASS means the bundle is
invalidation-liveness	UNKNOWN STEP	2026-08-30T06:40:04.9170019Z   internally honest, not that the issuer's grader agrees. To re-earn the
invalidation-liveness	UNKNOWN STEP	2026-08-30T06:40:04.9170820Z   verdicts, run the bundle's replay block at the pinned issuer_commit:
invalidation-liveness	UNKNOWN STEP	2026-08-30T06:40:04.9171597Z     $ git clone https://github.com/example/toy-issuer issuer
invalidation-liveness	UNKNOWN STEP	2026-08-30T06:40:04.9172403Z     $ git -C issuer checkout f1e2d3c
invalidation-liveness	UNKNOWN STEP	2026-08-30T06:40:04.9172878Z     $ python -m pip install -e ./issuer
invalidation-liveness	UNKNOWN STEP	2026-08-30T06:40:04.9173423Z     $ python -m toy_issuer.regrade evidence/bundle.json
invalidation-liveness	UNKNOWN STEP	2026-08-30T06:40:04.9174146Z     $ python issuer/audit/run_audit.py --check evidence/results.json
invalidation-liveness	UNKNOWN STEP	2026-08-30T06:40:04.9174901Z     $ python -m toy_issuer.mutrun --check evidence/evalmut_run.json
invalidation-liveness	UNKNOWN STEP	2026-08-30T06:40:04.9175585Z     $ python -m toy_issuer.crashrun --check evidence/eval_run.json
invalidation-liveness	UNKNOWN STEP	2026-08-30T06:40:04.9176322Z     $ python -m toy_issuer.driftboard --check evidence/standings.json
invalidation-liveness	UNKNOWN STEP	2026-08-30T06:40:04.9178115Z     expected: regrade exits 0 reporting 'consistent'; audit, mutrun, crashrun, and driftboard reproduce results.json, evalmut_run.json, eval_run.json, and the drift board artifacts byte-identically at the stamped commit (mutrun exits 1 by design: the toy suite has holes)
invalidation-liveness	UNKNOWN STEP	2026-08-30T06:40:04.9620530Z FAIL raw-aggregate-mismatch: evidence/evalmut_run.json: tally.caught declared 5, recomputed 4
invalidation-liveness	UNKNOWN STEP	2026-08-30T06:40:04.9622312Z structural verification: FAIL — 1 named reason(s) (tamper-evalmut-summary)
invalidation-liveness	UNKNOWN STEP	2026-08-30T06:40:04.9623285Z   proved offline: manifest schema, artifact presence + sha256, bundle closure,
invalidation-liveness	UNKNOWN STEP	2026-08-30T06:40:04.9624658Z   stated limitations, stamp agreement, declared results recomputed from artifacts.
invalidation-liveness	UNKNOWN STEP	2026-08-30T06:40:04.9625690Z semantic replay: NOT run by this tool. A structural PASS means the bundle is
invalidation-liveness	UNKNOWN STEP	2026-08-30T06:40:04.9626541Z   internally honest, not that the issuer's grader agrees. To re-earn the
invalidation-liveness	UNKNOWN STEP	2026-08-30T06:40:04.9627333Z   verdicts, run the bundle's replay block at the pinned issuer_commit:
invalidation-liveness	UNKNOWN STEP	2026-08-30T06:40:04.9628071Z     $ git clone https://github.com/example/toy-issuer issuer
invalidation-liveness	UNKNOWN STEP	2026-08-30T06:40:04.9628637Z     $ git -C issuer checkout f1e2d3c
invalidation-liveness	UNKNOWN STEP	2026-08-30T06:40:04.9629086Z     $ python -m pip install -e ./issuer
invalidation-liveness	UNKNOWN STEP	2026-08-30T06:40:04.9629550Z     $ python -m toy_issuer.regrade evidence/bundle.json
invalidation-liveness	UNKNOWN STEP	2026-08-30T06:40:04.9630217Z     $ python issuer/audit/run_audit.py --check evidence/results.json
invalidation-liveness	UNKNOWN STEP	2026-08-30T06:40:04.9630938Z     $ python -m toy_issuer.mutrun --check evidence/evalmut_run.json
invalidation-liveness	UNKNOWN STEP	2026-08-30T06:40:04.9631822Z     $ python -m toy_issuer.crashrun --check evidence/eval_run.json
invalidation-liveness	UNKNOWN STEP	2026-08-30T06:40:04.9632574Z     $ python -m toy_issuer.driftboard --check evidence/standings.json
invalidation-liveness	UNKNOWN STEP	2026-08-30T06:40:04.9634556Z     expected: regrade exits 0 reporting 'consistent'; audit, mutrun, crashrun, and driftboard reproduce results.json, evalmut_run.json, eval_run.json, and the drift board artifacts byte-identically at the stamped commit (mutrun exits 1 by design: the toy suite has holes)
invalidation-liveness	UNKNOWN STEP	2026-08-30T06:40:05.0077090Z FAIL missing-artifact: evidence/bundle.json
invalidation-liveness	UNKNOWN STEP	2026-08-30T06:40:05.0078284Z structural verification: FAIL — 1 named reason(s) (tamper-missing-artifact)
invalidation-liveness	UNKNOWN STEP	2026-08-30T06:40:05.0079138Z   proved offline: manifest schema, artifact presence + sha256, bundle closure,
invalidation-liveness	UNKNOWN STEP	2026-08-30T06:40:05.0079987Z   stated limitations, stamp agreement, declared results recomputed from artifacts.
invalidation-liveness	UNKNOWN STEP	2026-08-30T06:40:05.0080783Z semantic replay: NOT run by this tool. A structural PASS means the bundle is
invalidation-liveness	UNKNOWN STEP	2026-08-30T06:40:05.0081554Z   internally honest, not that the issuer's grader agrees. To re-earn the
invalidation-liveness	UNKNOWN STEP	2026-08-30T06:40:05.0082495Z   verdicts, run the bundle's replay block at the pinned issuer_commit:
invalidation-liveness	UNKNOWN STEP	2026-08-30T06:40:05.0083175Z     $ git clone https://github.com/example/toy-issuer issuer
invalidation-liveness	UNKNOWN STEP	2026-08-30T06:40:05.0084129Z     $ git -C issuer checkout f1e2d3c
invalidation-liveness	UNKNOWN STEP	2026-08-30T06:40:05.0084589Z     $ python -m pip install -e ./issuer
invalidation-liveness	UNKNOWN STEP	2026-08-30T06:40:05.0085117Z     $ python -m toy_issuer.regrade evidence/bundle.json
invalidation-liveness	UNKNOWN STEP	2026-08-30T06:40:05.0085782Z     $ python issuer/audit/run_audit.py --check evidence/results.json
invalidation-liveness	UNKNOWN STEP	2026-08-30T06:40:05.0086520Z     $ python -m toy_issuer.mutrun --check evidence/evalmut_run.json
invalidation-liveness	UNKNOWN STEP	2026-08-30T06:40:05.0087223Z     $ python -m toy_issuer.crashrun --check evidence/eval_run.json
invalidation-liveness	UNKNOWN STEP	2026-08-30T06:40:05.0087958Z     $ python -m toy_issuer.driftboard --check evidence/standings.json
invalidation-liveness	UNKNOWN STEP	2026-08-30T06:40:05.0089839Z     expected: regrade exits 0 reporting 'consistent'; audit, mutrun, crashrun, and driftboard reproduce results.json, evalmut_run.json, eval_run.json, and the drift board artifacts byte-identically at the stamped commit (mutrun exits 1 by design: the toy suite has holes)
invalidation-liveness	UNKNOWN STEP	2026-08-30T06:40:05.0555870Z FAIL missing-issuer-commit
invalidation-liveness	UNKNOWN STEP	2026-08-30T06:40:05.0556992Z structural verification: FAIL — 1 named reason(s) (tamper-missing-issuer-commit)
invalidation-liveness	UNKNOWN STEP	2026-08-30T06:40:05.0557882Z   proved offline: manifest schema, artifact presence + sha256, bundle closure,
invalidation-liveness	UNKNOWN STEP	2026-08-30T06:40:05.0558695Z   stated limitations, stamp agreement, declared results recomputed from artifacts.
invalidation-liveness	UNKNOWN STEP	2026-08-30T06:40:05.0559499Z semantic replay: NOT run by this tool. A structural PASS means the bundle is
invalidation-liveness	UNKNOWN STEP	2026-08-30T06:40:05.0560248Z   internally honest, not that the issuer's grader agrees. To re-earn the
invalidation-liveness	UNKNOWN STEP	2026-08-30T06:40:05.0560958Z   verdicts, run the bundle's replay block at the pinned issuer_commit:
invalidation-liveness	UNKNOWN STEP	2026-08-30T06:40:05.0561813Z     $ git clone https://github.com/example/toy-issuer issuer
invalidation-liveness	UNKNOWN STEP	2026-08-30T06:40:05.0562340Z     $ git -C issuer checkout f1e2d3c
invalidation-liveness	UNKNOWN STEP	2026-08-30T06:40:05.0562783Z     $ python -m pip install -e ./issuer
invalidation-liveness	UNKNOWN STEP	2026-08-30T06:40:05.0563722Z     $ python -m toy_issuer.regrade evidence/bundle.json
invalidation-liveness	UNKNOWN STEP	2026-08-30T06:40:05.0564397Z     $ python issuer/audit/run_audit.py --check evidence/results.json
invalidation-liveness	UNKNOWN STEP	2026-08-30T06:40:05.0565142Z     $ python -m toy_issuer.mutrun --check evidence/evalmut_run.json
invalidation-liveness	UNKNOWN STEP	2026-08-30T06:40:05.0565849Z     $ python -m toy_issuer.crashrun --check evidence/eval_run.json
invalidation-liveness	UNKNOWN STEP	2026-08-30T06:40:05.0566600Z     $ python -m toy_issuer.driftboard --check evidence/standings.json
invalidation-liveness	UNKNOWN STEP	2026-08-30T06:40:05.0568439Z     expected: regrade exits 0 reporting 'consistent'; audit, mutrun, crashrun, and driftboard reproduce results.json, evalmut_run.json, eval_run.json, and the drift board artifacts byte-identically at the stamped commit (mutrun exits 1 by design: the toy suite has holes)
invalidation-liveness	UNKNOWN STEP	2026-08-30T06:40:05.1028939Z FAIL raw-aggregate-mismatch: evidence/standings.json: alpha:a1: acc declared 0.5, recomputed 0.75
invalidation-liveness	UNKNOWN STEP	2026-08-30T06:40:05.1030182Z FAIL raw-aggregate-mismatch: evidence/standings.json: alpha:a1: delta declared -0.25, recomputed 0.0
invalidation-liveness	UNKNOWN STEP	2026-08-30T06:40:05.1031399Z FAIL raw-aggregate-mismatch: evidence/standings.json: alpha:a1: verdict declared 'regressed', recomputed 'unchanged'
invalidation-liveness	UNKNOWN STEP	2026-08-30T06:40:05.1032851Z FAIL raw-aggregate-mismatch: evidence/RESULTS.md: does not re-render byte-identically from the recomputed standings rows
invalidation-liveness	UNKNOWN STEP	2026-08-30T06:40:05.1033802Z FAIL summary-mismatch: regressed: declared 1, recomputed 0
invalidation-liveness	UNKNOWN STEP	2026-08-30T06:40:05.1034390Z FAIL summary-mismatch: unchanged: declared 1, recomputed 2
invalidation-liveness	UNKNOWN STEP	2026-08-30T06:40:05.1035137Z FAIL summary-outruns-checks: summary.drift.regressed: declares 1, recomputation gives 0
invalidation-liveness	UNKNOWN STEP	2026-08-30T06:40:05.1036386Z structural verification: FAIL — 7 named reason(s) (tamper-modeldrift-rows)
invalidation-liveness	UNKNOWN STEP	2026-08-30T06:40:05.1037294Z   proved offline: manifest schema, artifact presence + sha256, bundle closure,
invalidation-liveness	UNKNOWN STEP	2026-08-30T06:40:05.1038215Z   stated limitations, stamp agreement, declared results recomputed from artifacts.
invalidation-liveness	UNKNOWN STEP	2026-08-30T06:40:05.1039107Z semantic replay: NOT run by this tool. A structural PASS means the bundle is
invalidation-liveness	UNKNOWN STEP	2026-08-30T06:40:05.1039960Z   internally honest, not that the issuer's grader agrees. To re-earn the
invalidation-liveness	UNKNOWN STEP	2026-08-30T06:40:05.1040726Z   verdicts, run the bundle's replay block at the pinned issuer_commit:
invalidation-liveness	UNKNOWN STEP	2026-08-30T06:40:05.1042114Z     $ git clone https://github.com/example/toy-issuer issuer
invalidation-liveness	UNKNOWN STEP	2026-08-30T06:40:05.1042686Z     $ git -C issuer checkout f1e2d3c
invalidation-liveness	UNKNOWN STEP	2026-08-30T06:40:05.1043084Z     $ python -m pip install -e ./issuer
invalidation-liveness	UNKNOWN STEP	2026-08-30T06:40:05.1043585Z     $ python -m toy_issuer.regrade evidence/bundle.json
invalidation-liveness	UNKNOWN STEP	2026-08-30T06:40:05.1044233Z     $ python issuer/audit/run_audit.py --check evidence/results.json
invalidation-liveness	UNKNOWN STEP	2026-08-30T06:40:05.1044981Z     $ python -m toy_issuer.mutrun --check evidence/evalmut_run.json
invalidation-liveness	UNKNOWN STEP	2026-08-30T06:40:05.1045699Z     $ python -m toy_issuer.crashrun --check evidence/eval_run.json
invalidation-liveness	UNKNOWN STEP	2026-08-30T06:40:05.1046436Z     $ python -m toy_issuer.driftboard --check evidence/standings.json
invalidation-liveness	UNKNOWN STEP	2026-08-30T06:40:05.1048420Z     expected: regrade exits 0 reporting 'consistent'; audit, mutrun, crashrun, and driftboard reproduce results.json, evalmut_run.json, eval_run.json, and the drift board artifacts byte-identically at the stamped commit (mutrun exits 1 by design: the toy suite has holes)
invalidation-liveness	UNKNOWN STEP	2026-08-30T06:40:05.1506185Z FAIL raw-aggregate-mismatch: evidence/standings.json: alpha:a1: delta declared 0.0, recomputed -0.25
invalidation-liveness	UNKNOWN STEP	2026-08-30T06:40:05.1507490Z FAIL raw-aggregate-mismatch: evidence/standings.json: alpha:a1: verdict declared 'unchanged', recomputed 'regressed'
invalidation-liveness	UNKNOWN STEP	2026-08-30T06:40:05.1508901Z structural verification: FAIL — 2 named reason(s) (tamper-modeldrift-standings)
invalidation-liveness	UNKNOWN STEP	2026-08-30T06:40:05.1509733Z   proved offline: manifest schema, artifact presence + sha256, bundle closure,
invalidation-liveness	UNKNOWN STEP	2026-08-30T06:40:05.1510534Z   stated limitations, stamp agreement, declared results recomputed from artifacts.
invalidation-liveness	UNKNOWN STEP	2026-08-30T06:40:05.1511341Z semantic replay: NOT run by this tool. A structural PASS means the bundle is
invalidation-liveness	UNKNOWN STEP	2026-08-30T06:40:05.1512272Z   internally honest, not that the issuer's grader agrees. To re-earn the
invalidation-liveness	UNKNOWN STEP	2026-08-30T06:40:05.1513490Z   verdicts, run the bundle's replay block at the pinned issuer_commit:
invalidation-liveness	UNKNOWN STEP	2026-08-30T06:40:05.1514255Z     $ git clone https://github.com/example/toy-issuer issuer
invalidation-liveness	UNKNOWN STEP	2026-08-30T06:40:05.1514840Z     $ git -C issuer checkout f1e2d3c
invalidation-liveness	UNKNOWN STEP	2026-08-30T06:40:05.1515298Z     $ python -m pip install -e ./issuer
invalidation-liveness	UNKNOWN STEP	2026-08-30T06:40:05.1515809Z     $ python -m toy_issuer.regrade evidence/bundle.json
invalidation-liveness	UNKNOWN STEP	2026-08-30T06:40:05.1516468Z     $ python issuer/audit/run_audit.py --check evidence/results.json
invalidation-liveness	UNKNOWN STEP	2026-08-30T06:40:05.1517187Z     $ python -m toy_issuer.mutrun --check evidence/evalmut_run.json
invalidation-liveness	UNKNOWN STEP	2026-08-30T06:40:05.1517891Z     $ python -m toy_issuer.crashrun --check evidence/eval_run.json
invalidation-liveness	UNKNOWN STEP	2026-08-30T06:40:05.1518560Z     $ python -m toy_issuer.driftboard --check evidence/standings.json
invalidation-liveness	UNKNOWN STEP	2026-08-30T06:40:05.1520315Z     expected: regrade exits 0 reporting 'consistent'; audit, mutrun, crashrun, and driftboard reproduce results.json, evalmut_run.json, eval_run.json, and the drift board artifacts byte-identically at the stamped commit (mutrun exits 1 by design: the toy suite has holes)
invalidation-liveness	UNKNOWN STEP	2026-08-30T06:40:05.1979330Z FAIL raw-aggregate-mismatch: toy-suite/toy-defect-b: detected declared 3, recomputed 2
invalidation-liveness	UNKNOWN STEP	2026-08-30T06:40:05.1980465Z FAIL raw-aggregate-mismatch: toy-suite/toy-defect-b: detection_rate declared 0.75, recomputed 0.5
invalidation-liveness	UNKNOWN STEP	2026-08-30T06:40:05.1981949Z structural verification: FAIL — 2 named reason(s) (tamper-raw-aggregate)
invalidation-liveness	UNKNOWN STEP	2026-08-30T06:40:05.1982738Z   proved offline: manifest schema, artifact presence + sha256, bundle closure,
invalidation-liveness	UNKNOWN STEP	2026-08-30T06:40:05.1983531Z   stated limitations, stamp agreement, declared results recomputed from artifacts.
invalidation-liveness	UNKNOWN STEP	2026-08-30T06:40:05.1984325Z semantic replay: NOT run by this tool. A structural PASS means the bundle is
invalidation-liveness	UNKNOWN STEP	2026-08-30T06:40:05.1985067Z   internally honest, not that the issuer's grader agrees. To re-earn the
invalidation-liveness	UNKNOWN STEP	2026-08-30T06:40:05.1985780Z   verdicts, run the bundle's replay block at the pinned issuer_commit:
invalidation-liveness	UNKNOWN STEP	2026-08-30T06:40:05.1986520Z     $ git clone https://github.com/example/toy-issuer issuer
invalidation-liveness	UNKNOWN STEP	2026-08-30T06:40:05.1987145Z     $ git -C issuer checkout f1e2d3c
invalidation-liveness	UNKNOWN STEP	2026-08-30T06:40:05.1987677Z     $ python -m pip install -e ./issuer
invalidation-liveness	UNKNOWN STEP	2026-08-30T06:40:05.1988228Z     $ python -m toy_issuer.regrade evidence/bundle.json
invalidation-liveness	UNKNOWN STEP	2026-08-30T06:40:05.1989309Z     $ python issuer/audit/run_audit.py --check evidence/results.json
invalidation-liveness	UNKNOWN STEP	2026-08-30T06:40:05.1990042Z     $ python -m toy_issuer.mutrun --check evidence/evalmut_run.json
invalidation-liveness	UNKNOWN STEP	2026-08-30T06:40:05.1990732Z     $ python -m toy_issuer.crashrun --check evidence/eval_run.json
invalidation-liveness	UNKNOWN STEP	2026-08-30T06:40:05.1991438Z     $ python -m toy_issuer.driftboard --check evidence/standings.json
invalidation-liveness	UNKNOWN STEP	2026-08-30T06:40:05.1993339Z     expected: regrade exits 0 reporting 'consistent'; audit, mutrun, crashrun, and driftboard reproduce results.json, evalmut_run.json, eval_run.json, and the drift board artifacts byte-identically at the stamped commit (mutrun exits 1 by design: the toy suite has holes)
invalidation-liveness	UNKNOWN STEP	2026-08-30T06:40:05.2466180Z FAIL stamp-mismatch: taskset_hash: named by protocol.hashes but absent from evidence/bundle.json
invalidation-liveness	UNKNOWN STEP	2026-08-30T06:40:05.2467658Z FAIL stamp-mismatch: prompt_hash: named by protocol.hashes but absent from evidence/bundle.json
invalidation-liveness	UNKNOWN STEP	2026-08-30T06:40:05.2469221Z FAIL stamp-mismatch: harness_commit: protocol declares issuer_commit but evidence/bundle.json carries no harness_commit
invalidation-liveness	UNKNOWN STEP	2026-08-30T06:40:05.2470969Z structural verification: FAIL — 3 named reason(s) (tamper-stamp-deleted)
invalidation-liveness	UNKNOWN STEP	2026-08-30T06:40:05.2472799Z   proved offline: manifest schema, artifact presence + sha256, bundle closure,
invalidation-liveness	UNKNOWN STEP	2026-08-30T06:40:05.2477826Z   stated limitations, stamp agreement, declared results recomputed from artifacts.
invalidation-liveness	UNKNOWN STEP	2026-08-30T06:40:05.2488512Z semantic replay: NOT run by this tool. A structural PASS means the bundle is
invalidation-liveness	UNKNOWN STEP	2026-08-30T06:40:05.2490715Z   internally honest, not that the issuer's grader agrees. To re-earn the
invalidation-liveness	UNKNOWN STEP	2026-08-30T06:40:05.2492002Z   verdicts, run the bundle's replay block at the pinned issuer_commit:
invalidation-liveness	UNKNOWN STEP	2026-08-30T06:40:05.2492959Z     $ git clone https://github.com/example/toy-issuer issuer
invalidation-liveness	UNKNOWN STEP	2026-08-30T06:40:05.2493764Z     $ git -C issuer checkout f1e2d3c
invalidation-liveness	UNKNOWN STEP	2026-08-30T06:40:05.2494804Z     $ python -m pip install -e ./issuer
invalidation-liveness	UNKNOWN STEP	2026-08-30T06:40:05.2495533Z     $ python -m toy_issuer.regrade evidence/bundle.json
invalidation-liveness	UNKNOWN STEP	2026-08-30T06:40:05.2496395Z     $ python issuer/audit/run_audit.py --check evidence/results.json
invalidation-liveness	UNKNOWN STEP	2026-08-30T06:40:05.2497327Z     $ python -m toy_issuer.mutrun --check evidence/evalmut_run.json
invalidation-liveness	UNKNOWN STEP	2026-08-30T06:40:05.2498200Z     $ python -m toy_issuer.crashrun --check evidence/eval_run.json
invalidation-liveness	UNKNOWN STEP	2026-08-30T06:40:05.2499075Z     $ python -m toy_issuer.driftboard --check evidence/standings.json
invalidation-liveness	UNKNOWN STEP	2026-08-30T06:40:05.2501148Z     expected: regrade exits 0 reporting 'consistent'; audit, mutrun, crashrun, and driftboard reproduce results.json, evalmut_run.json, eval_run.json, and the drift board artifacts byte-identically at the stamped commit (mutrun exits 1 by design: the toy suite has holes)
invalidation-liveness	UNKNOWN STEP	2026-08-30T06:40:05.2968083Z FAIL summary-outruns-checks: summary.fixed: declares 3, recomputation gives 2
invalidation-liveness	UNKNOWN STEP	2026-08-30T06:40:05.2969042Z structural verification: FAIL — 1 named reason(s) (tamper-summary-fixed)
invalidation-liveness	UNKNOWN STEP	2026-08-30T06:40:05.2969589Z   proved offline: manifest schema, artifact presence + sha256, bundle closure,
invalidation-liveness	UNKNOWN STEP	2026-08-30T06:40:05.2970153Z   stated limitations, stamp agreement, declared results recomputed from artifacts.
invalidation-liveness	UNKNOWN STEP	2026-08-30T06:40:05.2970678Z semantic replay: NOT run by this tool. A structural PASS means the bundle is
invalidation-liveness	UNKNOWN STEP	2026-08-30T06:40:05.2971171Z   internally honest, not that the issuer's grader agrees. To re-earn the
invalidation-liveness	UNKNOWN STEP	2026-08-30T06:40:05.2971887Z   verdicts, run the bundle's replay block at the pinned issuer_commit:
invalidation-liveness	UNKNOWN STEP	2026-08-30T06:40:05.2972370Z     $ git clone https://github.com/example/toy-issuer issuer
invalidation-liveness	UNKNOWN STEP	2026-08-30T06:40:05.2972723Z     $ git -C issuer checkout f1e2d3c
invalidation-liveness	UNKNOWN STEP	2026-08-30T06:40:05.2973011Z     $ python -m pip install -e ./issuer
invalidation-liveness	UNKNOWN STEP	2026-08-30T06:40:05.2973336Z     $ python -m toy_issuer.regrade evidence/bundle.json
invalidation-liveness	UNKNOWN STEP	2026-08-30T06:40:05.2973733Z     $ python issuer/audit/run_audit.py --check evidence/results.json
invalidation-liveness	UNKNOWN STEP	2026-08-30T06:40:05.2974172Z     $ python -m toy_issuer.mutrun --check evidence/evalmut_run.json
invalidation-liveness	UNKNOWN STEP	2026-08-30T06:40:05.2974581Z     $ python -m toy_issuer.crashrun --check evidence/eval_run.json
invalidation-liveness	UNKNOWN STEP	2026-08-30T06:40:05.2975359Z     $ python -m toy_issuer.driftboard --check evidence/standings.json
invalidation-liveness	UNKNOWN STEP	2026-08-30T06:40:05.2976448Z     expected: regrade exits 0 reporting 'consistent'; audit, mutrun, crashrun, and driftboard reproduce results.json, evalmut_run.json, eval_run.json, and the drift board artifacts byte-identically at the stamped commit (mutrun exits 1 by design: the toy suite has holes)
invalidation-liveness	UNKNOWN STEP	2026-08-30T06:40:05.3428835Z FAIL summary-outruns-checks: summary.detection_rate_min: declares 0.9, no check recomputes it
invalidation-liveness	UNKNOWN STEP	2026-08-30T06:40:05.3429760Z structural verification: FAIL — 1 named reason(s) (tamper-summary-rate)
invalidation-liveness	UNKNOWN STEP	2026-08-30T06:40:05.3430287Z   proved offline: manifest schema, artifact presence + sha256, bundle closure,
invalidation-liveness	UNKNOWN STEP	2026-08-30T06:40:05.3430816Z   stated limitations, stamp agreement, declared results recomputed from artifacts.
invalidation-liveness	UNKNOWN STEP	2026-08-30T06:40:05.3431381Z semantic replay: NOT run by this tool. A structural PASS means the bundle is
invalidation-liveness	UNKNOWN STEP	2026-08-30T06:40:05.3432142Z   internally honest, not that the issuer's grader agrees. To re-earn the
invalidation-liveness	UNKNOWN STEP	2026-08-30T06:40:05.3432620Z   verdicts, run the bundle's replay block at the pinned issuer_commit:
invalidation-liveness	UNKNOWN STEP	2026-08-30T06:40:05.3433074Z     $ git clone https://github.com/example/toy-issuer issuer
invalidation-liveness	UNKNOWN STEP	2026-08-30T06:40:05.3433538Z     $ git -C issuer checkout f1e2d3c
invalidation-liveness	UNKNOWN STEP	2026-08-30T06:40:05.3433821Z     $ python -m pip install -e ./issuer
invalidation-liveness	UNKNOWN STEP	2026-08-30T06:40:05.3434142Z     $ python -m toy_issuer.regrade evidence/bundle.json
invalidation-liveness	UNKNOWN STEP	2026-08-30T06:40:05.3434524Z     $ python issuer/audit/run_audit.py --check evidence/results.json
invalidation-liveness	UNKNOWN STEP	2026-08-30T06:40:05.3434953Z     $ python -m toy_issuer.mutrun --check evidence/evalmut_run.json
invalidation-liveness	UNKNOWN STEP	2026-08-30T06:40:05.3435380Z     $ python -m toy_issuer.crashrun --check evidence/eval_run.json
invalidation-liveness	UNKNOWN STEP	2026-08-30T06:40:05.3435796Z     $ python -m toy_issuer.driftboard --check evidence/standings.json
invalidation-liveness	UNKNOWN STEP	2026-08-30T06:40:05.3437187Z     expected: regrade exits 0 reporting 'consistent'; audit, mutrun, crashrun, and driftboard reproduce results.json, evalmut_run.json, eval_run.json, and the drift board artifacts byte-identically at the stamped commit (mutrun exits 1 by design: the toy suite has holes)
invalidation-liveness	UNKNOWN STEP	2026-08-30T06:40:05.3886670Z FAIL summary-outruns-checks: summary.mutation_score_3: declares 0.714, no check recomputes it
invalidation-liveness	UNKNOWN STEP	2026-08-30T06:40:05.3888024Z structural verification: FAIL — 1 named reason(s) (tamper-summary-score)
invalidation-liveness	UNKNOWN STEP	2026-08-30T06:40:05.3895542Z   proved offline: manifest schema, artifact presence + sha256, bundle closure,
invalidation-liveness	UNKNOWN STEP	2026-08-30T06:40:05.3896154Z   stated limitations, stamp agreement, declared results recomputed from artifacts.
invalidation-liveness	UNKNOWN STEP	2026-08-30T06:40:05.3896812Z semantic replay: NOT run by this tool. A structural PASS means the bundle is
invalidation-liveness	UNKNOWN STEP	2026-08-30T06:40:05.3897604Z   internally honest, not that the issuer's grader agrees. To re-earn the
invalidation-liveness	UNKNOWN STEP	2026-08-30T06:40:05.3898344Z   verdicts, run the bundle's replay block at the pinned issuer_commit:
invalidation-liveness	UNKNOWN STEP	2026-08-30T06:40:05.3899100Z     $ git clone https://github.com/example/toy-issuer issuer
invalidation-liveness	UNKNOWN STEP	2026-08-30T06:40:05.3899647Z     $ git -C issuer checkout f1e2d3c
invalidation-liveness	UNKNOWN STEP	2026-08-30T06:40:05.3900108Z     $ python -m pip install -e ./issuer
invalidation-liveness	UNKNOWN STEP	2026-08-30T06:40:05.3900608Z     $ python -m toy_issuer.regrade evidence/bundle.json
invalidation-liveness	UNKNOWN STEP	2026-08-30T06:40:05.3901230Z     $ python issuer/audit/run_audit.py --check evidence/results.json
invalidation-liveness	UNKNOWN STEP	2026-08-30T06:40:05.3902106Z     $ python -m toy_issuer.mutrun --check evidence/evalmut_run.json
invalidation-liveness	UNKNOWN STEP	2026-08-30T06:40:05.3902777Z     $ python -m toy_issuer.crashrun --check evidence/eval_run.json
invalidation-liveness	UNKNOWN STEP	2026-08-30T06:40:05.3903446Z     $ python -m toy_issuer.driftboard --check evidence/standings.json
invalidation-liveness	UNKNOWN STEP	2026-08-30T06:40:05.3904606Z     expected: regrade exits 0 reporting 'consistent'; audit, mutrun, crashrun, and driftboard reproduce results.json, evalmut_run.json, eval_run.json, and the drift board artifacts byte-identically at the stamped commit (mutrun exits 1 by design: the toy suite has holes)
invalidation-liveness	UNKNOWN STEP	2026-08-30T06:40:05.4357208Z FAIL summary-outruns-checks: summary.fixed: declares '9999' as a string; a numeric headline must be a JSON number so it can be recomputed
invalidation-liveness	UNKNOWN STEP	2026-08-30T06:40:05.4358645Z structural verification: FAIL — 1 named reason(s) (tamper-summary-string)
invalidation-liveness	UNKNOWN STEP	2026-08-30T06:40:05.4359191Z   proved offline: manifest schema, artifact presence + sha256, bundle closure,
invalidation-liveness	UNKNOWN STEP	2026-08-30T06:40:05.4359734Z   stated limitations, stamp agreement, declared results recomputed from artifacts.
invalidation-liveness	UNKNOWN STEP	2026-08-30T06:40:05.4360256Z semantic replay: NOT run by this tool. A structural PASS means the bundle is
invalidation-liveness	UNKNOWN STEP	2026-08-30T06:40:05.4360735Z   internally honest, not that the issuer's grader agrees. To re-earn the
invalidation-liveness	UNKNOWN STEP	2026-08-30T06:40:05.4361201Z   verdicts, run the bundle's replay block at the pinned issuer_commit:
invalidation-liveness	UNKNOWN STEP	2026-08-30T06:40:05.4361870Z     $ git clone https://github.com/example/toy-issuer issuer
invalidation-liveness	UNKNOWN STEP	2026-08-30T06:40:05.4362232Z     $ git -C issuer checkout f1e2d3c
invalidation-liveness	UNKNOWN STEP	2026-08-30T06:40:05.4362519Z     $ python -m pip install -e ./issuer
invalidation-liveness	UNKNOWN STEP	2026-08-30T06:40:05.4362862Z     $ python -m toy_issuer.regrade evidence/bundle.json
invalidation-liveness	UNKNOWN STEP	2026-08-30T06:40:05.4363256Z     $ python issuer/audit/run_audit.py --check evidence/results.json
invalidation-liveness	UNKNOWN STEP	2026-08-30T06:40:05.4363704Z     $ python -m toy_issuer.mutrun --check evidence/evalmut_run.json
invalidation-liveness	UNKNOWN STEP	2026-08-30T06:40:05.4364148Z     $ python -m toy_issuer.crashrun --check evidence/eval_run.json
invalidation-liveness	UNKNOWN STEP	2026-08-30T06:40:05.4364587Z     $ python -m toy_issuer.driftboard --check evidence/standings.json
invalidation-liveness	UNKNOWN STEP	2026-08-30T06:40:05.4365692Z     expected: regrade exits 0 reporting 'consistent'; audit, mutrun, crashrun, and driftboard reproduce results.json, evalmut_run.json, eval_run.json, and the drift board artifacts byte-identically at the stamped commit (mutrun exits 1 by design: the toy suite has holes)
invalidation-liveness	UNKNOWN STEP	2026-08-30T06:40:05.4843668Z FAIL summary-outruns-checks: summary.eval_run.vulnerability_score: declares 0.0, recomputation gives 0.4545
invalidation-liveness	UNKNOWN STEP	2026-08-30T06:40:05.4844501Z FAIL summary-outruns-checks: summary.eval_run_safe.vulnerability_score: declares 0.4545, recomputation gives 0.0
invalidation-liveness	UNKNOWN STEP	2026-08-30T06:40:05.4845768Z structural verification: FAIL — 2 named reason(s) (tamper-v02-swapped-arms)
invalidation-liveness	UNKNOWN STEP	2026-08-30T06:40:05.4846352Z   proved offline: manifest schema, artifact presence + sha256, bundle closure,
invalidation-liveness	UNKNOWN STEP	2026-08-30T06:40:05.4846910Z   stated limitations, stamp agreement, declared results recomputed from artifacts.
invalidation-liveness	UNKNOWN STEP	2026-08-30T06:40:05.4867273Z semantic replay: NOT run by this tool. A structural PASS means the bundle is
invalidation-liveness	UNKNOWN STEP	2026-08-30T06:40:05.4867887Z   internally honest, not that the issuer's grader agrees. To re-earn the
invalidation-liveness	UNKNOWN STEP	2026-08-30T06:40:05.4868546Z   verdicts, run the bundle's replay block at the pinned issuer_commit:
invalidation-liveness	UNKNOWN STEP	2026-08-30T06:40:05.4869216Z     $ git clone https://github.com/example/toy-issuer issuer
invalidation-liveness	UNKNOWN STEP	2026-08-30T06:40:05.4869562Z     $ git -C issuer checkout f1e2d3c
invalidation-liveness	UNKNOWN STEP	2026-08-30T06:40:05.4869852Z     $ python -m pip install -e ./issuer
invalidation-liveness	UNKNOWN STEP	2026-08-30T06:40:05.4870172Z     $ python -m toy_issuer.regrade evidence/bundle.json
invalidation-liveness	UNKNOWN STEP	2026-08-30T06:40:05.4870572Z     $ python issuer/audit/run_audit.py --check evidence/results.json
invalidation-liveness	UNKNOWN STEP	2026-08-30T06:40:05.4871021Z     $ python -m toy_issuer.mutrun --check evidence/evalmut_run.json
invalidation-liveness	UNKNOWN STEP	2026-08-30T06:40:05.4871436Z     $ python -m toy_issuer.crashrun --check evidence/eval_run.json
invalidation-liveness	UNKNOWN STEP	2026-08-30T06:40:05.4872123Z     $ python -m toy_issuer.driftboard --check evidence/standings.json
invalidation-liveness	UNKNOWN STEP	2026-08-30T06:40:05.4873229Z     expected: regrade exits 0 reporting 'consistent'; audit, mutrun, crashrun, and driftboard reproduce results.json, evalmut_run.json, eval_run.json, and the drift board artifacts byte-identically at the stamped commit (mutrun exits 1 by design: the toy suite has holes)
invalidation-liveness	UNKNOWN STEP	2026-08-30T06:40:05.5321916Z FAIL summary-mismatch: fixed: declared 3, recomputed 2
invalidation-liveness	UNKNOWN STEP	2026-08-30T06:40:05.5322521Z FAIL summary-outruns-checks: summary.fixed: declares 3, recomputation gives 2
invalidation-liveness	UNKNOWN STEP	2026-08-30T06:40:05.5323365Z structural verification: FAIL — 2 named reason(s) (tamper-verdict-count)
invalidation-liveness	UNKNOWN STEP	2026-08-30T06:40:05.5323888Z   proved offline: manifest schema, artifact presence + sha256, bundle closure,
invalidation-liveness	UNKNOWN STEP	2026-08-30T06:40:05.5324458Z   stated limitations, stamp agreement, declared results recomputed from artifacts.
invalidation-liveness	UNKNOWN STEP	2026-08-30T06:40:05.5324988Z semantic replay: NOT run by this tool. A structural PASS means the bundle is
invalidation-liveness	UNKNOWN STEP	2026-08-30T06:40:05.5326163Z   internally honest, not that the issuer's grader agrees. To re-earn the
invalidation-liveness	UNKNOWN STEP	2026-08-30T06:40:05.5326809Z   verdicts, run the bundle's replay block at the pinned issuer_commit:
invalidation-liveness	UNKNOWN STEP	2026-08-30T06:40:05.5327442Z     $ git clone https://github.com/example/toy-issuer issuer
invalidation-liveness	UNKNOWN STEP	2026-08-30T06:40:05.5327953Z     $ git -C issuer checkout f1e2d3c
invalidation-liveness	UNKNOWN STEP	2026-08-30T06:40:05.5328348Z     $ python -m pip install -e ./issuer
invalidation-liveness	UNKNOWN STEP	2026-08-30T06:40:05.5328799Z     $ python -m toy_issuer.regrade evidence/bundle.json
invalidation-liveness	UNKNOWN STEP	2026-08-30T06:40:05.5329446Z     $ python issuer/audit/run_audit.py --check evidence/results.json
invalidation-liveness	UNKNOWN STEP	2026-08-30T06:40:05.5330011Z     $ python -m toy_issuer.mutrun --check evidence/evalmut_run.json
invalidation-liveness	UNKNOWN STEP	2026-08-30T06:40:05.5330432Z     $ python -m toy_issuer.crashrun --check evidence/eval_run.json
invalidation-liveness	UNKNOWN STEP	2026-08-30T06:40:05.5330867Z     $ python -m toy_issuer.driftboard --check evidence/standings.json
invalidation-liveness	UNKNOWN STEP	2026-08-30T06:40:05.5332188Z     expected: regrade exits 0 reporting 'consistent'; audit, mutrun, crashrun, and driftboard reproduce results.json, evalmut_run.json, eval_run.json, and the drift board artifacts byte-identically at the stamped commit (mutrun exits 1 by design: the toy suite has holes)
invalidation-liveness	UNKNOWN STEP	2026-08-30T06:40:05.5789311Z FAIL sha256-mismatch: evidence/bundle.json: manifest 0000000000000000000000000000000000000000000000000000000000000000, file 64931fe8d466c2cfdbf3c15013d8aa013bc54a2e340fb89737972ef3612550d4
invalidation-liveness	UNKNOWN STEP	2026-08-30T06:40:05.5790548Z structural verification: FAIL — 1 named reason(s) (tamper-wrong-sha256)
invalidation-liveness	UNKNOWN STEP	2026-08-30T06:40:05.5791084Z   proved offline: manifest schema, artifact presence + sha256, bundle closure,
invalidation-liveness	UNKNOWN STEP	2026-08-30T06:40:05.5791832Z   stated limitations, stamp agreement, declared results recomputed from artifacts.
invalidation-liveness	UNKNOWN STEP	2026-08-30T06:40:05.5792407Z semantic replay: NOT run by this tool. A structural PASS means the bundle is
invalidation-liveness	UNKNOWN STEP	2026-08-30T06:40:05.5793617Z   internally honest, not that the issuer's grader agrees. To re-earn the
invalidation-liveness	UNKNOWN STEP	2026-08-30T06:40:05.5794142Z   verdicts, run the bundle's replay block at the pinned issuer_commit:
invalidation-liveness	UNKNOWN STEP	2026-08-30T06:40:05.5794613Z     $ git clone https://github.com/example/toy-issuer issuer
invalidation-liveness	UNKNOWN STEP	2026-08-30T06:40:05.5794974Z     $ git -C issuer checkout f1e2d3c
invalidation-liveness	UNKNOWN STEP	2026-08-30T06:40:05.5795266Z     $ python -m pip install -e ./issuer
invalidation-liveness	UNKNOWN STEP	2026-08-30T06:40:05.5795590Z     $ python -m toy_issuer.regrade evidence/bundle.json
invalidation-liveness	UNKNOWN STEP	2026-08-30T06:40:05.5795986Z     $ python issuer/audit/run_audit.py --check evidence/results.json
invalidation-liveness	UNKNOWN STEP	2026-08-30T06:40:05.5796414Z     $ python -m toy_issuer.mutrun --check evidence/evalmut_run.json
invalidation-liveness	UNKNOWN STEP	2026-08-30T06:40:05.5796825Z     $ python -m toy_issuer.crashrun --check evidence/eval_run.json
invalidation-liveness	UNKNOWN STEP	2026-08-30T06:40:05.5797247Z     $ python -m toy_issuer.driftboard --check evidence/standings.json
invalidation-liveness	UNKNOWN STEP	2026-08-30T06:40:05.5798382Z     expected: regrade exits 0 reporting 'consistent'; audit, mutrun, crashrun, and driftboard reproduce results.json, evalmut_run.json, eval_run.json, and the drift board artifacts byte-identically at the stamped commit (mutrun exits 1 by design: the toy suite has holes)
invalidation-liveness	UNKNOWN STEP	2026-08-30T06:40:05.5882386Z ##[group]Run python fixtures/make_fixtures.py
invalidation-liveness	UNKNOWN STEP	2026-08-30T06:40:05.5882815Z ^[[36;1mpython fixtures/make_fixtures.py^[[0m
invalidation-liveness	UNKNOWN STEP	2026-08-30T06:40:05.5883131Z ^[[36;1mgit diff --exit-code fixtures/^[[0m
invalidation-liveness	UNKNOWN STEP	2026-08-30T06:40:05.5923841Z shell: /usr/bin/bash -e {0}
invalidation-liveness	UNKNOWN STEP	2026-08-30T06:40:05.5924100Z env:
invalidation-liveness	UNKNOWN STEP	2026-08-30T06:40:05.5924377Z   pythonLocation: /opt/hostedtoolcache/Python/3.12.14/x64
invalidation-liveness	UNKNOWN STEP	2026-08-30T06:40:05.5924826Z   PKG_CONFIG_PATH: /opt/hostedtoolcache/Python/3.12.14/x64/lib/pkgconfig
invalidation-liveness	UNKNOWN STEP	2026-08-30T06:40:05.5925273Z   Python_ROOT_DIR: /opt/hostedtoolcache/Python/3.12.14/x64
invalidation-liveness	UNKNOWN STEP	2026-08-30T06:40:05.5925659Z   Python2_ROOT_DIR: /opt/hostedtoolcache/Python/3.12.14/x64
invalidation-liveness	UNKNOWN STEP	2026-08-30T06:40:05.5926044Z   Python3_ROOT_DIR: /opt/hostedtoolcache/Python/3.12.14/x64
invalidation-liveness	UNKNOWN STEP	2026-08-30T06:40:05.5926422Z   LD_LIBRARY_PATH: /opt/hostedtoolcache/Python/3.12.14/x64/lib
invalidation-liveness	UNKNOWN STEP	2026-08-30T06:40:05.5926756Z ##[endgroup]
invalidation-liveness	UNKNOWN STEP	2026-08-30T06:40:05.6990869Z attack-crashkit-severity: 15 file(s)
invalidation-liveness	UNKNOWN STEP	2026-08-30T06:40:05.6991531Z tamper-check-deleted: 15 file(s)
invalidation-liveness	UNKNOWN STEP	2026-08-30T06:40:05.6992464Z tamper-crashkit-case: 15 file(s)
invalidation-liveness	UNKNOWN STEP	2026-08-30T06:40:05.6992884Z tamper-crashkit-metrics: 15 file(s)
invalidation-liveness	UNKNOWN STEP	2026-08-30T06:40:05.6993326Z tamper-crashkit-severity: 15 file(s)
invalidation-liveness	UNKNOWN STEP	2026-08-30T06:40:05.6993779Z tamper-draft-incomplete: 15 file(s)
invalidation-liveness	UNKNOWN STEP	2026-08-30T06:40:05.6994214Z tamper-empty-limitations: 15 file(s)
invalidation-liveness	UNKNOWN STEP	2026-08-30T06:40:05.6994625Z tamper-evalmut-all-error: 15 file(s)
invalidation-liveness	UNKNOWN STEP	2026-08-30T06:40:05.6994905Z tamper-evalmut-empty-rows: 15 file(s)
invalidation-liveness	UNKNOWN STEP	2026-08-30T06:40:05.6995187Z tamper-evalmut-rows: 15 file(s)
invalidation-liveness	UNKNOWN STEP	2026-08-30T06:40:05.6995451Z tamper-evalmut-summary: 15 file(s)
invalidation-liveness	UNKNOWN STEP	2026-08-30T06:40:05.6995717Z tamper-missing-artifact: 14 file(s)
invalidation-liveness	UNKNOWN STEP	2026-08-30T06:40:05.6995997Z tamper-missing-issuer-commit: 15 file(s)
invalidation-liveness	UNKNOWN STEP	2026-08-30T06:40:05.6996285Z tamper-modeldrift-rows: 15 file(s)
invalidation-liveness	UNKNOWN STEP	2026-08-30T06:40:05.6996552Z tamper-modeldrift-standings: 15 file(s)
invalidation-liveness	UNKNOWN STEP	2026-08-30T06:40:05.6996831Z tamper-raw-aggregate: 15 file(s)
invalidation-liveness	UNKNOWN STEP	2026-08-30T06:40:05.6997087Z tamper-stamp-deleted: 15 file(s)
invalidation-liveness	UNKNOWN STEP	2026-08-30T06:40:05.6997345Z tamper-summary-fixed: 15 file(s)
invalidation-liveness	UNKNOWN STEP	2026-08-30T06:40:05.6997606Z tamper-summary-rate: 15 file(s)
invalidation-liveness	UNKNOWN STEP	2026-08-30T06:40:05.6997854Z tamper-summary-score: 15 file(s)
invalidation-liveness	UNKNOWN STEP	2026-08-30T06:40:05.6998103Z tamper-summary-string: 15 file(s)
invalidation-liveness	UNKNOWN STEP	2026-08-30T06:40:05.6998365Z tamper-v02-swapped-arms: 16 file(s)
invalidation-liveness	UNKNOWN STEP	2026-08-30T06:40:05.6998623Z tamper-verdict-count: 15 file(s)
invalidation-liveness	UNKNOWN STEP	2026-08-30T06:40:05.6998864Z tamper-wrong-sha256: 15 file(s)
invalidation-liveness	UNKNOWN STEP	2026-08-30T06:40:05.6999104Z v02-twin-arms: 16 file(s)
invalidation-liveness	UNKNOWN STEP	2026-08-30T06:40:05.6999327Z valid: 15 file(s)
invalidation-liveness	UNKNOWN STEP	2026-08-30T06:40:05.7440185Z Node 20 is being deprecated. This workflow is running with Node 24 by default. If you need to temporarily use Node 20, you can set the ACTIONS_ALLOW_USE_UNSECURE_NODE_VERSION=true environment variable. For more information see: https://github.blog/changelog/2025-09-19-deprecation-of-node-20-on-github-actions-runners/
invalidation-liveness	UNKNOWN STEP	2026-08-30T06:40:05.7441352Z Post job cleanup.
invalidation-liveness	UNKNOWN STEP	2026-08-30T06:40:05.8665779Z (node:2394) [DEP0040] DeprecationWarning: The `punycode` module is deprecated. Please use a userland alternative instead.
invalidation-liveness	UNKNOWN STEP	2026-08-30T06:40:05.8666972Z (Use `node --trace-deprecation ...` to show where the warning was created)
invalidation-liveness	UNKNOWN STEP	2026-08-30T06:40:05.8862721Z Node 20 is being deprecated. This workflow is running with Node 24 by default. If you need to temporarily use Node 20, you can set the ACTIONS_ALLOW_USE_UNSECURE_NODE_VERSION=true environment variable. For more information see: https://github.blog/changelog/2025-09-19-deprecation-of-node-20-on-github-actions-runners/
invalidation-liveness	UNKNOWN STEP	2026-08-30T06:40:05.8863928Z Post job cleanup.
invalidation-liveness	UNKNOWN STEP	2026-08-30T06:40:05.9777520Z [command]/usr/bin/git version
invalidation-liveness	UNKNOWN STEP	2026-08-30T06:40:05.9825695Z git version 2.55.0
invalidation-liveness	UNKNOWN STEP	2026-08-30T06:40:05.9870063Z Temporarily overriding HOME='/home/runner/work/_temp/ac08fd3f-4c80-4a05-9316-c4b69c38c16c' before making global git config changes
invalidation-liveness	UNKNOWN STEP	2026-08-30T06:40:05.9871559Z Adding repository directory to the temporary git global config as a safe directory
invalidation-liveness	UNKNOWN STEP	2026-08-30T06:40:05.9879728Z [command]/usr/bin/git config --global --add safe.directory /home/runner/work/vac-protocol/vac-protocol
invalidation-liveness	UNKNOWN STEP	2026-08-30T06:40:05.9927791Z [command]/usr/bin/git config --local --name-only --get-regexp core\.sshCommand
invalidation-liveness	UNKNOWN STEP	2026-08-30T06:40:05.9972843Z [command]/usr/bin/git submodule foreach --recursive sh -c "git config --local --name-only --get-regexp 'core\.sshCommand' && git config --local --unset-all 'core.sshCommand' || :"
invalidation-liveness	UNKNOWN STEP	2026-08-30T06:40:06.0238476Z [command]/usr/bin/git config --local --name-only --get-regexp http\.https\:\/\/github\.com\/\.extraheader
invalidation-liveness	UNKNOWN STEP	2026-08-30T06:40:06.0272600Z http.https://github.com/.extraheader
invalidation-liveness	UNKNOWN STEP	2026-08-30T06:40:06.0284031Z [command]/usr/bin/git config --local --unset-all http.https://github.com/.extraheader
invalidation-liveness	UNKNOWN STEP	2026-08-30T06:40:06.0323865Z [command]/usr/bin/git submodule foreach --recursive sh -c "git config --local --name-only --get-regexp 'http\.https\:\/\/github\.com\/\.extraheader' && git config --local --unset-all 'http.https://github.com/.extraheader' || :"
invalidation-liveness	UNKNOWN STEP	2026-08-30T06:40:06.0690746Z [command]/usr/bin/git config --local --name-only --get-regexp ^includeIf\.gitdir:
invalidation-liveness	UNKNOWN STEP	2026-08-30T06:40:06.0732657Z [command]/usr/bin/git submodule foreach --recursive git config --local --show-origin --name-only --get-regexp remote.origin.url
invalidation-liveness	UNKNOWN STEP	2026-08-30T06:40:06.1239228Z Cleaning up orphan processes
invalidation-liveness	UNKNOWN STEP	2026-08-30T06:40:06.1538444Z ##[warning]Node.js 20 is deprecated. The following actions target Node.js 20 but are being forced to run on Node.js 24: actions/checkout@v4, actions/setup-python@v5. For more information see: https://github.blog/changelog/2025-09-19-deprecation-of-node-20-on-github-actions-runners/
test (3.11)	UNKNOWN STEP	﻿2026-08-30T06:40:00.8000473Z Current runner version: '2.336.0'
test (3.11)	UNKNOWN STEP	2026-08-30T06:40:00.8037993Z ##[group]Runner Image Provisioner
test (3.11)	UNKNOWN STEP	2026-08-30T06:40:00.8038609Z Hosted Compute Agent
test (3.11)	UNKNOWN STEP	2026-08-30T06:40:00.8038973Z Version: 20260819.586
test (3.11)	UNKNOWN STEP	2026-08-30T06:40:00.8039404Z Commit: 3cc4a88dfa507ef76119ad1bb3eccc6378bb2b76
test (3.11)	UNKNOWN STEP	2026-08-30T06:40:00.8039988Z Build Date: 2026-08-18T23:20:18Z
test (3.11)	UNKNOWN STEP	2026-08-30T06:40:00.8040392Z Worker ID: {7cf23d28-0ebf-4663-8915-090826061b0e}
test (3.11)	UNKNOWN STEP	2026-08-30T06:40:00.8040872Z Azure Region: westus2
test (3.11)	UNKNOWN STEP	2026-08-30T06:40:00.8041284Z ##[endgroup]
test (3.11)	UNKNOWN STEP	2026-08-30T06:40:00.8042118Z ##[group]Operating System
test (3.11)	UNKNOWN STEP	2026-08-30T06:40:00.8042490Z Ubuntu
test (3.11)	UNKNOWN STEP	2026-08-30T06:40:00.8042803Z 24.04.4
test (3.11)	UNKNOWN STEP	2026-08-30T06:40:00.8043202Z LTS
test (3.11)	UNKNOWN STEP	2026-08-30T06:40:00.8043522Z ##[endgroup]
test (3.11)	UNKNOWN STEP	2026-08-30T06:40:00.8043884Z ##[group]Runner Image
test (3.11)	UNKNOWN STEP	2026-08-30T06:40:00.8044267Z Image: ubuntu-24.04
test (3.11)	UNKNOWN STEP	2026-08-30T06:40:00.8044624Z Version: 20260823.283.1
test (3.11)	UNKNOWN STEP	2026-08-30T06:40:00.8045491Z Included Software: https://github.com/actions/runner-images/blob/ubuntu24/20260823.283/images/ubuntu/Ubuntu2404-Readme.md
test (3.11)	UNKNOWN STEP	2026-08-30T06:40:00.8046734Z Image Release: https://github.com/actions/runner-images/releases/tag/ubuntu24%2F20260823.283
test (3.11)	UNKNOWN STEP	2026-08-30T06:40:00.8047315Z ##[endgroup]
test (3.11)	UNKNOWN STEP	2026-08-30T06:40:00.8048080Z ##[group]GITHUB_TOKEN Permissions
test (3.11)	UNKNOWN STEP	2026-08-30T06:40:00.8049347Z Contents: read
test (3.11)	UNKNOWN STEP	2026-08-30T06:40:00.8049996Z Metadata: read
test (3.11)	UNKNOWN STEP	2026-08-30T06:40:00.8050412Z Packages: read
test (3.11)	UNKNOWN STEP	2026-08-30T06:40:00.8050763Z ##[endgroup]
test (3.11)	UNKNOWN STEP	2026-08-30T06:40:00.8052231Z Secret source: Actions
test (3.11)	UNKNOWN STEP	2026-08-30T06:40:00.8052906Z Prepare workflow directory
test (3.11)	UNKNOWN STEP	2026-08-30T06:40:00.8264358Z Prepare all required actions
test (3.11)	UNKNOWN STEP	2026-08-30T06:40:00.8296940Z Getting action download info
test (3.11)	UNKNOWN STEP	2026-08-30T06:40:01.1413546Z Download action repository 'actions/checkout@v4' (SHA:11d5960a326750d5838078e36cf38b85af677262)
test (3.11)	UNKNOWN STEP	2026-08-30T06:40:01.2604013Z Download action repository 'actions/setup-python@v5' (SHA:a26af69be951a213d495a4c3e4e4022e16d87065)
test (3.11)	UNKNOWN STEP	2026-08-30T06:40:01.6458723Z Complete job name: test (3.11)
test (3.11)	UNKNOWN STEP	2026-08-30T06:40:01.6983472Z Node 20 is being deprecated. This workflow is running with Node 24 by default. If you need to temporarily use Node 20, you can set the ACTIONS_ALLOW_USE_UNSECURE_NODE_VERSION=true environment variable. For more information see: https://github.blog/changelog/2025-09-19-deprecation-of-node-20-on-github-actions-runners/
test (3.11)	UNKNOWN STEP	2026-08-30T06:40:01.6988891Z ##[group]Run actions/checkout@v4
test (3.11)	UNKNOWN STEP	2026-08-30T06:40:01.6989284Z with:
test (3.11)	UNKNOWN STEP	2026-08-30T06:40:01.6989701Z   repository: egnaro9/vac-protocol
test (3.11)	UNKNOWN STEP	2026-08-30T06:40:01.6991979Z   token: ***
test (3.11)	UNKNOWN STEP	2026-08-30T06:40:01.6992248Z   ssh-strict: true
test (3.11)	UNKNOWN STEP	2026-08-30T06:40:01.6992524Z   ssh-user: git
test (3.11)	UNKNOWN STEP	2026-08-30T06:40:01.6992807Z   persist-credentials: true
test (3.11)	UNKNOWN STEP	2026-08-30T06:40:01.6993112Z   clean: true
test (3.11)	UNKNOWN STEP	2026-08-30T06:40:01.6993393Z   sparse-checkout-cone-mode: true
test (3.11)	UNKNOWN STEP	2026-08-30T06:40:01.6993718Z   fetch-depth: 1
test (3.11)	UNKNOWN STEP	2026-08-30T06:40:01.6993991Z   fetch-tags: false
test (3.11)	UNKNOWN STEP	2026-08-30T06:40:01.6994268Z   show-progress: true
test (3.11)	UNKNOWN STEP	2026-08-30T06:40:01.6994560Z   lfs: false
test (3.11)	UNKNOWN STEP	2026-08-30T06:40:01.6994870Z   submodules: false
test (3.11)	UNKNOWN STEP	2026-08-30T06:40:01.6995152Z   set-safe-directory: true
test (3.11)	UNKNOWN STEP	2026-08-30T06:40:01.6995474Z   allow-unsafe-pr-checkout: false
test (3.11)	UNKNOWN STEP	2026-08-30T06:40:01.6995889Z ##[endgroup]
test (3.11)	UNKNOWN STEP	2026-08-30T06:40:01.7703408Z Syncing repository: egnaro9/vac-protocol
test (3.11)	UNKNOWN STEP	2026-08-30T06:40:01.7704831Z ##[group]Getting Git version info
test (3.11)	UNKNOWN STEP	2026-08-30T06:40:01.7705274Z Working directory is '/home/runner/work/vac-protocol/vac-protocol'
test (3.11)	UNKNOWN STEP	2026-08-30T06:40:01.7705969Z [command]/usr/bin/git version
test (3.11)	UNKNOWN STEP	2026-08-30T06:40:01.7955648Z git version 2.55.0
test (3.11)	UNKNOWN STEP	2026-08-30T06:40:01.7981660Z ##[endgroup]
test (3.11)	UNKNOWN STEP	2026-08-30T06:40:01.7988196Z Temporarily overriding HOME='/home/runner/work/_temp/9aa1e107-fcf2-479e-8635-3599275558a3' before making global git config changes
test (3.11)	UNKNOWN STEP	2026-08-30T06:40:01.7989362Z Adding repository directory to the temporary git global config as a safe directory
test (3.11)	UNKNOWN STEP	2026-08-30T06:40:01.7992992Z [command]/usr/bin/git config --global --add safe.directory /home/runner/work/vac-protocol/vac-protocol
test (3.11)	UNKNOWN STEP	2026-08-30T06:40:01.8145765Z Deleting the contents of '/home/runner/work/vac-protocol/vac-protocol'
test (3.11)	UNKNOWN STEP	2026-08-30T06:40:01.8148791Z ##[group]Initializing the repository
test (3.11)	UNKNOWN STEP	2026-08-30T06:40:01.8153612Z [command]/usr/bin/git init /home/runner/work/vac-protocol/vac-protocol
test (3.11)	UNKNOWN STEP	2026-08-30T06:40:01.8376582Z hint: Using 'master' as the name for the initial branch. This default branch name
test (3.11)	UNKNOWN STEP	2026-08-30T06:40:01.8377465Z hint: will change to "main" in Git 3.0. To configure the initial branch name
test (3.11)	UNKNOWN STEP	2026-08-30T06:40:01.8378142Z hint: to use in all of your new repositories, which will suppress this warning,
test (3.11)	UNKNOWN STEP	2026-08-30T06:40:01.8378587Z hint: call:
test (3.11)	UNKNOWN STEP	2026-08-30T06:40:01.8378854Z hint:
test (3.11)	UNKNOWN STEP	2026-08-30T06:40:01.8379395Z hint: 	git config --global init.defaultBranch <name>
test (3.11)	UNKNOWN STEP	2026-08-30T06:40:01.8380147Z hint:
test (3.11)	UNKNOWN STEP	2026-08-30T06:40:01.8380736Z hint: Names commonly chosen instead of 'master' are 'main', 'trunk' and
test (3.11)	UNKNOWN STEP	2026-08-30T06:40:01.8381670Z hint: 'development'. The just-created branch can be renamed via this command:
test (3.11)	UNKNOWN STEP	2026-08-30T06:40:01.8382399Z hint:
test (3.11)	UNKNOWN STEP	2026-08-30T06:40:01.8382820Z hint: 	git branch -m <name>
test (3.11)	UNKNOWN STEP	2026-08-30T06:40:01.8383312Z hint:
test (3.11)	UNKNOWN STEP	2026-08-30T06:40:01.8383944Z hint: Disable this message with "git config set advice.defaultBranchName false"
test (3.11)	UNKNOWN STEP	2026-08-30T06:40:01.8385000Z Initialized empty Git repository in /home/runner/work/vac-protocol/vac-protocol/.git/
test (3.11)	UNKNOWN STEP	2026-08-30T06:40:01.8387090Z [command]/usr/bin/git remote add origin https://github.com/egnaro9/vac-protocol
test (3.11)	UNKNOWN STEP	2026-08-30T06:40:01.8429906Z ##[endgroup]
test (3.11)	UNKNOWN STEP	2026-08-30T06:40:01.8430679Z ##[group]Disabling automatic garbage collection
test (3.11)	UNKNOWN STEP	2026-08-30T06:40:01.8433143Z [command]/usr/bin/git config --local gc.auto 0
test (3.11)	UNKNOWN STEP	2026-08-30T06:40:01.8460394Z ##[endgroup]
test (3.11)	UNKNOWN STEP	2026-08-30T06:40:01.8461087Z ##[group]Setting up auth
test (3.11)	UNKNOWN STEP	2026-08-30T06:40:01.8465201Z [command]/usr/bin/git config --local --name-only --get-regexp core\.sshCommand
test (3.11)	UNKNOWN STEP	2026-08-30T06:40:01.8494383Z [command]/usr/bin/git submodule foreach --recursive sh -c "git config --local --name-only --get-regexp 'core\.sshCommand' && git config --local --unset-all 'core.sshCommand' || :"
test (3.11)	UNKNOWN STEP	2026-08-30T06:40:01.8889009Z [command]/usr/bin/git config --local --name-only --get-regexp http\.https\:\/\/github\.com\/\.extraheader
test (3.11)	UNKNOWN STEP	2026-08-30T06:40:01.8924232Z [command]/usr/bin/git submodule foreach --recursive sh -c "git config --local --name-only --get-regexp 'http\.https\:\/\/github\.com\/\.extraheader' && git config --local --unset-all 'http.https://github.com/.extraheader' || :"
test (3.11)	UNKNOWN STEP	2026-08-30T06:40:01.9125629Z [command]/usr/bin/git config --local --name-only --get-regexp ^includeIf\.gitdir:
test (3.11)	UNKNOWN STEP	2026-08-30T06:40:01.9157043Z [command]/usr/bin/git submodule foreach --recursive git config --local --show-origin --name-only --get-regexp remote.origin.url
test (3.11)	UNKNOWN STEP	2026-08-30T06:40:01.9343175Z [command]/usr/bin/git config --local http.https://github.com/.extraheader AUTHORIZATION: basic ***
test (3.11)	UNKNOWN STEP	2026-08-30T06:40:01.9375950Z ##[endgroup]
test (3.11)	UNKNOWN STEP	2026-08-30T06:40:01.9376647Z ##[group]Fetching the repository
test (3.11)	UNKNOWN STEP	2026-08-30T06:40:01.9382565Z [command]/usr/bin/git -c protocol.version=2 fetch --no-tags --prune --no-recurse-submodules --depth=1 origin +652e71bc0dcf39aa26c01995d94741325325eff5:refs/remotes/origin/main
test (3.11)	UNKNOWN STEP	2026-08-30T06:40:03.1641421Z From https://github.com/egnaro9/vac-protocol
test (3.11)	UNKNOWN STEP	2026-08-30T06:40:03.1643096Z  * [new ref]         652e71bc0dcf39aa26c01995d94741325325eff5 -> origin/main
test (3.11)	UNKNOWN STEP	2026-08-30T06:40:03.1645900Z ##[endgroup]
test (3.11)	UNKNOWN STEP	2026-08-30T06:40:03.1646866Z ##[group]Determining the checkout info
test (3.11)	UNKNOWN STEP	2026-08-30T06:40:03.1648035Z ##[endgroup]
test (3.11)	UNKNOWN STEP	2026-08-30T06:40:03.1651149Z [command]/usr/bin/git sparse-checkout disable
test (3.11)	UNKNOWN STEP	2026-08-30T06:40:03.1695591Z [command]/usr/bin/git config --local --unset-all extensions.worktreeConfig
test (3.11)	UNKNOWN STEP	2026-08-30T06:40:03.1723420Z ##[group]Checking out the ref
test (3.11)	UNKNOWN STEP	2026-08-30T06:40:03.1725963Z [command]/usr/bin/git checkout --progress --force -B main refs/remotes/origin/main
test (3.11)	UNKNOWN STEP	2026-08-30T06:40:03.1945897Z Switched to a new branch 'main'
test (3.11)	UNKNOWN STEP	2026-08-30T06:40:03.1950462Z branch 'main' set up to track 'origin/main'.
test (3.11)	UNKNOWN STEP	2026-08-30T06:40:03.1956320Z ##[endgroup]
test (3.11)	UNKNOWN STEP	2026-08-30T06:40:03.1990799Z [command]/usr/bin/git log -1 --format=%H
test (3.11)	UNKNOWN STEP	2026-08-30T06:40:03.2013233Z 652e71bc0dcf39aa26c01995d94741325325eff5
test (3.11)	UNKNOWN STEP	2026-08-30T06:40:03.2290645Z Node 20 is being deprecated. This workflow is running with Node 24 by default. If you need to temporarily use Node 20, you can set the ACTIONS_ALLOW_USE_UNSECURE_NODE_VERSION=true environment variable. For more information see: https://github.blog/changelog/2025-09-19-deprecation-of-node-20-on-github-actions-runners/
test (3.11)	UNKNOWN STEP	2026-08-30T06:40:03.2294616Z ##[group]Run actions/setup-python@v5
test (3.11)	UNKNOWN STEP	2026-08-30T06:40:03.2295347Z with:
test (3.11)	UNKNOWN STEP	2026-08-30T06:40:03.2295896Z   python-version: 3.11
test (3.11)	UNKNOWN STEP	2026-08-30T06:40:03.2296536Z   check-latest: false
test (3.11)	UNKNOWN STEP	2026-08-30T06:40:03.2302611Z   token: ***
test (3.11)	UNKNOWN STEP	2026-08-30T06:40:03.2303199Z   update-environment: true
test (3.11)	UNKNOWN STEP	2026-08-30T06:40:03.2303886Z   allow-prereleases: false
test (3.11)	UNKNOWN STEP	2026-08-30T06:40:03.2304545Z   freethreaded: false
test (3.11)	UNKNOWN STEP	2026-08-30T06:40:03.2305145Z ##[endgroup]
test (3.11)	UNKNOWN STEP	2026-08-30T06:40:03.3157319Z ##[group]Installed versions
test (3.11)	UNKNOWN STEP	2026-08-30T06:40:03.3223461Z (node:2069) [DEP0040] DeprecationWarning: The `punycode` module is deprecated. Please use a userland alternative instead.
test (3.11)	UNKNOWN STEP	2026-08-30T06:40:03.3226019Z (Use `node --trace-deprecation ...` to show where the warning was created)
test (3.11)	UNKNOWN STEP	2026-08-30T06:40:03.3227681Z Successfully set up CPython (3.11.16)
test (3.11)	UNKNOWN STEP	2026-08-30T06:40:03.3229327Z ##[endgroup]
test (3.11)	UNKNOWN STEP	2026-08-30T06:40:03.3462101Z ##[group]Run pip install -e ".[test]"
test (3.11)	UNKNOWN STEP	2026-08-30T06:40:03.3463396Z ^[[36;1mpip install -e ".[test]"^[[0m
test (3.11)	UNKNOWN STEP	2026-08-30T06:40:03.3529015Z shell: /usr/bin/bash -e {0}
test (3.11)	UNKNOWN STEP	2026-08-30T06:40:03.3529975Z env:
test (3.11)	UNKNOWN STEP	2026-08-30T06:40:03.3530705Z   pythonLocation: /opt/hostedtoolcache/Python/3.11.16/x64
test (3.11)	UNKNOWN STEP	2026-08-30T06:40:03.3531880Z   PKG_CONFIG_PATH: /opt/hostedtoolcache/Python/3.11.16/x64/lib/pkgconfig
test (3.11)	UNKNOWN STEP	2026-08-30T06:40:03.3533053Z   Python_ROOT_DIR: /opt/hostedtoolcache/Python/3.11.16/x64
test (3.11)	UNKNOWN STEP	2026-08-30T06:40:03.3534110Z   Python2_ROOT_DIR: /opt/hostedtoolcache/Python/3.11.16/x64
test (3.11)	UNKNOWN STEP	2026-08-30T06:40:03.3535185Z   Python3_ROOT_DIR: /opt/hostedtoolcache/Python/3.11.16/x64
test (3.11)	UNKNOWN STEP	2026-08-30T06:40:03.3536376Z   LD_LIBRARY_PATH: /opt/hostedtoolcache/Python/3.11.16/x64/lib
test (3.11)	UNKNOWN STEP	2026-08-30T06:40:03.3537282Z ##[endgroup]
test (3.11)	UNKNOWN STEP	2026-08-30T06:40:04.8789714Z Obtaining file:///home/runner/work/vac-protocol/vac-protocol
test (3.11)	UNKNOWN STEP	2026-08-30T06:40:04.8803624Z   Installing build dependencies: started
test (3.11)	UNKNOWN STEP	2026-08-30T06:40:05.6283873Z   Installing build dependencies: finished with status 'done'
test (3.11)	UNKNOWN STEP	2026-08-30T06:40:05.6288363Z   Checking if build backend supports build_editable: started
test (3.11)	UNKNOWN STEP	2026-08-30T06:40:05.8465453Z   Checking if build backend supports build_editable: finished with status 'done'
test (3.11)	UNKNOWN STEP	2026-08-30T06:40:05.8471490Z   Getting requirements to build editable: started
test (3.11)	UNKNOWN STEP	2026-08-30T06:40:06.0605448Z   Getting requirements to build editable: finished with status 'done'
test (3.11)	UNKNOWN STEP	2026-08-30T06:40:06.0612258Z   Preparing editable metadata (pyproject.toml): started
test (3.11)	UNKNOWN STEP	2026-08-30T06:40:06.1772252Z   Preparing editable metadata (pyproject.toml): finished with status 'done'
test (3.11)	UNKNOWN STEP	2026-08-30T06:40:06.3041495Z Collecting pytest (from vac-protocol==0.1.0)
test (3.11)	UNKNOWN STEP	2026-08-30T06:40:06.3556537Z   Downloading pytest-9.1.1-py3-none-any.whl.metadata (7.6 kB)
test (3.11)	UNKNOWN STEP	2026-08-30T06:40:06.3976354Z Collecting iniconfig>=1.0.1 (from pytest->vac-protocol==0.1.0)
test (3.11)	UNKNOWN STEP	2026-08-30T06:40:06.4040720Z   Downloading iniconfig-2.3.0-py3-none-any.whl.metadata (2.5 kB)
test (3.11)	UNKNOWN STEP	2026-08-30T06:40:06.4231550Z Collecting packaging>=22 (from pytest->vac-protocol==0.1.0)
test (3.11)	UNKNOWN STEP	2026-08-30T06:40:06.4296594Z   Downloading packaging-26.3-py3-none-any.whl.metadata (3.5 kB)
test (3.11)	UNKNOWN STEP	2026-08-30T06:40:06.5125390Z Collecting pluggy<2,>=1.5 (from pytest->vac-protocol==0.1.0)
test (3.11)	UNKNOWN STEP	2026-08-30T06:40:06.5193316Z   Downloading pluggy-1.6.0-py3-none-any.whl.metadata (4.8 kB)
test (3.11)	UNKNOWN STEP	2026-08-30T06:40:06.6298064Z Collecting pygments>=2.7.2 (from pytest->vac-protocol==0.1.0)
test (3.11)	UNKNOWN STEP	2026-08-30T06:40:06.6363745Z   Downloading pygments-2.21.0-py3-none-any.whl.metadata (2.5 kB)
test (3.11)	UNKNOWN STEP	2026-08-30T06:40:06.6468305Z Downloading pytest-9.1.1-py3-none-any.whl (386 kB)
test (3.11)	UNKNOWN STEP	2026-08-30T06:40:06.6768267Z Downloading pluggy-1.6.0-py3-none-any.whl (20 kB)
test (3.11)	UNKNOWN STEP	2026-08-30T06:40:06.6881382Z Downloading iniconfig-2.3.0-py3-none-any.whl (7.5 kB)
test (3.11)	UNKNOWN STEP	2026-08-30T06:40:06.6961689Z Downloading packaging-26.3-py3-none-any.whl (129 kB)
test (3.11)	UNKNOWN STEP	2026-08-30T06:40:06.9826302Z Downloading pygments-2.21.0-py3-none-any.whl (1.3 MB)
test (3.11)	UNKNOWN STEP	2026-08-30T06:40:07.1666574Z    ━━━━━━━━━━━━━━━━━━━━━━━━━━━━━━━━━━━━━━━━ 1.3/1.3 MB 5.6 MB/s  0:00:00
test (3.11)	UNKNOWN STEP	2026-08-30T06:40:07.1870776Z Building wheels for collected packages: vac-protocol
test (3.11)	UNKNOWN STEP	2026-08-30T06:40:07.1875983Z   Building editable for vac-protocol (pyproject.toml): started
test (3.11)	UNKNOWN STEP	2026-08-30T06:40:07.3216568Z   Building editable for vac-protocol (pyproject.toml): finished with status 'done'
test (3.11)	UNKNOWN STEP	2026-08-30T06:40:07.3221799Z   Created wheel for vac-protocol: filename=vac_protocol-0.1.0-0.editable-py3-none-any.whl size=8850 sha256=db9d4daaac95e3e297fa993951e1a5aa7d8a12dcea899029170a21e38b4a467d
test (3.11)	UNKNOWN STEP	2026-08-30T06:40:07.3237514Z   Stored in directory: /tmp/pip-ephem-wheel-cache-x344x4ju/wheels/c2/b6/47/ad3fc2a6b8a0cd36ac358c99afd0e641db30df633f424b77c4
test (3.11)	UNKNOWN STEP	2026-08-30T06:40:07.3238058Z Successfully built vac-protocol
test (3.11)	UNKNOWN STEP	2026-08-30T06:40:07.3371867Z Installing collected packages: vac-protocol, pygments, pluggy, packaging, iniconfig, pytest
test (3.11)	UNKNOWN STEP	2026-08-30T06:40:07.9833876Z 
test (3.11)	UNKNOWN STEP	2026-08-30T06:40:07.9841022Z Successfully installed iniconfig-2.3.0 packaging-26.3 pluggy-1.6.0 pygments-2.21.0 pytest-9.1.1 vac-protocol-0.1.0
test (3.11)	UNKNOWN STEP	2026-08-30T06:40:08.0466766Z ##[group]Run python -m pytest tests/ -q
test (3.11)	UNKNOWN STEP	2026-08-30T06:40:08.0467000Z ^[[36;1mpython -m pytest tests/ -q^[[0m
test (3.11)	UNKNOWN STEP	2026-08-30T06:40:08.0498253Z shell: /usr/bin/bash -e {0}
test (3.11)	UNKNOWN STEP	2026-08-30T06:40:08.0498392Z env:
test (3.11)	UNKNOWN STEP	2026-08-30T06:40:08.0498545Z   pythonLocation: /opt/hostedtoolcache/Python/3.11.16/x64
test (3.11)	UNKNOWN STEP	2026-08-30T06:40:08.0498786Z   PKG_CONFIG_PATH: /opt/hostedtoolcache/Python/3.11.16/x64/lib/pkgconfig
test (3.11)	UNKNOWN STEP	2026-08-30T06:40:08.0499020Z   Python_ROOT_DIR: /opt/hostedtoolcache/Python/3.11.16/x64
test (3.11)	UNKNOWN STEP	2026-08-30T06:40:08.0499234Z   Python2_ROOT_DIR: /opt/hostedtoolcache/Python/3.11.16/x64
test (3.11)	UNKNOWN STEP	2026-08-30T06:40:08.0499445Z   Python3_ROOT_DIR: /opt/hostedtoolcache/Python/3.11.16/x64
test (3.11)	UNKNOWN STEP	2026-08-30T06:40:08.0499785Z   LD_LIBRARY_PATH: /opt/hostedtoolcache/Python/3.11.16/x64/lib
test (3.11)	UNKNOWN STEP	2026-08-30T06:40:08.0499964Z ##[endgroup]
test (3.11)	UNKNOWN STEP	2026-08-30T06:40:09.6960828Z ......................xxx.s...s..x....ssss.............................. [ 20%]
test (3.11)	UNKNOWN STEP	2026-08-30T06:40:09.8557770Z ........................................................................ [ 41%]
test (3.11)	UNKNOWN STEP	2026-08-30T06:40:10.6076297Z ...........................................................s............ [ 62%]
test (3.11)	UNKNOWN STEP	2026-08-30T06:40:10.8216530Z ........................................s.ss.....ssssssssss............. [ 83%]
test (3.11)	UNKNOWN STEP	2026-08-30T06:40:11.1062730Z ........................................................                 [100%]
test (3.11)	UNKNOWN STEP	2026-08-30T06:40:11.1063237Z 320 passed, 20 skipped, 4 xfailed in 2.54s
test (3.11)	UNKNOWN STEP	2026-08-30T06:40:11.1376281Z Node 20 is being deprecated. This workflow is running with Node 24 by default. If you need to temporarily use Node 20, you can set the ACTIONS_ALLOW_USE_UNSECURE_NODE_VERSION=true environment variable. For more information see: https://github.blog/changelog/2025-09-19-deprecation-of-node-20-on-github-actions-runners/
test (3.11)	UNKNOWN STEP	2026-08-30T06:40:11.1376943Z Post job cleanup.
test (3.11)	UNKNOWN STEP	2026-08-30T06:40:11.2215789Z (node:2619) [DEP0040] DeprecationWarning: The `punycode` module is deprecated. Please use a userland alternative instead.
test (3.11)	UNKNOWN STEP	2026-08-30T06:40:11.2216250Z (Use `node --trace-deprecation ...` to show where the warning was created)
test (3.11)	UNKNOWN STEP	2026-08-30T06:40:11.2364057Z Node 20 is being deprecated. This workflow is running with Node 24 by default. If you need to temporarily use Node 20, you can set the ACTIONS_ALLOW_USE_UNSECURE_NODE_VERSION=true environment variable. For more information see: https://github.blog/changelog/2025-09-19-deprecation-of-node-20-on-github-actions-runners/
test (3.11)	UNKNOWN STEP	2026-08-30T06:40:11.2365162Z Post job cleanup.
test (3.11)	UNKNOWN STEP	2026-08-30T06:40:11.2952730Z [command]/usr/bin/git version
test (3.11)	UNKNOWN STEP	2026-08-30T06:40:11.2980212Z git version 2.55.0
test (3.11)	UNKNOWN STEP	2026-08-30T06:40:11.3008036Z Temporarily overriding HOME='/home/runner/work/_temp/b05da4ad-b2a5-4c3a-bac5-e05431cd8b33' before making global git config changes
test (3.11)	UNKNOWN STEP	2026-08-30T06:40:11.3008688Z Adding repository directory to the temporary git global config as a safe directory
test (3.11)	UNKNOWN STEP	2026-08-30T06:40:11.3012936Z [command]/usr/bin/git config --global --add safe.directory /home/runner/work/vac-protocol/vac-protocol
test (3.11)	UNKNOWN STEP	2026-08-30T06:40:11.3048338Z [command]/usr/bin/git config --local --name-only --get-regexp core\.sshCommand
test (3.11)	UNKNOWN STEP	2026-08-30T06:40:11.3078864Z [command]/usr/bin/git submodule foreach --recursive sh -c "git config --local --name-only --get-regexp 'core\.sshCommand' && git config --local --unset-all 'core.sshCommand' || :"
test (3.11)	UNKNOWN STEP	2026-08-30T06:40:11.3295932Z [command]/usr/bin/git config --local --name-only --get-regexp http\.https\:\/\/github\.com\/\.extraheader
test (3.11)	UNKNOWN STEP	2026-08-30T06:40:11.3323071Z http.https://github.com/.extraheader
test (3.11)	UNKNOWN STEP	2026-08-30T06:40:11.3333126Z [command]/usr/bin/git config --local --unset-all http.https://github.com/.extraheader
test (3.11)	UNKNOWN STEP	2026-08-30T06:40:11.3366546Z [command]/usr/bin/git submodule foreach --recursive sh -c "git config --local --name-only --get-regexp 'http\.https\:\/\/github\.com\/\.extraheader' && git config --local --unset-all 'http.https://github.com/.extraheader' || :"
test (3.11)	UNKNOWN STEP	2026-08-30T06:40:11.3577049Z [command]/usr/bin/git config --local --name-only --get-regexp ^includeIf\.gitdir:
test (3.11)	UNKNOWN STEP	2026-08-30T06:40:11.3615911Z [command]/usr/bin/git submodule foreach --recursive git config --local --show-origin --name-only --get-regexp remote.origin.url
test (3.11)	UNKNOWN STEP	2026-08-30T06:40:11.3968036Z Cleaning up orphan processes
test (3.11)	UNKNOWN STEP	2026-08-30T06:40:11.4165829Z ##[warning]Node.js 20 is deprecated. The following actions target Node.js 20 but are being forced to run on Node.js 24: actions/checkout@v4, actions/setup-python@v5. For more information see: https://github.blog/changelog/2025-09-19-deprecation-of-node-20-on-github-actions-runners/
