invalidation-liveness	Set up job	﻿2026-08-28T18:05:40.3875841Z Current runner version: '2.336.0'
invalidation-liveness	Set up job	2026-08-28T18:05:40.3902600Z ##[group]Runner Image Provisioner
invalidation-liveness	Set up job	2026-08-28T18:05:40.3903658Z Hosted Compute Agent
invalidation-liveness	Set up job	2026-08-28T18:05:40.3904290Z Version: 20260819.586
invalidation-liveness	Set up job	2026-08-28T18:05:40.3904947Z Commit: 3cc4a88dfa507ef76119ad1bb3eccc6378bb2b76
invalidation-liveness	Set up job	2026-08-28T18:05:40.3905778Z Build Date: 2026-08-18T23:20:18Z
invalidation-liveness	Set up job	2026-08-28T18:05:40.3906452Z Worker ID: {63924e1f-94af-4492-9d13-ea61c780ab69}
invalidation-liveness	Set up job	2026-08-28T18:05:40.3907242Z Azure Region: westus
invalidation-liveness	Set up job	2026-08-28T18:05:40.3907836Z ##[endgroup]
invalidation-liveness	Set up job	2026-08-28T18:05:40.3909323Z ##[group]Operating System
invalidation-liveness	Set up job	2026-08-28T18:05:40.3910044Z Ubuntu
invalidation-liveness	Set up job	2026-08-28T18:05:40.3910560Z 24.04.4
invalidation-liveness	Set up job	2026-08-28T18:05:40.3911565Z LTS
invalidation-liveness	Set up job	2026-08-28T18:05:40.3912197Z ##[endgroup]
invalidation-liveness	Set up job	2026-08-28T18:05:40.3913001Z ##[group]Runner Image
invalidation-liveness	Set up job	2026-08-28T18:05:40.3913664Z Image: ubuntu-24.04
invalidation-liveness	Set up job	2026-08-28T18:05:40.3914230Z Version: 20260823.283.1
invalidation-liveness	Set up job	2026-08-28T18:05:40.3915302Z Included Software: https://github.com/actions/runner-images/blob/ubuntu24/20260823.283/images/ubuntu/Ubuntu2404-Readme.md
invalidation-liveness	Set up job	2026-08-28T18:05:40.3917122Z Image Release: https://github.com/actions/runner-images/releases/tag/ubuntu24%2F20260823.283
invalidation-liveness	Set up job	2026-08-28T18:05:40.3918141Z ##[endgroup]
invalidation-liveness	Set up job	2026-08-28T18:05:40.3919329Z ##[group]GITHUB_TOKEN Permissions
invalidation-liveness	Set up job	2026-08-28T18:05:40.3921334Z Contents: read
invalidation-liveness	Set up job	2026-08-28T18:05:40.3921954Z Metadata: read
invalidation-liveness	Set up job	2026-08-28T18:05:40.3922927Z Packages: read
invalidation-liveness	Set up job	2026-08-28T18:05:40.3923587Z ##[endgroup]
invalidation-liveness	Set up job	2026-08-28T18:05:40.3926328Z Secret source: Actions
invalidation-liveness	Set up job	2026-08-28T18:05:40.3927708Z Prepare workflow directory
invalidation-liveness	Set up job	2026-08-28T18:05:40.4332141Z Prepare all required actions
invalidation-liveness	Set up job	2026-08-28T18:05:40.4382104Z Getting action download info
invalidation-liveness	Set up job	2026-08-28T18:05:40.7962998Z Download action repository 'actions/checkout@v4' (SHA:11d5960a326750d5838078e36cf38b85af677262)
invalidation-liveness	Set up job	2026-08-28T18:05:40.9623501Z Download action repository 'actions/setup-python@v5' (SHA:a26af69be951a213d495a4c3e4e4022e16d87065)
invalidation-liveness	Set up job	2026-08-28T18:05:41.1485735Z Complete job name: invalidation-liveness
invalidation-liveness	Run actions/checkout@v4	﻿2026-08-28T18:05:41.2368584Z Node 20 is being deprecated. This workflow is running with Node 24 by default. If you need to temporarily use Node 20, you can set the ACTIONS_ALLOW_USE_UNSECURE_NODE_VERSION=true environment variable. For more information see: https://github.blog/changelog/2025-09-19-deprecation-of-node-20-on-github-actions-runners/
invalidation-liveness	Run actions/checkout@v4	2026-08-28T18:05:41.2378287Z ##[group]Run actions/checkout@v4
invalidation-liveness	Run actions/checkout@v4	2026-08-28T18:05:41.2379085Z with:
invalidation-liveness	Run actions/checkout@v4	2026-08-28T18:05:41.2379555Z   repository: egnaro9/vac-protocol
invalidation-liveness	Run actions/checkout@v4	2026-08-28T18:05:41.2383576Z   token: ***
invalidation-liveness	Run actions/checkout@v4	2026-08-28T18:05:41.2384035Z   ssh-strict: true
invalidation-liveness	Run actions/checkout@v4	2026-08-28T18:05:41.2384483Z   ssh-user: git
invalidation-liveness	Run actions/checkout@v4	2026-08-28T18:05:41.2384932Z   persist-credentials: true
invalidation-liveness	Run actions/checkout@v4	2026-08-28T18:05:41.2385430Z   clean: true
invalidation-liveness	Run actions/checkout@v4	2026-08-28T18:05:41.2385877Z   sparse-checkout-cone-mode: true
invalidation-liveness	Run actions/checkout@v4	2026-08-28T18:05:41.2386404Z   fetch-depth: 1
invalidation-liveness	Run actions/checkout@v4	2026-08-28T18:05:41.2386840Z   fetch-tags: false
invalidation-liveness	Run actions/checkout@v4	2026-08-28T18:05:41.2387287Z   show-progress: true
invalidation-liveness	Run actions/checkout@v4	2026-08-28T18:05:41.2387736Z   lfs: false
invalidation-liveness	Run actions/checkout@v4	2026-08-28T18:05:41.2388149Z   submodules: false
invalidation-liveness	Run actions/checkout@v4	2026-08-28T18:05:41.2388653Z   set-safe-directory: true
invalidation-liveness	Run actions/checkout@v4	2026-08-28T18:05:41.2389170Z   allow-unsafe-pr-checkout: false
invalidation-liveness	Run actions/checkout@v4	2026-08-28T18:05:41.2390184Z ##[endgroup]
invalidation-liveness	Run actions/checkout@v4	2026-08-28T18:05:41.3482905Z Syncing repository: egnaro9/vac-protocol
invalidation-liveness	Run actions/checkout@v4	2026-08-28T18:05:41.3485760Z ##[group]Getting Git version info
invalidation-liveness	Run actions/checkout@v4	2026-08-28T18:05:41.3487006Z Working directory is '/home/runner/work/vac-protocol/vac-protocol'
invalidation-liveness	Run actions/checkout@v4	2026-08-28T18:05:41.3488830Z [command]/usr/bin/git version
invalidation-liveness	Run actions/checkout@v4	2026-08-28T18:05:41.3564085Z git version 2.55.0
invalidation-liveness	Run actions/checkout@v4	2026-08-28T18:05:41.3586726Z ##[endgroup]
invalidation-liveness	Run actions/checkout@v4	2026-08-28T18:05:41.3604491Z Temporarily overriding HOME='/home/runner/work/_temp/4acf229d-49ea-4574-8bdd-8af8f73326c5' before making global git config changes
invalidation-liveness	Run actions/checkout@v4	2026-08-28T18:05:41.3621030Z Adding repository directory to the temporary git global config as a safe directory
invalidation-liveness	Run actions/checkout@v4	2026-08-28T18:05:41.3622834Z [command]/usr/bin/git config --global --add safe.directory /home/runner/work/vac-protocol/vac-protocol
invalidation-liveness	Run actions/checkout@v4	2026-08-28T18:05:41.3680205Z Deleting the contents of '/home/runner/work/vac-protocol/vac-protocol'
invalidation-liveness	Run actions/checkout@v4	2026-08-28T18:05:41.3684102Z ##[group]Initializing the repository
invalidation-liveness	Run actions/checkout@v4	2026-08-28T18:05:41.3689845Z [command]/usr/bin/git init /home/runner/work/vac-protocol/vac-protocol
invalidation-liveness	Run actions/checkout@v4	2026-08-28T18:05:41.3817865Z hint: Using 'master' as the name for the initial branch. This default branch name
invalidation-liveness	Run actions/checkout@v4	2026-08-28T18:05:41.3819969Z hint: will change to "main" in Git 3.0. To configure the initial branch name
invalidation-liveness	Run actions/checkout@v4	2026-08-28T18:05:41.3821576Z hint: to use in all of your new repositories, which will suppress this warning,
invalidation-liveness	Run actions/checkout@v4	2026-08-28T18:05:41.3823501Z hint: call:
invalidation-liveness	Run actions/checkout@v4	2026-08-28T18:05:41.3824398Z hint:
invalidation-liveness	Run actions/checkout@v4	2026-08-28T18:05:41.3825270Z hint: 	git config --global init.defaultBranch <name>
invalidation-liveness	Run actions/checkout@v4	2026-08-28T18:05:41.3826337Z hint:
invalidation-liveness	Run actions/checkout@v4	2026-08-28T18:05:41.3827311Z hint: Names commonly chosen instead of 'master' are 'main', 'trunk' and
invalidation-liveness	Run actions/checkout@v4	2026-08-28T18:05:41.3828930Z hint: 'development'. The just-created branch can be renamed via this command:
invalidation-liveness	Run actions/checkout@v4	2026-08-28T18:05:41.3830237Z hint:
invalidation-liveness	Run actions/checkout@v4	2026-08-28T18:05:41.3830912Z hint: 	git branch -m <name>
invalidation-liveness	Run actions/checkout@v4	2026-08-28T18:05:41.3831668Z hint:
invalidation-liveness	Run actions/checkout@v4	2026-08-28T18:05:41.3832998Z hint: Disable this message with "git config set advice.defaultBranchName false"
invalidation-liveness	Run actions/checkout@v4	2026-08-28T18:05:41.3834738Z Initialized empty Git repository in /home/runner/work/vac-protocol/vac-protocol/.git/
invalidation-liveness	Run actions/checkout@v4	2026-08-28T18:05:41.3837567Z [command]/usr/bin/git remote add origin https://github.com/egnaro9/vac-protocol
invalidation-liveness	Run actions/checkout@v4	2026-08-28T18:05:41.3899710Z ##[endgroup]
invalidation-liveness	Run actions/checkout@v4	2026-08-28T18:05:41.3900655Z ##[group]Disabling automatic garbage collection
invalidation-liveness	Run actions/checkout@v4	2026-08-28T18:05:41.3904712Z [command]/usr/bin/git config --local gc.auto 0
invalidation-liveness	Run actions/checkout@v4	2026-08-28T18:05:41.3950006Z ##[endgroup]
invalidation-liveness	Run actions/checkout@v4	2026-08-28T18:05:41.3950864Z ##[group]Setting up auth
invalidation-liveness	Run actions/checkout@v4	2026-08-28T18:05:41.3959152Z [command]/usr/bin/git config --local --name-only --get-regexp core\.sshCommand
invalidation-liveness	Run actions/checkout@v4	2026-08-28T18:05:41.3999873Z [command]/usr/bin/git submodule foreach --recursive sh -c "git config --local --name-only --get-regexp 'core\.sshCommand' && git config --local --unset-all 'core.sshCommand' || :"
invalidation-liveness	Run actions/checkout@v4	2026-08-28T18:05:41.4487556Z [command]/usr/bin/git config --local --name-only --get-regexp http\.https\:\/\/github\.com\/\.extraheader
invalidation-liveness	Run actions/checkout@v4	2026-08-28T18:05:41.4528045Z [command]/usr/bin/git submodule foreach --recursive sh -c "git config --local --name-only --get-regexp 'http\.https\:\/\/github\.com\/\.extraheader' && git config --local --unset-all 'http.https://github.com/.extraheader' || :"
invalidation-liveness	Run actions/checkout@v4	2026-08-28T18:05:41.4794940Z [command]/usr/bin/git config --local --name-only --get-regexp ^includeIf\.gitdir:
invalidation-liveness	Run actions/checkout@v4	2026-08-28T18:05:41.4839284Z [command]/usr/bin/git submodule foreach --recursive git config --local --show-origin --name-only --get-regexp remote.origin.url
invalidation-liveness	Run actions/checkout@v4	2026-08-28T18:05:41.5109279Z [command]/usr/bin/git config --local http.https://github.com/.extraheader AUTHORIZATION: basic ***
invalidation-liveness	Run actions/checkout@v4	2026-08-28T18:05:41.5146853Z ##[endgroup]
invalidation-liveness	Run actions/checkout@v4	2026-08-28T18:05:41.5148347Z ##[group]Fetching the repository
invalidation-liveness	Run actions/checkout@v4	2026-08-28T18:05:41.5160788Z [command]/usr/bin/git -c protocol.version=2 fetch --no-tags --prune --no-recurse-submodules --depth=1 origin +08f995bd493a170cec01c153a5d9482317caaa0c:refs/remotes/origin/spec/v0.2-scope-binding
invalidation-liveness	Run actions/checkout@v4	2026-08-28T18:05:42.0858768Z From https://github.com/egnaro9/vac-protocol
invalidation-liveness	Run actions/checkout@v4	2026-08-28T18:05:42.0861120Z  * [new ref]         08f995bd493a170cec01c153a5d9482317caaa0c -> origin/spec/v0.2-scope-binding
invalidation-liveness	Run actions/checkout@v4	2026-08-28T18:05:42.0864647Z ##[endgroup]
invalidation-liveness	Run actions/checkout@v4	2026-08-28T18:05:42.0866134Z ##[group]Determining the checkout info
invalidation-liveness	Run actions/checkout@v4	2026-08-28T18:05:42.0867501Z ##[endgroup]
invalidation-liveness	Run actions/checkout@v4	2026-08-28T18:05:42.0872988Z [command]/usr/bin/git sparse-checkout disable
invalidation-liveness	Run actions/checkout@v4	2026-08-28T18:05:42.0932719Z [command]/usr/bin/git config --local --unset-all extensions.worktreeConfig
invalidation-liveness	Run actions/checkout@v4	2026-08-28T18:05:42.0967964Z ##[group]Checking out the ref
invalidation-liveness	Run actions/checkout@v4	2026-08-28T18:05:42.0973287Z [command]/usr/bin/git checkout --progress --force -B spec/v0.2-scope-binding refs/remotes/origin/spec/v0.2-scope-binding
invalidation-liveness	Run actions/checkout@v4	2026-08-28T18:05:42.1280000Z Switched to a new branch 'spec/v0.2-scope-binding'
invalidation-liveness	Run actions/checkout@v4	2026-08-28T18:05:42.1287156Z branch 'spec/v0.2-scope-binding' set up to track 'origin/spec/v0.2-scope-binding'.
invalidation-liveness	Run actions/checkout@v4	2026-08-28T18:05:42.1295284Z ##[endgroup]
invalidation-liveness	Run actions/checkout@v4	2026-08-28T18:05:42.1345597Z [command]/usr/bin/git log -1 --format=%H
invalidation-liveness	Run actions/checkout@v4	2026-08-28T18:05:42.1375958Z 08f995bd493a170cec01c153a5d9482317caaa0c
invalidation-liveness	Run actions/setup-python@v5	﻿2026-08-28T18:05:42.1779880Z Node 20 is being deprecated. This workflow is running with Node 24 by default. If you need to temporarily use Node 20, you can set the ACTIONS_ALLOW_USE_UNSECURE_NODE_VERSION=true environment variable. For more information see: https://github.blog/changelog/2025-09-19-deprecation-of-node-20-on-github-actions-runners/
invalidation-liveness	Run actions/setup-python@v5	2026-08-28T18:05:42.1786194Z ##[group]Run actions/setup-python@v5
invalidation-liveness	Run actions/setup-python@v5	2026-08-28T18:05:42.1787333Z with:
invalidation-liveness	Run actions/setup-python@v5	2026-08-28T18:05:42.1788133Z   python-version: 3.12
invalidation-liveness	Run actions/setup-python@v5	2026-08-28T18:05:42.1789084Z   check-latest: false
invalidation-liveness	Run actions/setup-python@v5	2026-08-28T18:05:42.1799226Z   token: ***
invalidation-liveness	Run actions/setup-python@v5	2026-08-28T18:05:42.1800095Z   update-environment: true
invalidation-liveness	Run actions/setup-python@v5	2026-08-28T18:05:42.1801128Z   allow-prereleases: false
invalidation-liveness	Run actions/setup-python@v5	2026-08-28T18:05:42.1802131Z   freethreaded: false
invalidation-liveness	Run actions/setup-python@v5	2026-08-28T18:05:42.1803174Z ##[endgroup]
invalidation-liveness	Run actions/setup-python@v5	2026-08-28T18:05:42.3265378Z ##[group]Installed versions
invalidation-liveness	Run actions/setup-python@v5	2026-08-28T18:05:42.3375055Z (node:2177) [DEP0040] DeprecationWarning: The `punycode` module is deprecated. Please use a userland alternative instead.
invalidation-liveness	Run actions/setup-python@v5	2026-08-28T18:05:42.3379544Z (Use `node --trace-deprecation ...` to show where the warning was created)
invalidation-liveness	Run actions/setup-python@v5	2026-08-28T18:05:42.3382767Z Successfully set up CPython (3.12.14)
invalidation-liveness	Run actions/setup-python@v5	2026-08-28T18:05:42.3385537Z ##[endgroup]
invalidation-liveness	Run pip install -e .	﻿2026-08-28T18:05:42.3709556Z ##[group]Run pip install -e .
invalidation-liveness	Run pip install -e .	2026-08-28T18:05:42.3710982Z ^[[36;1mpip install -e .^[[0m
invalidation-liveness	Run pip install -e .	2026-08-28T18:05:42.3781401Z shell: /usr/bin/bash -e {0}
invalidation-liveness	Run pip install -e .	2026-08-28T18:05:42.3782972Z env:
invalidation-liveness	Run pip install -e .	2026-08-28T18:05:42.3784122Z   pythonLocation: /opt/hostedtoolcache/Python/3.12.14/x64
invalidation-liveness	Run pip install -e .	2026-08-28T18:05:42.3786049Z   PKG_CONFIG_PATH: /opt/hostedtoolcache/Python/3.12.14/x64/lib/pkgconfig
invalidation-liveness	Run pip install -e .	2026-08-28T18:05:42.3787921Z   Python_ROOT_DIR: /opt/hostedtoolcache/Python/3.12.14/x64
invalidation-liveness	Run pip install -e .	2026-08-28T18:05:42.3789591Z   Python2_ROOT_DIR: /opt/hostedtoolcache/Python/3.12.14/x64
invalidation-liveness	Run pip install -e .	2026-08-28T18:05:42.3791290Z   Python3_ROOT_DIR: /opt/hostedtoolcache/Python/3.12.14/x64
invalidation-liveness	Run pip install -e .	2026-08-28T18:05:42.3793279Z   LD_LIBRARY_PATH: /opt/hostedtoolcache/Python/3.12.14/x64/lib
invalidation-liveness	Run pip install -e .	2026-08-28T18:05:42.3794826Z ##[endgroup]
invalidation-liveness	Run pip install -e .	2026-08-28T18:05:43.2925871Z Obtaining file:///home/runner/work/vac-protocol/vac-protocol
invalidation-liveness	Run pip install -e .	2026-08-28T18:05:43.2943475Z   Installing build dependencies: started
invalidation-liveness	Run pip install -e .	2026-08-28T18:05:44.0780292Z   Installing build dependencies: finished with status 'done'
invalidation-liveness	Run pip install -e .	2026-08-28T18:05:44.0786600Z   Checking if build backend supports build_editable: started
invalidation-liveness	Run pip install -e .	2026-08-28T18:05:44.4171555Z   Checking if build backend supports build_editable: finished with status 'done'
invalidation-liveness	Run pip install -e .	2026-08-28T18:05:44.4181131Z   Getting requirements to build editable: started
invalidation-liveness	Run pip install -e .	2026-08-28T18:05:44.7820720Z   Getting requirements to build editable: finished with status 'done'
invalidation-liveness	Run pip install -e .	2026-08-28T18:05:44.7830039Z   Preparing editable metadata (pyproject.toml): started
invalidation-liveness	Run pip install -e .	2026-08-28T18:05:44.9947739Z   Preparing editable metadata (pyproject.toml): finished with status 'done'
invalidation-liveness	Run pip install -e .	2026-08-28T18:05:44.9989300Z Building wheels for collected packages: vac-protocol
invalidation-liveness	Run pip install -e .	2026-08-28T18:05:44.9998895Z   Building editable for vac-protocol (pyproject.toml): started
invalidation-liveness	Run pip install -e .	2026-08-28T18:05:45.2483521Z   Building editable for vac-protocol (pyproject.toml): finished with status 'done'
invalidation-liveness	Run pip install -e .	2026-08-28T18:05:45.2491621Z   Created wheel for vac-protocol: filename=vac_protocol-0.1.0-0.editable-py3-none-any.whl size=8850 sha256=c4ee3c2bc4993e68465d572ef2d3fe5067eb3947c71c4a719c1f4f2035a41fe0
invalidation-liveness	Run pip install -e .	2026-08-28T18:05:45.2494621Z   Stored in directory: /tmp/pip-ephem-wheel-cache-wqxiy6re/wheels/31/93/c0/4effb33ea68d4321a176d9cb097b94ea8b1be9d534ea861dec
invalidation-liveness	Run pip install -e .	2026-08-28T18:05:45.2523589Z Successfully built vac-protocol
invalidation-liveness	Run pip install -e .	2026-08-28T18:05:45.2705688Z Installing collected packages: vac-protocol
invalidation-liveness	Run pip install -e .	2026-08-28T18:05:45.2814413Z Successfully installed vac-protocol-0.1.0
invalidation-liveness	valid bundle verifies clean	﻿2026-08-28T18:05:45.3565660Z ##[group]Run python -m vac.verify fixtures/valid
invalidation-liveness	valid bundle verifies clean	2026-08-28T18:05:45.3566160Z ^[[36;1mpython -m vac.verify fixtures/valid^[[0m
invalidation-liveness	valid bundle verifies clean	2026-08-28T18:05:45.3607234Z shell: /usr/bin/bash -e {0}
invalidation-liveness	valid bundle verifies clean	2026-08-28T18:05:45.3607580Z env:
invalidation-liveness	valid bundle verifies clean	2026-08-28T18:05:45.3607883Z   pythonLocation: /opt/hostedtoolcache/Python/3.12.14/x64
invalidation-liveness	valid bundle verifies clean	2026-08-28T18:05:45.3608385Z   PKG_CONFIG_PATH: /opt/hostedtoolcache/Python/3.12.14/x64/lib/pkgconfig
invalidation-liveness	valid bundle verifies clean	2026-08-28T18:05:45.3609131Z   Python_ROOT_DIR: /opt/hostedtoolcache/Python/3.12.14/x64
invalidation-liveness	valid bundle verifies clean	2026-08-28T18:05:45.3609569Z   Python2_ROOT_DIR: /opt/hostedtoolcache/Python/3.12.14/x64
invalidation-liveness	valid bundle verifies clean	2026-08-28T18:05:45.3610014Z   Python3_ROOT_DIR: /opt/hostedtoolcache/Python/3.12.14/x64
invalidation-liveness	valid bundle verifies clean	2026-08-28T18:05:45.3610460Z   LD_LIBRARY_PATH: /opt/hostedtoolcache/Python/3.12.14/x64/lib
invalidation-liveness	valid bundle verifies clean	2026-08-28T18:05:45.3610840Z ##[endgroup]
invalidation-liveness	valid bundle verifies clean	2026-08-28T18:05:45.4325461Z structural verification: PASS (valid)
invalidation-liveness	valid bundle verifies clean	2026-08-28T18:05:45.4326319Z   proved offline: manifest schema, artifact presence + sha256, bundle closure,
invalidation-liveness	valid bundle verifies clean	2026-08-28T18:05:45.4327181Z   stated limitations, stamp agreement, declared results recomputed from artifacts.
invalidation-liveness	valid bundle verifies clean	2026-08-28T18:05:45.4328747Z semantic replay: NOT run by this tool. A structural PASS means the bundle is
invalidation-liveness	valid bundle verifies clean	2026-08-28T18:05:45.4329589Z   internally honest, not that the issuer's grader agrees. To re-earn the
invalidation-liveness	valid bundle verifies clean	2026-08-28T18:05:45.4330280Z   verdicts, run the bundle's replay block at the pinned issuer_commit:
invalidation-liveness	valid bundle verifies clean	2026-08-28T18:05:45.4330992Z     $ git clone https://github.com/example/toy-issuer issuer
invalidation-liveness	valid bundle verifies clean	2026-08-28T18:05:45.4331513Z     $ git -C issuer checkout f1e2d3c
invalidation-liveness	valid bundle verifies clean	2026-08-28T18:05:45.4331920Z     $ python -m pip install -e ./issuer
invalidation-liveness	valid bundle verifies clean	2026-08-28T18:05:45.4332729Z     $ python -m toy_issuer.regrade evidence/bundle.json
invalidation-liveness	valid bundle verifies clean	2026-08-28T18:05:45.4333347Z     $ python issuer/audit/run_audit.py --check evidence/results.json
invalidation-liveness	valid bundle verifies clean	2026-08-28T18:05:45.4333983Z     $ python -m toy_issuer.mutrun --check evidence/evalmut_run.json
invalidation-liveness	valid bundle verifies clean	2026-08-28T18:05:45.4334599Z     $ python -m toy_issuer.crashrun --check evidence/eval_run.json
invalidation-liveness	valid bundle verifies clean	2026-08-28T18:05:45.4335268Z     $ python -m toy_issuer.driftboard --check evidence/standings.json
invalidation-liveness	valid bundle verifies clean	2026-08-28T18:05:45.4337042Z     expected: regrade exits 0 reporting 'consistent'; audit, mutrun, crashrun, and driftboard reproduce results.json, evalmut_run.json, eval_run.json, and the drift board artifacts byte-identically at the stamped commit (mutrun exits 1 by design: the toy suite has holes)
invalidation-liveness	every tampered bundle is refused	﻿2026-08-28T18:05:45.4438677Z ##[group]Run set -e
invalidation-liveness	every tampered bundle is refused	2026-08-28T18:05:45.4438993Z ^[[36;1mset -e^[[0m
invalidation-liveness	every tampered bundle is refused	2026-08-28T18:05:45.4439231Z ^[[36;1mfor d in fixtures/tamper-*; do^[[0m
invalidation-liveness	every tampered bundle is refused	2026-08-28T18:05:45.4439553Z ^[[36;1m  if python -m vac.verify "$d"; then^[[0m
invalidation-liveness	every tampered bundle is refused	2026-08-28T18:05:45.4439995Z ^[[36;1m    echo "LIVENESS FAILURE: $d verified clean — the gate cannot block"^[[0m
invalidation-liveness	every tampered bundle is refused	2026-08-28T18:05:45.4440395Z ^[[36;1m    exit 1^[[0m
invalidation-liveness	every tampered bundle is refused	2026-08-28T18:05:45.4440604Z ^[[36;1m  fi^[[0m
invalidation-liveness	every tampered bundle is refused	2026-08-28T18:05:45.4440793Z ^[[36;1mdone^[[0m
invalidation-liveness	every tampered bundle is refused	2026-08-28T18:05:45.4481127Z shell: /usr/bin/bash -e {0}
invalidation-liveness	every tampered bundle is refused	2026-08-28T18:05:45.4481400Z env:
invalidation-liveness	every tampered bundle is refused	2026-08-28T18:05:45.4481684Z   pythonLocation: /opt/hostedtoolcache/Python/3.12.14/x64
invalidation-liveness	every tampered bundle is refused	2026-08-28T18:05:45.4482143Z   PKG_CONFIG_PATH: /opt/hostedtoolcache/Python/3.12.14/x64/lib/pkgconfig
invalidation-liveness	every tampered bundle is refused	2026-08-28T18:05:45.4482851Z   Python_ROOT_DIR: /opt/hostedtoolcache/Python/3.12.14/x64
invalidation-liveness	every tampered bundle is refused	2026-08-28T18:05:45.4483241Z   Python2_ROOT_DIR: /opt/hostedtoolcache/Python/3.12.14/x64
invalidation-liveness	every tampered bundle is refused	2026-08-28T18:05:45.4483619Z   Python3_ROOT_DIR: /opt/hostedtoolcache/Python/3.12.14/x64
invalidation-liveness	every tampered bundle is refused	2026-08-28T18:05:45.4484067Z   LD_LIBRARY_PATH: /opt/hostedtoolcache/Python/3.12.14/x64/lib
invalidation-liveness	every tampered bundle is refused	2026-08-28T18:05:45.4484396Z ##[endgroup]
invalidation-liveness	every tampered bundle is refused	2026-08-28T18:05:45.4961973Z FAIL evidence-unchecked: evidence/bundle.json: listed in evidence but read by no check
invalidation-liveness	every tampered bundle is refused	2026-08-28T18:05:45.4963975Z structural verification: FAIL — 1 named reason(s) (tamper-check-deleted)
invalidation-liveness	every tampered bundle is refused	2026-08-28T18:05:45.4964981Z   proved offline: manifest schema, artifact presence + sha256, bundle closure,
invalidation-liveness	every tampered bundle is refused	2026-08-28T18:05:45.4965976Z   stated limitations, stamp agreement, declared results recomputed from artifacts.
invalidation-liveness	every tampered bundle is refused	2026-08-28T18:05:45.4966972Z semantic replay: NOT run by this tool. A structural PASS means the bundle is
invalidation-liveness	every tampered bundle is refused	2026-08-28T18:05:45.4967844Z   internally honest, not that the issuer's grader agrees. To re-earn the
invalidation-liveness	every tampered bundle is refused	2026-08-28T18:05:45.4968532Z   verdicts, run the bundle's replay block at the pinned issuer_commit:
invalidation-liveness	every tampered bundle is refused	2026-08-28T18:05:45.4969204Z     $ git clone https://github.com/example/toy-issuer issuer
invalidation-liveness	every tampered bundle is refused	2026-08-28T18:05:45.4970179Z     $ git -C issuer checkout f1e2d3c
invalidation-liveness	every tampered bundle is refused	2026-08-28T18:05:45.4970615Z     $ python -m pip install -e ./issuer
invalidation-liveness	every tampered bundle is refused	2026-08-28T18:05:45.4971087Z     $ python -m toy_issuer.regrade evidence/bundle.json
invalidation-liveness	every tampered bundle is refused	2026-08-28T18:05:45.4971673Z     $ python issuer/audit/run_audit.py --check evidence/results.json
invalidation-liveness	every tampered bundle is refused	2026-08-28T18:05:45.4972515Z     $ python -m toy_issuer.mutrun --check evidence/evalmut_run.json
invalidation-liveness	every tampered bundle is refused	2026-08-28T18:05:45.4973153Z     $ python -m toy_issuer.crashrun --check evidence/eval_run.json
invalidation-liveness	every tampered bundle is refused	2026-08-28T18:05:45.4973781Z     $ python -m toy_issuer.driftboard --check evidence/standings.json
invalidation-liveness	every tampered bundle is refused	2026-08-28T18:05:45.4975600Z     expected: regrade exits 0 reporting 'consistent'; audit, mutrun, crashrun, and driftboard reproduce results.json, evalmut_run.json, eval_run.json, and the drift board artifacts byte-identically at the stamped commit (mutrun exits 1 by design: the toy suite has holes)
invalidation-liveness	every tampered bundle is refused	2026-08-28T18:05:45.5441720Z FAIL raw-aggregate-mismatch: evidence/eval_run.json: case 2 flagged flag contradicts its own passed/truncated pair
invalidation-liveness	every tampered bundle is refused	2026-08-28T18:05:45.5446359Z FAIL raw-aggregate-mismatch: evidence/eval_run.json: metrics.faithfulness declared 0.5, recomputed 0.75
invalidation-liveness	every tampered bundle is refused	2026-08-28T18:05:45.5447962Z FAIL raw-aggregate-mismatch: evidence/eval_run.json: metrics.precision@k declared 0.5, recomputed 0.75
invalidation-liveness	every tampered bundle is refused	2026-08-28T18:05:45.5449023Z FAIL raw-aggregate-mismatch: evidence/eval_run.json: metrics.recall@k declared 0.5, recomputed 0.75
invalidation-liveness	every tampered bundle is refused	2026-08-28T18:05:45.5449919Z FAIL raw-aggregate-mismatch: evidence/eval_run.json: metrics.citation_rate declared 0.5, recomputed 0.75
invalidation-liveness	every tampered bundle is refused	2026-08-28T18:05:45.5450872Z FAIL raw-aggregate-mismatch: evidence/eval_run.json: metrics.vulnerability_score declared 0.4545, recomputed 0.0909
invalidation-liveness	every tampered bundle is refused	2026-08-28T18:05:45.5451858Z FAIL raw-aggregate-mismatch: evidence/eval_run.json: per_kind['prompt-injection'] declared 0.5, recomputed 1.0
invalidation-liveness	every tampered bundle is refused	2026-08-28T18:05:45.5452891Z FAIL summary-mismatch: accuracy: declared 0.5, recomputed 0.75
invalidation-liveness	every tampered bundle is refused	2026-08-28T18:05:45.5453487Z FAIL summary-mismatch: vulnerability_score: declared 0.4545, recomputed 0.0909
invalidation-liveness	every tampered bundle is refused	2026-08-28T18:05:45.5454253Z FAIL summary-outruns-checks: summary.crash_vulnerability: declares 0.4545, no check recomputes it
invalidation-liveness	every tampered bundle is refused	2026-08-28T18:05:45.5455637Z structural verification: FAIL — 10 named reason(s) (tamper-crashkit-case)
invalidation-liveness	every tampered bundle is refused	2026-08-28T18:05:45.5456293Z   proved offline: manifest schema, artifact presence + sha256, bundle closure,
invalidation-liveness	every tampered bundle is refused	2026-08-28T18:05:45.5456958Z   stated limitations, stamp agreement, declared results recomputed from artifacts.
invalidation-liveness	every tampered bundle is refused	2026-08-28T18:05:45.5457617Z semantic replay: NOT run by this tool. A structural PASS means the bundle is
invalidation-liveness	every tampered bundle is refused	2026-08-28T18:05:45.5458224Z   internally honest, not that the issuer's grader agrees. To re-earn the
invalidation-liveness	every tampered bundle is refused	2026-08-28T18:05:45.5458804Z   verdicts, run the bundle's replay block at the pinned issuer_commit:
invalidation-liveness	every tampered bundle is refused	2026-08-28T18:05:45.5459309Z     $ git clone https://github.com/example/toy-issuer issuer
invalidation-liveness	every tampered bundle is refused	2026-08-28T18:05:45.5459660Z     $ git -C issuer checkout f1e2d3c
invalidation-liveness	every tampered bundle is refused	2026-08-28T18:05:45.5459953Z     $ python -m pip install -e ./issuer
invalidation-liveness	every tampered bundle is refused	2026-08-28T18:05:45.5460299Z     $ python -m toy_issuer.regrade evidence/bundle.json
invalidation-liveness	every tampered bundle is refused	2026-08-28T18:05:45.5460734Z     $ python issuer/audit/run_audit.py --check evidence/results.json
invalidation-liveness	every tampered bundle is refused	2026-08-28T18:05:45.5461175Z     $ python -m toy_issuer.mutrun --check evidence/evalmut_run.json
invalidation-liveness	every tampered bundle is refused	2026-08-28T18:05:45.5461613Z     $ python -m toy_issuer.crashrun --check evidence/eval_run.json
invalidation-liveness	every tampered bundle is refused	2026-08-28T18:05:45.5462044Z     $ python -m toy_issuer.driftboard --check evidence/standings.json
invalidation-liveness	every tampered bundle is refused	2026-08-28T18:05:45.5463496Z     expected: regrade exits 0 reporting 'consistent'; audit, mutrun, crashrun, and driftboard reproduce results.json, evalmut_run.json, eval_run.json, and the drift board artifacts byte-identically at the stamped commit (mutrun exits 1 by design: the toy suite has holes)
invalidation-liveness	every tampered bundle is refused	2026-08-28T18:05:45.5913374Z FAIL raw-aggregate-mismatch: evidence/eval_run.json: metrics.vulnerability_score declared 0.0909, recomputed 0.4545
invalidation-liveness	every tampered bundle is refused	2026-08-28T18:05:45.5915480Z structural verification: FAIL — 1 named reason(s) (tamper-crashkit-metrics)
invalidation-liveness	every tampered bundle is refused	2026-08-28T18:05:45.5916714Z   proved offline: manifest schema, artifact presence + sha256, bundle closure,
invalidation-liveness	every tampered bundle is refused	2026-08-28T18:05:45.5917935Z   stated limitations, stamp agreement, declared results recomputed from artifacts.
invalidation-liveness	every tampered bundle is refused	2026-08-28T18:05:45.5918833Z semantic replay: NOT run by this tool. A structural PASS means the bundle is
invalidation-liveness	every tampered bundle is refused	2026-08-28T18:05:45.5919579Z   internally honest, not that the issuer's grader agrees. To re-earn the
invalidation-liveness	every tampered bundle is refused	2026-08-28T18:05:45.5920280Z   verdicts, run the bundle's replay block at the pinned issuer_commit:
invalidation-liveness	every tampered bundle is refused	2026-08-28T18:05:45.5920942Z     $ git clone https://github.com/example/toy-issuer issuer
invalidation-liveness	every tampered bundle is refused	2026-08-28T18:05:45.5921447Z     $ git -C issuer checkout f1e2d3c
invalidation-liveness	every tampered bundle is refused	2026-08-28T18:05:45.5921853Z     $ python -m pip install -e ./issuer
invalidation-liveness	every tampered bundle is refused	2026-08-28T18:05:45.5922566Z     $ python -m toy_issuer.regrade evidence/bundle.json
invalidation-liveness	every tampered bundle is refused	2026-08-28T18:05:45.5923156Z     $ python issuer/audit/run_audit.py --check evidence/results.json
invalidation-liveness	every tampered bundle is refused	2026-08-28T18:05:45.5923798Z     $ python -m toy_issuer.mutrun --check evidence/evalmut_run.json
invalidation-liveness	every tampered bundle is refused	2026-08-28T18:05:45.5924447Z     $ python -m toy_issuer.crashrun --check evidence/eval_run.json
invalidation-liveness	every tampered bundle is refused	2026-08-28T18:05:45.5925132Z     $ python -m toy_issuer.driftboard --check evidence/standings.json
invalidation-liveness	every tampered bundle is refused	2026-08-28T18:05:45.5926844Z     expected: regrade exits 0 reporting 'consistent'; audit, mutrun, crashrun, and driftboard reproduce results.json, evalmut_run.json, eval_run.json, and the drift board artifacts byte-identically at the stamped commit (mutrun exits 1 by design: the toy suite has holes)
invalidation-liveness	every tampered bundle is refused	2026-08-28T18:05:45.6378202Z FAIL artifact-unparsable: evidence/eval_run.json: severity 'Critical', 'Med' outside the profile's frozen table (none/low/med/high/critical)
invalidation-liveness	every tampered bundle is refused	2026-08-28T18:05:45.6379751Z structural verification: FAIL — 1 named reason(s) (tamper-crashkit-severity)
invalidation-liveness	every tampered bundle is refused	2026-08-28T18:05:45.6380573Z   proved offline: manifest schema, artifact presence + sha256, bundle closure,
invalidation-liveness	every tampered bundle is refused	2026-08-28T18:05:45.6381395Z   stated limitations, stamp agreement, declared results recomputed from artifacts.
invalidation-liveness	every tampered bundle is refused	2026-08-28T18:05:45.6382342Z semantic replay: NOT run by this tool. A structural PASS means the bundle is
invalidation-liveness	every tampered bundle is refused	2026-08-28T18:05:45.6383516Z   internally honest, not that the issuer's grader agrees. To re-earn the
invalidation-liveness	every tampered bundle is refused	2026-08-28T18:05:45.6384211Z   verdicts, run the bundle's replay block at the pinned issuer_commit:
invalidation-liveness	every tampered bundle is refused	2026-08-28T18:05:45.6384874Z     $ git clone https://github.com/example/toy-issuer issuer
invalidation-liveness	every tampered bundle is refused	2026-08-28T18:05:45.6385427Z     $ git -C issuer checkout f1e2d3c
invalidation-liveness	every tampered bundle is refused	2026-08-28T18:05:45.6385971Z     $ python -m pip install -e ./issuer
invalidation-liveness	every tampered bundle is refused	2026-08-28T18:05:45.6386446Z     $ python -m toy_issuer.regrade evidence/bundle.json
invalidation-liveness	every tampered bundle is refused	2026-08-28T18:05:45.6387033Z     $ python issuer/audit/run_audit.py --check evidence/results.json
invalidation-liveness	every tampered bundle is refused	2026-08-28T18:05:45.6387672Z     $ python -m toy_issuer.mutrun --check evidence/evalmut_run.json
invalidation-liveness	every tampered bundle is refused	2026-08-28T18:05:45.6388295Z     $ python -m toy_issuer.crashrun --check evidence/eval_run.json
invalidation-liveness	every tampered bundle is refused	2026-08-28T18:05:45.6388922Z     $ python -m toy_issuer.driftboard --check evidence/standings.json
invalidation-liveness	every tampered bundle is refused	2026-08-28T18:05:45.6390637Z     expected: regrade exits 0 reporting 'consistent'; audit, mutrun, crashrun, and driftboard reproduce results.json, evalmut_run.json, eval_run.json, and the drift board artifacts byte-identically at the stamped commit (mutrun exits 1 by design: the toy suite has holes)
invalidation-liveness	every tampered bundle is refused	2026-08-28T18:05:45.6801746Z FAIL draft-incomplete: claim.capability is an unauthored TODO
invalidation-liveness	every tampered bundle is refused	2026-08-28T18:05:45.6802986Z FAIL draft-incomplete: claim.limitations[0] is an unauthored TODO
invalidation-liveness	every tampered bundle is refused	2026-08-28T18:05:45.6803650Z FAIL draft-incomplete: claim.scope is an unauthored TODO
invalidation-liveness	every tampered bundle is refused	2026-08-28T18:05:45.6804290Z FAIL draft-incomplete: protocol.control_policy is an unauthored TODO
invalidation-liveness	every tampered bundle is refused	2026-08-28T18:05:45.6804957Z FAIL draft-incomplete: protocol.grading is an unauthored TODO
invalidation-liveness	every tampered bundle is refused	2026-08-28T18:05:45.6805594Z FAIL draft-incomplete: protocol.hashes.TODO is an unauthored TODO
invalidation-liveness	every tampered bundle is refused	2026-08-28T18:05:45.6806216Z FAIL draft-incomplete: protocol.task is an unauthored TODO
invalidation-liveness	every tampered bundle is refused	2026-08-28T18:05:45.6806846Z FAIL draft-incomplete: replay.commands[2] is an unauthored TODO
invalidation-liveness	every tampered bundle is refused	2026-08-28T18:05:45.6807467Z FAIL draft-incomplete: replay.commands[3] is an unauthored TODO
invalidation-liveness	every tampered bundle is refused	2026-08-28T18:05:45.6808464Z FAIL draft-incomplete: replay.expected is an unauthored TODO
invalidation-liveness	every tampered bundle is refused	2026-08-28T18:05:45.6809109Z FAIL draft-incomplete: results.checks[0].TODO is an unauthored TODO
invalidation-liveness	every tampered bundle is refused	2026-08-28T18:05:45.6809802Z FAIL draft-incomplete: results.checks[0].profile is an unauthored TODO
invalidation-liveness	every tampered bundle is refused	2026-08-28T18:05:45.6810502Z FAIL draft-incomplete: results.summary.TODO is an unauthored TODO
invalidation-liveness	every tampered bundle is refused	2026-08-28T18:05:45.6811107Z FAIL draft-incomplete: subject.id is an unauthored TODO
invalidation-liveness	every tampered bundle is refused	2026-08-28T18:05:45.6811667Z FAIL draft-incomplete: subject.kind is an unauthored TODO
invalidation-liveness	every tampered bundle is refused	2026-08-28T18:05:45.6812339Z FAIL draft-incomplete: subject.version.TODO is an unauthored TODO
invalidation-liveness	every tampered bundle is refused	2026-08-28T18:05:45.6813251Z structural verification: FAIL — 16 named reason(s) (tamper-draft-incomplete)
invalidation-liveness	every tampered bundle is refused	2026-08-28T18:05:45.6813928Z   proved offline: manifest schema, artifact presence + sha256, bundle closure,
invalidation-liveness	every tampered bundle is refused	2026-08-28T18:05:45.6814601Z   stated limitations, stamp agreement, declared results recomputed from artifacts.
invalidation-liveness	every tampered bundle is refused	2026-08-28T18:05:45.6815279Z semantic replay: NOT run by this tool. A structural PASS means the bundle is
invalidation-liveness	every tampered bundle is refused	2026-08-28T18:05:45.6815903Z   internally honest, not that the issuer's grader agrees. To re-earn the
invalidation-liveness	every tampered bundle is refused	2026-08-28T18:05:45.6816475Z   verdicts, run the bundle's replay block at the pinned issuer_commit:
invalidation-liveness	every tampered bundle is refused	2026-08-28T18:05:45.6817032Z     $ git clone https://github.com/example/toy-issuer issuer
invalidation-liveness	every tampered bundle is refused	2026-08-28T18:05:45.6817448Z     $ git -C issuer checkout f1e2d3c
invalidation-liveness	every tampered bundle is refused	2026-08-28T18:05:45.6818077Z     $ TODO(replay.commands): install, then run the issuer's deterministic regrader/audit over this bundle's artifacts
invalidation-liveness	every tampered bundle is refused	2026-08-28T18:05:45.6819043Z     $ TODO(replay.commands): byte-compare the regraded output against the committed artifacts; nonzero on any difference
invalidation-liveness	every tampered bundle is refused	2026-08-28T18:05:45.6819947Z     expected: TODO(replay.expected): the exact outcome — exit code and report text
invalidation-liveness	every tampered bundle is refused	2026-08-28T18:05:45.7260360Z FAIL empty-limitations
invalidation-liveness	every tampered bundle is refused	2026-08-28T18:05:45.7261413Z structural verification: FAIL — 1 named reason(s) (tamper-empty-limitations)
invalidation-liveness	every tampered bundle is refused	2026-08-28T18:05:45.7262515Z   proved offline: manifest schema, artifact presence + sha256, bundle closure,
invalidation-liveness	every tampered bundle is refused	2026-08-28T18:05:45.7263687Z   stated limitations, stamp agreement, declared results recomputed from artifacts.
invalidation-liveness	every tampered bundle is refused	2026-08-28T18:05:45.7264477Z semantic replay: NOT run by this tool. A structural PASS means the bundle is
invalidation-liveness	every tampered bundle is refused	2026-08-28T18:05:45.7265205Z   internally honest, not that the issuer's grader agrees. To re-earn the
invalidation-liveness	every tampered bundle is refused	2026-08-28T18:05:45.7265901Z   verdicts, run the bundle's replay block at the pinned issuer_commit:
invalidation-liveness	every tampered bundle is refused	2026-08-28T18:05:45.7266551Z     $ git clone https://github.com/example/toy-issuer issuer
invalidation-liveness	every tampered bundle is refused	2026-08-28T18:05:45.7267056Z     $ git -C issuer checkout f1e2d3c
invalidation-liveness	every tampered bundle is refused	2026-08-28T18:05:45.7267466Z     $ python -m pip install -e ./issuer
invalidation-liveness	every tampered bundle is refused	2026-08-28T18:05:45.7267933Z     $ python -m toy_issuer.regrade evidence/bundle.json
invalidation-liveness	every tampered bundle is refused	2026-08-28T18:05:45.7268513Z     $ python issuer/audit/run_audit.py --check evidence/results.json
invalidation-liveness	every tampered bundle is refused	2026-08-28T18:05:45.7269146Z     $ python -m toy_issuer.mutrun --check evidence/evalmut_run.json
invalidation-liveness	every tampered bundle is refused	2026-08-28T18:05:45.7269771Z     $ python -m toy_issuer.crashrun --check evidence/eval_run.json
invalidation-liveness	every tampered bundle is refused	2026-08-28T18:05:45.7270407Z     $ python -m toy_issuer.driftboard --check evidence/standings.json
invalidation-liveness	every tampered bundle is refused	2026-08-28T18:05:45.7272117Z     expected: regrade exits 0 reporting 'consistent'; audit, mutrun, crashrun, and driftboard reproduce results.json, evalmut_run.json, eval_run.json, and the drift board artifacts byte-identically at the stamped commit (mutrun exits 1 by design: the toy suite has holes)
invalidation-liveness	every tampered bundle is refused	2026-08-28T18:05:45.7790510Z FAIL artifact-unparsable: evidence/evalmut_run.json: applied == 0, so this run has no score. A payload that applied no mutation has measured nothing; it does not score 1.0 by default
invalidation-liveness	every tampered bundle is refused	2026-08-28T18:05:45.7792946Z structural verification: FAIL — 1 named reason(s) (tamper-evalmut-all-error)
invalidation-liveness	every tampered bundle is refused	2026-08-28T18:05:45.7794020Z   proved offline: manifest schema, artifact presence + sha256, bundle closure,
invalidation-liveness	every tampered bundle is refused	2026-08-28T18:05:45.7796021Z   stated limitations, stamp agreement, declared results recomputed from artifacts.
invalidation-liveness	every tampered bundle is refused	2026-08-28T18:05:45.7797556Z semantic replay: NOT run by this tool. A structural PASS means the bundle is
invalidation-liveness	every tampered bundle is refused	2026-08-28T18:05:45.7798581Z   internally honest, not that the issuer's grader agrees. To re-earn the
invalidation-liveness	every tampered bundle is refused	2026-08-28T18:05:45.7799513Z   verdicts, run the bundle's replay block at the pinned issuer_commit:
invalidation-liveness	every tampered bundle is refused	2026-08-28T18:05:45.7800353Z     $ git clone https://github.com/example/toy-issuer issuer
invalidation-liveness	every tampered bundle is refused	2026-08-28T18:05:45.7801014Z     $ git -C issuer checkout f1e2d3c
invalidation-liveness	every tampered bundle is refused	2026-08-28T18:05:45.7801559Z     $ python -m pip install -e ./issuer
invalidation-liveness	every tampered bundle is refused	2026-08-28T18:05:45.7802173Z     $ python -m toy_issuer.regrade evidence/bundle.json
invalidation-liveness	every tampered bundle is refused	2026-08-28T18:05:45.7803402Z     $ python issuer/audit/run_audit.py --check evidence/results.json
invalidation-liveness	every tampered bundle is refused	2026-08-28T18:05:45.7804257Z     $ python -m toy_issuer.mutrun --check evidence/evalmut_run.json
invalidation-liveness	every tampered bundle is refused	2026-08-28T18:05:45.7805099Z     $ python -m toy_issuer.crashrun --check evidence/eval_run.json
invalidation-liveness	every tampered bundle is refused	2026-08-28T18:05:45.7805922Z     $ python -m toy_issuer.driftboard --check evidence/standings.json
invalidation-liveness	every tampered bundle is refused	2026-08-28T18:05:45.7808059Z     expected: regrade exits 0 reporting 'consistent'; audit, mutrun, crashrun, and driftboard reproduce results.json, evalmut_run.json, eval_run.json, and the drift board artifacts byte-identically at the stamped commit (mutrun exits 1 by design: the toy suite has holes)
invalidation-liveness	every tampered bundle is refused	2026-08-28T18:05:45.8265913Z FAIL artifact-unparsable: evidence/evalmut_run.json: applied == 0, so this run has no score. A payload that applied no mutation has measured nothing; it does not score 1.0 by default
invalidation-liveness	every tampered bundle is refused	2026-08-28T18:05:45.8267234Z structural verification: FAIL — 1 named reason(s) (tamper-evalmut-empty-rows)
invalidation-liveness	every tampered bundle is refused	2026-08-28T18:05:45.8267866Z   proved offline: manifest schema, artifact presence + sha256, bundle closure,
invalidation-liveness	every tampered bundle is refused	2026-08-28T18:05:45.8268467Z   stated limitations, stamp agreement, declared results recomputed from artifacts.
invalidation-liveness	every tampered bundle is refused	2026-08-28T18:05:45.8269049Z semantic replay: NOT run by this tool. A structural PASS means the bundle is
invalidation-liveness	every tampered bundle is refused	2026-08-28T18:05:45.8269584Z   internally honest, not that the issuer's grader agrees. To re-earn the
invalidation-liveness	every tampered bundle is refused	2026-08-28T18:05:45.8270131Z   verdicts, run the bundle's replay block at the pinned issuer_commit:
invalidation-liveness	every tampered bundle is refused	2026-08-28T18:05:45.8270958Z     $ git clone https://github.com/example/toy-issuer issuer
invalidation-liveness	every tampered bundle is refused	2026-08-28T18:05:45.8271341Z     $ git -C issuer checkout f1e2d3c
invalidation-liveness	every tampered bundle is refused	2026-08-28T18:05:45.8271649Z     $ python -m pip install -e ./issuer
invalidation-liveness	every tampered bundle is refused	2026-08-28T18:05:45.8272000Z     $ python -m toy_issuer.regrade evidence/bundle.json
invalidation-liveness	every tampered bundle is refused	2026-08-28T18:05:45.8272703Z     $ python issuer/audit/run_audit.py --check evidence/results.json
invalidation-liveness	every tampered bundle is refused	2026-08-28T18:05:45.8273184Z     $ python -m toy_issuer.mutrun --check evidence/evalmut_run.json
invalidation-liveness	every tampered bundle is refused	2026-08-28T18:05:45.8273642Z     $ python -m toy_issuer.crashrun --check evidence/eval_run.json
invalidation-liveness	every tampered bundle is refused	2026-08-28T18:05:45.8274113Z     $ python -m toy_issuer.driftboard --check evidence/standings.json
invalidation-liveness	every tampered bundle is refused	2026-08-28T18:05:45.8275358Z     expected: regrade exits 0 reporting 'consistent'; audit, mutrun, crashrun, and driftboard reproduce results.json, evalmut_run.json, eval_run.json, and the drift board artifacts byte-identically at the stamped commit (mutrun exits 1 by design: the toy suite has holes)
invalidation-liveness	every tampered bundle is refused	2026-08-28T18:05:45.8711657Z FAIL raw-aggregate-mismatch: evidence/evalmut_run.json: tally.caught declared 4, recomputed 5
invalidation-liveness	every tampered bundle is refused	2026-08-28T18:05:45.8712993Z FAIL raw-aggregate-mismatch: evidence/evalmut_run.json: tally.missed declared 2, recomputed 1
invalidation-liveness	every tampered bundle is refused	2026-08-28T18:05:45.8714112Z FAIL raw-aggregate-mismatch: evidence/evalmut_run.json: score declared 0.5714285714285714, recomputed 0.7142857142857143
invalidation-liveness	every tampered bundle is refused	2026-08-28T18:05:45.8715376Z FAIL raw-aggregate-mismatch: evidence/evalmut_run.json: holes.blind does not recompute from the rows (declared 1, recomputed 0)
invalidation-liveness	every tampered bundle is refused	2026-08-28T18:05:45.8716312Z FAIL summary-mismatch: blind: declared 1, recomputed 0
invalidation-liveness	every tampered bundle is refused	2026-08-28T18:05:45.8716868Z FAIL summary-mismatch: caught: declared 4, recomputed 5
invalidation-liveness	every tampered bundle is refused	2026-08-28T18:05:45.8717408Z FAIL summary-mismatch: missed: declared 2, recomputed 1
invalidation-liveness	every tampered bundle is refused	2026-08-28T18:05:45.8717984Z FAIL summary-mismatch: score_3: declared 0.571, recomputed 0.714
invalidation-liveness	every tampered bundle is refused	2026-08-28T18:05:45.8718773Z FAIL summary-outruns-checks: summary.mutation_score_3: declares 0.571, no check recomputes it
invalidation-liveness	every tampered bundle is refused	2026-08-28T18:05:45.8720271Z structural verification: FAIL — 9 named reason(s) (tamper-evalmut-rows)
invalidation-liveness	every tampered bundle is refused	2026-08-28T18:05:45.8721030Z   proved offline: manifest schema, artifact presence + sha256, bundle closure,
invalidation-liveness	every tampered bundle is refused	2026-08-28T18:05:45.8721826Z   stated limitations, stamp agreement, declared results recomputed from artifacts.
invalidation-liveness	every tampered bundle is refused	2026-08-28T18:05:45.8722779Z semantic replay: NOT run by this tool. A structural PASS means the bundle is
invalidation-liveness	every tampered bundle is refused	2026-08-28T18:05:45.8723516Z   internally honest, not that the issuer's grader agrees. To re-earn the
invalidation-liveness	every tampered bundle is refused	2026-08-28T18:05:45.8724208Z   verdicts, run the bundle's replay block at the pinned issuer_commit:
invalidation-liveness	every tampered bundle is refused	2026-08-28T18:05:45.8724871Z     $ git clone https://github.com/example/toy-issuer issuer
invalidation-liveness	every tampered bundle is refused	2026-08-28T18:05:45.8725341Z     $ git -C issuer checkout f1e2d3c
invalidation-liveness	every tampered bundle is refused	2026-08-28T18:05:45.8725626Z     $ python -m pip install -e ./issuer
invalidation-liveness	every tampered bundle is refused	2026-08-28T18:05:45.8725996Z     $ python -m toy_issuer.regrade evidence/bundle.json
invalidation-liveness	every tampered bundle is refused	2026-08-28T18:05:45.8726436Z     $ python issuer/audit/run_audit.py --check evidence/results.json
invalidation-liveness	every tampered bundle is refused	2026-08-28T18:05:45.8726894Z     $ python -m toy_issuer.mutrun --check evidence/evalmut_run.json
invalidation-liveness	every tampered bundle is refused	2026-08-28T18:05:45.8727342Z     $ python -m toy_issuer.crashrun --check evidence/eval_run.json
invalidation-liveness	every tampered bundle is refused	2026-08-28T18:05:45.8727777Z     $ python -m toy_issuer.driftboard --check evidence/standings.json
invalidation-liveness	every tampered bundle is refused	2026-08-28T18:05:45.8728920Z     expected: regrade exits 0 reporting 'consistent'; audit, mutrun, crashrun, and driftboard reproduce results.json, evalmut_run.json, eval_run.json, and the drift board artifacts byte-identically at the stamped commit (mutrun exits 1 by design: the toy suite has holes)
invalidation-liveness	every tampered bundle is refused	2026-08-28T18:05:45.9161128Z FAIL raw-aggregate-mismatch: evidence/evalmut_run.json: tally.caught declared 5, recomputed 4
invalidation-liveness	every tampered bundle is refused	2026-08-28T18:05:45.9162665Z structural verification: FAIL — 1 named reason(s) (tamper-evalmut-summary)
invalidation-liveness	every tampered bundle is refused	2026-08-28T18:05:45.9163399Z   proved offline: manifest schema, artifact presence + sha256, bundle closure,
invalidation-liveness	every tampered bundle is refused	2026-08-28T18:05:45.9164165Z   stated limitations, stamp agreement, declared results recomputed from artifacts.
invalidation-liveness	every tampered bundle is refused	2026-08-28T18:05:45.9165212Z semantic replay: NOT run by this tool. A structural PASS means the bundle is
invalidation-liveness	every tampered bundle is refused	2026-08-28T18:05:45.9165883Z   internally honest, not that the issuer's grader agrees. To re-earn the
invalidation-liveness	every tampered bundle is refused	2026-08-28T18:05:45.9166519Z   verdicts, run the bundle's replay block at the pinned issuer_commit:
invalidation-liveness	every tampered bundle is refused	2026-08-28T18:05:45.9167124Z     $ git clone https://github.com/example/toy-issuer issuer
invalidation-liveness	every tampered bundle is refused	2026-08-28T18:05:45.9167579Z     $ git -C issuer checkout f1e2d3c
invalidation-liveness	every tampered bundle is refused	2026-08-28T18:05:45.9167945Z     $ python -m pip install -e ./issuer
invalidation-liveness	every tampered bundle is refused	2026-08-28T18:05:45.9168365Z     $ python -m toy_issuer.regrade evidence/bundle.json
invalidation-liveness	every tampered bundle is refused	2026-08-28T18:05:45.9168888Z     $ python issuer/audit/run_audit.py --check evidence/results.json
invalidation-liveness	every tampered bundle is refused	2026-08-28T18:05:45.9169470Z     $ python -m toy_issuer.mutrun --check evidence/evalmut_run.json
invalidation-liveness	every tampered bundle is refused	2026-08-28T18:05:45.9170033Z     $ python -m toy_issuer.crashrun --check evidence/eval_run.json
invalidation-liveness	every tampered bundle is refused	2026-08-28T18:05:45.9170608Z     $ python -m toy_issuer.driftboard --check evidence/standings.json
invalidation-liveness	every tampered bundle is refused	2026-08-28T18:05:45.9172347Z     expected: regrade exits 0 reporting 'consistent'; audit, mutrun, crashrun, and driftboard reproduce results.json, evalmut_run.json, eval_run.json, and the drift board artifacts byte-identically at the stamped commit (mutrun exits 1 by design: the toy suite has holes)
invalidation-liveness	every tampered bundle is refused	2026-08-28T18:05:45.9612846Z FAIL missing-artifact: evidence/bundle.json
invalidation-liveness	every tampered bundle is refused	2026-08-28T18:05:45.9614259Z structural verification: FAIL — 1 named reason(s) (tamper-missing-artifact)
invalidation-liveness	every tampered bundle is refused	2026-08-28T18:05:45.9615185Z   proved offline: manifest schema, artifact presence + sha256, bundle closure,
invalidation-liveness	every tampered bundle is refused	2026-08-28T18:05:45.9616099Z   stated limitations, stamp agreement, declared results recomputed from artifacts.
invalidation-liveness	every tampered bundle is refused	2026-08-28T18:05:45.9616928Z semantic replay: NOT run by this tool. A structural PASS means the bundle is
invalidation-liveness	every tampered bundle is refused	2026-08-28T18:05:45.9617614Z   internally honest, not that the issuer's grader agrees. To re-earn the
invalidation-liveness	every tampered bundle is refused	2026-08-28T18:05:45.9618598Z   verdicts, run the bundle's replay block at the pinned issuer_commit:
invalidation-liveness	every tampered bundle is refused	2026-08-28T18:05:45.9619227Z     $ git clone https://github.com/example/toy-issuer issuer
invalidation-liveness	every tampered bundle is refused	2026-08-28T18:05:45.9619710Z     $ git -C issuer checkout f1e2d3c
invalidation-liveness	every tampered bundle is refused	2026-08-28T18:05:45.9620089Z     $ python -m pip install -e ./issuer
invalidation-liveness	every tampered bundle is refused	2026-08-28T18:05:45.9620520Z     $ python -m toy_issuer.regrade evidence/bundle.json
invalidation-liveness	every tampered bundle is refused	2026-08-28T18:05:45.9621052Z     $ python issuer/audit/run_audit.py --check evidence/results.json
invalidation-liveness	every tampered bundle is refused	2026-08-28T18:05:45.9621632Z     $ python -m toy_issuer.mutrun --check evidence/evalmut_run.json
invalidation-liveness	every tampered bundle is refused	2026-08-28T18:05:45.9622375Z     $ python -m toy_issuer.crashrun --check evidence/eval_run.json
invalidation-liveness	every tampered bundle is refused	2026-08-28T18:05:45.9622953Z     $ python -m toy_issuer.driftboard --check evidence/standings.json
invalidation-liveness	every tampered bundle is refused	2026-08-28T18:05:45.9624506Z     expected: regrade exits 0 reporting 'consistent'; audit, mutrun, crashrun, and driftboard reproduce results.json, evalmut_run.json, eval_run.json, and the drift board artifacts byte-identically at the stamped commit (mutrun exits 1 by design: the toy suite has holes)
invalidation-liveness	every tampered bundle is refused	2026-08-28T18:05:46.0069477Z FAIL missing-issuer-commit
invalidation-liveness	every tampered bundle is refused	2026-08-28T18:05:46.0070536Z structural verification: FAIL — 1 named reason(s) (tamper-missing-issuer-commit)
invalidation-liveness	every tampered bundle is refused	2026-08-28T18:05:46.0071433Z   proved offline: manifest schema, artifact presence + sha256, bundle closure,
invalidation-liveness	every tampered bundle is refused	2026-08-28T18:05:46.0072766Z   stated limitations, stamp agreement, declared results recomputed from artifacts.
invalidation-liveness	every tampered bundle is refused	2026-08-28T18:05:46.0073650Z semantic replay: NOT run by this tool. A structural PASS means the bundle is
invalidation-liveness	every tampered bundle is refused	2026-08-28T18:05:46.0074424Z   internally honest, not that the issuer's grader agrees. To re-earn the
invalidation-liveness	every tampered bundle is refused	2026-08-28T18:05:46.0075146Z   verdicts, run the bundle's replay block at the pinned issuer_commit:
invalidation-liveness	every tampered bundle is refused	2026-08-28T18:05:46.0075843Z     $ git clone https://github.com/example/toy-issuer issuer
invalidation-liveness	every tampered bundle is refused	2026-08-28T18:05:46.0076388Z     $ git -C issuer checkout f1e2d3c
invalidation-liveness	every tampered bundle is refused	2026-08-28T18:05:46.0076830Z     $ python -m pip install -e ./issuer
invalidation-liveness	every tampered bundle is refused	2026-08-28T18:05:46.0077414Z     $ python -m toy_issuer.regrade evidence/bundle.json
invalidation-liveness	every tampered bundle is refused	2026-08-28T18:05:46.0078362Z     $ python issuer/audit/run_audit.py --check evidence/results.json
invalidation-liveness	every tampered bundle is refused	2026-08-28T18:05:46.0079005Z     $ python -m toy_issuer.mutrun --check evidence/evalmut_run.json
invalidation-liveness	every tampered bundle is refused	2026-08-28T18:05:46.0079625Z     $ python -m toy_issuer.crashrun --check evidence/eval_run.json
invalidation-liveness	every tampered bundle is refused	2026-08-28T18:05:46.0080260Z     $ python -m toy_issuer.driftboard --check evidence/standings.json
invalidation-liveness	every tampered bundle is refused	2026-08-28T18:05:46.0081976Z     expected: regrade exits 0 reporting 'consistent'; audit, mutrun, crashrun, and driftboard reproduce results.json, evalmut_run.json, eval_run.json, and the drift board artifacts byte-identically at the stamped commit (mutrun exits 1 by design: the toy suite has holes)
invalidation-liveness	every tampered bundle is refused	2026-08-28T18:05:46.0537618Z FAIL raw-aggregate-mismatch: evidence/standings.json: alpha:a1: acc declared 0.5, recomputed 0.75
invalidation-liveness	every tampered bundle is refused	2026-08-28T18:05:46.0539107Z FAIL raw-aggregate-mismatch: evidence/standings.json: alpha:a1: delta declared -0.25, recomputed 0.0
invalidation-liveness	every tampered bundle is refused	2026-08-28T18:05:46.0540342Z FAIL raw-aggregate-mismatch: evidence/standings.json: alpha:a1: verdict declared 'regressed', recomputed 'unchanged'
invalidation-liveness	every tampered bundle is refused	2026-08-28T18:05:46.0541652Z FAIL raw-aggregate-mismatch: evidence/RESULTS.md: does not re-render byte-identically from the recomputed standings rows
invalidation-liveness	every tampered bundle is refused	2026-08-28T18:05:46.0542900Z FAIL summary-mismatch: regressed: declared 1, recomputed 0
invalidation-liveness	every tampered bundle is refused	2026-08-28T18:05:46.0543539Z FAIL summary-mismatch: unchanged: declared 1, recomputed 2
invalidation-liveness	every tampered bundle is refused	2026-08-28T18:05:46.0544316Z FAIL summary-outruns-checks: summary.drift.regressed: declares 1, recomputation gives 0
invalidation-liveness	every tampered bundle is refused	2026-08-28T18:05:46.0545533Z structural verification: FAIL — 7 named reason(s) (tamper-modeldrift-rows)
invalidation-liveness	every tampered bundle is refused	2026-08-28T18:05:46.0546414Z   proved offline: manifest schema, artifact presence + sha256, bundle closure,
invalidation-liveness	every tampered bundle is refused	2026-08-28T18:05:46.0547371Z   stated limitations, stamp agreement, declared results recomputed from artifacts.
invalidation-liveness	every tampered bundle is refused	2026-08-28T18:05:46.0548298Z semantic replay: NOT run by this tool. A structural PASS means the bundle is
invalidation-liveness	every tampered bundle is refused	2026-08-28T18:05:46.0549153Z   internally honest, not that the issuer's grader agrees. To re-earn the
invalidation-liveness	every tampered bundle is refused	2026-08-28T18:05:46.0550393Z   verdicts, run the bundle's replay block at the pinned issuer_commit:
invalidation-liveness	every tampered bundle is refused	2026-08-28T18:05:46.0551171Z     $ git clone https://github.com/example/toy-issuer issuer
invalidation-liveness	every tampered bundle is refused	2026-08-28T18:05:46.0551777Z     $ git -C issuer checkout f1e2d3c
invalidation-liveness	every tampered bundle is refused	2026-08-28T18:05:46.0552572Z     $ python -m pip install -e ./issuer
invalidation-liveness	every tampered bundle is refused	2026-08-28T18:05:46.0553084Z     $ python -m toy_issuer.regrade evidence/bundle.json
invalidation-liveness	every tampered bundle is refused	2026-08-28T18:05:46.0553726Z     $ python issuer/audit/run_audit.py --check evidence/results.json
invalidation-liveness	every tampered bundle is refused	2026-08-28T18:05:46.0554508Z     $ python -m toy_issuer.mutrun --check evidence/evalmut_run.json
invalidation-liveness	every tampered bundle is refused	2026-08-28T18:05:46.0555291Z     $ python -m toy_issuer.crashrun --check evidence/eval_run.json
invalidation-liveness	every tampered bundle is refused	2026-08-28T18:05:46.0556079Z     $ python -m toy_issuer.driftboard --check evidence/standings.json
invalidation-liveness	every tampered bundle is refused	2026-08-28T18:05:46.0558117Z     expected: regrade exits 0 reporting 'consistent'; audit, mutrun, crashrun, and driftboard reproduce results.json, evalmut_run.json, eval_run.json, and the drift board artifacts byte-identically at the stamped commit (mutrun exits 1 by design: the toy suite has holes)
invalidation-liveness	every tampered bundle is refused	2026-08-28T18:05:46.1008080Z FAIL raw-aggregate-mismatch: evidence/standings.json: alpha:a1: delta declared 0.0, recomputed -0.25
invalidation-liveness	every tampered bundle is refused	2026-08-28T18:05:46.1009461Z FAIL raw-aggregate-mismatch: evidence/standings.json: alpha:a1: verdict declared 'unchanged', recomputed 'regressed'
invalidation-liveness	every tampered bundle is refused	2026-08-28T18:05:46.1010880Z structural verification: FAIL — 2 named reason(s) (tamper-modeldrift-standings)
invalidation-liveness	every tampered bundle is refused	2026-08-28T18:05:46.1011726Z   proved offline: manifest schema, artifact presence + sha256, bundle closure,
invalidation-liveness	every tampered bundle is refused	2026-08-28T18:05:46.1012812Z   stated limitations, stamp agreement, declared results recomputed from artifacts.
invalidation-liveness	every tampered bundle is refused	2026-08-28T18:05:46.1013640Z semantic replay: NOT run by this tool. A structural PASS means the bundle is
invalidation-liveness	every tampered bundle is refused	2026-08-28T18:05:46.1014389Z   internally honest, not that the issuer's grader agrees. To re-earn the
invalidation-liveness	every tampered bundle is refused	2026-08-28T18:05:46.1015103Z   verdicts, run the bundle's replay block at the pinned issuer_commit:
invalidation-liveness	every tampered bundle is refused	2026-08-28T18:05:46.1016220Z     $ git clone https://github.com/example/toy-issuer issuer
invalidation-liveness	every tampered bundle is refused	2026-08-28T18:05:46.1016742Z     $ git -C issuer checkout f1e2d3c
invalidation-liveness	every tampered bundle is refused	2026-08-28T18:05:46.1017209Z     $ python -m pip install -e ./issuer
invalidation-liveness	every tampered bundle is refused	2026-08-28T18:05:46.1017750Z     $ python -m toy_issuer.regrade evidence/bundle.json
invalidation-liveness	every tampered bundle is refused	2026-08-28T18:05:46.1018407Z     $ python issuer/audit/run_audit.py --check evidence/results.json
invalidation-liveness	every tampered bundle is refused	2026-08-28T18:05:46.1019154Z     $ python -m toy_issuer.mutrun --check evidence/evalmut_run.json
invalidation-liveness	every tampered bundle is refused	2026-08-28T18:05:46.1019881Z     $ python -m toy_issuer.crashrun --check evidence/eval_run.json
invalidation-liveness	every tampered bundle is refused	2026-08-28T18:05:46.1020616Z     $ python -m toy_issuer.driftboard --check evidence/standings.json
invalidation-liveness	every tampered bundle is refused	2026-08-28T18:05:46.1022767Z     expected: regrade exits 0 reporting 'consistent'; audit, mutrun, crashrun, and driftboard reproduce results.json, evalmut_run.json, eval_run.json, and the drift board artifacts byte-identically at the stamped commit (mutrun exits 1 by design: the toy suite has holes)
invalidation-liveness	every tampered bundle is refused	2026-08-28T18:05:46.1477128Z FAIL raw-aggregate-mismatch: toy-suite/toy-defect-b: detected declared 3, recomputed 2
invalidation-liveness	every tampered bundle is refused	2026-08-28T18:05:46.1478343Z FAIL raw-aggregate-mismatch: toy-suite/toy-defect-b: detection_rate declared 0.75, recomputed 0.5
invalidation-liveness	every tampered bundle is refused	2026-08-28T18:05:46.1479603Z structural verification: FAIL — 2 named reason(s) (tamper-raw-aggregate)
invalidation-liveness	every tampered bundle is refused	2026-08-28T18:05:46.1480423Z   proved offline: manifest schema, artifact presence + sha256, bundle closure,
invalidation-liveness	every tampered bundle is refused	2026-08-28T18:05:46.1481239Z   stated limitations, stamp agreement, declared results recomputed from artifacts.
invalidation-liveness	every tampered bundle is refused	2026-08-28T18:05:46.1482040Z semantic replay: NOT run by this tool. A structural PASS means the bundle is
invalidation-liveness	every tampered bundle is refused	2026-08-28T18:05:46.1483140Z   internally honest, not that the issuer's grader agrees. To re-earn the
invalidation-liveness	every tampered bundle is refused	2026-08-28T18:05:46.1483867Z   verdicts, run the bundle's replay block at the pinned issuer_commit:
invalidation-liveness	every tampered bundle is refused	2026-08-28T18:05:46.1484549Z     $ git clone https://github.com/example/toy-issuer issuer
invalidation-liveness	every tampered bundle is refused	2026-08-28T18:05:46.1485082Z     $ git -C issuer checkout f1e2d3c
invalidation-liveness	every tampered bundle is refused	2026-08-28T18:05:46.1485888Z     $ python -m pip install -e ./issuer
invalidation-liveness	every tampered bundle is refused	2026-08-28T18:05:46.1486405Z     $ python -m toy_issuer.regrade evidence/bundle.json
invalidation-liveness	every tampered bundle is refused	2026-08-28T18:05:46.1487140Z     $ python issuer/audit/run_audit.py --check evidence/results.json
invalidation-liveness	every tampered bundle is refused	2026-08-28T18:05:46.1487876Z     $ python -m toy_issuer.mutrun --check evidence/evalmut_run.json
invalidation-liveness	every tampered bundle is refused	2026-08-28T18:05:46.1488604Z     $ python -m toy_issuer.crashrun --check evidence/eval_run.json
invalidation-liveness	every tampered bundle is refused	2026-08-28T18:05:46.1489355Z     $ python -m toy_issuer.driftboard --check evidence/standings.json
invalidation-liveness	every tampered bundle is refused	2026-08-28T18:05:46.1491306Z     expected: regrade exits 0 reporting 'consistent'; audit, mutrun, crashrun, and driftboard reproduce results.json, evalmut_run.json, eval_run.json, and the drift board artifacts byte-identically at the stamped commit (mutrun exits 1 by design: the toy suite has holes)
invalidation-liveness	every tampered bundle is refused	2026-08-28T18:05:46.1942125Z FAIL stamp-mismatch: taskset_hash: named by protocol.hashes but absent from evidence/bundle.json
invalidation-liveness	every tampered bundle is refused	2026-08-28T18:05:46.1943561Z FAIL stamp-mismatch: prompt_hash: named by protocol.hashes but absent from evidence/bundle.json
invalidation-liveness	every tampered bundle is refused	2026-08-28T18:05:46.1944785Z FAIL stamp-mismatch: harness_commit: protocol declares issuer_commit but evidence/bundle.json carries no harness_commit
invalidation-liveness	every tampered bundle is refused	2026-08-28T18:05:46.1946121Z structural verification: FAIL — 3 named reason(s) (tamper-stamp-deleted)
invalidation-liveness	every tampered bundle is refused	2026-08-28T18:05:46.1946906Z   proved offline: manifest schema, artifact presence + sha256, bundle closure,
invalidation-liveness	every tampered bundle is refused	2026-08-28T18:05:46.1947736Z   stated limitations, stamp agreement, declared results recomputed from artifacts.
invalidation-liveness	every tampered bundle is refused	2026-08-28T18:05:46.1948546Z semantic replay: NOT run by this tool. A structural PASS means the bundle is
invalidation-liveness	every tampered bundle is refused	2026-08-28T18:05:46.1949309Z   internally honest, not that the issuer's grader agrees. To re-earn the
invalidation-liveness	every tampered bundle is refused	2026-08-28T18:05:46.1950043Z   verdicts, run the bundle's replay block at the pinned issuer_commit:
invalidation-liveness	every tampered bundle is refused	2026-08-28T18:05:46.1950748Z     $ git clone https://github.com/example/toy-issuer issuer
invalidation-liveness	every tampered bundle is refused	2026-08-28T18:05:46.1951351Z     $ git -C issuer checkout f1e2d3c
invalidation-liveness	every tampered bundle is refused	2026-08-28T18:05:46.1951892Z     $ python -m pip install -e ./issuer
invalidation-liveness	every tampered bundle is refused	2026-08-28T18:05:46.1953267Z     $ python -m toy_issuer.regrade evidence/bundle.json
invalidation-liveness	every tampered bundle is refused	2026-08-28T18:05:46.1953947Z     $ python issuer/audit/run_audit.py --check evidence/results.json
invalidation-liveness	every tampered bundle is refused	2026-08-28T18:05:46.1954689Z     $ python -m toy_issuer.mutrun --check evidence/evalmut_run.json
invalidation-liveness	every tampered bundle is refused	2026-08-28T18:05:46.1955419Z     $ python -m toy_issuer.crashrun --check evidence/eval_run.json
invalidation-liveness	every tampered bundle is refused	2026-08-28T18:05:46.1956222Z     $ python -m toy_issuer.driftboard --check evidence/standings.json
invalidation-liveness	every tampered bundle is refused	2026-08-28T18:05:46.1958059Z     expected: regrade exits 0 reporting 'consistent'; audit, mutrun, crashrun, and driftboard reproduce results.json, evalmut_run.json, eval_run.json, and the drift board artifacts byte-identically at the stamped commit (mutrun exits 1 by design: the toy suite has holes)
invalidation-liveness	every tampered bundle is refused	2026-08-28T18:05:46.2410572Z FAIL summary-outruns-checks: summary.fixed: declares 3, recomputation gives 2
invalidation-liveness	every tampered bundle is refused	2026-08-28T18:05:46.2411982Z structural verification: FAIL — 1 named reason(s) (tamper-summary-fixed)
invalidation-liveness	every tampered bundle is refused	2026-08-28T18:05:46.2413627Z   proved offline: manifest schema, artifact presence + sha256, bundle closure,
invalidation-liveness	every tampered bundle is refused	2026-08-28T18:05:46.2415236Z   stated limitations, stamp agreement, declared results recomputed from artifacts.
invalidation-liveness	every tampered bundle is refused	2026-08-28T18:05:46.2416633Z semantic replay: NOT run by this tool. A structural PASS means the bundle is
invalidation-liveness	every tampered bundle is refused	2026-08-28T18:05:46.2417993Z   internally honest, not that the issuer's grader agrees. To re-earn the
invalidation-liveness	every tampered bundle is refused	2026-08-28T18:05:46.2419204Z   verdicts, run the bundle's replay block at the pinned issuer_commit:
invalidation-liveness	every tampered bundle is refused	2026-08-28T18:05:46.2420343Z     $ git clone https://github.com/example/toy-issuer issuer
invalidation-liveness	every tampered bundle is refused	2026-08-28T18:05:46.2421196Z     $ git -C issuer checkout f1e2d3c
invalidation-liveness	every tampered bundle is refused	2026-08-28T18:05:46.2421714Z     $ python -m pip install -e ./issuer
invalidation-liveness	every tampered bundle is refused	2026-08-28T18:05:46.2422506Z     $ python -m toy_issuer.regrade evidence/bundle.json
invalidation-liveness	every tampered bundle is refused	2026-08-28T18:05:46.2423216Z     $ python issuer/audit/run_audit.py --check evidence/results.json
invalidation-liveness	every tampered bundle is refused	2026-08-28T18:05:46.2423988Z     $ python -m toy_issuer.mutrun --check evidence/evalmut_run.json
invalidation-liveness	every tampered bundle is refused	2026-08-28T18:05:46.2425141Z     $ python -m toy_issuer.crashrun --check evidence/eval_run.json
invalidation-liveness	every tampered bundle is refused	2026-08-28T18:05:46.2425835Z     $ python -m toy_issuer.driftboard --check evidence/standings.json
invalidation-liveness	every tampered bundle is refused	2026-08-28T18:05:46.2427757Z     expected: regrade exits 0 reporting 'consistent'; audit, mutrun, crashrun, and driftboard reproduce results.json, evalmut_run.json, eval_run.json, and the drift board artifacts byte-identically at the stamped commit (mutrun exits 1 by design: the toy suite has holes)
invalidation-liveness	every tampered bundle is refused	2026-08-28T18:05:46.2875990Z FAIL summary-outruns-checks: summary.detection_rate_min: declares 0.9, no check recomputes it
invalidation-liveness	every tampered bundle is refused	2026-08-28T18:05:46.2877357Z structural verification: FAIL — 1 named reason(s) (tamper-summary-rate)
invalidation-liveness	every tampered bundle is refused	2026-08-28T18:05:46.2878182Z   proved offline: manifest schema, artifact presence + sha256, bundle closure,
invalidation-liveness	every tampered bundle is refused	2026-08-28T18:05:46.2879033Z   stated limitations, stamp agreement, declared results recomputed from artifacts.
invalidation-liveness	every tampered bundle is refused	2026-08-28T18:05:46.2879857Z semantic replay: NOT run by this tool. A structural PASS means the bundle is
invalidation-liveness	every tampered bundle is refused	2026-08-28T18:05:46.2880671Z   internally honest, not that the issuer's grader agrees. To re-earn the
invalidation-liveness	every tampered bundle is refused	2026-08-28T18:05:46.2881385Z   verdicts, run the bundle's replay block at the pinned issuer_commit:
invalidation-liveness	every tampered bundle is refused	2026-08-28T18:05:46.2882064Z     $ git clone https://github.com/example/toy-issuer issuer
invalidation-liveness	every tampered bundle is refused	2026-08-28T18:05:46.2882821Z     $ git -C issuer checkout f1e2d3c
invalidation-liveness	every tampered bundle is refused	2026-08-28T18:05:46.2883254Z     $ python -m pip install -e ./issuer
invalidation-liveness	every tampered bundle is refused	2026-08-28T18:05:46.2883756Z     $ python -m toy_issuer.regrade evidence/bundle.json
invalidation-liveness	every tampered bundle is refused	2026-08-28T18:05:46.2884376Z     $ python issuer/audit/run_audit.py --check evidence/results.json
invalidation-liveness	every tampered bundle is refused	2026-08-28T18:05:46.2885039Z     $ python -m toy_issuer.mutrun --check evidence/evalmut_run.json
invalidation-liveness	every tampered bundle is refused	2026-08-28T18:05:46.2885780Z     $ python -m toy_issuer.crashrun --check evidence/eval_run.json
invalidation-liveness	every tampered bundle is refused	2026-08-28T18:05:46.2886496Z     $ python -m toy_issuer.driftboard --check evidence/standings.json
invalidation-liveness	every tampered bundle is refused	2026-08-28T18:05:46.2888381Z     expected: regrade exits 0 reporting 'consistent'; audit, mutrun, crashrun, and driftboard reproduce results.json, evalmut_run.json, eval_run.json, and the drift board artifacts byte-identically at the stamped commit (mutrun exits 1 by design: the toy suite has holes)
invalidation-liveness	every tampered bundle is refused	2026-08-28T18:05:46.3352628Z FAIL summary-outruns-checks: summary.mutation_score_3: declares 0.714, no check recomputes it
invalidation-liveness	every tampered bundle is refused	2026-08-28T18:05:46.3354472Z structural verification: FAIL — 1 named reason(s) (tamper-summary-score)
invalidation-liveness	every tampered bundle is refused	2026-08-28T18:05:46.3355558Z   proved offline: manifest schema, artifact presence + sha256, bundle closure,
invalidation-liveness	every tampered bundle is refused	2026-08-28T18:05:46.3356889Z   stated limitations, stamp agreement, declared results recomputed from artifacts.
invalidation-liveness	every tampered bundle is refused	2026-08-28T18:05:46.3357934Z semantic replay: NOT run by this tool. A structural PASS means the bundle is
invalidation-liveness	every tampered bundle is refused	2026-08-28T18:05:46.3358904Z   internally honest, not that the issuer's grader agrees. To re-earn the
invalidation-liveness	every tampered bundle is refused	2026-08-28T18:05:46.3359805Z   verdicts, run the bundle's replay block at the pinned issuer_commit:
invalidation-liveness	every tampered bundle is refused	2026-08-28T18:05:46.3360604Z     $ git clone https://github.com/example/toy-issuer issuer
invalidation-liveness	every tampered bundle is refused	2026-08-28T18:05:46.3361283Z     $ git -C issuer checkout f1e2d3c
invalidation-liveness	every tampered bundle is refused	2026-08-28T18:05:46.3361801Z     $ python -m pip install -e ./issuer
invalidation-liveness	every tampered bundle is refused	2026-08-28T18:05:46.3362637Z     $ python -m toy_issuer.regrade evidence/bundle.json
invalidation-liveness	every tampered bundle is refused	2026-08-28T18:05:46.3363353Z     $ python issuer/audit/run_audit.py --check evidence/results.json
invalidation-liveness	every tampered bundle is refused	2026-08-28T18:05:46.3364118Z     $ python -m toy_issuer.mutrun --check evidence/evalmut_run.json
invalidation-liveness	every tampered bundle is refused	2026-08-28T18:05:46.3364933Z     $ python -m toy_issuer.crashrun --check evidence/eval_run.json
invalidation-liveness	every tampered bundle is refused	2026-08-28T18:05:46.3365698Z     $ python -m toy_issuer.driftboard --check evidence/standings.json
invalidation-liveness	every tampered bundle is refused	2026-08-28T18:05:46.3367783Z     expected: regrade exits 0 reporting 'consistent'; audit, mutrun, crashrun, and driftboard reproduce results.json, evalmut_run.json, eval_run.json, and the drift board artifacts byte-identically at the stamped commit (mutrun exits 1 by design: the toy suite has holes)
invalidation-liveness	every tampered bundle is refused	2026-08-28T18:05:46.3808767Z FAIL summary-outruns-checks: summary.fixed: declares '9999' as a string; a numeric headline must be a JSON number so it can be recomputed
invalidation-liveness	every tampered bundle is refused	2026-08-28T18:05:46.3832815Z structural verification: FAIL — 1 named reason(s) (tamper-summary-string)
invalidation-liveness	every tampered bundle is refused	2026-08-28T18:05:46.3833793Z   proved offline: manifest schema, artifact presence + sha256, bundle closure,
invalidation-liveness	every tampered bundle is refused	2026-08-28T18:05:46.3834483Z   stated limitations, stamp agreement, declared results recomputed from artifacts.
invalidation-liveness	every tampered bundle is refused	2026-08-28T18:05:46.3835061Z semantic replay: NOT run by this tool. A structural PASS means the bundle is
invalidation-liveness	every tampered bundle is refused	2026-08-28T18:05:46.3835590Z   internally honest, not that the issuer's grader agrees. To re-earn the
invalidation-liveness	every tampered bundle is refused	2026-08-28T18:05:46.3836096Z   verdicts, run the bundle's replay block at the pinned issuer_commit:
invalidation-liveness	every tampered bundle is refused	2026-08-28T18:05:46.3836566Z     $ git clone https://github.com/example/toy-issuer issuer
invalidation-liveness	every tampered bundle is refused	2026-08-28T18:05:46.3836929Z     $ git -C issuer checkout f1e2d3c
invalidation-liveness	every tampered bundle is refused	2026-08-28T18:05:46.3837222Z     $ python -m pip install -e ./issuer
invalidation-liveness	every tampered bundle is refused	2026-08-28T18:05:46.3837567Z     $ python -m toy_issuer.regrade evidence/bundle.json
invalidation-liveness	every tampered bundle is refused	2026-08-28T18:05:46.3838011Z     $ python issuer/audit/run_audit.py --check evidence/results.json
invalidation-liveness	every tampered bundle is refused	2026-08-28T18:05:46.3838454Z     $ python -m toy_issuer.mutrun --check evidence/evalmut_run.json
invalidation-liveness	every tampered bundle is refused	2026-08-28T18:05:46.3838883Z     $ python -m toy_issuer.crashrun --check evidence/eval_run.json
invalidation-liveness	every tampered bundle is refused	2026-08-28T18:05:46.3839314Z     $ python -m toy_issuer.driftboard --check evidence/standings.json
invalidation-liveness	every tampered bundle is refused	2026-08-28T18:05:46.3840480Z     expected: regrade exits 0 reporting 'consistent'; audit, mutrun, crashrun, and driftboard reproduce results.json, evalmut_run.json, eval_run.json, and the drift board artifacts byte-identically at the stamped commit (mutrun exits 1 by design: the toy suite has holes)
invalidation-liveness	every tampered bundle is refused	2026-08-28T18:05:46.4255774Z FAIL summary-outruns-checks: summary.eval_run.vulnerability_score: declares 0.0, recomputation gives 0.4545
invalidation-liveness	every tampered bundle is refused	2026-08-28T18:05:46.4257052Z FAIL summary-outruns-checks: summary.eval_run_safe.vulnerability_score: declares 0.4545, recomputation gives 0.0
invalidation-liveness	every tampered bundle is refused	2026-08-28T18:05:46.4258372Z structural verification: FAIL — 2 named reason(s) (tamper-v02-swapped-arms)
invalidation-liveness	every tampered bundle is refused	2026-08-28T18:05:46.4259479Z   proved offline: manifest schema, artifact presence + sha256, bundle closure,
invalidation-liveness	every tampered bundle is refused	2026-08-28T18:05:46.4260265Z   stated limitations, stamp agreement, declared results recomputed from artifacts.
invalidation-liveness	every tampered bundle is refused	2026-08-28T18:05:46.4261044Z semantic replay: NOT run by this tool. A structural PASS means the bundle is
invalidation-liveness	every tampered bundle is refused	2026-08-28T18:05:46.4261779Z   internally honest, not that the issuer's grader agrees. To re-earn the
invalidation-liveness	every tampered bundle is refused	2026-08-28T18:05:46.4262891Z   verdicts, run the bundle's replay block at the pinned issuer_commit:
invalidation-liveness	every tampered bundle is refused	2026-08-28T18:05:46.4263523Z     $ git clone https://github.com/example/toy-issuer issuer
invalidation-liveness	every tampered bundle is refused	2026-08-28T18:05:46.4264026Z     $ git -C issuer checkout f1e2d3c
invalidation-liveness	every tampered bundle is refused	2026-08-28T18:05:46.4264435Z     $ python -m pip install -e ./issuer
invalidation-liveness	every tampered bundle is refused	2026-08-28T18:05:46.4264898Z     $ python -m toy_issuer.regrade evidence/bundle.json
invalidation-liveness	every tampered bundle is refused	2026-08-28T18:05:46.4265474Z     $ python issuer/audit/run_audit.py --check evidence/results.json
invalidation-liveness	every tampered bundle is refused	2026-08-28T18:05:46.4266062Z     $ python -m toy_issuer.mutrun --check evidence/evalmut_run.json
invalidation-liveness	every tampered bundle is refused	2026-08-28T18:05:46.4266583Z     $ python -m toy_issuer.crashrun --check evidence/eval_run.json
invalidation-liveness	every tampered bundle is refused	2026-08-28T18:05:46.4267112Z     $ python -m toy_issuer.driftboard --check evidence/standings.json
invalidation-liveness	every tampered bundle is refused	2026-08-28T18:05:46.4268522Z     expected: regrade exits 0 reporting 'consistent'; audit, mutrun, crashrun, and driftboard reproduce results.json, evalmut_run.json, eval_run.json, and the drift board artifacts byte-identically at the stamped commit (mutrun exits 1 by design: the toy suite has holes)
invalidation-liveness	every tampered bundle is refused	2026-08-28T18:05:46.4709616Z FAIL summary-mismatch: fixed: declared 3, recomputed 2
invalidation-liveness	every tampered bundle is refused	2026-08-28T18:05:46.4710671Z FAIL summary-outruns-checks: summary.fixed: declares 3, recomputation gives 2
invalidation-liveness	every tampered bundle is refused	2026-08-28T18:05:46.4712096Z structural verification: FAIL — 2 named reason(s) (tamper-verdict-count)
invalidation-liveness	every tampered bundle is refused	2026-08-28T18:05:46.4713350Z   proved offline: manifest schema, artifact presence + sha256, bundle closure,
invalidation-liveness	every tampered bundle is refused	2026-08-28T18:05:46.4714162Z   stated limitations, stamp agreement, declared results recomputed from artifacts.
invalidation-liveness	every tampered bundle is refused	2026-08-28T18:05:46.4715350Z semantic replay: NOT run by this tool. A structural PASS means the bundle is
invalidation-liveness	every tampered bundle is refused	2026-08-28T18:05:46.4716008Z   internally honest, not that the issuer's grader agrees. To re-earn the
invalidation-liveness	every tampered bundle is refused	2026-08-28T18:05:46.4716636Z   verdicts, run the bundle's replay block at the pinned issuer_commit:
invalidation-liveness	every tampered bundle is refused	2026-08-28T18:05:46.4717224Z     $ git clone https://github.com/example/toy-issuer issuer
invalidation-liveness	every tampered bundle is refused	2026-08-28T18:05:46.4717682Z     $ git -C issuer checkout f1e2d3c
invalidation-liveness	every tampered bundle is refused	2026-08-28T18:05:46.4718057Z     $ python -m pip install -e ./issuer
invalidation-liveness	every tampered bundle is refused	2026-08-28T18:05:46.4718498Z     $ python -m toy_issuer.regrade evidence/bundle.json
invalidation-liveness	every tampered bundle is refused	2026-08-28T18:05:46.4719038Z     $ python issuer/audit/run_audit.py --check evidence/results.json
invalidation-liveness	every tampered bundle is refused	2026-08-28T18:05:46.4719617Z     $ python -m toy_issuer.mutrun --check evidence/evalmut_run.json
invalidation-liveness	every tampered bundle is refused	2026-08-28T18:05:46.4720184Z     $ python -m toy_issuer.crashrun --check evidence/eval_run.json
invalidation-liveness	every tampered bundle is refused	2026-08-28T18:05:46.4720749Z     $ python -m toy_issuer.driftboard --check evidence/standings.json
invalidation-liveness	every tampered bundle is refused	2026-08-28T18:05:46.4722517Z     expected: regrade exits 0 reporting 'consistent'; audit, mutrun, crashrun, and driftboard reproduce results.json, evalmut_run.json, eval_run.json, and the drift board artifacts byte-identically at the stamped commit (mutrun exits 1 by design: the toy suite has holes)
invalidation-liveness	every tampered bundle is refused	2026-08-28T18:05:46.5185079Z FAIL sha256-mismatch: evidence/bundle.json: manifest 0000000000000000000000000000000000000000000000000000000000000000, file 64931fe8d466c2cfdbf3c15013d8aa013bc54a2e340fb89737972ef3612550d4
invalidation-liveness	every tampered bundle is refused	2026-08-28T18:05:46.5186669Z structural verification: FAIL — 1 named reason(s) (tamper-wrong-sha256)
invalidation-liveness	every tampered bundle is refused	2026-08-28T18:05:46.5187436Z   proved offline: manifest schema, artifact presence + sha256, bundle closure,
invalidation-liveness	every tampered bundle is refused	2026-08-28T18:05:46.5188234Z   stated limitations, stamp agreement, declared results recomputed from artifacts.
invalidation-liveness	every tampered bundle is refused	2026-08-28T18:05:46.5189018Z semantic replay: NOT run by this tool. A structural PASS means the bundle is
invalidation-liveness	every tampered bundle is refused	2026-08-28T18:05:46.5189769Z   internally honest, not that the issuer's grader agrees. To re-earn the
invalidation-liveness	every tampered bundle is refused	2026-08-28T18:05:46.5190922Z   verdicts, run the bundle's replay block at the pinned issuer_commit:
invalidation-liveness	every tampered bundle is refused	2026-08-28T18:05:46.5191561Z     $ git clone https://github.com/example/toy-issuer issuer
invalidation-liveness	every tampered bundle is refused	2026-08-28T18:05:46.5192059Z     $ git -C issuer checkout f1e2d3c
invalidation-liveness	every tampered bundle is refused	2026-08-28T18:05:46.5192887Z     $ python -m pip install -e ./issuer
invalidation-liveness	every tampered bundle is refused	2026-08-28T18:05:46.5193615Z     $ python -m toy_issuer.regrade evidence/bundle.json
invalidation-liveness	every tampered bundle is refused	2026-08-28T18:05:46.5194292Z     $ python issuer/audit/run_audit.py --check evidence/results.json
invalidation-liveness	every tampered bundle is refused	2026-08-28T18:05:46.5194927Z     $ python -m toy_issuer.mutrun --check evidence/evalmut_run.json
invalidation-liveness	every tampered bundle is refused	2026-08-28T18:05:46.5195546Z     $ python -m toy_issuer.crashrun --check evidence/eval_run.json
invalidation-liveness	every tampered bundle is refused	2026-08-28T18:05:46.5196164Z     $ python -m toy_issuer.driftboard --check evidence/standings.json
invalidation-liveness	every tampered bundle is refused	2026-08-28T18:05:46.5197765Z     expected: regrade exits 0 reporting 'consistent'; audit, mutrun, crashrun, and driftboard reproduce results.json, evalmut_run.json, eval_run.json, and the drift board artifacts byte-identically at the stamped commit (mutrun exits 1 by design: the toy suite has holes)
invalidation-liveness	fixtures regenerate byte-identically	﻿2026-08-28T18:05:46.5289429Z ##[group]Run python fixtures/make_fixtures.py
invalidation-liveness	fixtures regenerate byte-identically	2026-08-28T18:05:46.5289830Z ^[[36;1mpython fixtures/make_fixtures.py^[[0m
invalidation-liveness	fixtures regenerate byte-identically	2026-08-28T18:05:46.5290142Z ^[[36;1mgit diff --exit-code fixtures/^[[0m
invalidation-liveness	fixtures regenerate byte-identically	2026-08-28T18:05:46.5328881Z shell: /usr/bin/bash -e {0}
invalidation-liveness	fixtures regenerate byte-identically	2026-08-28T18:05:46.5329144Z env:
invalidation-liveness	fixtures regenerate byte-identically	2026-08-28T18:05:46.5329418Z   pythonLocation: /opt/hostedtoolcache/Python/3.12.14/x64
invalidation-liveness	fixtures regenerate byte-identically	2026-08-28T18:05:46.5329862Z   PKG_CONFIG_PATH: /opt/hostedtoolcache/Python/3.12.14/x64/lib/pkgconfig
invalidation-liveness	fixtures regenerate byte-identically	2026-08-28T18:05:46.5330301Z   Python_ROOT_DIR: /opt/hostedtoolcache/Python/3.12.14/x64
invalidation-liveness	fixtures regenerate byte-identically	2026-08-28T18:05:46.5330686Z   Python2_ROOT_DIR: /opt/hostedtoolcache/Python/3.12.14/x64
invalidation-liveness	fixtures regenerate byte-identically	2026-08-28T18:05:46.5331069Z   Python3_ROOT_DIR: /opt/hostedtoolcache/Python/3.12.14/x64
invalidation-liveness	fixtures regenerate byte-identically	2026-08-28T18:05:46.5331453Z   LD_LIBRARY_PATH: /opt/hostedtoolcache/Python/3.12.14/x64/lib
invalidation-liveness	fixtures regenerate byte-identically	2026-08-28T18:05:46.5331986Z ##[endgroup]
invalidation-liveness	fixtures regenerate byte-identically	2026-08-28T18:05:46.6505199Z attack-crashkit-severity: 15 file(s)
invalidation-liveness	fixtures regenerate byte-identically	2026-08-28T18:05:46.6505819Z tamper-check-deleted: 15 file(s)
invalidation-liveness	fixtures regenerate byte-identically	2026-08-28T18:05:46.6506311Z tamper-crashkit-case: 15 file(s)
invalidation-liveness	fixtures regenerate byte-identically	2026-08-28T18:05:46.6506714Z tamper-crashkit-metrics: 15 file(s)
invalidation-liveness	fixtures regenerate byte-identically	2026-08-28T18:05:46.6507132Z tamper-crashkit-severity: 15 file(s)
invalidation-liveness	fixtures regenerate byte-identically	2026-08-28T18:05:46.6507549Z tamper-draft-incomplete: 15 file(s)
invalidation-liveness	fixtures regenerate byte-identically	2026-08-28T18:05:46.6507959Z tamper-empty-limitations: 15 file(s)
invalidation-liveness	fixtures regenerate byte-identically	2026-08-28T18:05:46.6508373Z tamper-evalmut-all-error: 15 file(s)
invalidation-liveness	fixtures regenerate byte-identically	2026-08-28T18:05:46.6508794Z tamper-evalmut-empty-rows: 15 file(s)
invalidation-liveness	fixtures regenerate byte-identically	2026-08-28T18:05:46.6509244Z tamper-evalmut-rows: 15 file(s)
invalidation-liveness	fixtures regenerate byte-identically	2026-08-28T18:05:46.6509620Z tamper-evalmut-summary: 15 file(s)
invalidation-liveness	fixtures regenerate byte-identically	2026-08-28T18:05:46.6509975Z tamper-missing-artifact: 14 file(s)
invalidation-liveness	fixtures regenerate byte-identically	2026-08-28T18:05:46.6510345Z tamper-missing-issuer-commit: 15 file(s)
invalidation-liveness	fixtures regenerate byte-identically	2026-08-28T18:05:46.6510728Z tamper-modeldrift-rows: 15 file(s)
invalidation-liveness	fixtures regenerate byte-identically	2026-08-28T18:05:46.6511088Z tamper-modeldrift-standings: 15 file(s)
invalidation-liveness	fixtures regenerate byte-identically	2026-08-28T18:05:46.6511475Z tamper-raw-aggregate: 15 file(s)
invalidation-liveness	fixtures regenerate byte-identically	2026-08-28T18:05:46.6511814Z tamper-stamp-deleted: 15 file(s)
invalidation-liveness	fixtures regenerate byte-identically	2026-08-28T18:05:46.6512147Z tamper-summary-fixed: 15 file(s)
invalidation-liveness	fixtures regenerate byte-identically	2026-08-28T18:05:46.6512726Z tamper-summary-rate: 15 file(s)
invalidation-liveness	fixtures regenerate byte-identically	2026-08-28T18:05:46.6513065Z tamper-summary-score: 15 file(s)
invalidation-liveness	fixtures regenerate byte-identically	2026-08-28T18:05:46.6513418Z tamper-summary-string: 15 file(s)
invalidation-liveness	fixtures regenerate byte-identically	2026-08-28T18:05:46.6513769Z tamper-v02-swapped-arms: 16 file(s)
invalidation-liveness	fixtures regenerate byte-identically	2026-08-28T18:05:46.6514125Z tamper-verdict-count: 15 file(s)
invalidation-liveness	fixtures regenerate byte-identically	2026-08-28T18:05:46.6514458Z tamper-wrong-sha256: 15 file(s)
invalidation-liveness	fixtures regenerate byte-identically	2026-08-28T18:05:46.6514777Z v02-twin-arms: 16 file(s)
invalidation-liveness	fixtures regenerate byte-identically	2026-08-28T18:05:46.6515065Z valid: 15 file(s)
invalidation-liveness	Post Run actions/setup-python@v5	﻿2026-08-28T18:05:46.6945769Z Node 20 is being deprecated. This workflow is running with Node 24 by default. If you need to temporarily use Node 20, you can set the ACTIONS_ALLOW_USE_UNSECURE_NODE_VERSION=true environment variable. For more information see: https://github.blog/changelog/2025-09-19-deprecation-of-node-20-on-github-actions-runners/
invalidation-liveness	Post Run actions/setup-python@v5	2026-08-28T18:05:46.6947070Z Post job cleanup.
invalidation-liveness	Post Run actions/setup-python@v5	2026-08-28T18:05:46.8198557Z (node:2267) [DEP0040] DeprecationWarning: The `punycode` module is deprecated. Please use a userland alternative instead.
invalidation-liveness	Post Run actions/setup-python@v5	2026-08-28T18:05:46.8200226Z (Use `node --trace-deprecation ...` to show where the warning was created)
invalidation-liveness	Post Run actions/checkout@v4	﻿2026-08-28T18:05:46.8443107Z Node 20 is being deprecated. This workflow is running with Node 24 by default. If you need to temporarily use Node 20, you can set the ACTIONS_ALLOW_USE_UNSECURE_NODE_VERSION=true environment variable. For more information see: https://github.blog/changelog/2025-09-19-deprecation-of-node-20-on-github-actions-runners/
invalidation-liveness	Post Run actions/checkout@v4	2026-08-28T18:05:46.8444418Z Post job cleanup.
invalidation-liveness	Post Run actions/checkout@v4	2026-08-28T18:05:46.9368046Z [command]/usr/bin/git version
invalidation-liveness	Post Run actions/checkout@v4	2026-08-28T18:05:46.9416216Z git version 2.55.0
invalidation-liveness	Post Run actions/checkout@v4	2026-08-28T18:05:46.9457193Z Temporarily overriding HOME='/home/runner/work/_temp/27f2e0cd-9d88-479c-8e88-8e71873cc714' before making global git config changes
invalidation-liveness	Post Run actions/checkout@v4	2026-08-28T18:05:46.9458651Z Adding repository directory to the temporary git global config as a safe directory
invalidation-liveness	Post Run actions/checkout@v4	2026-08-28T18:05:46.9464292Z [command]/usr/bin/git config --global --add safe.directory /home/runner/work/vac-protocol/vac-protocol
invalidation-liveness	Post Run actions/checkout@v4	2026-08-28T18:05:46.9509921Z [command]/usr/bin/git config --local --name-only --get-regexp core\.sshCommand
invalidation-liveness	Post Run actions/checkout@v4	2026-08-28T18:05:46.9552347Z [command]/usr/bin/git submodule foreach --recursive sh -c "git config --local --name-only --get-regexp 'core\.sshCommand' && git config --local --unset-all 'core.sshCommand' || :"
invalidation-liveness	Post Run actions/checkout@v4	2026-08-28T18:05:46.9820968Z [command]/usr/bin/git config --local --name-only --get-regexp http\.https\:\/\/github\.com\/\.extraheader
invalidation-liveness	Post Run actions/checkout@v4	2026-08-28T18:05:46.9853453Z http.https://github.com/.extraheader
invalidation-liveness	Post Run actions/checkout@v4	2026-08-28T18:05:46.9868215Z [command]/usr/bin/git config --local --unset-all http.https://github.com/.extraheader
invalidation-liveness	Post Run actions/checkout@v4	2026-08-28T18:05:46.9917646Z [command]/usr/bin/git submodule foreach --recursive sh -c "git config --local --name-only --get-regexp 'http\.https\:\/\/github\.com\/\.extraheader' && git config --local --unset-all 'http.https://github.com/.extraheader' || :"
invalidation-liveness	Post Run actions/checkout@v4	2026-08-28T18:05:47.0207266Z [command]/usr/bin/git config --local --name-only --get-regexp ^includeIf\.gitdir:
invalidation-liveness	Post Run actions/checkout@v4	2026-08-28T18:05:47.0283593Z [command]/usr/bin/git submodule foreach --recursive git config --local --show-origin --name-only --get-regexp remote.origin.url
invalidation-liveness	Complete job	﻿2026-08-28T18:05:47.0721293Z Cleaning up orphan processes
invalidation-liveness	Complete job	2026-08-28T18:05:47.1027393Z ##[warning]Node.js 20 is deprecated. The following actions target Node.js 20 but are being forced to run on Node.js 24: actions/checkout@v4, actions/setup-python@v5. For more information see: https://github.blog/changelog/2025-09-19-deprecation-of-node-20-on-github-actions-runners/
refusal-coverage	Set up job	﻿2026-08-28T18:05:40.5840960Z Current runner version: '2.336.0'
refusal-coverage	Set up job	2026-08-28T18:05:40.5867391Z ##[group]Runner Image Provisioner
refusal-coverage	Set up job	2026-08-28T18:05:40.5868852Z Hosted Compute Agent
refusal-coverage	Set up job	2026-08-28T18:05:40.5869497Z Version: 20260819.586
refusal-coverage	Set up job	2026-08-28T18:05:40.5870213Z Commit: 3cc4a88dfa507ef76119ad1bb3eccc6378bb2b76
refusal-coverage	Set up job	2026-08-28T18:05:40.5870967Z Build Date: 2026-08-18T23:20:18Z
refusal-coverage	Set up job	2026-08-28T18:05:40.5871693Z Worker ID: {76cb1313-82b6-447e-988c-3e68e755ce83}
refusal-coverage	Set up job	2026-08-28T18:05:40.5872823Z Azure Region: westus
refusal-coverage	Set up job	2026-08-28T18:05:40.5873423Z ##[endgroup]
refusal-coverage	Set up job	2026-08-28T18:05:40.5875046Z ##[group]Operating System
refusal-coverage	Set up job	2026-08-28T18:05:40.5875762Z Ubuntu
refusal-coverage	Set up job	2026-08-28T18:05:40.5876296Z 24.04.4
refusal-coverage	Set up job	2026-08-28T18:05:40.5876874Z LTS
refusal-coverage	Set up job	2026-08-28T18:05:40.5877403Z ##[endgroup]
refusal-coverage	Set up job	2026-08-28T18:05:40.5877948Z ##[group]Runner Image
refusal-coverage	Set up job	2026-08-28T18:05:40.5879038Z Image: ubuntu-24.04
refusal-coverage	Set up job	2026-08-28T18:05:40.5879652Z Version: 20260823.283.1
refusal-coverage	Set up job	2026-08-28T18:05:40.5880741Z Included Software: https://github.com/actions/runner-images/blob/ubuntu24/20260823.283/images/ubuntu/Ubuntu2404-Readme.md
refusal-coverage	Set up job	2026-08-28T18:05:40.5882484Z Image Release: https://github.com/actions/runner-images/releases/tag/ubuntu24%2F20260823.283
refusal-coverage	Set up job	2026-08-28T18:05:40.5883688Z ##[endgroup]
refusal-coverage	Set up job	2026-08-28T18:05:40.5884905Z ##[group]GITHUB_TOKEN Permissions
refusal-coverage	Set up job	2026-08-28T18:05:40.5887275Z Contents: read
refusal-coverage	Set up job	2026-08-28T18:05:40.5887912Z Metadata: read
refusal-coverage	Set up job	2026-08-28T18:05:40.5888887Z Packages: read
refusal-coverage	Set up job	2026-08-28T18:05:40.5889504Z ##[endgroup]
refusal-coverage	Set up job	2026-08-28T18:05:40.5891894Z Secret source: Actions
refusal-coverage	Set up job	2026-08-28T18:05:40.5893346Z Prepare workflow directory
refusal-coverage	Set up job	2026-08-28T18:05:40.6237944Z Prepare all required actions
refusal-coverage	Set up job	2026-08-28T18:05:40.6289787Z Getting action download info
refusal-coverage	Set up job	2026-08-28T18:05:40.9787042Z Download action repository 'actions/checkout@v4' (SHA:11d5960a326750d5838078e36cf38b85af677262)
refusal-coverage	Set up job	2026-08-28T18:05:41.1099311Z Download action repository 'actions/setup-python@v5' (SHA:a26af69be951a213d495a4c3e4e4022e16d87065)
refusal-coverage	Set up job	2026-08-28T18:05:41.3267057Z Complete job name: refusal-coverage
refusal-coverage	Run actions/checkout@v4	﻿2026-08-28T18:05:41.4123939Z Node 20 is being deprecated. This workflow is running with Node 24 by default. If you need to temporarily use Node 20, you can set the ACTIONS_ALLOW_USE_UNSECURE_NODE_VERSION=true environment variable. For more information see: https://github.blog/changelog/2025-09-19-deprecation-of-node-20-on-github-actions-runners/
refusal-coverage	Run actions/checkout@v4	2026-08-28T18:05:41.4133466Z ##[group]Run actions/checkout@v4
refusal-coverage	Run actions/checkout@v4	2026-08-28T18:05:41.4134245Z with:
refusal-coverage	Run actions/checkout@v4	2026-08-28T18:05:41.4134700Z   repository: egnaro9/vac-protocol
refusal-coverage	Run actions/checkout@v4	2026-08-28T18:05:41.4138610Z   token: ***
refusal-coverage	Run actions/checkout@v4	2026-08-28T18:05:41.4139067Z   ssh-strict: true
refusal-coverage	Run actions/checkout@v4	2026-08-28T18:05:41.4139517Z   ssh-user: git
refusal-coverage	Run actions/checkout@v4	2026-08-28T18:05:41.4139963Z   persist-credentials: true
refusal-coverage	Run actions/checkout@v4	2026-08-28T18:05:41.4140461Z   clean: true
refusal-coverage	Run actions/checkout@v4	2026-08-28T18:05:41.4140909Z   sparse-checkout-cone-mode: true
refusal-coverage	Run actions/checkout@v4	2026-08-28T18:05:41.4141433Z   fetch-depth: 1
refusal-coverage	Run actions/checkout@v4	2026-08-28T18:05:41.4141862Z   fetch-tags: false
refusal-coverage	Run actions/checkout@v4	2026-08-28T18:05:41.4142304Z   show-progress: true
refusal-coverage	Run actions/checkout@v4	2026-08-28T18:05:41.4142762Z   lfs: false
refusal-coverage	Run actions/checkout@v4	2026-08-28T18:05:41.4143185Z   submodules: false
refusal-coverage	Run actions/checkout@v4	2026-08-28T18:05:41.4143697Z   set-safe-directory: true
refusal-coverage	Run actions/checkout@v4	2026-08-28T18:05:41.4144221Z   allow-unsafe-pr-checkout: false
refusal-coverage	Run actions/checkout@v4	2026-08-28T18:05:41.4145007Z ##[endgroup]
refusal-coverage	Run actions/checkout@v4	2026-08-28T18:05:41.5177209Z Syncing repository: egnaro9/vac-protocol
refusal-coverage	Run actions/checkout@v4	2026-08-28T18:05:41.5180688Z ##[group]Getting Git version info
refusal-coverage	Run actions/checkout@v4	2026-08-28T18:05:41.5181990Z Working directory is '/home/runner/work/vac-protocol/vac-protocol'
refusal-coverage	Run actions/checkout@v4	2026-08-28T18:05:41.5183718Z [command]/usr/bin/git version
refusal-coverage	Run actions/checkout@v4	2026-08-28T18:05:41.5232426Z git version 2.55.0
refusal-coverage	Run actions/checkout@v4	2026-08-28T18:05:41.5258363Z ##[endgroup]
refusal-coverage	Run actions/checkout@v4	2026-08-28T18:05:41.5275459Z Temporarily overriding HOME='/home/runner/work/_temp/aa9d98c1-0d15-477b-a911-135d70e67c6a' before making global git config changes
refusal-coverage	Run actions/checkout@v4	2026-08-28T18:05:41.5277949Z Adding repository directory to the temporary git global config as a safe directory
refusal-coverage	Run actions/checkout@v4	2026-08-28T18:05:41.5290480Z [command]/usr/bin/git config --global --add safe.directory /home/runner/work/vac-protocol/vac-protocol
refusal-coverage	Run actions/checkout@v4	2026-08-28T18:05:41.5342359Z Deleting the contents of '/home/runner/work/vac-protocol/vac-protocol'
refusal-coverage	Run actions/checkout@v4	2026-08-28T18:05:41.5346648Z ##[group]Initializing the repository
refusal-coverage	Run actions/checkout@v4	2026-08-28T18:05:41.5352727Z [command]/usr/bin/git init /home/runner/work/vac-protocol/vac-protocol
refusal-coverage	Run actions/checkout@v4	2026-08-28T18:05:41.5455003Z hint: Using 'master' as the name for the initial branch. This default branch name
refusal-coverage	Run actions/checkout@v4	2026-08-28T18:05:41.5460644Z hint: will change to "main" in Git 3.0. To configure the initial branch name
refusal-coverage	Run actions/checkout@v4	2026-08-28T18:05:41.5462246Z hint: to use in all of your new repositories, which will suppress this warning,
refusal-coverage	Run actions/checkout@v4	2026-08-28T18:05:41.5463871Z hint: call:
refusal-coverage	Run actions/checkout@v4	2026-08-28T18:05:41.5464565Z hint:
refusal-coverage	Run actions/checkout@v4	2026-08-28T18:05:41.5465421Z hint: 	git config --global init.defaultBranch <name>
refusal-coverage	Run actions/checkout@v4	2026-08-28T18:05:41.5466462Z hint:
refusal-coverage	Run actions/checkout@v4	2026-08-28T18:05:41.5467435Z hint: Names commonly chosen instead of 'master' are 'main', 'trunk' and
refusal-coverage	Run actions/checkout@v4	2026-08-28T18:05:41.5469226Z hint: 'development'. The just-created branch can be renamed via this command:
refusal-coverage	Run actions/checkout@v4	2026-08-28T18:05:41.5470519Z hint:
refusal-coverage	Run actions/checkout@v4	2026-08-28T18:05:41.5471215Z hint: 	git branch -m <name>
refusal-coverage	Run actions/checkout@v4	2026-08-28T18:05:41.5471978Z hint:
refusal-coverage	Run actions/checkout@v4	2026-08-28T18:05:41.5473021Z hint: Disable this message with "git config set advice.defaultBranchName false"
refusal-coverage	Run actions/checkout@v4	2026-08-28T18:05:41.5474756Z Initialized empty Git repository in /home/runner/work/vac-protocol/vac-protocol/.git/
refusal-coverage	Run actions/checkout@v4	2026-08-28T18:05:41.5477829Z [command]/usr/bin/git remote add origin https://github.com/egnaro9/vac-protocol
refusal-coverage	Run actions/checkout@v4	2026-08-28T18:05:41.5546791Z ##[endgroup]
refusal-coverage	Run actions/checkout@v4	2026-08-28T18:05:41.5548504Z ##[group]Disabling automatic garbage collection
refusal-coverage	Run actions/checkout@v4	2026-08-28T18:05:41.5549863Z [command]/usr/bin/git config --local gc.auto 0
refusal-coverage	Run actions/checkout@v4	2026-08-28T18:05:41.5579742Z ##[endgroup]
refusal-coverage	Run actions/checkout@v4	2026-08-28T18:05:41.5581373Z ##[group]Setting up auth
refusal-coverage	Run actions/checkout@v4	2026-08-28T18:05:41.5589985Z [command]/usr/bin/git config --local --name-only --get-regexp core\.sshCommand
refusal-coverage	Run actions/checkout@v4	2026-08-28T18:05:41.5636762Z [command]/usr/bin/git submodule foreach --recursive sh -c "git config --local --name-only --get-regexp 'core\.sshCommand' && git config --local --unset-all 'core.sshCommand' || :"
refusal-coverage	Run actions/checkout@v4	2026-08-28T18:05:41.6032850Z [command]/usr/bin/git config --local --name-only --get-regexp http\.https\:\/\/github\.com\/\.extraheader
refusal-coverage	Run actions/checkout@v4	2026-08-28T18:05:41.6079607Z [command]/usr/bin/git submodule foreach --recursive sh -c "git config --local --name-only --get-regexp 'http\.https\:\/\/github\.com\/\.extraheader' && git config --local --unset-all 'http.https://github.com/.extraheader' || :"
refusal-coverage	Run actions/checkout@v4	2026-08-28T18:05:41.6322596Z [command]/usr/bin/git config --local --name-only --get-regexp ^includeIf\.gitdir:
refusal-coverage	Run actions/checkout@v4	2026-08-28T18:05:41.6361093Z [command]/usr/bin/git submodule foreach --recursive git config --local --show-origin --name-only --get-regexp remote.origin.url
refusal-coverage	Run actions/checkout@v4	2026-08-28T18:05:41.6611829Z [command]/usr/bin/git config --local http.https://github.com/.extraheader AUTHORIZATION: basic ***
refusal-coverage	Run actions/checkout@v4	2026-08-28T18:05:41.6659871Z ##[endgroup]
refusal-coverage	Run actions/checkout@v4	2026-08-28T18:05:41.6661358Z ##[group]Fetching the repository
refusal-coverage	Run actions/checkout@v4	2026-08-28T18:05:41.6671738Z [command]/usr/bin/git -c protocol.version=2 fetch --no-tags --prune --no-recurse-submodules --depth=1 origin +08f995bd493a170cec01c153a5d9482317caaa0c:refs/remotes/origin/spec/v0.2-scope-binding
refusal-coverage	Run actions/checkout@v4	2026-08-28T18:05:42.4323853Z From https://github.com/egnaro9/vac-protocol
refusal-coverage	Run actions/checkout@v4	2026-08-28T18:05:42.4350446Z  * [new ref]         08f995bd493a170cec01c153a5d9482317caaa0c -> origin/spec/v0.2-scope-binding
refusal-coverage	Run actions/checkout@v4	2026-08-28T18:05:42.4362173Z ##[endgroup]
refusal-coverage	Run actions/checkout@v4	2026-08-28T18:05:42.4363554Z ##[group]Determining the checkout info
refusal-coverage	Run actions/checkout@v4	2026-08-28T18:05:42.4365120Z ##[endgroup]
refusal-coverage	Run actions/checkout@v4	2026-08-28T18:05:42.4366022Z [command]/usr/bin/git sparse-checkout disable
refusal-coverage	Run actions/checkout@v4	2026-08-28T18:05:42.4396303Z [command]/usr/bin/git config --local --unset-all extensions.worktreeConfig
refusal-coverage	Run actions/checkout@v4	2026-08-28T18:05:42.4435403Z ##[group]Checking out the ref
refusal-coverage	Run actions/checkout@v4	2026-08-28T18:05:42.4477656Z [command]/usr/bin/git checkout --progress --force -B spec/v0.2-scope-binding refs/remotes/origin/spec/v0.2-scope-binding
refusal-coverage	Run actions/checkout@v4	2026-08-28T18:05:42.4780283Z Switched to a new branch 'spec/v0.2-scope-binding'
refusal-coverage	Run actions/checkout@v4	2026-08-28T18:05:42.4784640Z branch 'spec/v0.2-scope-binding' set up to track 'origin/spec/v0.2-scope-binding'.
refusal-coverage	Run actions/checkout@v4	2026-08-28T18:05:42.4812762Z ##[endgroup]
refusal-coverage	Run actions/checkout@v4	2026-08-28T18:05:42.4846829Z [command]/usr/bin/git log -1 --format=%H
refusal-coverage	Run actions/checkout@v4	2026-08-28T18:05:42.4874988Z 08f995bd493a170cec01c153a5d9482317caaa0c
refusal-coverage	Run actions/setup-python@v5	﻿2026-08-28T18:05:42.5330464Z Node 20 is being deprecated. This workflow is running with Node 24 by default. If you need to temporarily use Node 20, you can set the ACTIONS_ALLOW_USE_UNSECURE_NODE_VERSION=true environment variable. For more information see: https://github.blog/changelog/2025-09-19-deprecation-of-node-20-on-github-actions-runners/
refusal-coverage	Run actions/setup-python@v5	2026-08-28T18:05:42.5335875Z ##[group]Run actions/setup-python@v5
refusal-coverage	Run actions/setup-python@v5	2026-08-28T18:05:42.5337126Z with:
refusal-coverage	Run actions/setup-python@v5	2026-08-28T18:05:42.5338346Z   python-version: 3.12
refusal-coverage	Run actions/setup-python@v5	2026-08-28T18:05:42.5339451Z   check-latest: false
refusal-coverage	Run actions/setup-python@v5	2026-08-28T18:05:42.5347813Z   token: ***
refusal-coverage	Run actions/setup-python@v5	2026-08-28T18:05:42.5349052Z   update-environment: true
refusal-coverage	Run actions/setup-python@v5	2026-08-28T18:05:42.5350225Z   allow-prereleases: false
refusal-coverage	Run actions/setup-python@v5	2026-08-28T18:05:42.5351365Z   freethreaded: false
refusal-coverage	Run actions/setup-python@v5	2026-08-28T18:05:42.5352399Z ##[endgroup]
refusal-coverage	Run actions/setup-python@v5	2026-08-28T18:05:42.6725807Z ##[group]Installed versions
refusal-coverage	Run actions/setup-python@v5	2026-08-28T18:05:42.6843474Z (node:2250) [DEP0040] DeprecationWarning: The `punycode` module is deprecated. Please use a userland alternative instead.
refusal-coverage	Run actions/setup-python@v5	2026-08-28T18:05:42.6847851Z (Use `node --trace-deprecation ...` to show where the warning was created)
refusal-coverage	Run actions/setup-python@v5	2026-08-28T18:05:42.6850874Z Successfully set up CPython (3.12.14)
refusal-coverage	Run actions/setup-python@v5	2026-08-28T18:05:42.6853868Z ##[endgroup]
refusal-coverage	Run actions/checkout@v4	﻿2026-08-28T18:05:42.7240569Z Node 20 is being deprecated. This workflow is running with Node 24 by default. If you need to temporarily use Node 20, you can set the ACTIONS_ALLOW_USE_UNSECURE_NODE_VERSION=true environment variable. For more information see: https://github.blog/changelog/2025-09-19-deprecation-of-node-20-on-github-actions-runners/
refusal-coverage	Run actions/checkout@v4	2026-08-28T18:05:42.7245033Z ##[group]Run actions/checkout@v4
refusal-coverage	Run actions/checkout@v4	2026-08-28T18:05:42.7246038Z with:
refusal-coverage	Run actions/checkout@v4	2026-08-28T18:05:42.7246877Z   repository: egnaro9/crashkit
refusal-coverage	Run actions/checkout@v4	2026-08-28T18:05:42.7247868Z   path: _issuers/crashkit
refusal-coverage	Run actions/checkout@v4	2026-08-28T18:05:42.7255848Z   token: ***
refusal-coverage	Run actions/checkout@v4	2026-08-28T18:05:42.7256710Z   ssh-strict: true
refusal-coverage	Run actions/checkout@v4	2026-08-28T18:05:42.7257579Z   ssh-user: git
refusal-coverage	Run actions/checkout@v4	2026-08-28T18:05:42.7258693Z   persist-credentials: true
refusal-coverage	Run actions/checkout@v4	2026-08-28T18:05:42.7259667Z   clean: true
refusal-coverage	Run actions/checkout@v4	2026-08-28T18:05:42.7260576Z   sparse-checkout-cone-mode: true
refusal-coverage	Run actions/checkout@v4	2026-08-28T18:05:42.7261606Z   fetch-depth: 1
refusal-coverage	Run actions/checkout@v4	2026-08-28T18:05:42.7262469Z   fetch-tags: false
refusal-coverage	Run actions/checkout@v4	2026-08-28T18:05:42.7263345Z   show-progress: true
refusal-coverage	Run actions/checkout@v4	2026-08-28T18:05:42.7264236Z   lfs: false
refusal-coverage	Run actions/checkout@v4	2026-08-28T18:05:42.7265117Z   submodules: false
refusal-coverage	Run actions/checkout@v4	2026-08-28T18:05:42.7266015Z   set-safe-directory: true
refusal-coverage	Run actions/checkout@v4	2026-08-28T18:05:42.7267009Z   allow-unsafe-pr-checkout: false
refusal-coverage	Run actions/checkout@v4	2026-08-28T18:05:42.7268202Z env:
refusal-coverage	Run actions/checkout@v4	2026-08-28T18:05:42.7269221Z   pythonLocation: /opt/hostedtoolcache/Python/3.12.14/x64
refusal-coverage	Run actions/checkout@v4	2026-08-28T18:05:42.7270831Z   PKG_CONFIG_PATH: /opt/hostedtoolcache/Python/3.12.14/x64/lib/pkgconfig
refusal-coverage	Run actions/checkout@v4	2026-08-28T18:05:42.7272419Z   Python_ROOT_DIR: /opt/hostedtoolcache/Python/3.12.14/x64
refusal-coverage	Run actions/checkout@v4	2026-08-28T18:05:42.7273877Z   Python2_ROOT_DIR: /opt/hostedtoolcache/Python/3.12.14/x64
refusal-coverage	Run actions/checkout@v4	2026-08-28T18:05:42.7275338Z   Python3_ROOT_DIR: /opt/hostedtoolcache/Python/3.12.14/x64
refusal-coverage	Run actions/checkout@v4	2026-08-28T18:05:42.7276821Z   LD_LIBRARY_PATH: /opt/hostedtoolcache/Python/3.12.14/x64/lib
refusal-coverage	Run actions/checkout@v4	2026-08-28T18:05:42.7278282Z ##[endgroup]
refusal-coverage	Run actions/checkout@v4	2026-08-28T18:05:42.8193551Z Syncing repository: egnaro9/crashkit
refusal-coverage	Run actions/checkout@v4	2026-08-28T18:05:42.8204689Z ##[group]Getting Git version info
refusal-coverage	Run actions/checkout@v4	2026-08-28T18:05:42.8210279Z Working directory is '/home/runner/work/vac-protocol/vac-protocol/_issuers/crashkit'
refusal-coverage	Run actions/checkout@v4	2026-08-28T18:05:42.8253517Z [command]/usr/bin/git version
refusal-coverage	Run actions/checkout@v4	2026-08-28T18:05:42.8299691Z git version 2.55.0
refusal-coverage	Run actions/checkout@v4	2026-08-28T18:05:42.8322912Z ##[endgroup]
refusal-coverage	Run actions/checkout@v4	2026-08-28T18:05:42.8338587Z Temporarily overriding HOME='/home/runner/work/_temp/92fb2ae7-e338-4c5f-b4f1-8fed8b7dc4c0' before making global git config changes
refusal-coverage	Run actions/checkout@v4	2026-08-28T18:05:42.8343209Z Adding repository directory to the temporary git global config as a safe directory
refusal-coverage	Run actions/checkout@v4	2026-08-28T18:05:42.8347428Z [command]/usr/bin/git config --global --add safe.directory /home/runner/work/vac-protocol/vac-protocol/_issuers/crashkit
refusal-coverage	Run actions/checkout@v4	2026-08-28T18:05:42.8384611Z ##[group]Initializing the repository
refusal-coverage	Run actions/checkout@v4	2026-08-28T18:05:42.8389507Z [command]/usr/bin/git init /home/runner/work/vac-protocol/vac-protocol/_issuers/crashkit
refusal-coverage	Run actions/checkout@v4	2026-08-28T18:05:42.8461548Z Initialized empty Git repository in /home/runner/work/vac-protocol/vac-protocol/_issuers/crashkit/.git/
refusal-coverage	Run actions/checkout@v4	2026-08-28T18:05:42.8465620Z hint: Using 'master' as the name for the initial branch. This default branch name
refusal-coverage	Run actions/checkout@v4	2026-08-28T18:05:42.8469066Z hint: will change to "main" in Git 3.0. To configure the initial branch name
refusal-coverage	Run actions/checkout@v4	2026-08-28T18:05:42.8472173Z hint: to use in all of your new repositories, which will suppress this warning,
refusal-coverage	Run actions/checkout@v4	2026-08-28T18:05:42.8474622Z hint: call:
refusal-coverage	Run actions/checkout@v4	2026-08-28T18:05:42.8475987Z hint:
refusal-coverage	Run actions/checkout@v4	2026-08-28T18:05:42.8477701Z hint: 	git config --global init.defaultBranch <name>
refusal-coverage	Run actions/checkout@v4	2026-08-28T18:05:42.8480190Z hint:
refusal-coverage	Run actions/checkout@v4	2026-08-28T18:05:42.8482177Z hint: Names commonly chosen instead of 'master' are 'main', 'trunk' and
refusal-coverage	Run actions/checkout@v4	2026-08-28T18:05:42.8485252Z hint: 'development'. The just-created branch can be renamed via this command:
refusal-coverage	Run actions/checkout@v4	2026-08-28T18:05:42.8492102Z hint:
refusal-coverage	Run actions/checkout@v4	2026-08-28T18:05:42.8493884Z hint: 	git branch -m <name>
refusal-coverage	Run actions/checkout@v4	2026-08-28T18:05:42.8495756Z hint:
refusal-coverage	Run actions/checkout@v4	2026-08-28T18:05:42.8498332Z hint: Disable this message with "git config set advice.defaultBranchName false"
refusal-coverage	Run actions/checkout@v4	2026-08-28T18:05:42.8503701Z [command]/usr/bin/git remote add origin https://github.com/egnaro9/crashkit
refusal-coverage	Run actions/checkout@v4	2026-08-28T18:05:42.8512277Z ##[endgroup]
refusal-coverage	Run actions/checkout@v4	2026-08-28T18:05:42.8514689Z ##[group]Disabling automatic garbage collection
refusal-coverage	Run actions/checkout@v4	2026-08-28T18:05:42.8517267Z [command]/usr/bin/git config --local gc.auto 0
refusal-coverage	Run actions/checkout@v4	2026-08-28T18:05:42.8557622Z ##[endgroup]
refusal-coverage	Run actions/checkout@v4	2026-08-28T18:05:42.8561261Z ##[group]Setting up auth
refusal-coverage	Run actions/checkout@v4	2026-08-28T18:05:42.8566017Z [command]/usr/bin/git config --local --name-only --get-regexp core\.sshCommand
refusal-coverage	Run actions/checkout@v4	2026-08-28T18:05:42.8603121Z [command]/usr/bin/git submodule foreach --recursive sh -c "git config --local --name-only --get-regexp 'core\.sshCommand' && git config --local --unset-all 'core.sshCommand' || :"
refusal-coverage	Run actions/checkout@v4	2026-08-28T18:05:42.8866523Z [command]/usr/bin/git config --local --name-only --get-regexp http\.https\:\/\/github\.com\/\.extraheader
refusal-coverage	Run actions/checkout@v4	2026-08-28T18:05:42.8913229Z [command]/usr/bin/git submodule foreach --recursive sh -c "git config --local --name-only --get-regexp 'http\.https\:\/\/github\.com\/\.extraheader' && git config --local --unset-all 'http.https://github.com/.extraheader' || :"
refusal-coverage	Run actions/checkout@v4	2026-08-28T18:05:42.9200012Z [command]/usr/bin/git config --local --name-only --get-regexp ^includeIf\.gitdir:
refusal-coverage	Run actions/checkout@v4	2026-08-28T18:05:42.9248822Z [command]/usr/bin/git submodule foreach --recursive git config --local --show-origin --name-only --get-regexp remote.origin.url
refusal-coverage	Run actions/checkout@v4	2026-08-28T18:05:42.9497158Z [command]/usr/bin/git config --local http.https://github.com/.extraheader AUTHORIZATION: basic ***
refusal-coverage	Run actions/checkout@v4	2026-08-28T18:05:42.9540222Z ##[endgroup]
refusal-coverage	Run actions/checkout@v4	2026-08-28T18:05:42.9542930Z ##[group]Determining the default branch
refusal-coverage	Run actions/checkout@v4	2026-08-28T18:05:42.9545036Z Retrieving the default branch name
refusal-coverage	Run actions/checkout@v4	2026-08-28T18:05:43.3383221Z Default branch 'main'
refusal-coverage	Run actions/checkout@v4	2026-08-28T18:05:43.3384739Z ##[endgroup]
refusal-coverage	Run actions/checkout@v4	2026-08-28T18:05:43.3385471Z ##[group]Fetching the repository
refusal-coverage	Run actions/checkout@v4	2026-08-28T18:05:43.3392115Z [command]/usr/bin/git -c protocol.version=2 fetch --no-tags --prune --no-recurse-submodules --depth=1 origin +refs/heads/main:refs/remotes/origin/main
refusal-coverage	Run actions/checkout@v4	2026-08-28T18:05:44.3524445Z From https://github.com/egnaro9/crashkit
refusal-coverage	Run actions/checkout@v4	2026-08-28T18:05:44.3525341Z  * [new branch]      main       -> origin/main
refusal-coverage	Run actions/checkout@v4	2026-08-28T18:05:44.3531636Z ##[endgroup]
refusal-coverage	Run actions/checkout@v4	2026-08-28T18:05:44.3532748Z ##[group]Determining the checkout info
refusal-coverage	Run actions/checkout@v4	2026-08-28T18:05:44.3534124Z ##[endgroup]
refusal-coverage	Run actions/checkout@v4	2026-08-28T18:05:44.3540055Z [command]/usr/bin/git sparse-checkout disable
refusal-coverage	Run actions/checkout@v4	2026-08-28T18:05:44.3592741Z [command]/usr/bin/git config --local --unset-all extensions.worktreeConfig
refusal-coverage	Run actions/checkout@v4	2026-08-28T18:05:44.3633133Z ##[group]Checking out the ref
refusal-coverage	Run actions/checkout@v4	2026-08-28T18:05:44.3637471Z [command]/usr/bin/git checkout --progress --force -B main refs/remotes/origin/main
refusal-coverage	Run actions/checkout@v4	2026-08-28T18:05:44.3751111Z Switched to a new branch 'main'
refusal-coverage	Run actions/checkout@v4	2026-08-28T18:05:44.3753282Z branch 'main' set up to track 'origin/main'.
refusal-coverage	Run actions/checkout@v4	2026-08-28T18:05:44.3759788Z ##[endgroup]
refusal-coverage	Run actions/checkout@v4	2026-08-28T18:05:44.3809451Z [command]/usr/bin/git log -1 --format=%H
refusal-coverage	Run actions/checkout@v4	2026-08-28T18:05:44.3841893Z 18f74ff552858095f496f50c57334a1f3e4c4d7b
refusal-coverage	Run actions/checkout@v4	﻿2026-08-28T18:05:44.4068398Z Node 20 is being deprecated. This workflow is running with Node 24 by default. If you need to temporarily use Node 20, you can set the ACTIONS_ALLOW_USE_UNSECURE_NODE_VERSION=true environment variable. For more information see: https://github.blog/changelog/2025-09-19-deprecation-of-node-20-on-github-actions-runners/
refusal-coverage	Run actions/checkout@v4	2026-08-28T18:05:44.4069760Z ##[group]Run actions/checkout@v4
refusal-coverage	Run actions/checkout@v4	2026-08-28T18:05:44.4070019Z with:
refusal-coverage	Run actions/checkout@v4	2026-08-28T18:05:44.4070230Z   repository: egnaro9/evalmut
refusal-coverage	Run actions/checkout@v4	2026-08-28T18:05:44.4070481Z   path: _issuers/evalmut
refusal-coverage	Run actions/checkout@v4	2026-08-28T18:05:44.4072834Z   token: ***
refusal-coverage	Run actions/checkout@v4	2026-08-28T18:05:44.4073046Z   ssh-strict: true
refusal-coverage	Run actions/checkout@v4	2026-08-28T18:05:44.4073252Z   ssh-user: git
refusal-coverage	Run actions/checkout@v4	2026-08-28T18:05:44.4073464Z   persist-credentials: true
refusal-coverage	Run actions/checkout@v4	2026-08-28T18:05:44.4073702Z   clean: true
refusal-coverage	Run actions/checkout@v4	2026-08-28T18:05:44.4073922Z   sparse-checkout-cone-mode: true
refusal-coverage	Run actions/checkout@v4	2026-08-28T18:05:44.4074190Z   fetch-depth: 1
refusal-coverage	Run actions/checkout@v4	2026-08-28T18:05:44.4074402Z   fetch-tags: false
refusal-coverage	Run actions/checkout@v4	2026-08-28T18:05:44.4074615Z   show-progress: true
refusal-coverage	Run actions/checkout@v4	2026-08-28T18:05:44.4074827Z   lfs: false
refusal-coverage	Run actions/checkout@v4	2026-08-28T18:05:44.4075107Z   submodules: false
refusal-coverage	Run actions/checkout@v4	2026-08-28T18:05:44.4075354Z   set-safe-directory: true
refusal-coverage	Run actions/checkout@v4	2026-08-28T18:05:44.4075607Z   allow-unsafe-pr-checkout: false
refusal-coverage	Run actions/checkout@v4	2026-08-28T18:05:44.4075858Z env:
refusal-coverage	Run actions/checkout@v4	2026-08-28T18:05:44.4076119Z   pythonLocation: /opt/hostedtoolcache/Python/3.12.14/x64
refusal-coverage	Run actions/checkout@v4	2026-08-28T18:05:44.4076551Z   PKG_CONFIG_PATH: /opt/hostedtoolcache/Python/3.12.14/x64/lib/pkgconfig
refusal-coverage	Run actions/checkout@v4	2026-08-28T18:05:44.4076977Z   Python_ROOT_DIR: /opt/hostedtoolcache/Python/3.12.14/x64
refusal-coverage	Run actions/checkout@v4	2026-08-28T18:05:44.4077363Z   Python2_ROOT_DIR: /opt/hostedtoolcache/Python/3.12.14/x64
refusal-coverage	Run actions/checkout@v4	2026-08-28T18:05:44.4077747Z   Python3_ROOT_DIR: /opt/hostedtoolcache/Python/3.12.14/x64
refusal-coverage	Run actions/checkout@v4	2026-08-28T18:05:44.4078327Z   LD_LIBRARY_PATH: /opt/hostedtoolcache/Python/3.12.14/x64/lib
refusal-coverage	Run actions/checkout@v4	2026-08-28T18:05:44.4078663Z ##[endgroup]
refusal-coverage	Run actions/checkout@v4	2026-08-28T18:05:44.4989002Z Syncing repository: egnaro9/evalmut
refusal-coverage	Run actions/checkout@v4	2026-08-28T18:05:44.5000330Z ##[group]Getting Git version info
refusal-coverage	Run actions/checkout@v4	2026-08-28T18:05:44.5000962Z Working directory is '/home/runner/work/vac-protocol/vac-protocol/_issuers/evalmut'
refusal-coverage	Run actions/checkout@v4	2026-08-28T18:05:44.5024717Z [command]/usr/bin/git version
refusal-coverage	Run actions/checkout@v4	2026-08-28T18:05:44.5068174Z git version 2.55.0
refusal-coverage	Run actions/checkout@v4	2026-08-28T18:05:44.5088407Z ##[endgroup]
refusal-coverage	Run actions/checkout@v4	2026-08-28T18:05:44.5103584Z Temporarily overriding HOME='/home/runner/work/_temp/7281afe8-71fd-4471-b95a-b883e1b5bcf9' before making global git config changes
refusal-coverage	Run actions/checkout@v4	2026-08-28T18:05:44.5104986Z Adding repository directory to the temporary git global config as a safe directory
refusal-coverage	Run actions/checkout@v4	2026-08-28T18:05:44.5110673Z [command]/usr/bin/git config --global --add safe.directory /home/runner/work/vac-protocol/vac-protocol/_issuers/evalmut
refusal-coverage	Run actions/checkout@v4	2026-08-28T18:05:44.5148407Z ##[group]Initializing the repository
refusal-coverage	Run actions/checkout@v4	2026-08-28T18:05:44.5153435Z [command]/usr/bin/git init /home/runner/work/vac-protocol/vac-protocol/_issuers/evalmut
refusal-coverage	Run actions/checkout@v4	2026-08-28T18:05:44.5206053Z hint: Using 'master' as the name for the initial branch. This default branch name
refusal-coverage	Run actions/checkout@v4	2026-08-28T18:05:44.5207561Z hint: will change to "main" in Git 3.0. To configure the initial branch name
refusal-coverage	Run actions/checkout@v4	2026-08-28T18:05:44.5208754Z hint: to use in all of your new repositories, which will suppress this warning,
refusal-coverage	Run actions/checkout@v4	2026-08-28T18:05:44.5209247Z hint: call:
refusal-coverage	Run actions/checkout@v4	2026-08-28T18:05:44.5209445Z hint:
refusal-coverage	Run actions/checkout@v4	2026-08-28T18:05:44.5209703Z hint: 	git config --global init.defaultBranch <name>
refusal-coverage	Run actions/checkout@v4	2026-08-28T18:05:44.5210011Z hint:
refusal-coverage	Run actions/checkout@v4	2026-08-28T18:05:44.5210313Z hint: Names commonly chosen instead of 'master' are 'main', 'trunk' and
refusal-coverage	Run actions/checkout@v4	2026-08-28T18:05:44.5210807Z hint: 'development'. The just-created branch can be renamed via this command:
refusal-coverage	Run actions/checkout@v4	2026-08-28T18:05:44.5211185Z hint:
refusal-coverage	Run actions/checkout@v4	2026-08-28T18:05:44.5211392Z hint: 	git branch -m <name>
refusal-coverage	Run actions/checkout@v4	2026-08-28T18:05:44.5211625Z hint:
refusal-coverage	Run actions/checkout@v4	2026-08-28T18:05:44.5211978Z hint: Disable this message with "git config set advice.defaultBranchName false"
refusal-coverage	Run actions/checkout@v4	2026-08-28T18:05:44.5212624Z Initialized empty Git repository in /home/runner/work/vac-protocol/vac-protocol/_issuers/evalmut/.git/
refusal-coverage	Run actions/checkout@v4	2026-08-28T18:05:44.5237481Z [command]/usr/bin/git remote add origin https://github.com/egnaro9/evalmut
refusal-coverage	Run actions/checkout@v4	2026-08-28T18:05:44.5264394Z ##[endgroup]
refusal-coverage	Run actions/checkout@v4	2026-08-28T18:05:44.5270597Z ##[group]Disabling automatic garbage collection
refusal-coverage	Run actions/checkout@v4	2026-08-28T18:05:44.5271546Z [command]/usr/bin/git config --local gc.auto 0
refusal-coverage	Run actions/checkout@v4	2026-08-28T18:05:44.5304156Z ##[endgroup]
refusal-coverage	Run actions/checkout@v4	2026-08-28T18:05:44.5304783Z ##[group]Setting up auth
refusal-coverage	Run actions/checkout@v4	2026-08-28T18:05:44.5314287Z [command]/usr/bin/git config --local --name-only --get-regexp core\.sshCommand
refusal-coverage	Run actions/checkout@v4	2026-08-28T18:05:44.5349804Z [command]/usr/bin/git submodule foreach --recursive sh -c "git config --local --name-only --get-regexp 'core\.sshCommand' && git config --local --unset-all 'core.sshCommand' || :"
refusal-coverage	Run actions/checkout@v4	2026-08-28T18:05:44.5636498Z [command]/usr/bin/git config --local --name-only --get-regexp http\.https\:\/\/github\.com\/\.extraheader
refusal-coverage	Run actions/checkout@v4	2026-08-28T18:05:44.5666996Z [command]/usr/bin/git submodule foreach --recursive sh -c "git config --local --name-only --get-regexp 'http\.https\:\/\/github\.com\/\.extraheader' && git config --local --unset-all 'http.https://github.com/.extraheader' || :"
refusal-coverage	Run actions/checkout@v4	2026-08-28T18:05:44.5977896Z [command]/usr/bin/git config --local --name-only --get-regexp ^includeIf\.gitdir:
refusal-coverage	Run actions/checkout@v4	2026-08-28T18:05:44.6036269Z [command]/usr/bin/git submodule foreach --recursive git config --local --show-origin --name-only --get-regexp remote.origin.url
refusal-coverage	Run actions/checkout@v4	2026-08-28T18:05:44.6298246Z [command]/usr/bin/git config --local http.https://github.com/.extraheader AUTHORIZATION: basic ***
refusal-coverage	Run actions/checkout@v4	2026-08-28T18:05:44.6340000Z ##[endgroup]
refusal-coverage	Run actions/checkout@v4	2026-08-28T18:05:44.6340615Z ##[group]Determining the default branch
refusal-coverage	Run actions/checkout@v4	2026-08-28T18:05:44.6344101Z Retrieving the default branch name
refusal-coverage	Run actions/checkout@v4	2026-08-28T18:05:44.9334621Z Default branch 'main'
refusal-coverage	Run actions/checkout@v4	2026-08-28T18:05:44.9335964Z ##[endgroup]
refusal-coverage	Run actions/checkout@v4	2026-08-28T18:05:44.9337065Z ##[group]Fetching the repository
refusal-coverage	Run actions/checkout@v4	2026-08-28T18:05:44.9345780Z [command]/usr/bin/git -c protocol.version=2 fetch --no-tags --prune --no-recurse-submodules --depth=1 origin +refs/heads/main:refs/remotes/origin/main
refusal-coverage	Run actions/checkout@v4	2026-08-28T18:05:45.9518895Z From https://github.com/egnaro9/evalmut
refusal-coverage	Run actions/checkout@v4	2026-08-28T18:05:45.9519528Z  * [new branch]      main       -> origin/main
refusal-coverage	Run actions/checkout@v4	2026-08-28T18:05:45.9524035Z ##[endgroup]
refusal-coverage	Run actions/checkout@v4	2026-08-28T18:05:45.9524797Z ##[group]Determining the checkout info
refusal-coverage	Run actions/checkout@v4	2026-08-28T18:05:45.9527242Z ##[endgroup]
refusal-coverage	Run actions/checkout@v4	2026-08-28T18:05:45.9534552Z [command]/usr/bin/git sparse-checkout disable
refusal-coverage	Run actions/checkout@v4	2026-08-28T18:05:45.9586219Z [command]/usr/bin/git config --local --unset-all extensions.worktreeConfig
refusal-coverage	Run actions/checkout@v4	2026-08-28T18:05:45.9623196Z ##[group]Checking out the ref
refusal-coverage	Run actions/checkout@v4	2026-08-28T18:05:45.9628283Z [command]/usr/bin/git checkout --progress --force -B main refs/remotes/origin/main
refusal-coverage	Run actions/checkout@v4	2026-08-28T18:05:45.9785716Z Switched to a new branch 'main'
refusal-coverage	Run actions/checkout@v4	2026-08-28T18:05:45.9788550Z branch 'main' set up to track 'origin/main'.
refusal-coverage	Run actions/checkout@v4	2026-08-28T18:05:45.9795385Z ##[endgroup]
refusal-coverage	Run actions/checkout@v4	2026-08-28T18:05:45.9844532Z [command]/usr/bin/git log -1 --format=%H
refusal-coverage	Run actions/checkout@v4	2026-08-28T18:05:45.9876198Z 32201a4f69c07c1764f10350dfcd5bc474dee1e5
refusal-coverage	Run actions/checkout@v4	﻿2026-08-28T18:05:46.0060386Z Node 20 is being deprecated. This workflow is running with Node 24 by default. If you need to temporarily use Node 20, you can set the ACTIONS_ALLOW_USE_UNSECURE_NODE_VERSION=true environment variable. For more information see: https://github.blog/changelog/2025-09-19-deprecation-of-node-20-on-github-actions-runners/
refusal-coverage	Run actions/checkout@v4	2026-08-28T18:05:46.0061686Z ##[group]Run actions/checkout@v4
refusal-coverage	Run actions/checkout@v4	2026-08-28T18:05:46.0061931Z with:
refusal-coverage	Run actions/checkout@v4	2026-08-28T18:05:46.0062141Z   repository: egnaro9/model-drift
refusal-coverage	Run actions/checkout@v4	2026-08-28T18:05:46.0062400Z   path: _issuers/model-drift
refusal-coverage	Run actions/checkout@v4	2026-08-28T18:05:46.0064722Z   token: ***
refusal-coverage	Run actions/checkout@v4	2026-08-28T18:05:46.0064922Z   ssh-strict: true
refusal-coverage	Run actions/checkout@v4	2026-08-28T18:05:46.0065122Z   ssh-user: git
refusal-coverage	Run actions/checkout@v4	2026-08-28T18:05:46.0065332Z   persist-credentials: true
refusal-coverage	Run actions/checkout@v4	2026-08-28T18:05:46.0065562Z   clean: true
refusal-coverage	Run actions/checkout@v4	2026-08-28T18:05:46.0065781Z   sparse-checkout-cone-mode: true
refusal-coverage	Run actions/checkout@v4	2026-08-28T18:05:46.0066030Z   fetch-depth: 1
refusal-coverage	Run actions/checkout@v4	2026-08-28T18:05:46.0066294Z   fetch-tags: false
refusal-coverage	Run actions/checkout@v4	2026-08-28T18:05:46.0066602Z   show-progress: true
refusal-coverage	Run actions/checkout@v4	2026-08-28T18:05:46.0066916Z   lfs: false
refusal-coverage	Run actions/checkout@v4	2026-08-28T18:05:46.0067391Z   submodules: false
refusal-coverage	Run actions/checkout@v4	2026-08-28T18:05:46.0067611Z   set-safe-directory: true
refusal-coverage	Run actions/checkout@v4	2026-08-28T18:05:46.0067859Z   allow-unsafe-pr-checkout: false
refusal-coverage	Run actions/checkout@v4	2026-08-28T18:05:46.0068551Z env:
refusal-coverage	Run actions/checkout@v4	2026-08-28T18:05:46.0068807Z   pythonLocation: /opt/hostedtoolcache/Python/3.12.14/x64
refusal-coverage	Run actions/checkout@v4	2026-08-28T18:05:46.0069444Z   PKG_CONFIG_PATH: /opt/hostedtoolcache/Python/3.12.14/x64/lib/pkgconfig
refusal-coverage	Run actions/checkout@v4	2026-08-28T18:05:46.0069868Z   Python_ROOT_DIR: /opt/hostedtoolcache/Python/3.12.14/x64
refusal-coverage	Run actions/checkout@v4	2026-08-28T18:05:46.0070259Z   Python2_ROOT_DIR: /opt/hostedtoolcache/Python/3.12.14/x64
refusal-coverage	Run actions/checkout@v4	2026-08-28T18:05:46.0070633Z   Python3_ROOT_DIR: /opt/hostedtoolcache/Python/3.12.14/x64
refusal-coverage	Run actions/checkout@v4	2026-08-28T18:05:46.0071008Z   LD_LIBRARY_PATH: /opt/hostedtoolcache/Python/3.12.14/x64/lib
refusal-coverage	Run actions/checkout@v4	2026-08-28T18:05:46.0071321Z ##[endgroup]
refusal-coverage	Run actions/checkout@v4	2026-08-28T18:05:46.0956662Z Syncing repository: egnaro9/model-drift
refusal-coverage	Run actions/checkout@v4	2026-08-28T18:05:46.0966119Z ##[group]Getting Git version info
refusal-coverage	Run actions/checkout@v4	2026-08-28T18:05:46.0969237Z Working directory is '/home/runner/work/vac-protocol/vac-protocol/_issuers/model-drift'
refusal-coverage	Run actions/checkout@v4	2026-08-28T18:05:46.1014528Z [command]/usr/bin/git version
refusal-coverage	Run actions/checkout@v4	2026-08-28T18:05:46.1069263Z git version 2.55.0
refusal-coverage	Run actions/checkout@v4	2026-08-28T18:05:46.1092962Z ##[endgroup]
refusal-coverage	Run actions/checkout@v4	2026-08-28T18:05:46.1110113Z Temporarily overriding HOME='/home/runner/work/_temp/1744df0f-aeda-480b-ac10-1981e12904c4' before making global git config changes
refusal-coverage	Run actions/checkout@v4	2026-08-28T18:05:46.1111642Z Adding repository directory to the temporary git global config as a safe directory
refusal-coverage	Run actions/checkout@v4	2026-08-28T18:05:46.1118691Z [command]/usr/bin/git config --global --add safe.directory /home/runner/work/vac-protocol/vac-protocol/_issuers/model-drift
refusal-coverage	Run actions/checkout@v4	2026-08-28T18:05:46.1176098Z ##[group]Initializing the repository
refusal-coverage	Run actions/checkout@v4	2026-08-28T18:05:46.1177029Z [command]/usr/bin/git init /home/runner/work/vac-protocol/vac-protocol/_issuers/model-drift
refusal-coverage	Run actions/checkout@v4	2026-08-28T18:05:46.1217610Z hint: Using 'master' as the name for the initial branch. This default branch name
refusal-coverage	Run actions/checkout@v4	2026-08-28T18:05:46.1219036Z hint: will change to "main" in Git 3.0. To configure the initial branch name
refusal-coverage	Run actions/checkout@v4	2026-08-28T18:05:46.1219929Z hint: to use in all of your new repositories, which will suppress this warning,
refusal-coverage	Run actions/checkout@v4	2026-08-28T18:05:46.1220621Z hint: call:
refusal-coverage	Run actions/checkout@v4	2026-08-28T18:05:46.1220919Z hint:
refusal-coverage	Run actions/checkout@v4	2026-08-28T18:05:46.1221322Z hint: 	git config --global init.defaultBranch <name>
refusal-coverage	Run actions/checkout@v4	2026-08-28T18:05:46.1221824Z hint:
refusal-coverage	Run actions/checkout@v4	2026-08-28T18:05:46.1222332Z hint: Names commonly chosen instead of 'master' are 'main', 'trunk' and
refusal-coverage	Run actions/checkout@v4	2026-08-28T18:05:46.1223231Z hint: 'development'. The just-created branch can be renamed via this command:
refusal-coverage	Run actions/checkout@v4	2026-08-28T18:05:46.1223924Z hint:
refusal-coverage	Run actions/checkout@v4	2026-08-28T18:05:46.1224278Z hint: 	git branch -m <name>
refusal-coverage	Run actions/checkout@v4	2026-08-28T18:05:46.1224672Z hint:
refusal-coverage	Run actions/checkout@v4	2026-08-28T18:05:46.1225257Z hint: Disable this message with "git config set advice.defaultBranchName false"
refusal-coverage	Run actions/checkout@v4	2026-08-28T18:05:46.1226627Z Initialized empty Git repository in /home/runner/work/vac-protocol/vac-protocol/_issuers/model-drift/.git/
refusal-coverage	Run actions/checkout@v4	2026-08-28T18:05:46.1236658Z [command]/usr/bin/git remote add origin https://github.com/egnaro9/model-drift
refusal-coverage	Run actions/checkout@v4	2026-08-28T18:05:46.1276603Z ##[endgroup]
refusal-coverage	Run actions/checkout@v4	2026-08-28T18:05:46.1277756Z ##[group]Disabling automatic garbage collection
refusal-coverage	Run actions/checkout@v4	2026-08-28T18:05:46.1282220Z [command]/usr/bin/git config --local gc.auto 0
refusal-coverage	Run actions/checkout@v4	2026-08-28T18:05:46.1319324Z ##[endgroup]
refusal-coverage	Run actions/checkout@v4	2026-08-28T18:05:46.1320464Z ##[group]Setting up auth
refusal-coverage	Run actions/checkout@v4	2026-08-28T18:05:46.1329002Z [command]/usr/bin/git config --local --name-only --get-regexp core\.sshCommand
refusal-coverage	Run actions/checkout@v4	2026-08-28T18:05:46.1365466Z [command]/usr/bin/git submodule foreach --recursive sh -c "git config --local --name-only --get-regexp 'core\.sshCommand' && git config --local --unset-all 'core.sshCommand' || :"
refusal-coverage	Run actions/checkout@v4	2026-08-28T18:05:46.1637499Z [command]/usr/bin/git config --local --name-only --get-regexp http\.https\:\/\/github\.com\/\.extraheader
refusal-coverage	Run actions/checkout@v4	2026-08-28T18:05:46.1693478Z [command]/usr/bin/git submodule foreach --recursive sh -c "git config --local --name-only --get-regexp 'http\.https\:\/\/github\.com\/\.extraheader' && git config --local --unset-all 'http.https://github.com/.extraheader' || :"
refusal-coverage	Run actions/checkout@v4	2026-08-28T18:05:46.1996095Z [command]/usr/bin/git config --local --name-only --get-regexp ^includeIf\.gitdir:
refusal-coverage	Run actions/checkout@v4	2026-08-28T18:05:46.2038829Z [command]/usr/bin/git submodule foreach --recursive git config --local --show-origin --name-only --get-regexp remote.origin.url
refusal-coverage	Run actions/checkout@v4	2026-08-28T18:05:46.2280099Z [command]/usr/bin/git config --local http.https://github.com/.extraheader AUTHORIZATION: basic ***
refusal-coverage	Run actions/checkout@v4	2026-08-28T18:05:46.2322154Z ##[endgroup]
refusal-coverage	Run actions/checkout@v4	2026-08-28T18:05:46.2327200Z ##[group]Determining the default branch
refusal-coverage	Run actions/checkout@v4	2026-08-28T18:05:46.2327790Z Retrieving the default branch name
refusal-coverage	Run actions/checkout@v4	2026-08-28T18:05:46.5951390Z Default branch 'main'
refusal-coverage	Run actions/checkout@v4	2026-08-28T18:05:46.5952460Z ##[endgroup]
refusal-coverage	Run actions/checkout@v4	2026-08-28T18:05:46.5953362Z ##[group]Fetching the repository
refusal-coverage	Run actions/checkout@v4	2026-08-28T18:05:46.5960598Z [command]/usr/bin/git -c protocol.version=2 fetch --no-tags --prune --no-recurse-submodules --depth=1 origin +refs/heads/main:refs/remotes/origin/main
refusal-coverage	Run actions/checkout@v4	2026-08-28T18:05:47.3214887Z From https://github.com/egnaro9/model-drift
refusal-coverage	Run actions/checkout@v4	2026-08-28T18:05:47.3215609Z  * [new branch]      main       -> origin/main
refusal-coverage	Run actions/checkout@v4	2026-08-28T18:05:47.3227521Z ##[endgroup]
refusal-coverage	Run actions/checkout@v4	2026-08-28T18:05:47.3227942Z ##[group]Determining the checkout info
refusal-coverage	Run actions/checkout@v4	2026-08-28T18:05:47.3229111Z ##[endgroup]
refusal-coverage	Run actions/checkout@v4	2026-08-28T18:05:47.3229658Z [command]/usr/bin/git sparse-checkout disable
refusal-coverage	Run actions/checkout@v4	2026-08-28T18:05:47.3275638Z [command]/usr/bin/git config --local --unset-all extensions.worktreeConfig
refusal-coverage	Run actions/checkout@v4	2026-08-28T18:05:47.3309676Z ##[group]Checking out the ref
refusal-coverage	Run actions/checkout@v4	2026-08-28T18:05:47.3313986Z [command]/usr/bin/git checkout --progress --force -B main refs/remotes/origin/main
refusal-coverage	Run actions/checkout@v4	2026-08-28T18:05:47.3430266Z Switched to a new branch 'main'
refusal-coverage	Run actions/checkout@v4	2026-08-28T18:05:47.3433563Z branch 'main' set up to track 'origin/main'.
refusal-coverage	Run actions/checkout@v4	2026-08-28T18:05:47.3439471Z ##[endgroup]
refusal-coverage	Run actions/checkout@v4	2026-08-28T18:05:47.3484267Z [command]/usr/bin/git log -1 --format=%H
refusal-coverage	Run actions/checkout@v4	2026-08-28T18:05:47.3515318Z 931fa8f35be58869b94f5a9fc3b9d0db1aa6bc22
refusal-coverage	Run pip install -e ".[test]"	﻿2026-08-28T18:05:47.3664391Z ##[group]Run pip install -e ".[test]"
refusal-coverage	Run pip install -e ".[test]"	2026-08-28T18:05:47.3664781Z ^[[36;1mpip install -e ".[test]"^[[0m
refusal-coverage	Run pip install -e ".[test]"	2026-08-28T18:05:47.3712187Z shell: /usr/bin/bash -e {0}
refusal-coverage	Run pip install -e ".[test]"	2026-08-28T18:05:47.3712455Z env:
refusal-coverage	Run pip install -e ".[test]"	2026-08-28T18:05:47.3712732Z   pythonLocation: /opt/hostedtoolcache/Python/3.12.14/x64
refusal-coverage	Run pip install -e ".[test]"	2026-08-28T18:05:47.3713189Z   PKG_CONFIG_PATH: /opt/hostedtoolcache/Python/3.12.14/x64/lib/pkgconfig
refusal-coverage	Run pip install -e ".[test]"	2026-08-28T18:05:47.3713627Z   Python_ROOT_DIR: /opt/hostedtoolcache/Python/3.12.14/x64
refusal-coverage	Run pip install -e ".[test]"	2026-08-28T18:05:47.3714031Z   Python2_ROOT_DIR: /opt/hostedtoolcache/Python/3.12.14/x64
refusal-coverage	Run pip install -e ".[test]"	2026-08-28T18:05:47.3714433Z   Python3_ROOT_DIR: /opt/hostedtoolcache/Python/3.12.14/x64
refusal-coverage	Run pip install -e ".[test]"	2026-08-28T18:05:47.3714818Z   LD_LIBRARY_PATH: /opt/hostedtoolcache/Python/3.12.14/x64/lib
refusal-coverage	Run pip install -e ".[test]"	2026-08-28T18:05:47.3715135Z ##[endgroup]
refusal-coverage	Run pip install -e ".[test]"	2026-08-28T18:05:48.1134047Z Obtaining file:///home/runner/work/vac-protocol/vac-protocol
refusal-coverage	Run pip install -e ".[test]"	2026-08-28T18:05:48.1151843Z   Installing build dependencies: started
refusal-coverage	Run pip install -e ".[test]"	2026-08-28T18:05:48.8853018Z   Installing build dependencies: finished with status 'done'
refusal-coverage	Run pip install -e ".[test]"	2026-08-28T18:05:48.8858885Z   Checking if build backend supports build_editable: started
refusal-coverage	Run pip install -e ".[test]"	2026-08-28T18:05:49.2206885Z   Checking if build backend supports build_editable: finished with status 'done'
refusal-coverage	Run pip install -e ".[test]"	2026-08-28T18:05:49.2215473Z   Getting requirements to build editable: started
refusal-coverage	Run pip install -e ".[test]"	2026-08-28T18:05:49.5793614Z   Getting requirements to build editable: finished with status 'done'
refusal-coverage	Run pip install -e ".[test]"	2026-08-28T18:05:49.5802940Z   Preparing editable metadata (pyproject.toml): started
refusal-coverage	Run pip install -e ".[test]"	2026-08-28T18:05:49.7947915Z   Preparing editable metadata (pyproject.toml): finished with status 'done'
refusal-coverage	Run pip install -e ".[test]"	2026-08-28T18:05:49.8899387Z Collecting pytest (from vac-protocol==0.1.0)
refusal-coverage	Run pip install -e ".[test]"	2026-08-28T18:05:49.9457941Z   Downloading pytest-9.1.1-py3-none-any.whl.metadata (7.6 kB)
refusal-coverage	Run pip install -e ".[test]"	2026-08-28T18:05:49.9588746Z Collecting iniconfig>=1.0.1 (from pytest->vac-protocol==0.1.0)
refusal-coverage	Run pip install -e ".[test]"	2026-08-28T18:05:49.9620101Z   Downloading iniconfig-2.3.0-py3-none-any.whl.metadata (2.5 kB)
refusal-coverage	Run pip install -e ".[test]"	2026-08-28T18:05:49.9785264Z Collecting packaging>=22 (from pytest->vac-protocol==0.1.0)
refusal-coverage	Run pip install -e ".[test]"	2026-08-28T18:05:49.9813713Z   Downloading packaging-26.3-py3-none-any.whl.metadata (3.5 kB)
refusal-coverage	Run pip install -e ".[test]"	2026-08-28T18:05:49.9949032Z Collecting pluggy<2,>=1.5 (from pytest->vac-protocol==0.1.0)
refusal-coverage	Run pip install -e ".[test]"	2026-08-28T18:05:49.9977837Z   Downloading pluggy-1.6.0-py3-none-any.whl.metadata (4.8 kB)
refusal-coverage	Run pip install -e ".[test]"	2026-08-28T18:05:50.0176127Z Collecting pygments>=2.7.2 (from pytest->vac-protocol==0.1.0)
refusal-coverage	Run pip install -e ".[test]"	2026-08-28T18:05:50.0208678Z   Downloading pygments-2.21.0-py3-none-any.whl.metadata (2.5 kB)
refusal-coverage	Run pip install -e ".[test]"	2026-08-28T18:05:50.0292099Z Downloading pytest-9.1.1-py3-none-any.whl (386 kB)
refusal-coverage	Run pip install -e ".[test]"	2026-08-28T18:05:50.0505773Z Downloading pluggy-1.6.0-py3-none-any.whl (20 kB)
refusal-coverage	Run pip install -e ".[test]"	2026-08-28T18:05:50.0552047Z Downloading iniconfig-2.3.0-py3-none-any.whl (7.5 kB)
refusal-coverage	Run pip install -e ".[test]"	2026-08-28T18:05:50.0598743Z Downloading packaging-26.3-py3-none-any.whl (129 kB)
refusal-coverage	Run pip install -e ".[test]"	2026-08-28T18:05:50.0656345Z Downloading pygments-2.21.0-py3-none-any.whl (1.3 MB)
refusal-coverage	Run pip install -e ".[test]"	2026-08-28T18:05:50.0784038Z    ━━━━━━━━━━━━━━━━━━━━━━━━━━━━━━━━━━━━━━━━ 1.3/1.3 MB 112.3 MB/s  0:00:00
refusal-coverage	Run pip install -e ".[test]"	2026-08-28T18:05:50.0959178Z Building wheels for collected packages: vac-protocol
refusal-coverage	Run pip install -e ".[test]"	2026-08-28T18:05:50.0967457Z   Building editable for vac-protocol (pyproject.toml): started
refusal-coverage	Run pip install -e ".[test]"	2026-08-28T18:05:50.3362697Z   Building editable for vac-protocol (pyproject.toml): finished with status 'done'
refusal-coverage	Run pip install -e ".[test]"	2026-08-28T18:05:50.3369800Z   Created wheel for vac-protocol: filename=vac_protocol-0.1.0-0.editable-py3-none-any.whl size=8850 sha256=e76ce7bc0c7bef4bd2c39993bbf896a63e5254a133df4fd418dc8671bb02f846
refusal-coverage	Run pip install -e ".[test]"	2026-08-28T18:05:50.3371642Z   Stored in directory: /tmp/pip-ephem-wheel-cache-28n3ycie/wheels/31/93/c0/4effb33ea68d4321a176d9cb097b94ea8b1be9d534ea861dec
refusal-coverage	Run pip install -e ".[test]"	2026-08-28T18:05:50.3392308Z Successfully built vac-protocol
refusal-coverage	Run pip install -e ".[test]"	2026-08-28T18:05:50.3606309Z Installing collected packages: vac-protocol, pygments, pluggy, packaging, iniconfig, pytest
refusal-coverage	Run pip install -e ".[test]"	2026-08-28T18:05:51.5948699Z 
refusal-coverage	Run pip install -e ".[test]"	2026-08-28T18:05:51.5962299Z Successfully installed iniconfig-2.3.0 packaging-26.3 pluggy-1.6.0 pygments-2.21.0 pytest-9.1.1 vac-protocol-0.1.0
refusal-coverage	Run python tools/mutation_sweep.py --floor 0.99	﻿2026-08-28T18:05:51.6694724Z ##[group]Run python tools/mutation_sweep.py --floor 0.99
refusal-coverage	Run python tools/mutation_sweep.py --floor 0.99	2026-08-28T18:05:51.6695195Z ^[[36;1mpython tools/mutation_sweep.py --floor 0.99^[[0m
refusal-coverage	Run python tools/mutation_sweep.py --floor 0.99	2026-08-28T18:05:51.6734997Z shell: /usr/bin/bash -e {0}
refusal-coverage	Run python tools/mutation_sweep.py --floor 0.99	2026-08-28T18:05:51.6735252Z env:
refusal-coverage	Run python tools/mutation_sweep.py --floor 0.99	2026-08-28T18:05:51.6735513Z   pythonLocation: /opt/hostedtoolcache/Python/3.12.14/x64
refusal-coverage	Run python tools/mutation_sweep.py --floor 0.99	2026-08-28T18:05:51.6735960Z   PKG_CONFIG_PATH: /opt/hostedtoolcache/Python/3.12.14/x64/lib/pkgconfig
refusal-coverage	Run python tools/mutation_sweep.py --floor 0.99	2026-08-28T18:05:51.6736385Z   Python_ROOT_DIR: /opt/hostedtoolcache/Python/3.12.14/x64
refusal-coverage	Run python tools/mutation_sweep.py --floor 0.99	2026-08-28T18:05:51.6736782Z   Python2_ROOT_DIR: /opt/hostedtoolcache/Python/3.12.14/x64
refusal-coverage	Run python tools/mutation_sweep.py --floor 0.99	2026-08-28T18:05:51.6737194Z   Python3_ROOT_DIR: /opt/hostedtoolcache/Python/3.12.14/x64
refusal-coverage	Run python tools/mutation_sweep.py --floor 0.99	2026-08-28T18:05:51.6737603Z   LD_LIBRARY_PATH: /opt/hostedtoolcache/Python/3.12.14/x64/lib
refusal-coverage	Run python tools/mutation_sweep.py --floor 0.99	2026-08-28T18:05:51.6738156Z   VAC_CRASHKIT_CHECKOUT: _issuers/crashkit/vac
refusal-coverage	Run python tools/mutation_sweep.py --floor 0.99	2026-08-28T18:05:51.6738515Z   VAC_EVALMUT_CHECKOUT: _issuers/evalmut/vac
refusal-coverage	Run python tools/mutation_sweep.py --floor 0.99	2026-08-28T18:05:51.6738828Z   VAC_MODELDRIFT_CHECKOUT: _issuers/model-drift/vac
refusal-coverage	Run python tools/mutation_sweep.py --floor 0.99	2026-08-28T18:05:51.6739159Z ##[endgroup]
refusal-coverage	Run python tools/mutation_sweep.py --floor 0.99	2026-08-28T18:05:57.1992372Z baseline clean; 161 refusal sites (3 excluded, see EXCLUDE)
refusal-coverage	Run python tools/mutation_sweep.py --floor 0.99	2026-08-28T18:05:57.1993017Z   [1/161] L113 caught: tests
refusal-coverage	Run python tools/mutation_sweep.py --floor 0.99	2026-08-28T18:05:58.2261340Z   [2/161] L126 caught: tests
refusal-coverage	Run python tools/mutation_sweep.py --floor 0.99	2026-08-28T18:06:01.0225675Z   [3/161] L132 caught: tests
refusal-coverage	Run python tools/mutation_sweep.py --floor 0.99	2026-08-28T18:06:03.6683642Z   [4/161] L142 caught: tests
refusal-coverage	Run python tools/mutation_sweep.py --floor 0.99	2026-08-28T18:06:06.0138498Z   [5/161] L154 caught: tests
refusal-coverage	Run python tools/mutation_sweep.py --floor 0.99	2026-08-28T18:06:07.1509511Z   [6/161] L159 caught: tests
refusal-coverage	Run python tools/mutation_sweep.py --floor 0.99	2026-08-28T18:06:08.3042032Z   [7/161] L163 caught: tests
refusal-coverage	Run python tools/mutation_sweep.py --floor 0.99	2026-08-28T18:06:09.4556678Z   [8/161] L173 caught: tests
refusal-coverage	Run python tools/mutation_sweep.py --floor 0.99	2026-08-28T18:06:10.5333828Z   [9/161] L178 caught: tests
refusal-coverage	Run python tools/mutation_sweep.py --floor 0.99	2026-08-28T18:06:11.6168807Z   [10/161] L183 caught: tests
refusal-coverage	Run python tools/mutation_sweep.py --floor 0.99	2026-08-28T18:06:12.7384879Z   [11/161] L187 caught: tests
refusal-coverage	Run python tools/mutation_sweep.py --floor 0.99	2026-08-28T18:06:13.9910074Z   [12/161] L190 caught: tests
refusal-coverage	Run python tools/mutation_sweep.py --floor 0.99	2026-08-28T18:06:15.1222578Z   [13/161] L196 caught: tests
refusal-coverage	Run python tools/mutation_sweep.py --floor 0.99	2026-08-28T18:06:16.2434606Z   [14/161] L199 caught: tests
refusal-coverage	Run python tools/mutation_sweep.py --floor 0.99	2026-08-28T18:06:19.1663162Z   [15/161] L204 caught: tests
refusal-coverage	Run python tools/mutation_sweep.py --floor 0.99	2026-08-28T18:06:21.8278860Z   [16/161] L209 caught: tests
refusal-coverage	Run python tools/mutation_sweep.py --floor 0.99	2026-08-28T18:06:24.2253701Z   [17/161] L215 caught: tests
refusal-coverage	Run python tools/mutation_sweep.py --floor 0.99	2026-08-28T18:06:25.5179832Z   [18/161] L217 caught: tests
refusal-coverage	Run python tools/mutation_sweep.py --floor 0.99	2026-08-28T18:06:26.7159485Z   [19/161] L222 caught: tests
refusal-coverage	Run python tools/mutation_sweep.py --floor 0.99	2026-08-28T18:06:27.9343283Z   [20/161] L225 caught: tests
refusal-coverage	Run python tools/mutation_sweep.py --floor 0.99	2026-08-28T18:06:31.3127100Z   [21/161] L248 caught: tests
refusal-coverage	Run python tools/mutation_sweep.py --floor 0.99	2026-08-28T18:06:33.6989895Z   [22/161] L251 caught: tests
refusal-coverage	Run python tools/mutation_sweep.py --floor 0.99	2026-08-28T18:06:35.3218167Z   [23/161] L257 caught: tests
refusal-coverage	Run python tools/mutation_sweep.py --floor 0.99	2026-08-28T18:06:38.8380636Z   [24/161] L272 caught: tests
refusal-coverage	Run python tools/mutation_sweep.py --floor 0.99	2026-08-28T18:06:41.5575642Z   [25/161] L276 caught: tests
refusal-coverage	Run python tools/mutation_sweep.py --floor 0.99	2026-08-28T18:06:42.9038825Z   [26/161] L291 caught: tests
refusal-coverage	Run python tools/mutation_sweep.py --floor 0.99	2026-08-28T18:06:45.9112279Z   [27/161] L298 caught: tests
refusal-coverage	Run python tools/mutation_sweep.py --floor 0.99	2026-08-28T18:06:47.2984683Z   [28/161] L312 caught: tests
refusal-coverage	Run python tools/mutation_sweep.py --floor 0.99	2026-08-28T18:06:48.4745629Z   [29/161] L322 caught: tests
refusal-coverage	Run python tools/mutation_sweep.py --floor 0.99	2026-08-28T18:06:49.8373397Z   [30/161] L327 caught: tests
refusal-coverage	Run python tools/mutation_sweep.py --floor 0.99	2026-08-28T18:06:52.3169241Z   [31/161] L330 caught: tests
refusal-coverage	Run python tools/mutation_sweep.py --floor 0.99	2026-08-28T18:06:53.5505310Z   [32/161] L341 caught: tests
refusal-coverage	Run python tools/mutation_sweep.py --floor 0.99	2026-08-28T18:06:54.7929255Z   [33/161] L344 caught: tests
refusal-coverage	Run python tools/mutation_sweep.py --floor 0.99	2026-08-28T18:06:56.1184062Z   [34/161] L349 caught: tests
refusal-coverage	Run python tools/mutation_sweep.py --floor 0.99	2026-08-28T18:06:58.8446702Z   [35/161] L352 caught: tests
refusal-coverage	Run python tools/mutation_sweep.py --floor 0.99	2026-08-28T18:07:00.2127072Z   [36/161] L400 caught: tests
refusal-coverage	Run python tools/mutation_sweep.py --floor 0.99	2026-08-28T18:07:01.5941998Z   [37/161] L406 caught: tests
refusal-coverage	Run python tools/mutation_sweep.py --floor 0.99	2026-08-28T18:07:05.0533061Z   [38/161] L410 caught: tests
refusal-coverage	Run python tools/mutation_sweep.py --floor 0.99	2026-08-28T18:07:08.5409612Z   [39/161] L416 caught: tests
refusal-coverage	Run python tools/mutation_sweep.py --floor 0.99	2026-08-28T18:07:09.3274935Z   [40/161] L423 caught: tests
refusal-coverage	Run python tools/mutation_sweep.py --floor 0.99	2026-08-28T18:07:10.7094758Z   [41/161] L430 caught: tests
refusal-coverage	Run python tools/mutation_sweep.py --floor 0.99	2026-08-28T18:07:12.0570133Z   [42/161] L433 caught: tests
refusal-coverage	Run python tools/mutation_sweep.py --floor 0.99	2026-08-28T18:07:15.3814452Z   [43/161] L438 caught: tests
refusal-coverage	Run python tools/mutation_sweep.py --floor 0.99	2026-08-28T18:07:18.3550447Z   [44/161] L443 caught: tests
refusal-coverage	Run python tools/mutation_sweep.py --floor 0.99	2026-08-28T18:07:19.1273547Z   [45/161] L449 caught: tests
refusal-coverage	Run python tools/mutation_sweep.py --floor 0.99	2026-08-28T18:07:21.6545502Z   [46/161] L454 caught: tests
refusal-coverage	Run python tools/mutation_sweep.py --floor 0.99	2026-08-28T18:07:22.5036624Z   [47/161] L458 caught: tests
refusal-coverage	Run python tools/mutation_sweep.py --floor 0.99	2026-08-28T18:07:23.7096913Z   [48/161] L463 caught: tests
refusal-coverage	Run python tools/mutation_sweep.py --floor 0.99	2026-08-28T18:07:25.0069245Z   [49/161] L467 caught: tests
refusal-coverage	Run python tools/mutation_sweep.py --floor 0.99	2026-08-28T18:07:26.2069019Z   [50/161] L476 caught: tests
refusal-coverage	Run python tools/mutation_sweep.py --floor 0.99	2026-08-28T18:07:27.4483883Z   [51/161] L479 caught: tests
refusal-coverage	Run python tools/mutation_sweep.py --floor 0.99	2026-08-28T18:07:28.4960316Z   [52/161] L526 caught: tests
refusal-coverage	Run python tools/mutation_sweep.py --floor 0.99	2026-08-28T18:07:29.5372152Z   [53/161] L531 caught: tests
refusal-coverage	Run python tools/mutation_sweep.py --floor 0.99	2026-08-28T18:07:30.5752657Z   [54/161] L535 caught: tests
refusal-coverage	Run python tools/mutation_sweep.py --floor 0.99	2026-08-28T18:07:33.1858348Z   [55/161] L550 caught: tests
refusal-coverage	Run python tools/mutation_sweep.py --floor 0.99	2026-08-28T18:07:34.5229553Z   [56/161] L555 caught: tests
refusal-coverage	Run python tools/mutation_sweep.py --floor 0.99	2026-08-28T18:07:35.8751526Z   [57/161] L559 caught: tests
refusal-coverage	Run python tools/mutation_sweep.py --floor 0.99	2026-08-28T18:07:39.3664623Z   [58/161] L567 caught: tests
refusal-coverage	Run python tools/mutation_sweep.py --floor 0.99	2026-08-28T18:07:42.0362682Z   [59/161] L573 caught: tests
refusal-coverage	Run python tools/mutation_sweep.py --floor 0.99	2026-08-28T18:07:44.4673629Z   [60/161] L580 caught: tests
refusal-coverage	Run python tools/mutation_sweep.py --floor 0.99	2026-08-28T18:07:47.0437385Z   [61/161] L589 caught: tests
refusal-coverage	Run python tools/mutation_sweep.py --floor 0.99	2026-08-28T18:07:47.7658513Z   [62/161] L595 caught: tests
refusal-coverage	Run python tools/mutation_sweep.py --floor 0.99	2026-08-28T18:07:50.2255217Z   [63/161] L610 caught: tests
refusal-coverage	Run python tools/mutation_sweep.py --floor 0.99	2026-08-28T18:07:50.9502986Z   [64/161] L637 caught: tests
refusal-coverage	Run python tools/mutation_sweep.py --floor 0.99	2026-08-28T18:07:54.3970109Z   [65/161] L643 caught: tests
refusal-coverage	Run python tools/mutation_sweep.py --floor 0.99	2026-08-28T18:07:57.8592698Z   [66/161] L648 caught: tests
refusal-coverage	Run python tools/mutation_sweep.py --floor 0.99	2026-08-28T18:08:01.2791418Z   [67/161] L651 caught: tests
refusal-coverage	Run python tools/mutation_sweep.py --floor 0.99	2026-08-28T18:08:04.8292161Z   [68/161] L660 caught: tests
refusal-coverage	Run python tools/mutation_sweep.py --floor 0.99	2026-08-28T18:08:06.3075921Z   [69/161] L672 caught: tests
refusal-coverage	Run python tools/mutation_sweep.py --floor 0.99	2026-08-28T18:08:07.7817019Z   [70/161] L678 caught: tests
refusal-coverage	Run python tools/mutation_sweep.py --floor 0.99	2026-08-28T18:08:09.2562157Z   [71/161] L685 caught: tests
refusal-coverage	Run python tools/mutation_sweep.py --floor 0.99	2026-08-28T18:08:10.0311229Z   [72/161] L692 caught: tests
refusal-coverage	Run python tools/mutation_sweep.py --floor 0.99	2026-08-28T18:08:12.7235535Z   [73/161] L699 caught: tests
refusal-coverage	Run python tools/mutation_sweep.py --floor 0.99	2026-08-28T18:08:13.9578612Z   [74/161] L718 caught: tests
refusal-coverage	Run python tools/mutation_sweep.py --floor 0.99	2026-08-28T18:08:15.2288494Z   [75/161] L723 caught: tests
refusal-coverage	Run python tools/mutation_sweep.py --floor 0.99	2026-08-28T18:08:17.7817900Z   [76/161] L726 caught: tests
refusal-coverage	Run python tools/mutation_sweep.py --floor 0.99	2026-08-28T18:08:18.8367350Z   [77/161] L761 caught: tests
refusal-coverage	Run python tools/mutation_sweep.py --floor 0.99	2026-08-28T18:08:19.8801739Z   [78/161] L771 caught: tests
refusal-coverage	Run python tools/mutation_sweep.py --floor 0.99	2026-08-28T18:08:20.9745858Z   [79/161] L777 caught: tests
refusal-coverage	Run python tools/mutation_sweep.py --floor 0.99	2026-08-28T18:08:22.3570999Z   [80/161] L790 caught: tests
refusal-coverage	Run python tools/mutation_sweep.py --floor 0.99	2026-08-28T18:08:23.7540947Z   [81/161] L794 caught: tests
refusal-coverage	Run python tools/mutation_sweep.py --floor 0.99	2026-08-28T18:08:25.1810122Z   [82/161] L798 caught: tests
refusal-coverage	Run python tools/mutation_sweep.py --floor 0.99	2026-08-28T18:08:27.8239681Z   [83/161] L807 caught: tests
refusal-coverage	Run python tools/mutation_sweep.py --floor 0.99	2026-08-28T18:08:30.2018933Z   [84/161] L814 caught: tests
refusal-coverage	Run python tools/mutation_sweep.py --floor 0.99	2026-08-28T18:08:31.6420954Z   [85/161] L846 caught: tests
refusal-coverage	Run python tools/mutation_sweep.py --floor 0.99	2026-08-28T18:08:32.3917372Z   [86/161] L868 caught: tests
refusal-coverage	Run python tools/mutation_sweep.py --floor 0.99	2026-08-28T18:08:34.8344471Z   [87/161] L873 caught: tests
refusal-coverage	Run python tools/mutation_sweep.py --floor 0.99	2026-08-28T18:08:37.2907080Z   [88/161] L882 caught: tests
refusal-coverage	Run python tools/mutation_sweep.py --floor 0.99	2026-08-28T18:08:38.4319252Z   [89/161] L891 caught: tests
refusal-coverage	Run python tools/mutation_sweep.py --floor 0.99	2026-08-28T18:08:39.7666105Z   [90/161] L895 caught: tests
refusal-coverage	Run python tools/mutation_sweep.py --floor 0.99	2026-08-28T18:08:42.3898738Z   [91/161] L898 caught: tests
refusal-coverage	Run python tools/mutation_sweep.py --floor 0.99	2026-08-28T18:08:43.5631855Z   [92/161] L902 caught: tests
refusal-coverage	Run python tools/mutation_sweep.py --floor 0.99	2026-08-28T18:08:44.8503915Z   [93/161] L907 caught: tests
refusal-coverage	Run python tools/mutation_sweep.py --floor 0.99	2026-08-28T18:08:47.2914612Z   [94/161] L910 caught: tests
refusal-coverage	Run python tools/mutation_sweep.py --floor 0.99	2026-08-28T18:08:48.6991674Z   [95/161] L1109 caught: tests
refusal-coverage	Run python tools/mutation_sweep.py --floor 0.99	2026-08-28T18:08:50.1391670Z   [96/161] L1114 caught: tests
refusal-coverage	Run python tools/mutation_sweep.py --floor 0.99	2026-08-28T18:08:51.6153141Z   [97/161] L1118 caught: tests
refusal-coverage	Run python tools/mutation_sweep.py --floor 0.99	2026-08-28T18:08:53.0400479Z   [98/161] L1126 caught: tests
refusal-coverage	Run python tools/mutation_sweep.py --floor 0.99	2026-08-28T18:08:54.4827489Z   [99/161] L1139 caught: tests
refusal-coverage	Run python tools/mutation_sweep.py --floor 0.99	2026-08-28T18:08:55.9533196Z   [100/161] L1160 caught: tests
refusal-coverage	Run python tools/mutation_sweep.py --floor 0.99	2026-08-28T18:08:57.4172754Z   [101/161] L1164 caught: tests
refusal-coverage	Run python tools/mutation_sweep.py --floor 0.99	2026-08-28T18:08:58.8706953Z   [102/161] L1168 caught: tests
refusal-coverage	Run python tools/mutation_sweep.py --floor 0.99	2026-08-28T18:08:59.9464528Z   [103/161] L1232 caught: tests
refusal-coverage	Run python tools/mutation_sweep.py --floor 0.99	2026-08-28T18:09:01.0126767Z   [104/161] L1238 caught: tests
refusal-coverage	Run python tools/mutation_sweep.py --floor 0.99	2026-08-28T18:09:02.0595473Z   [105/161] L1244 caught: tests
refusal-coverage	Run python tools/mutation_sweep.py --floor 0.99	2026-08-28T18:09:03.0888493Z   [106/161] L1253 caught: tests
refusal-coverage	Run python tools/mutation_sweep.py --floor 0.99	2026-08-28T18:09:04.1134376Z   [107/161] L1257 caught: tests
refusal-coverage	Run python tools/mutation_sweep.py --floor 0.99	2026-08-28T18:09:05.1564921Z   [108/161] L1262 caught: tests
refusal-coverage	Run python tools/mutation_sweep.py --floor 0.99	2026-08-28T18:09:06.1989840Z   [109/161] L1267 caught: tests
refusal-coverage	Run python tools/mutation_sweep.py --floor 0.99	2026-08-28T18:09:07.2861930Z   [110/161] L1273 caught: tests
refusal-coverage	Run python tools/mutation_sweep.py --floor 0.99	2026-08-28T18:09:08.3219621Z   [111/161] L1278 caught: tests
refusal-coverage	Run python tools/mutation_sweep.py --floor 0.99	2026-08-28T18:09:09.3711520Z   [112/161] L1286 caught: tests
refusal-coverage	Run python tools/mutation_sweep.py --floor 0.99	2026-08-28T18:09:10.3905192Z   [113/161] L1291 caught: tests
refusal-coverage	Run python tools/mutation_sweep.py --floor 0.99	2026-08-28T18:09:11.4030821Z   [114/161] L1294 caught: tests
refusal-coverage	Run python tools/mutation_sweep.py --floor 0.99	2026-08-28T18:09:12.1717471Z   [115/161] L1318 caught: tests
refusal-coverage	Run python tools/mutation_sweep.py --floor 0.99	2026-08-28T18:09:12.9498456Z   [116/161] L1324 caught: tests
refusal-coverage	Run python tools/mutation_sweep.py --floor 0.99	2026-08-28T18:09:13.7471755Z   [117/161] L1332 caught: tests
refusal-coverage	Run python tools/mutation_sweep.py --floor 0.99	2026-08-28T18:09:14.5246045Z   [118/161] L1337 caught: tests
refusal-coverage	Run python tools/mutation_sweep.py --floor 0.99	2026-08-28T18:09:15.3143723Z   [119/161] L1342 caught: tests
refusal-coverage	Run python tools/mutation_sweep.py --floor 0.99	2026-08-28T18:09:16.1151208Z   [120/161] L1347 caught: tests
refusal-coverage	Run python tools/mutation_sweep.py --floor 0.99	2026-08-28T18:09:19.2299303Z   [121/161] L1362 caught: tests
refusal-coverage	Run python tools/mutation_sweep.py --floor 0.99	2026-08-28T18:09:20.0276951Z   [122/161] L1366 caught: tests
refusal-coverage	Run python tools/mutation_sweep.py --floor 0.99	2026-08-28T18:09:20.8462213Z   [123/161] L1372 caught: tests
refusal-coverage	Run python tools/mutation_sweep.py --floor 0.99	2026-08-28T18:09:21.7917396Z   [124/161] L1376 caught: tests
refusal-coverage	Run python tools/mutation_sweep.py --floor 0.99	2026-08-28T18:09:22.6376832Z   [125/161] L1380 caught: tests
refusal-coverage	Run python tools/mutation_sweep.py --floor 0.99	2026-08-28T18:09:23.4870711Z   [126/161] L1384 caught: tests
refusal-coverage	Run python tools/mutation_sweep.py --floor 0.99	2026-08-28T18:09:24.3593503Z   [127/161] L1387 caught: tests
refusal-coverage	Run python tools/mutation_sweep.py --floor 0.99	2026-08-28T18:09:27.3754946Z   [128/161] L1393 caught: tests
refusal-coverage	Run python tools/mutation_sweep.py --floor 0.99	2026-08-28T18:09:28.2467294Z   [129/161] L1398 caught: tests
refusal-coverage	Run python tools/mutation_sweep.py --floor 0.99	2026-08-28T18:09:29.1131985Z   [130/161] L1404 caught: tests
refusal-coverage	Run python tools/mutation_sweep.py --floor 0.99	2026-08-28T18:09:30.0996883Z   [131/161] L1407 caught: tests
refusal-coverage	Run python tools/mutation_sweep.py --floor 0.99	2026-08-28T18:09:30.9908503Z   [132/161] L1410 caught: tests
refusal-coverage	Run python tools/mutation_sweep.py --floor 0.99	2026-08-28T18:09:31.8876684Z   [133/161] L1418 caught: tests
refusal-coverage	Run python tools/mutation_sweep.py --floor 0.99	2026-08-28T18:09:32.8054889Z   [134/161] L1424 caught: tests
refusal-coverage	Run python tools/mutation_sweep.py --floor 0.99	2026-08-28T18:09:33.7307846Z   [135/161] L1428 caught: tests
refusal-coverage	Run python tools/mutation_sweep.py --floor 0.99	2026-08-28T18:09:36.3055672Z   [136/161] L1433 caught: tests
refusal-coverage	Run python tools/mutation_sweep.py --floor 0.99	2026-08-28T18:09:37.0274630Z   [137/161] L1448 caught: tests
refusal-coverage	Run python tools/mutation_sweep.py --floor 0.99	2026-08-28T18:09:37.9835182Z   [138/161] L1452 caught: tests
refusal-coverage	Run python tools/mutation_sweep.py --floor 0.99	2026-08-28T18:09:39.0119104Z   [139/161] L1456 caught: tests
refusal-coverage	Run python tools/mutation_sweep.py --floor 0.99	2026-08-28T18:09:41.3663312Z   [140/161] L1463 caught: tests
refusal-coverage	Run python tools/mutation_sweep.py --floor 0.99	2026-08-28T18:09:42.3196733Z   [141/161] L1468 caught: tests
refusal-coverage	Run python tools/mutation_sweep.py --floor 0.99	2026-08-28T18:09:43.0291839Z   [142/161] L1478 caught: tests
refusal-coverage	Run python tools/mutation_sweep.py --floor 0.99	2026-08-28T18:09:43.7830919Z   [143/161] L1484 caught: tests
refusal-coverage	Run python tools/mutation_sweep.py --floor 0.99	2026-08-28T18:09:44.7540004Z   [144/161] L1491 caught: tests
refusal-coverage	Run python tools/mutation_sweep.py --floor 0.99	2026-08-28T18:09:45.7440836Z   [145/161] L1496 caught: tests
refusal-coverage	Run python tools/mutation_sweep.py --floor 0.99	2026-08-28T18:09:46.7554313Z   [146/161] L1503 caught: tests
refusal-coverage	Run python tools/mutation_sweep.py --floor 0.99	2026-08-28T18:09:49.3800177Z   [147/161] L1507 caught: tests
refusal-coverage	Run python tools/mutation_sweep.py --floor 0.99	2026-08-28T18:09:50.4107859Z   [148/161] L1514 caught: tests
refusal-coverage	Run python tools/mutation_sweep.py --floor 0.99	2026-08-28T18:09:53.0344096Z   [149/161] L1520 caught: tests
refusal-coverage	Run python tools/mutation_sweep.py --floor 0.99	2026-08-28T18:09:54.2924985Z   [150/161] L1544 caught: tests
refusal-coverage	Run python tools/mutation_sweep.py --floor 0.99	2026-08-28T18:09:55.5611661Z   [151/161] L1549 caught: tests
refusal-coverage	Run python tools/mutation_sweep.py --floor 0.99	2026-08-28T18:09:57.9927429Z   [152/161] L1552 caught: tests
refusal-coverage	Run python tools/mutation_sweep.py --floor 0.99	2026-08-28T18:10:02.4035113Z   [153/161] L1635 caught: sweep:tamper-summary-string
refusal-coverage	Run python tools/mutation_sweep.py --floor 0.99	2026-08-28T18:10:04.8048827Z   [154/161] L1653 caught: tests
refusal-coverage	Run python tools/mutation_sweep.py --floor 0.99	2026-08-28T18:10:07.2019401Z   [155/161] L1656 caught: tests
refusal-coverage	Run python tools/mutation_sweep.py --floor 0.99	2026-08-28T18:10:08.5783833Z   [156/161] L1695 caught: tests
refusal-coverage	Run python tools/mutation_sweep.py --floor 0.99	2026-08-28T18:10:09.3930008Z   [157/161] L1707 caught: tests
refusal-coverage	Run python tools/mutation_sweep.py --floor 0.99	2026-08-28T18:10:12.8899976Z   [158/161] L1715 caught: tests
refusal-coverage	Run python tools/mutation_sweep.py --floor 0.99	2026-08-28T18:10:16.4176219Z   [159/161] L1721 caught: tests
refusal-coverage	Run python tools/mutation_sweep.py --floor 0.99	2026-08-28T18:10:17.5113726Z   [160/161] L1737 caught: tests
refusal-coverage	Run python tools/mutation_sweep.py --floor 0.99	2026-08-28T18:10:20.9857445Z   [161/161] L1776 caught: tests
refusal-coverage	Run python tools/mutation_sweep.py --floor 0.99	2026-08-28T18:10:20.9863400Z 
refusal-coverage	Run python tools/mutation_sweep.py --floor 0.99	2026-08-28T18:10:20.9863694Z MUTATION SCORE: 161/161 = 1.000
refusal-coverage	Post Run actions/checkout@v4	﻿2026-08-28T18:10:21.0017923Z Node 20 is being deprecated. This workflow is running with Node 24 by default. If you need to temporarily use Node 20, you can set the ACTIONS_ALLOW_USE_UNSECURE_NODE_VERSION=true environment variable. For more information see: https://github.blog/changelog/2025-09-19-deprecation-of-node-20-on-github-actions-runners/
refusal-coverage	Post Run actions/checkout@v4	2026-08-28T18:10:21.0019521Z Post job cleanup.
refusal-coverage	Post Run actions/checkout@v4	2026-08-28T18:10:21.0902690Z [command]/usr/bin/git version
refusal-coverage	Post Run actions/checkout@v4	2026-08-28T18:10:21.0952378Z git version 2.55.0
refusal-coverage	Post Run actions/checkout@v4	2026-08-28T18:10:21.1000442Z Temporarily overriding HOME='/home/runner/work/_temp/977cf0e2-3a62-4067-b9fd-c49f9a3dbfb1' before making global git config changes
refusal-coverage	Post Run actions/checkout@v4	2026-08-28T18:10:21.1001972Z Adding repository directory to the temporary git global config as a safe directory
refusal-coverage	Post Run actions/checkout@v4	2026-08-28T18:10:21.1007549Z [command]/usr/bin/git config --global --add safe.directory /home/runner/work/vac-protocol/vac-protocol/_issuers/model-drift
refusal-coverage	Post Run actions/checkout@v4	2026-08-28T18:10:21.1053730Z [command]/usr/bin/git config --local --name-only --get-regexp core\.sshCommand
refusal-coverage	Post Run actions/checkout@v4	2026-08-28T18:10:21.1092200Z [command]/usr/bin/git submodule foreach --recursive sh -c "git config --local --name-only --get-regexp 'core\.sshCommand' && git config --local --unset-all 'core.sshCommand' || :"
refusal-coverage	Post Run actions/checkout@v4	2026-08-28T18:10:21.1361526Z [command]/usr/bin/git config --local --name-only --get-regexp http\.https\:\/\/github\.com\/\.extraheader
refusal-coverage	Post Run actions/checkout@v4	2026-08-28T18:10:21.1388686Z http.https://github.com/.extraheader
refusal-coverage	Post Run actions/checkout@v4	2026-08-28T18:10:21.1401991Z [command]/usr/bin/git config --local --unset-all http.https://github.com/.extraheader
refusal-coverage	Post Run actions/checkout@v4	2026-08-28T18:10:21.1439506Z [command]/usr/bin/git submodule foreach --recursive sh -c "git config --local --name-only --get-regexp 'http\.https\:\/\/github\.com\/\.extraheader' && git config --local --unset-all 'http.https://github.com/.extraheader' || :"
refusal-coverage	Post Run actions/checkout@v4	2026-08-28T18:10:21.1742531Z [command]/usr/bin/git config --local --name-only --get-regexp ^includeIf\.gitdir:
refusal-coverage	Post Run actions/checkout@v4	2026-08-28T18:10:21.1786586Z [command]/usr/bin/git submodule foreach --recursive git config --local --show-origin --name-only --get-regexp remote.origin.url
refusal-coverage	Post Run actions/checkout@v4	﻿2026-08-28T18:10:21.2265537Z Node 20 is being deprecated. This workflow is running with Node 24 by default. If you need to temporarily use Node 20, you can set the ACTIONS_ALLOW_USE_UNSECURE_NODE_VERSION=true environment variable. For more information see: https://github.blog/changelog/2025-09-19-deprecation-of-node-20-on-github-actions-runners/
refusal-coverage	Post Run actions/checkout@v4	2026-08-28T18:10:21.2267836Z Post job cleanup.
refusal-coverage	Post Run actions/checkout@v4	2026-08-28T18:10:21.3199427Z [command]/usr/bin/git version
refusal-coverage	Post Run actions/checkout@v4	2026-08-28T18:10:21.3243363Z git version 2.55.0
refusal-coverage	Post Run actions/checkout@v4	2026-08-28T18:10:21.3319365Z Temporarily overriding HOME='/home/runner/work/_temp/f87b887d-ca78-4e41-8fbd-b49bf7c23073' before making global git config changes
refusal-coverage	Post Run actions/checkout@v4	2026-08-28T18:10:21.3320727Z Adding repository directory to the temporary git global config as a safe directory
refusal-coverage	Post Run actions/checkout@v4	2026-08-28T18:10:21.3326187Z [command]/usr/bin/git config --global --add safe.directory /home/runner/work/vac-protocol/vac-protocol/_issuers/evalmut
refusal-coverage	Post Run actions/checkout@v4	2026-08-28T18:10:21.3373528Z [command]/usr/bin/git config --local --name-only --get-regexp core\.sshCommand
refusal-coverage	Post Run actions/checkout@v4	2026-08-28T18:10:21.3418300Z [command]/usr/bin/git submodule foreach --recursive sh -c "git config --local --name-only --get-regexp 'core\.sshCommand' && git config --local --unset-all 'core.sshCommand' || :"
refusal-coverage	Post Run actions/checkout@v4	2026-08-28T18:10:21.3688631Z [command]/usr/bin/git config --local --name-only --get-regexp http\.https\:\/\/github\.com\/\.extraheader
refusal-coverage	Post Run actions/checkout@v4	2026-08-28T18:10:21.3742825Z http.https://github.com/.extraheader
refusal-coverage	Post Run actions/checkout@v4	2026-08-28T18:10:21.3762096Z [command]/usr/bin/git config --local --unset-all http.https://github.com/.extraheader
refusal-coverage	Post Run actions/checkout@v4	2026-08-28T18:10:21.3802178Z [command]/usr/bin/git submodule foreach --recursive sh -c "git config --local --name-only --get-regexp 'http\.https\:\/\/github\.com\/\.extraheader' && git config --local --unset-all 'http.https://github.com/.extraheader' || :"
refusal-coverage	Post Run actions/checkout@v4	2026-08-28T18:10:21.4076709Z [command]/usr/bin/git config --local --name-only --get-regexp ^includeIf\.gitdir:
refusal-coverage	Post Run actions/checkout@v4	2026-08-28T18:10:21.4124237Z [command]/usr/bin/git submodule foreach --recursive git config --local --show-origin --name-only --get-regexp remote.origin.url
refusal-coverage	Post Run actions/checkout@v4	﻿2026-08-28T18:10:21.4564938Z Node 20 is being deprecated. This workflow is running with Node 24 by default. If you need to temporarily use Node 20, you can set the ACTIONS_ALLOW_USE_UNSECURE_NODE_VERSION=true environment variable. For more information see: https://github.blog/changelog/2025-09-19-deprecation-of-node-20-on-github-actions-runners/
refusal-coverage	Post Run actions/checkout@v4	2026-08-28T18:10:21.4566224Z Post job cleanup.
refusal-coverage	Post Run actions/checkout@v4	2026-08-28T18:10:21.5452986Z [command]/usr/bin/git version
refusal-coverage	Post Run actions/checkout@v4	2026-08-28T18:10:21.5501806Z git version 2.55.0
refusal-coverage	Post Run actions/checkout@v4	2026-08-28T18:10:21.5549618Z Temporarily overriding HOME='/home/runner/work/_temp/42983e2f-0eec-45a7-91e2-6fb9008badab' before making global git config changes
refusal-coverage	Post Run actions/checkout@v4	2026-08-28T18:10:21.5550691Z Adding repository directory to the temporary git global config as a safe directory
refusal-coverage	Post Run actions/checkout@v4	2026-08-28T18:10:21.5556636Z [command]/usr/bin/git config --global --add safe.directory /home/runner/work/vac-protocol/vac-protocol/_issuers/crashkit
refusal-coverage	Post Run actions/checkout@v4	2026-08-28T18:10:21.5605025Z [command]/usr/bin/git config --local --name-only --get-regexp core\.sshCommand
refusal-coverage	Post Run actions/checkout@v4	2026-08-28T18:10:21.5643702Z [command]/usr/bin/git submodule foreach --recursive sh -c "git config --local --name-only --get-regexp 'core\.sshCommand' && git config --local --unset-all 'core.sshCommand' || :"
refusal-coverage	Post Run actions/checkout@v4	2026-08-28T18:10:21.5911100Z [command]/usr/bin/git config --local --name-only --get-regexp http\.https\:\/\/github\.com\/\.extraheader
refusal-coverage	Post Run actions/checkout@v4	2026-08-28T18:10:21.5941406Z http.https://github.com/.extraheader
refusal-coverage	Post Run actions/checkout@v4	2026-08-28T18:10:21.5954538Z [command]/usr/bin/git config --local --unset-all http.https://github.com/.extraheader
refusal-coverage	Post Run actions/checkout@v4	2026-08-28T18:10:21.6022821Z [command]/usr/bin/git submodule foreach --recursive sh -c "git config --local --name-only --get-regexp 'http\.https\:\/\/github\.com\/\.extraheader' && git config --local --unset-all 'http.https://github.com/.extraheader' || :"
refusal-coverage	Post Run actions/checkout@v4	2026-08-28T18:10:21.6308951Z [command]/usr/bin/git config --local --name-only --get-regexp ^includeIf\.gitdir:
refusal-coverage	Post Run actions/checkout@v4	2026-08-28T18:10:21.6357469Z [command]/usr/bin/git submodule foreach --recursive git config --local --show-origin --name-only --get-regexp remote.origin.url
refusal-coverage	Post Run actions/setup-python@v5	﻿2026-08-28T18:10:21.6789756Z Node 20 is being deprecated. This workflow is running with Node 24 by default. If you need to temporarily use Node 20, you can set the ACTIONS_ALLOW_USE_UNSECURE_NODE_VERSION=true environment variable. For more information see: https://github.blog/changelog/2025-09-19-deprecation-of-node-20-on-github-actions-runners/
refusal-coverage	Post Run actions/setup-python@v5	2026-08-28T18:10:21.6791035Z Post job cleanup.
refusal-coverage	Post Run actions/setup-python@v5	2026-08-28T18:10:21.8011923Z (node:34943) [DEP0040] DeprecationWarning: The `punycode` module is deprecated. Please use a userland alternative instead.
refusal-coverage	Post Run actions/setup-python@v5	2026-08-28T18:10:21.8012789Z (Use `node --trace-deprecation ...` to show where the warning was created)
refusal-coverage	Post Run actions/checkout@v4	﻿2026-08-28T18:10:21.8205694Z Node 20 is being deprecated. This workflow is running with Node 24 by default. If you need to temporarily use Node 20, you can set the ACTIONS_ALLOW_USE_UNSECURE_NODE_VERSION=true environment variable. For more information see: https://github.blog/changelog/2025-09-19-deprecation-of-node-20-on-github-actions-runners/
refusal-coverage	Post Run actions/checkout@v4	2026-08-28T18:10:21.8206999Z Post job cleanup.
refusal-coverage	Post Run actions/checkout@v4	2026-08-28T18:10:21.9135249Z [command]/usr/bin/git version
refusal-coverage	Post Run actions/checkout@v4	2026-08-28T18:10:21.9183317Z git version 2.55.0
refusal-coverage	Post Run actions/checkout@v4	2026-08-28T18:10:21.9228996Z Temporarily overriding HOME='/home/runner/work/_temp/faea4b38-0f13-4881-8f22-88817bea7ef7' before making global git config changes
refusal-coverage	Post Run actions/checkout@v4	2026-08-28T18:10:21.9230155Z Adding repository directory to the temporary git global config as a safe directory
refusal-coverage	Post Run actions/checkout@v4	2026-08-28T18:10:21.9236362Z [command]/usr/bin/git config --global --add safe.directory /home/runner/work/vac-protocol/vac-protocol
refusal-coverage	Post Run actions/checkout@v4	2026-08-28T18:10:21.9283084Z [command]/usr/bin/git config --local --name-only --get-regexp core\.sshCommand
refusal-coverage	Post Run actions/checkout@v4	2026-08-28T18:10:21.9354687Z [command]/usr/bin/git submodule foreach --recursive sh -c "git config --local --name-only --get-regexp 'core\.sshCommand' && git config --local --unset-all 'core.sshCommand' || :"
refusal-coverage	Post Run actions/checkout@v4	2026-08-28T18:10:21.9733422Z [command]/usr/bin/git config --local --name-only --get-regexp http\.https\:\/\/github\.com\/\.extraheader
refusal-coverage	Post Run actions/checkout@v4	2026-08-28T18:10:21.9734640Z http.https://github.com/.extraheader
refusal-coverage	Post Run actions/checkout@v4	2026-08-28T18:10:21.9749712Z [command]/usr/bin/git config --local --unset-all http.https://github.com/.extraheader
refusal-coverage	Post Run actions/checkout@v4	2026-08-28T18:10:21.9800784Z [command]/usr/bin/git submodule foreach --recursive sh -c "git config --local --name-only --get-regexp 'http\.https\:\/\/github\.com\/\.extraheader' && git config --local --unset-all 'http.https://github.com/.extraheader' || :"
refusal-coverage	Post Run actions/checkout@v4	2026-08-28T18:10:22.0179915Z [command]/usr/bin/git config --local --name-only --get-regexp ^includeIf\.gitdir:
refusal-coverage	Post Run actions/checkout@v4	2026-08-28T18:10:22.0230966Z [command]/usr/bin/git submodule foreach --recursive git config --local --show-origin --name-only --get-regexp remote.origin.url
refusal-coverage	Complete job	﻿2026-08-28T18:10:22.0642331Z Cleaning up orphan processes
refusal-coverage	Complete job	2026-08-28T18:10:22.0943175Z ##[warning]Node.js 20 is deprecated. The following actions target Node.js 20 but are being forced to run on Node.js 24: actions/checkout@v4, actions/setup-python@v5. For more information see: https://github.blog/changelog/2025-09-19-deprecation-of-node-20-on-github-actions-runners/
test (3.11)	Set up job	﻿2026-08-28T18:05:39.7184934Z Current runner version: '2.336.0'
test (3.11)	Set up job	2026-08-28T18:05:39.7212564Z ##[group]Runner Image Provisioner
test (3.11)	Set up job	2026-08-28T18:05:39.7213489Z Hosted Compute Agent
test (3.11)	Set up job	2026-08-28T18:05:39.7214244Z Version: 20260819.586
test (3.11)	Set up job	2026-08-28T18:05:39.7214921Z Commit: 3cc4a88dfa507ef76119ad1bb3eccc6378bb2b76
test (3.11)	Set up job	2026-08-28T18:05:39.7215707Z Build Date: 2026-08-18T23:20:18Z
test (3.11)	Set up job	2026-08-28T18:05:39.7216464Z Worker ID: {437c9318-ddc3-4d2d-8225-8574be34ccff}
test (3.11)	Set up job	2026-08-28T18:05:39.7217231Z Azure Region: northcentralus
test (3.11)	Set up job	2026-08-28T18:05:39.7217849Z ##[endgroup]
test (3.11)	Set up job	2026-08-28T18:05:39.7219226Z ##[group]Operating System
test (3.11)	Set up job	2026-08-28T18:05:39.7219917Z Ubuntu
test (3.11)	Set up job	2026-08-28T18:05:39.7220944Z 24.04.4
test (3.11)	Set up job	2026-08-28T18:05:39.7221750Z LTS
test (3.11)	Set up job	2026-08-28T18:05:39.7222297Z ##[endgroup]
test (3.11)	Set up job	2026-08-28T18:05:39.7222972Z ##[group]Runner Image
test (3.11)	Set up job	2026-08-28T18:05:39.7223651Z Image: ubuntu-24.04
test (3.11)	Set up job	2026-08-28T18:05:39.7224282Z Version: 20260823.283.1
test (3.11)	Set up job	2026-08-28T18:05:39.7225392Z Included Software: https://github.com/actions/runner-images/blob/ubuntu24/20260823.283/images/ubuntu/Ubuntu2404-Readme.md
test (3.11)	Set up job	2026-08-28T18:05:39.7227300Z Image Release: https://github.com/actions/runner-images/releases/tag/ubuntu24%2F20260823.283
test (3.11)	Set up job	2026-08-28T18:05:39.7228299Z ##[endgroup]
test (3.11)	Set up job	2026-08-28T18:05:39.7229605Z ##[group]GITHUB_TOKEN Permissions
test (3.11)	Set up job	2026-08-28T18:05:39.7232220Z Contents: read
test (3.11)	Set up job	2026-08-28T18:05:39.7232958Z Metadata: read
test (3.11)	Set up job	2026-08-28T18:05:39.7233606Z Packages: read
test (3.11)	Set up job	2026-08-28T18:05:39.7234189Z ##[endgroup]
test (3.11)	Set up job	2026-08-28T18:05:39.7236402Z Secret source: Actions
test (3.11)	Set up job	2026-08-28T18:05:39.7237821Z Prepare workflow directory
test (3.11)	Set up job	2026-08-28T18:05:39.7574755Z Prepare all required actions
test (3.11)	Set up job	2026-08-28T18:05:39.7622556Z Getting action download info
test (3.11)	Set up job	2026-08-28T18:05:39.9949072Z Download action repository 'actions/checkout@v4' (SHA:11d5960a326750d5838078e36cf38b85af677262)
test (3.11)	Set up job	2026-08-28T18:05:40.1556916Z Download action repository 'actions/setup-python@v5' (SHA:a26af69be951a213d495a4c3e4e4022e16d87065)
test (3.11)	Set up job	2026-08-28T18:05:40.3444637Z Complete job name: test (3.11)
test (3.11)	Run actions/checkout@v4	﻿2026-08-28T18:05:40.4240011Z Node 20 is being deprecated. This workflow is running with Node 24 by default. If you need to temporarily use Node 20, you can set the ACTIONS_ALLOW_USE_UNSECURE_NODE_VERSION=true environment variable. For more information see: https://github.blog/changelog/2025-09-19-deprecation-of-node-20-on-github-actions-runners/
test (3.11)	Run actions/checkout@v4	2026-08-28T18:05:40.4248931Z ##[group]Run actions/checkout@v4
test (3.11)	Run actions/checkout@v4	2026-08-28T18:05:40.4249652Z with:
test (3.11)	Run actions/checkout@v4	2026-08-28T18:05:40.4250107Z   repository: egnaro9/vac-protocol
test (3.11)	Run actions/checkout@v4	2026-08-28T18:05:40.4254499Z   token: ***
test (3.11)	Run actions/checkout@v4	2026-08-28T18:05:40.4254960Z   ssh-strict: true
test (3.11)	Run actions/checkout@v4	2026-08-28T18:05:40.4255412Z   ssh-user: git
test (3.11)	Run actions/checkout@v4	2026-08-28T18:05:40.4255868Z   persist-credentials: true
test (3.11)	Run actions/checkout@v4	2026-08-28T18:05:40.4256367Z   clean: true
test (3.11)	Run actions/checkout@v4	2026-08-28T18:05:40.4256826Z   sparse-checkout-cone-mode: true
test (3.11)	Run actions/checkout@v4	2026-08-28T18:05:40.4257345Z   fetch-depth: 1
test (3.11)	Run actions/checkout@v4	2026-08-28T18:05:40.4257786Z   fetch-tags: false
test (3.11)	Run actions/checkout@v4	2026-08-28T18:05:40.4258239Z   show-progress: true
test (3.11)	Run actions/checkout@v4	2026-08-28T18:05:40.4258698Z   lfs: false
test (3.11)	Run actions/checkout@v4	2026-08-28T18:05:40.4259122Z   submodules: false
test (3.11)	Run actions/checkout@v4	2026-08-28T18:05:40.4259637Z   set-safe-directory: true
test (3.11)	Run actions/checkout@v4	2026-08-28T18:05:40.4260153Z   allow-unsafe-pr-checkout: false
test (3.11)	Run actions/checkout@v4	2026-08-28T18:05:40.4260935Z ##[endgroup]
test (3.11)	Run actions/checkout@v4	2026-08-28T18:05:40.5276414Z Syncing repository: egnaro9/vac-protocol
test (3.11)	Run actions/checkout@v4	2026-08-28T18:05:40.5279242Z ##[group]Getting Git version info
test (3.11)	Run actions/checkout@v4	2026-08-28T18:05:40.5280482Z Working directory is '/home/runner/work/vac-protocol/vac-protocol'
test (3.11)	Run actions/checkout@v4	2026-08-28T18:05:40.5282401Z [command]/usr/bin/git version
test (3.11)	Run actions/checkout@v4	2026-08-28T18:05:40.5325205Z git version 2.55.0
test (3.11)	Run actions/checkout@v4	2026-08-28T18:05:40.5378223Z ##[endgroup]
test (3.11)	Run actions/checkout@v4	2026-08-28T18:05:40.5403635Z Temporarily overriding HOME='/home/runner/work/_temp/03bad9fc-9a62-49bc-a7b8-bb81530a9e06' before making global git config changes
test (3.11)	Run actions/checkout@v4	2026-08-28T18:05:40.5405980Z Adding repository directory to the temporary git global config as a safe directory
test (3.11)	Run actions/checkout@v4	2026-08-28T18:05:40.5408073Z [command]/usr/bin/git config --global --add safe.directory /home/runner/work/vac-protocol/vac-protocol
test (3.11)	Run actions/checkout@v4	2026-08-28T18:05:40.5462599Z Deleting the contents of '/home/runner/work/vac-protocol/vac-protocol'
test (3.11)	Run actions/checkout@v4	2026-08-28T18:05:40.5466290Z ##[group]Initializing the repository
test (3.11)	Run actions/checkout@v4	2026-08-28T18:05:40.5471458Z [command]/usr/bin/git init /home/runner/work/vac-protocol/vac-protocol
test (3.11)	Run actions/checkout@v4	2026-08-28T18:05:40.5582288Z hint: Using 'master' as the name for the initial branch. This default branch name
test (3.11)	Run actions/checkout@v4	2026-08-28T18:05:40.5584305Z hint: will change to "main" in Git 3.0. To configure the initial branch name
test (3.11)	Run actions/checkout@v4	2026-08-28T18:05:40.5586033Z hint: to use in all of your new repositories, which will suppress this warning,
test (3.11)	Run actions/checkout@v4	2026-08-28T18:05:40.5587424Z hint: call:
test (3.11)	Run actions/checkout@v4	2026-08-28T18:05:40.5588364Z hint:
test (3.11)	Run actions/checkout@v4	2026-08-28T18:05:40.5589429Z hint: 	git config --global init.defaultBranch <name>
test (3.11)	Run actions/checkout@v4	2026-08-28T18:05:40.5590626Z hint:
test (3.11)	Run actions/checkout@v4	2026-08-28T18:05:40.5591905Z hint: Names commonly chosen instead of 'master' are 'main', 'trunk' and
test (3.11)	Run actions/checkout@v4	2026-08-28T18:05:40.5593685Z hint: 'development'. The just-created branch can be renamed via this command:
test (3.11)	Run actions/checkout@v4	2026-08-28T18:05:40.5595121Z hint:
test (3.11)	Run actions/checkout@v4	2026-08-28T18:05:40.5595990Z hint: 	git branch -m <name>
test (3.11)	Run actions/checkout@v4	2026-08-28T18:05:40.5596955Z hint:
test (3.11)	Run actions/checkout@v4	2026-08-28T18:05:40.5598245Z hint: Disable this message with "git config set advice.defaultBranchName false"
test (3.11)	Run actions/checkout@v4	2026-08-28T18:05:40.5600318Z Initialized empty Git repository in /home/runner/work/vac-protocol/vac-protocol/.git/
test (3.11)	Run actions/checkout@v4	2026-08-28T18:05:40.5604174Z [command]/usr/bin/git remote add origin https://github.com/egnaro9/vac-protocol
test (3.11)	Run actions/checkout@v4	2026-08-28T18:05:40.5649525Z ##[endgroup]
test (3.11)	Run actions/checkout@v4	2026-08-28T18:05:40.5650798Z ##[group]Disabling automatic garbage collection
test (3.11)	Run actions/checkout@v4	2026-08-28T18:05:40.5654454Z [command]/usr/bin/git config --local gc.auto 0
test (3.11)	Run actions/checkout@v4	2026-08-28T18:05:40.5688432Z ##[endgroup]
test (3.11)	Run actions/checkout@v4	2026-08-28T18:05:40.5689808Z ##[group]Setting up auth
test (3.11)	Run actions/checkout@v4	2026-08-28T18:05:40.5696382Z [command]/usr/bin/git config --local --name-only --get-regexp core\.sshCommand
test (3.11)	Run actions/checkout@v4	2026-08-28T18:05:40.5731461Z [command]/usr/bin/git submodule foreach --recursive sh -c "git config --local --name-only --get-regexp 'core\.sshCommand' && git config --local --unset-all 'core.sshCommand' || :"
test (3.11)	Run actions/checkout@v4	2026-08-28T18:05:40.6129148Z [command]/usr/bin/git config --local --name-only --get-regexp http\.https\:\/\/github\.com\/\.extraheader
test (3.11)	Run actions/checkout@v4	2026-08-28T18:05:40.6172419Z [command]/usr/bin/git submodule foreach --recursive sh -c "git config --local --name-only --get-regexp 'http\.https\:\/\/github\.com\/\.extraheader' && git config --local --unset-all 'http.https://github.com/.extraheader' || :"
test (3.11)	Run actions/checkout@v4	2026-08-28T18:05:40.6421803Z [command]/usr/bin/git config --local --name-only --get-regexp ^includeIf\.gitdir:
test (3.11)	Run actions/checkout@v4	2026-08-28T18:05:40.6462193Z [command]/usr/bin/git submodule foreach --recursive git config --local --show-origin --name-only --get-regexp remote.origin.url
test (3.11)	Run actions/checkout@v4	2026-08-28T18:05:40.6702687Z [command]/usr/bin/git config --local http.https://github.com/.extraheader AUTHORIZATION: basic ***
test (3.11)	Run actions/checkout@v4	2026-08-28T18:05:40.6741472Z ##[endgroup]
test (3.11)	Run actions/checkout@v4	2026-08-28T18:05:40.6742644Z ##[group]Fetching the repository
test (3.11)	Run actions/checkout@v4	2026-08-28T18:05:40.6751043Z [command]/usr/bin/git -c protocol.version=2 fetch --no-tags --prune --no-recurse-submodules --depth=1 origin +08f995bd493a170cec01c153a5d9482317caaa0c:refs/remotes/origin/spec/v0.2-scope-binding
test (3.11)	Run actions/checkout@v4	2026-08-28T18:05:41.2710670Z From https://github.com/egnaro9/vac-protocol
test (3.11)	Run actions/checkout@v4	2026-08-28T18:05:41.2713159Z  * [new ref]         08f995bd493a170cec01c153a5d9482317caaa0c -> origin/spec/v0.2-scope-binding
test (3.11)	Run actions/checkout@v4	2026-08-28T18:05:41.2716887Z ##[endgroup]
test (3.11)	Run actions/checkout@v4	2026-08-28T18:05:41.2718624Z ##[group]Determining the checkout info
test (3.11)	Run actions/checkout@v4	2026-08-28T18:05:41.2720731Z ##[endgroup]
test (3.11)	Run actions/checkout@v4	2026-08-28T18:05:41.2725980Z [command]/usr/bin/git sparse-checkout disable
test (3.11)	Run actions/checkout@v4	2026-08-28T18:05:41.2781268Z [command]/usr/bin/git config --local --unset-all extensions.worktreeConfig
test (3.11)	Run actions/checkout@v4	2026-08-28T18:05:41.2817917Z ##[group]Checking out the ref
test (3.11)	Run actions/checkout@v4	2026-08-28T18:05:41.2829089Z [command]/usr/bin/git checkout --progress --force -B spec/v0.2-scope-binding refs/remotes/origin/spec/v0.2-scope-binding
test (3.11)	Run actions/checkout@v4	2026-08-28T18:05:41.3121802Z Switched to a new branch 'spec/v0.2-scope-binding'
test (3.11)	Run actions/checkout@v4	2026-08-28T18:05:41.3126500Z branch 'spec/v0.2-scope-binding' set up to track 'origin/spec/v0.2-scope-binding'.
test (3.11)	Run actions/checkout@v4	2026-08-28T18:05:41.3140030Z ##[endgroup]
test (3.11)	Run actions/checkout@v4	2026-08-28T18:05:41.3187511Z [command]/usr/bin/git log -1 --format=%H
test (3.11)	Run actions/checkout@v4	2026-08-28T18:05:41.3218363Z 08f995bd493a170cec01c153a5d9482317caaa0c
test (3.11)	Run actions/setup-python@v5	﻿2026-08-28T18:05:41.3623023Z Node 20 is being deprecated. This workflow is running with Node 24 by default. If you need to temporarily use Node 20, you can set the ACTIONS_ALLOW_USE_UNSECURE_NODE_VERSION=true environment variable. For more information see: https://github.blog/changelog/2025-09-19-deprecation-of-node-20-on-github-actions-runners/
test (3.11)	Run actions/setup-python@v5	2026-08-28T18:05:41.3628807Z ##[group]Run actions/setup-python@v5
test (3.11)	Run actions/setup-python@v5	2026-08-28T18:05:41.3630026Z with:
test (3.11)	Run actions/setup-python@v5	2026-08-28T18:05:41.3630949Z   python-version: 3.11
test (3.11)	Run actions/setup-python@v5	2026-08-28T18:05:41.3632158Z   check-latest: false
test (3.11)	Run actions/setup-python@v5	2026-08-28T18:05:41.3641761Z   token: ***
test (3.11)	Run actions/setup-python@v5	2026-08-28T18:05:41.3642732Z   update-environment: true
test (3.11)	Run actions/setup-python@v5	2026-08-28T18:05:41.3643866Z   allow-prereleases: false
test (3.11)	Run actions/setup-python@v5	2026-08-28T18:05:41.3644955Z   freethreaded: false
test (3.11)	Run actions/setup-python@v5	2026-08-28T18:05:41.3645946Z ##[endgroup]
test (3.11)	Run actions/setup-python@v5	2026-08-28T18:05:41.5035938Z ##[group]Installed versions
test (3.11)	Run actions/setup-python@v5	2026-08-28T18:05:41.5119727Z (node:2233) [DEP0040] DeprecationWarning: The `punycode` module is deprecated. Please use a userland alternative instead.
test (3.11)	Run actions/setup-python@v5	2026-08-28T18:05:41.5124034Z (Use `node --trace-deprecation ...` to show where the warning was created)
test (3.11)	Run actions/setup-python@v5	2026-08-28T18:05:41.5125916Z Successfully set up CPython (3.11.16)
test (3.11)	Run actions/setup-python@v5	2026-08-28T18:05:41.5127748Z ##[endgroup]
test (3.11)	Run pip install -e ".[test]"	﻿2026-08-28T18:05:41.5449877Z ##[group]Run pip install -e ".[test]"
test (3.11)	Run pip install -e ".[test]"	2026-08-28T18:05:41.5558000Z ^[[36;1mpip install -e ".[test]"^[[0m
test (3.11)	Run pip install -e ".[test]"	2026-08-28T18:05:41.5625745Z shell: /usr/bin/bash -e {0}
test (3.11)	Run pip install -e ".[test]"	2026-08-28T18:05:41.5626929Z env:
test (3.11)	Run pip install -e ".[test]"	2026-08-28T18:05:41.5628090Z   pythonLocation: /opt/hostedtoolcache/Python/3.11.16/x64
test (3.11)	Run pip install -e ".[test]"	2026-08-28T18:05:41.5629986Z   PKG_CONFIG_PATH: /opt/hostedtoolcache/Python/3.11.16/x64/lib/pkgconfig
test (3.11)	Run pip install -e ".[test]"	2026-08-28T18:05:41.5632113Z   Python_ROOT_DIR: /opt/hostedtoolcache/Python/3.11.16/x64
test (3.11)	Run pip install -e ".[test]"	2026-08-28T18:05:41.5633798Z   Python2_ROOT_DIR: /opt/hostedtoolcache/Python/3.11.16/x64
test (3.11)	Run pip install -e ".[test]"	2026-08-28T18:05:41.5635514Z   Python3_ROOT_DIR: /opt/hostedtoolcache/Python/3.11.16/x64
test (3.11)	Run pip install -e ".[test]"	2026-08-28T18:05:41.5637235Z   LD_LIBRARY_PATH: /opt/hostedtoolcache/Python/3.11.16/x64/lib
test (3.11)	Run pip install -e ".[test]"	2026-08-28T18:05:41.5638731Z ##[endgroup]
test (3.11)	Run pip install -e ".[test]"	2026-08-28T18:05:42.2454789Z Obtaining file:///home/runner/work/vac-protocol/vac-protocol
test (3.11)	Run pip install -e ".[test]"	2026-08-28T18:05:42.2471736Z   Installing build dependencies: started
test (3.11)	Run pip install -e ".[test]"	2026-08-28T18:05:42.9410368Z   Installing build dependencies: finished with status 'done'
test (3.11)	Run pip install -e ".[test]"	2026-08-28T18:05:42.9417322Z   Checking if build backend supports build_editable: started
test (3.11)	Run pip install -e ".[test]"	2026-08-28T18:05:43.2848755Z   Checking if build backend supports build_editable: finished with status 'done'
test (3.11)	Run pip install -e ".[test]"	2026-08-28T18:05:43.2856436Z   Getting requirements to build editable: started
test (3.11)	Run pip install -e ".[test]"	2026-08-28T18:05:43.5996695Z   Getting requirements to build editable: finished with status 'done'
test (3.11)	Run pip install -e ".[test]"	2026-08-28T18:05:43.6005023Z   Preparing editable metadata (pyproject.toml): started
test (3.11)	Run pip install -e ".[test]"	2026-08-28T18:05:43.7743911Z   Preparing editable metadata (pyproject.toml): finished with status 'done'
test (3.11)	Run pip install -e ".[test]"	2026-08-28T18:05:43.8600240Z Collecting pytest (from vac-protocol==0.1.0)
test (3.11)	Run pip install -e ".[test]"	2026-08-28T18:05:43.9046264Z   Downloading pytest-9.1.1-py3-none-any.whl.metadata (7.6 kB)
test (3.11)	Run pip install -e ".[test]"	2026-08-28T18:05:43.9166878Z Collecting iniconfig>=1.0.1 (from pytest->vac-protocol==0.1.0)
test (3.11)	Run pip install -e ".[test]"	2026-08-28T18:05:43.9207000Z   Downloading iniconfig-2.3.0-py3-none-any.whl.metadata (2.5 kB)
test (3.11)	Run pip install -e ".[test]"	2026-08-28T18:05:43.9341201Z Collecting packaging>=22 (from pytest->vac-protocol==0.1.0)
test (3.11)	Run pip install -e ".[test]"	2026-08-28T18:05:43.9387004Z   Downloading packaging-26.3-py3-none-any.whl.metadata (3.5 kB)
test (3.11)	Run pip install -e ".[test]"	2026-08-28T18:05:43.9547241Z Collecting pluggy<2,>=1.5 (from pytest->vac-protocol==0.1.0)
test (3.11)	Run pip install -e ".[test]"	2026-08-28T18:05:43.9596674Z   Downloading pluggy-1.6.0-py3-none-any.whl.metadata (4.8 kB)
test (3.11)	Run pip install -e ".[test]"	2026-08-28T18:05:43.9789076Z Collecting pygments>=2.7.2 (from pytest->vac-protocol==0.1.0)
test (3.11)	Run pip install -e ".[test]"	2026-08-28T18:05:43.9826824Z   Downloading pygments-2.21.0-py3-none-any.whl.metadata (2.5 kB)
test (3.11)	Run pip install -e ".[test]"	2026-08-28T18:05:43.9908090Z Downloading pytest-9.1.1-py3-none-any.whl (386 kB)
test (3.11)	Run pip install -e ".[test]"	2026-08-28T18:05:44.0108905Z Downloading pluggy-1.6.0-py3-none-any.whl (20 kB)
test (3.11)	Run pip install -e ".[test]"	2026-08-28T18:05:44.0161331Z Downloading iniconfig-2.3.0-py3-none-any.whl (7.5 kB)
test (3.11)	Run pip install -e ".[test]"	2026-08-28T18:05:44.0214349Z Downloading packaging-26.3-py3-none-any.whl (129 kB)
test (3.11)	Run pip install -e ".[test]"	2026-08-28T18:05:44.0278155Z Downloading pygments-2.21.0-py3-none-any.whl (1.3 MB)
test (3.11)	Run pip install -e ".[test]"	2026-08-28T18:05:44.0390056Z    ━━━━━━━━━━━━━━━━━━━━━━━━━━━━━━━━━━━━━━━━ 1.3/1.3 MB 159.4 MB/s  0:00:00
test (3.11)	Run pip install -e ".[test]"	2026-08-28T18:05:44.0639222Z Building wheels for collected packages: vac-protocol
test (3.11)	Run pip install -e ".[test]"	2026-08-28T18:05:44.0646209Z   Building editable for vac-protocol (pyproject.toml): started
test (3.11)	Run pip install -e ".[test]"	2026-08-28T18:05:44.2618674Z   Building editable for vac-protocol (pyproject.toml): finished with status 'done'
test (3.11)	Run pip install -e ".[test]"	2026-08-28T18:05:44.2624169Z   Created wheel for vac-protocol: filename=vac_protocol-0.1.0-0.editable-py3-none-any.whl size=8850 sha256=c4ee3c2bc4993e68465d572ef2d3fe5067eb3947c71c4a719c1f4f2035a41fe0
test (3.11)	Run pip install -e ".[test]"	2026-08-28T18:05:44.2626024Z   Stored in directory: /tmp/pip-ephem-wheel-cache-p9u093ic/wheels/c2/b6/47/ad3fc2a6b8a0cd36ac358c99afd0e641db30df633f424b77c4
test (3.11)	Run pip install -e ".[test]"	2026-08-28T18:05:44.2644159Z Successfully built vac-protocol
test (3.11)	Run pip install -e ".[test]"	2026-08-28T18:05:44.2843467Z Installing collected packages: vac-protocol, pygments, pluggy, packaging, iniconfig, pytest
test (3.11)	Run pip install -e ".[test]"	2026-08-28T18:05:45.3064748Z 
test (3.11)	Run pip install -e ".[test]"	2026-08-28T18:05:45.3075279Z Successfully installed iniconfig-2.3.0 packaging-26.3 pluggy-1.6.0 pygments-2.21.0 pytest-9.1.1 vac-protocol-0.1.0
test (3.11)	Run python -m pytest tests/ -q	﻿2026-08-28T18:05:45.3959707Z ##[group]Run python -m pytest tests/ -q
test (3.11)	Run python -m pytest tests/ -q	2026-08-28T18:05:45.3960100Z ^[[36;1mpython -m pytest tests/ -q^[[0m
test (3.11)	Run python -m pytest tests/ -q	2026-08-28T18:05:45.4003331Z shell: /usr/bin/bash -e {0}
test (3.11)	Run python -m pytest tests/ -q	2026-08-28T18:05:45.4003600Z env:
test (3.11)	Run python -m pytest tests/ -q	2026-08-28T18:05:45.4003882Z   pythonLocation: /opt/hostedtoolcache/Python/3.11.16/x64
test (3.11)	Run python -m pytest tests/ -q	2026-08-28T18:05:45.4004329Z   PKG_CONFIG_PATH: /opt/hostedtoolcache/Python/3.11.16/x64/lib/pkgconfig
test (3.11)	Run python -m pytest tests/ -q	2026-08-28T18:05:45.4004757Z   Python_ROOT_DIR: /opt/hostedtoolcache/Python/3.11.16/x64
test (3.11)	Run python -m pytest tests/ -q	2026-08-28T18:05:45.4005142Z   Python2_ROOT_DIR: /opt/hostedtoolcache/Python/3.11.16/x64
test (3.11)	Run python -m pytest tests/ -q	2026-08-28T18:05:45.4005518Z   Python3_ROOT_DIR: /opt/hostedtoolcache/Python/3.11.16/x64
test (3.11)	Run python -m pytest tests/ -q	2026-08-28T18:05:45.4005901Z   LD_LIBRARY_PATH: /opt/hostedtoolcache/Python/3.11.16/x64/lib
test (3.11)	Run python -m pytest tests/ -q	2026-08-28T18:05:45.4006223Z ##[endgroup]
test (3.11)	Run python -m pytest tests/ -q	2026-08-28T18:05:46.9828680Z ......................xxx.s...s..x...................................... [ 22%]
test (3.11)	Run python -m pytest tests/ -q	2026-08-28T18:05:47.2374095Z ........................................................................ [ 45%]
test (3.11)	Run python -m pytest tests/ -q	2026-08-28T18:05:48.2670686Z ........................................................................ [ 67%]
test (3.11)	Run python -m pytest tests/ -q	2026-08-28T18:05:48.6643917Z ..............s.ss.....ssssssssss....................................... [ 90%]
test (3.11)	Run python -m pytest tests/ -q	2026-08-28T18:05:48.9490611Z ..............................                                           [100%]
test (3.11)	Run python -m pytest tests/ -q	2026-08-28T18:05:48.9491111Z 299 passed, 15 skipped, 4 xfailed in 3.10s
test (3.11)	Post Run actions/setup-python@v5	﻿2026-08-28T18:05:48.9864548Z Node 20 is being deprecated. This workflow is running with Node 24 by default. If you need to temporarily use Node 20, you can set the ACTIONS_ALLOW_USE_UNSECURE_NODE_VERSION=true environment variable. For more information see: https://github.blog/changelog/2025-09-19-deprecation-of-node-20-on-github-actions-runners/
test (3.11)	Post Run actions/setup-python@v5	2026-08-28T18:05:48.9865740Z Post job cleanup.
test (3.11)	Post Run actions/setup-python@v5	2026-08-28T18:05:49.1051384Z (node:2785) [DEP0040] DeprecationWarning: The `punycode` module is deprecated. Please use a userland alternative instead.
test (3.11)	Post Run actions/setup-python@v5	2026-08-28T18:05:49.1052735Z (Use `node --trace-deprecation ...` to show where the warning was created)
test (3.11)	Post Run actions/checkout@v4	﻿2026-08-28T18:05:49.1244883Z Node 20 is being deprecated. This workflow is running with Node 24 by default. If you need to temporarily use Node 20, you can set the ACTIONS_ALLOW_USE_UNSECURE_NODE_VERSION=true environment variable. For more information see: https://github.blog/changelog/2025-09-19-deprecation-of-node-20-on-github-actions-runners/
test (3.11)	Post Run actions/checkout@v4	2026-08-28T18:05:49.1246073Z Post job cleanup.
test (3.11)	Post Run actions/checkout@v4	2026-08-28T18:05:49.2140807Z [command]/usr/bin/git version
test (3.11)	Post Run actions/checkout@v4	2026-08-28T18:05:49.2184901Z git version 2.55.0
test (3.11)	Post Run actions/checkout@v4	2026-08-28T18:05:49.2255361Z Temporarily overriding HOME='/home/runner/work/_temp/9c925830-4a38-4828-aeb3-405c00549005' before making global git config changes
test (3.11)	Post Run actions/checkout@v4	2026-08-28T18:05:49.2256784Z Adding repository directory to the temporary git global config as a safe directory
test (3.11)	Post Run actions/checkout@v4	2026-08-28T18:05:49.2262441Z [command]/usr/bin/git config --global --add safe.directory /home/runner/work/vac-protocol/vac-protocol
test (3.11)	Post Run actions/checkout@v4	2026-08-28T18:05:49.2305093Z [command]/usr/bin/git config --local --name-only --get-regexp core\.sshCommand
test (3.11)	Post Run actions/checkout@v4	2026-08-28T18:05:49.2346986Z [command]/usr/bin/git submodule foreach --recursive sh -c "git config --local --name-only --get-regexp 'core\.sshCommand' && git config --local --unset-all 'core.sshCommand' || :"
test (3.11)	Post Run actions/checkout@v4	2026-08-28T18:05:49.2622702Z [command]/usr/bin/git config --local --name-only --get-regexp http\.https\:\/\/github\.com\/\.extraheader
test (3.11)	Post Run actions/checkout@v4	2026-08-28T18:05:49.2662835Z http.https://github.com/.extraheader
test (3.11)	Post Run actions/checkout@v4	2026-08-28T18:05:49.2677249Z [command]/usr/bin/git config --local --unset-all http.https://github.com/.extraheader
test (3.11)	Post Run actions/checkout@v4	2026-08-28T18:05:49.2714649Z [command]/usr/bin/git submodule foreach --recursive sh -c "git config --local --name-only --get-regexp 'http\.https\:\/\/github\.com\/\.extraheader' && git config --local --unset-all 'http.https://github.com/.extraheader' || :"
test (3.11)	Post Run actions/checkout@v4	2026-08-28T18:05:49.3004752Z [command]/usr/bin/git config --local --name-only --get-regexp ^includeIf\.gitdir:
test (3.11)	Post Run actions/checkout@v4	2026-08-28T18:05:49.3035380Z [command]/usr/bin/git submodule foreach --recursive git config --local --show-origin --name-only --get-regexp remote.origin.url
test (3.11)	Complete job	﻿2026-08-28T18:05:49.3441029Z Cleaning up orphan processes
test (3.11)	Complete job	2026-08-28T18:05:49.3736424Z ##[warning]Node.js 20 is deprecated. The following actions target Node.js 20 but are being forced to run on Node.js 24: actions/checkout@v4, actions/setup-python@v5. For more information see: https://github.blog/changelog/2025-09-19-deprecation-of-node-20-on-github-actions-runners/
test (3.12)	Set up job	﻿2026-08-28T18:05:40.2332155Z Current runner version: '2.336.0'
test (3.12)	Set up job	2026-08-28T18:05:40.2370290Z ##[group]Runner Image Provisioner
test (3.12)	Set up job	2026-08-28T18:05:40.2371357Z Hosted Compute Agent
test (3.12)	Set up job	2026-08-28T18:05:40.2371980Z Version: 20260819.586
test (3.12)	Set up job	2026-08-28T18:05:40.2372637Z Commit: 3cc4a88dfa507ef76119ad1bb3eccc6378bb2b76
test (3.12)	Set up job	2026-08-28T18:05:40.2373464Z Build Date: 2026-08-18T23:20:18Z
test (3.12)	Set up job	2026-08-28T18:05:40.2374211Z Worker ID: {094f1d3e-e45e-4ed6-b41a-85ffb81a7258}
test (3.12)	Set up job	2026-08-28T18:05:40.2374999Z Azure Region: northcentralus
test (3.12)	Set up job	2026-08-28T18:05:40.2375661Z ##[endgroup]
test (3.12)	Set up job	2026-08-28T18:05:40.2377234Z ##[group]Operating System
test (3.12)	Set up job	2026-08-28T18:05:40.2378117Z Ubuntu
test (3.12)	Set up job	2026-08-28T18:05:40.2378712Z 24.04.4
test (3.12)	Set up job	2026-08-28T18:05:40.2379750Z LTS
test (3.12)	Set up job	2026-08-28T18:05:40.2380319Z ##[endgroup]
test (3.12)	Set up job	2026-08-28T18:05:40.2380936Z ##[group]Runner Image
test (3.12)	Set up job	2026-08-28T18:05:40.2381729Z Image: ubuntu-24.04
test (3.12)	Set up job	2026-08-28T18:05:40.2382366Z Version: 20260823.283.1
test (3.12)	Set up job	2026-08-28T18:05:40.2383438Z Included Software: https://github.com/actions/runner-images/blob/ubuntu24/20260823.283/images/ubuntu/Ubuntu2404-Readme.md
test (3.12)	Set up job	2026-08-28T18:05:40.2385315Z Image Release: https://github.com/actions/runner-images/releases/tag/ubuntu24%2F20260823.283
test (3.12)	Set up job	2026-08-28T18:05:40.2386373Z ##[endgroup]
test (3.12)	Set up job	2026-08-28T18:05:40.2387815Z ##[group]GITHUB_TOKEN Permissions
test (3.12)	Set up job	2026-08-28T18:05:40.2390212Z Contents: read
test (3.12)	Set up job	2026-08-28T18:05:40.2390858Z Metadata: read
test (3.12)	Set up job	2026-08-28T18:05:40.2391426Z Packages: read
test (3.12)	Set up job	2026-08-28T18:05:40.2392113Z ##[endgroup]
test (3.12)	Set up job	2026-08-28T18:05:40.2394391Z Secret source: Actions
test (3.12)	Set up job	2026-08-28T18:05:40.2395657Z Prepare workflow directory
test (3.12)	Set up job	2026-08-28T18:05:40.2753395Z Prepare all required actions
test (3.12)	Set up job	2026-08-28T18:05:40.2803668Z Getting action download info
test (3.12)	Set up job	2026-08-28T18:05:40.5387715Z Download action repository 'actions/checkout@v4' (SHA:11d5960a326750d5838078e36cf38b85af677262)
test (3.12)	Set up job	2026-08-28T18:05:40.6360186Z Download action repository 'actions/setup-python@v5' (SHA:a26af69be951a213d495a4c3e4e4022e16d87065)
test (3.12)	Set up job	2026-08-28T18:05:40.8687472Z Complete job name: test (3.12)
test (3.12)	Run actions/checkout@v4	﻿2026-08-28T18:05:40.9488757Z Node 20 is being deprecated. This workflow is running with Node 24 by default. If you need to temporarily use Node 20, you can set the ACTIONS_ALLOW_USE_UNSECURE_NODE_VERSION=true environment variable. For more information see: https://github.blog/changelog/2025-09-19-deprecation-of-node-20-on-github-actions-runners/
test (3.12)	Run actions/checkout@v4	2026-08-28T18:05:40.9498704Z ##[group]Run actions/checkout@v4
test (3.12)	Run actions/checkout@v4	2026-08-28T18:05:40.9499440Z with:
test (3.12)	Run actions/checkout@v4	2026-08-28T18:05:40.9499906Z   repository: egnaro9/vac-protocol
test (3.12)	Run actions/checkout@v4	2026-08-28T18:05:40.9504291Z   token: ***
test (3.12)	Run actions/checkout@v4	2026-08-28T18:05:40.9504754Z   ssh-strict: true
test (3.12)	Run actions/checkout@v4	2026-08-28T18:05:40.9505209Z   ssh-user: git
test (3.12)	Run actions/checkout@v4	2026-08-28T18:05:40.9505669Z   persist-credentials: true
test (3.12)	Run actions/checkout@v4	2026-08-28T18:05:40.9506168Z   clean: true
test (3.12)	Run actions/checkout@v4	2026-08-28T18:05:40.9506619Z   sparse-checkout-cone-mode: true
test (3.12)	Run actions/checkout@v4	2026-08-28T18:05:40.9507351Z   fetch-depth: 1
test (3.12)	Run actions/checkout@v4	2026-08-28T18:05:40.9507800Z   fetch-tags: false
test (3.12)	Run actions/checkout@v4	2026-08-28T18:05:40.9508259Z   show-progress: true
test (3.12)	Run actions/checkout@v4	2026-08-28T18:05:40.9508717Z   lfs: false
test (3.12)	Run actions/checkout@v4	2026-08-28T18:05:40.9509143Z   submodules: false
test (3.12)	Run actions/checkout@v4	2026-08-28T18:05:40.9509662Z   set-safe-directory: true
test (3.12)	Run actions/checkout@v4	2026-08-28T18:05:40.9510195Z   allow-unsafe-pr-checkout: false
test (3.12)	Run actions/checkout@v4	2026-08-28T18:05:40.9511036Z ##[endgroup]
test (3.12)	Run actions/checkout@v4	2026-08-28T18:05:41.0566785Z Syncing repository: egnaro9/vac-protocol
test (3.12)	Run actions/checkout@v4	2026-08-28T18:05:41.0569757Z ##[group]Getting Git version info
test (3.12)	Run actions/checkout@v4	2026-08-28T18:05:41.0570955Z Working directory is '/home/runner/work/vac-protocol/vac-protocol'
test (3.12)	Run actions/checkout@v4	2026-08-28T18:05:41.0572672Z [command]/usr/bin/git version
test (3.12)	Run actions/checkout@v4	2026-08-28T18:05:41.0609770Z git version 2.55.0
test (3.12)	Run actions/checkout@v4	2026-08-28T18:05:41.0639430Z ##[endgroup]
test (3.12)	Run actions/checkout@v4	2026-08-28T18:05:41.0647966Z Temporarily overriding HOME='/home/runner/work/_temp/1db0c4ff-07ba-4e57-b901-03237704f6ae' before making global git config changes
test (3.12)	Run actions/checkout@v4	2026-08-28T18:05:41.0650185Z Adding repository directory to the temporary git global config as a safe directory
test (3.12)	Run actions/checkout@v4	2026-08-28T18:05:41.0652986Z [command]/usr/bin/git config --global --add safe.directory /home/runner/work/vac-protocol/vac-protocol
test (3.12)	Run actions/checkout@v4	2026-08-28T18:05:41.0713494Z Deleting the contents of '/home/runner/work/vac-protocol/vac-protocol'
test (3.12)	Run actions/checkout@v4	2026-08-28T18:05:41.0718616Z ##[group]Initializing the repository
test (3.12)	Run actions/checkout@v4	2026-08-28T18:05:41.0724381Z [command]/usr/bin/git init /home/runner/work/vac-protocol/vac-protocol
test (3.12)	Run actions/checkout@v4	2026-08-28T18:05:41.0840040Z hint: Using 'master' as the name for the initial branch. This default branch name
test (3.12)	Run actions/checkout@v4	2026-08-28T18:05:41.0842061Z hint: will change to "main" in Git 3.0. To configure the initial branch name
test (3.12)	Run actions/checkout@v4	2026-08-28T18:05:41.0843890Z hint: to use in all of your new repositories, which will suppress this warning,
test (3.12)	Run actions/checkout@v4	2026-08-28T18:05:41.0846007Z hint: call:
test (3.12)	Run actions/checkout@v4	2026-08-28T18:05:41.0846925Z hint:
test (3.12)	Run actions/checkout@v4	2026-08-28T18:05:41.0848252Z hint: 	git config --global init.defaultBranch <name>
test (3.12)	Run actions/checkout@v4	2026-08-28T18:05:41.0849531Z hint:
test (3.12)	Run actions/checkout@v4	2026-08-28T18:05:41.0850656Z hint: Names commonly chosen instead of 'master' are 'main', 'trunk' and
test (3.12)	Run actions/checkout@v4	2026-08-28T18:05:41.0852325Z hint: 'development'. The just-created branch can be renamed via this command:
test (3.12)	Run actions/checkout@v4	2026-08-28T18:05:41.0853784Z hint:
test (3.12)	Run actions/checkout@v4	2026-08-28T18:05:41.0854733Z hint: 	git branch -m <name>
test (3.12)	Run actions/checkout@v4	2026-08-28T18:05:41.0855764Z hint:
test (3.12)	Run actions/checkout@v4	2026-08-28T18:05:41.0857516Z hint: Disable this message with "git config set advice.defaultBranchName false"
test (3.12)	Run actions/checkout@v4	2026-08-28T18:05:41.0859871Z Initialized empty Git repository in /home/runner/work/vac-protocol/vac-protocol/.git/
test (3.12)	Run actions/checkout@v4	2026-08-28T18:05:41.0863333Z [command]/usr/bin/git remote add origin https://github.com/egnaro9/vac-protocol
test (3.12)	Run actions/checkout@v4	2026-08-28T18:05:41.0949970Z ##[endgroup]
test (3.12)	Run actions/checkout@v4	2026-08-28T18:05:41.0951255Z ##[group]Disabling automatic garbage collection
test (3.12)	Run actions/checkout@v4	2026-08-28T18:05:41.0954897Z [command]/usr/bin/git config --local gc.auto 0
test (3.12)	Run actions/checkout@v4	2026-08-28T18:05:41.1003760Z ##[endgroup]
test (3.12)	Run actions/checkout@v4	2026-08-28T18:05:41.1005027Z ##[group]Setting up auth
test (3.12)	Run actions/checkout@v4	2026-08-28T18:05:41.1013986Z [command]/usr/bin/git config --local --name-only --get-regexp core\.sshCommand
test (3.12)	Run actions/checkout@v4	2026-08-28T18:05:41.1061811Z [command]/usr/bin/git submodule foreach --recursive sh -c "git config --local --name-only --get-regexp 'core\.sshCommand' && git config --local --unset-all 'core.sshCommand' || :"
test (3.12)	Run actions/checkout@v4	2026-08-28T18:05:41.1454863Z [command]/usr/bin/git config --local --name-only --get-regexp http\.https\:\/\/github\.com\/\.extraheader
test (3.12)	Run actions/checkout@v4	2026-08-28T18:05:41.1497779Z [command]/usr/bin/git submodule foreach --recursive sh -c "git config --local --name-only --get-regexp 'http\.https\:\/\/github\.com\/\.extraheader' && git config --local --unset-all 'http.https://github.com/.extraheader' || :"
test (3.12)	Run actions/checkout@v4	2026-08-28T18:05:41.1746710Z [command]/usr/bin/git config --local --name-only --get-regexp ^includeIf\.gitdir:
test (3.12)	Run actions/checkout@v4	2026-08-28T18:05:41.1788488Z [command]/usr/bin/git submodule foreach --recursive git config --local --show-origin --name-only --get-regexp remote.origin.url
test (3.12)	Run actions/checkout@v4	2026-08-28T18:05:41.2053014Z [command]/usr/bin/git config --local http.https://github.com/.extraheader AUTHORIZATION: basic ***
test (3.12)	Run actions/checkout@v4	2026-08-28T18:05:41.2095820Z ##[endgroup]
test (3.12)	Run actions/checkout@v4	2026-08-28T18:05:41.2096663Z ##[group]Fetching the repository
test (3.12)	Run actions/checkout@v4	2026-08-28T18:05:41.2106991Z [command]/usr/bin/git -c protocol.version=2 fetch --no-tags --prune --no-recurse-submodules --depth=1 origin +08f995bd493a170cec01c153a5d9482317caaa0c:refs/remotes/origin/spec/v0.2-scope-binding
test (3.12)	Run actions/checkout@v4	2026-08-28T18:05:41.6653333Z From https://github.com/egnaro9/vac-protocol
test (3.12)	Run actions/checkout@v4	2026-08-28T18:05:41.6655594Z  * [new ref]         08f995bd493a170cec01c153a5d9482317caaa0c -> origin/spec/v0.2-scope-binding
test (3.12)	Run actions/checkout@v4	2026-08-28T18:05:41.6659922Z ##[endgroup]
test (3.12)	Run actions/checkout@v4	2026-08-28T18:05:41.6661523Z ##[group]Determining the checkout info
test (3.12)	Run actions/checkout@v4	2026-08-28T18:05:41.6663216Z ##[endgroup]
test (3.12)	Run actions/checkout@v4	2026-08-28T18:05:41.6669127Z [command]/usr/bin/git sparse-checkout disable
test (3.12)	Run actions/checkout@v4	2026-08-28T18:05:41.6728553Z [command]/usr/bin/git config --local --unset-all extensions.worktreeConfig
test (3.12)	Run actions/checkout@v4	2026-08-28T18:05:41.6767988Z ##[group]Checking out the ref
test (3.12)	Run actions/checkout@v4	2026-08-28T18:05:41.6783830Z [command]/usr/bin/git checkout --progress --force -B spec/v0.2-scope-binding refs/remotes/origin/spec/v0.2-scope-binding
test (3.12)	Run actions/checkout@v4	2026-08-28T18:05:41.7083404Z Switched to a new branch 'spec/v0.2-scope-binding'
test (3.12)	Run actions/checkout@v4	2026-08-28T18:05:41.7087905Z branch 'spec/v0.2-scope-binding' set up to track 'origin/spec/v0.2-scope-binding'.
test (3.12)	Run actions/checkout@v4	2026-08-28T18:05:41.7095152Z ##[endgroup]
test (3.12)	Run actions/checkout@v4	2026-08-28T18:05:41.7145907Z [command]/usr/bin/git log -1 --format=%H
test (3.12)	Run actions/checkout@v4	2026-08-28T18:05:41.7177936Z 08f995bd493a170cec01c153a5d9482317caaa0c
test (3.12)	Run actions/setup-python@v5	﻿2026-08-28T18:05:41.7569532Z Node 20 is being deprecated. This workflow is running with Node 24 by default. If you need to temporarily use Node 20, you can set the ACTIONS_ALLOW_USE_UNSECURE_NODE_VERSION=true environment variable. For more information see: https://github.blog/changelog/2025-09-19-deprecation-of-node-20-on-github-actions-runners/
test (3.12)	Run actions/setup-python@v5	2026-08-28T18:05:41.7575318Z ##[group]Run actions/setup-python@v5
test (3.12)	Run actions/setup-python@v5	2026-08-28T18:05:41.7576573Z with:
test (3.12)	Run actions/setup-python@v5	2026-08-28T18:05:41.7577884Z   python-version: 3.12
test (3.12)	Run actions/setup-python@v5	2026-08-28T18:05:41.7578981Z   check-latest: false
test (3.12)	Run actions/setup-python@v5	2026-08-28T18:05:41.7588633Z   token: ***
test (3.12)	Run actions/setup-python@v5	2026-08-28T18:05:41.7589670Z   update-environment: true
test (3.12)	Run actions/setup-python@v5	2026-08-28T18:05:41.7590865Z   allow-prereleases: false
test (3.12)	Run actions/setup-python@v5	2026-08-28T18:05:41.7592016Z   freethreaded: false
test (3.12)	Run actions/setup-python@v5	2026-08-28T18:05:41.7593072Z ##[endgroup]
test (3.12)	Run actions/setup-python@v5	2026-08-28T18:05:41.8940801Z ##[group]Installed versions
test (3.12)	Run actions/setup-python@v5	2026-08-28T18:05:41.9056234Z (node:2242) [DEP0040] DeprecationWarning: The `punycode` module is deprecated. Please use a userland alternative instead.
test (3.12)	Run actions/setup-python@v5	2026-08-28T18:05:41.9059585Z (Use `node --trace-deprecation ...` to show where the warning was created)
test (3.12)	Run actions/setup-python@v5	2026-08-28T18:05:41.9061412Z Successfully set up CPython (3.12.14)
test (3.12)	Run actions/setup-python@v5	2026-08-28T18:05:41.9063432Z ##[endgroup]
test (3.12)	Run pip install -e ".[test]"	﻿2026-08-28T18:05:41.9319005Z ##[group]Run pip install -e ".[test]"
test (3.12)	Run pip install -e ".[test]"	2026-08-28T18:05:41.9320972Z ^[[36;1mpip install -e ".[test]"^[[0m
test (3.12)	Run pip install -e ".[test]"	2026-08-28T18:05:41.9538499Z shell: /usr/bin/bash -e {0}
test (3.12)	Run pip install -e ".[test]"	2026-08-28T18:05:41.9539651Z env:
test (3.12)	Run pip install -e ".[test]"	2026-08-28T18:05:41.9540751Z   pythonLocation: /opt/hostedtoolcache/Python/3.12.14/x64
test (3.12)	Run pip install -e ".[test]"	2026-08-28T18:05:41.9542585Z   PKG_CONFIG_PATH: /opt/hostedtoolcache/Python/3.12.14/x64/lib/pkgconfig
test (3.12)	Run pip install -e ".[test]"	2026-08-28T18:05:41.9544396Z   Python_ROOT_DIR: /opt/hostedtoolcache/Python/3.12.14/x64
test (3.12)	Run pip install -e ".[test]"	2026-08-28T18:05:41.9546028Z   Python2_ROOT_DIR: /opt/hostedtoolcache/Python/3.12.14/x64
test (3.12)	Run pip install -e ".[test]"	2026-08-28T18:05:41.9547804Z   Python3_ROOT_DIR: /opt/hostedtoolcache/Python/3.12.14/x64
test (3.12)	Run pip install -e ".[test]"	2026-08-28T18:05:41.9549465Z   LD_LIBRARY_PATH: /opt/hostedtoolcache/Python/3.12.14/x64/lib
test (3.12)	Run pip install -e ".[test]"	2026-08-28T18:05:41.9550953Z ##[endgroup]
test (3.12)	Run pip install -e ".[test]"	2026-08-28T18:05:44.6956761Z Obtaining file:///home/runner/work/vac-protocol/vac-protocol
test (3.12)	Run pip install -e ".[test]"	2026-08-28T18:05:44.6973560Z   Installing build dependencies: started
test (3.12)	Run pip install -e ".[test]"	2026-08-28T18:05:45.5742640Z   Installing build dependencies: finished with status 'done'
test (3.12)	Run pip install -e ".[test]"	2026-08-28T18:05:45.5749927Z   Checking if build backend supports build_editable: started
test (3.12)	Run pip install -e ".[test]"	2026-08-28T18:05:45.9609156Z   Checking if build backend supports build_editable: finished with status 'done'
test (3.12)	Run pip install -e ".[test]"	2026-08-28T18:05:45.9618491Z   Getting requirements to build editable: started
test (3.12)	Run pip install -e ".[test]"	2026-08-28T18:05:46.3401110Z   Getting requirements to build editable: finished with status 'done'
test (3.12)	Run pip install -e ".[test]"	2026-08-28T18:05:46.3411648Z   Preparing editable metadata (pyproject.toml): started
test (3.12)	Run pip install -e ".[test]"	2026-08-28T18:05:46.5417489Z   Preparing editable metadata (pyproject.toml): finished with status 'done'
test (3.12)	Run pip install -e ".[test]"	2026-08-28T18:05:46.6294415Z Collecting pytest (from vac-protocol==0.1.0)
test (3.12)	Run pip install -e ".[test]"	2026-08-28T18:05:46.6744326Z   Downloading pytest-9.1.1-py3-none-any.whl.metadata (7.6 kB)
test (3.12)	Run pip install -e ".[test]"	2026-08-28T18:05:46.6871322Z Collecting iniconfig>=1.0.1 (from pytest->vac-protocol==0.1.0)
test (3.12)	Run pip install -e ".[test]"	2026-08-28T18:05:46.6904875Z   Downloading iniconfig-2.3.0-py3-none-any.whl.metadata (2.5 kB)
test (3.12)	Run pip install -e ".[test]"	2026-08-28T18:05:46.7045369Z Collecting packaging>=22 (from pytest->vac-protocol==0.1.0)
test (3.12)	Run pip install -e ".[test]"	2026-08-28T18:05:46.7078045Z   Downloading packaging-26.3-py3-none-any.whl.metadata (3.5 kB)
test (3.12)	Run pip install -e ".[test]"	2026-08-28T18:05:46.7245855Z Collecting pluggy<2,>=1.5 (from pytest->vac-protocol==0.1.0)
test (3.12)	Run pip install -e ".[test]"	2026-08-28T18:05:46.7308321Z   Downloading pluggy-1.6.0-py3-none-any.whl.metadata (4.8 kB)
test (3.12)	Run pip install -e ".[test]"	2026-08-28T18:05:46.7483691Z Collecting pygments>=2.7.2 (from pytest->vac-protocol==0.1.0)
test (3.12)	Run pip install -e ".[test]"	2026-08-28T18:05:46.7517830Z   Downloading pygments-2.21.0-py3-none-any.whl.metadata (2.5 kB)
test (3.12)	Run pip install -e ".[test]"	2026-08-28T18:05:46.7600147Z Downloading pytest-9.1.1-py3-none-any.whl (386 kB)
test (3.12)	Run pip install -e ".[test]"	2026-08-28T18:05:46.7873125Z Downloading pluggy-1.6.0-py3-none-any.whl (20 kB)
test (3.12)	Run pip install -e ".[test]"	2026-08-28T18:05:46.7923633Z Downloading iniconfig-2.3.0-py3-none-any.whl (7.5 kB)
test (3.12)	Run pip install -e ".[test]"	2026-08-28T18:05:46.7989929Z Downloading packaging-26.3-py3-none-any.whl (129 kB)
test (3.12)	Run pip install -e ".[test]"	2026-08-28T18:05:46.8064936Z Downloading pygments-2.21.0-py3-none-any.whl (1.3 MB)
test (3.12)	Run pip install -e ".[test]"	2026-08-28T18:05:46.8195525Z    ━━━━━━━━━━━━━━━━━━━━━━━━━━━━━━━━━━━━━━━━ 1.3/1.3 MB 114.4 MB/s  0:00:00
test (3.12)	Run pip install -e ".[test]"	2026-08-28T18:05:46.8362989Z Building wheels for collected packages: vac-protocol
test (3.12)	Run pip install -e ".[test]"	2026-08-28T18:05:46.8371046Z   Building editable for vac-protocol (pyproject.toml): started
test (3.12)	Run pip install -e ".[test]"	2026-08-28T18:05:47.0622934Z   Building editable for vac-protocol (pyproject.toml): finished with status 'done'
test (3.12)	Run pip install -e ".[test]"	2026-08-28T18:05:47.0641232Z   Created wheel for vac-protocol: filename=vac_protocol-0.1.0-0.editable-py3-none-any.whl size=8850 sha256=9169790b9a3b1e67b0648710708bfb51ad660a9afd6a0f49720ba1776747d42f
test (3.12)	Run pip install -e ".[test]"	2026-08-28T18:05:47.0642857Z   Stored in directory: /tmp/pip-ephem-wheel-cache-d2sa9wmt/wheels/31/93/c0/4effb33ea68d4321a176d9cb097b94ea8b1be9d534ea861dec
test (3.12)	Run pip install -e ".[test]"	2026-08-28T18:05:47.0658084Z Successfully built vac-protocol
test (3.12)	Run pip install -e ".[test]"	2026-08-28T18:05:47.0858743Z Installing collected packages: vac-protocol, pygments, pluggy, packaging, iniconfig, pytest
test (3.12)	Run pip install -e ".[test]"	2026-08-28T18:05:48.2606070Z 
test (3.12)	Run pip install -e ".[test]"	2026-08-28T18:05:48.2620840Z Successfully installed iniconfig-2.3.0 packaging-26.3 pluggy-1.6.0 pygments-2.21.0 pytest-9.1.1 vac-protocol-0.1.0
test (3.12)	Run python -m pytest tests/ -q	﻿2026-08-28T18:05:48.3419807Z ##[group]Run python -m pytest tests/ -q
test (3.12)	Run python -m pytest tests/ -q	2026-08-28T18:05:48.3420204Z ^[[36;1mpython -m pytest tests/ -q^[[0m
test (3.12)	Run python -m pytest tests/ -q	2026-08-28T18:05:48.3463926Z shell: /usr/bin/bash -e {0}
test (3.12)	Run python -m pytest tests/ -q	2026-08-28T18:05:48.3464208Z env:
test (3.12)	Run python -m pytest tests/ -q	2026-08-28T18:05:48.3464491Z   pythonLocation: /opt/hostedtoolcache/Python/3.12.14/x64
test (3.12)	Run python -m pytest tests/ -q	2026-08-28T18:05:48.3464933Z   PKG_CONFIG_PATH: /opt/hostedtoolcache/Python/3.12.14/x64/lib/pkgconfig
test (3.12)	Run python -m pytest tests/ -q	2026-08-28T18:05:48.3465361Z   Python_ROOT_DIR: /opt/hostedtoolcache/Python/3.12.14/x64
test (3.12)	Run python -m pytest tests/ -q	2026-08-28T18:05:48.3465742Z   Python2_ROOT_DIR: /opt/hostedtoolcache/Python/3.12.14/x64
test (3.12)	Run python -m pytest tests/ -q	2026-08-28T18:05:48.3466120Z   Python3_ROOT_DIR: /opt/hostedtoolcache/Python/3.12.14/x64
test (3.12)	Run python -m pytest tests/ -q	2026-08-28T18:05:48.3466516Z   LD_LIBRARY_PATH: /opt/hostedtoolcache/Python/3.12.14/x64/lib
test (3.12)	Run python -m pytest tests/ -q	2026-08-28T18:05:48.3466846Z ##[endgroup]
test (3.12)	Run python -m pytest tests/ -q	2026-08-28T18:05:50.1999681Z ......................xxx.s...s..x...................................... [ 22%]
test (3.12)	Run python -m pytest tests/ -q	2026-08-28T18:05:50.5257325Z ........................................................................ [ 45%]
test (3.12)	Run python -m pytest tests/ -q	2026-08-28T18:05:51.7132206Z ........................................................................ [ 67%]
test (3.12)	Run python -m pytest tests/ -q	2026-08-28T18:05:52.2382065Z ..............s.ss.....ssssssssss....................................... [ 90%]
test (3.12)	Run python -m pytest tests/ -q	2026-08-28T18:05:52.6153128Z ..............................                                           [100%]
test (3.12)	Run python -m pytest tests/ -q	2026-08-28T18:05:52.6154205Z 299 passed, 15 skipped, 4 xfailed in 3.76s
test (3.12)	Post Run actions/setup-python@v5	﻿2026-08-28T18:05:52.6605498Z Node 20 is being deprecated. This workflow is running with Node 24 by default. If you need to temporarily use Node 20, you can set the ACTIONS_ALLOW_USE_UNSECURE_NODE_VERSION=true environment variable. For more information see: https://github.blog/changelog/2025-09-19-deprecation-of-node-20-on-github-actions-runners/
test (3.12)	Post Run actions/setup-python@v5	2026-08-28T18:05:52.6606777Z Post job cleanup.
test (3.12)	Post Run actions/setup-python@v5	2026-08-28T18:05:52.7791066Z (node:2790) [DEP0040] DeprecationWarning: The `punycode` module is deprecated. Please use a userland alternative instead.
test (3.12)	Post Run actions/setup-python@v5	2026-08-28T18:05:52.7792262Z (Use `node --trace-deprecation ...` to show where the warning was created)
test (3.12)	Post Run actions/checkout@v4	﻿2026-08-28T18:05:52.8054442Z Node 20 is being deprecated. This workflow is running with Node 24 by default. If you need to temporarily use Node 20, you can set the ACTIONS_ALLOW_USE_UNSECURE_NODE_VERSION=true environment variable. For more information see: https://github.blog/changelog/2025-09-19-deprecation-of-node-20-on-github-actions-runners/
test (3.12)	Post Run actions/checkout@v4	2026-08-28T18:05:52.8056484Z Post job cleanup.
test (3.12)	Post Run actions/checkout@v4	2026-08-28T18:05:52.8946952Z [command]/usr/bin/git version
test (3.12)	Post Run actions/checkout@v4	2026-08-28T18:05:52.8990517Z git version 2.55.0
test (3.12)	Post Run actions/checkout@v4	2026-08-28T18:05:52.9029060Z Temporarily overriding HOME='/home/runner/work/_temp/ec85ee53-d494-47f5-b65d-564103dde97c' before making global git config changes
test (3.12)	Post Run actions/checkout@v4	2026-08-28T18:05:52.9030651Z Adding repository directory to the temporary git global config as a safe directory
test (3.12)	Post Run actions/checkout@v4	2026-08-28T18:05:52.9035142Z [command]/usr/bin/git config --global --add safe.directory /home/runner/work/vac-protocol/vac-protocol
test (3.12)	Post Run actions/checkout@v4	2026-08-28T18:05:52.9074865Z [command]/usr/bin/git config --local --name-only --get-regexp core\.sshCommand
test (3.12)	Post Run actions/checkout@v4	2026-08-28T18:05:52.9112512Z [command]/usr/bin/git submodule foreach --recursive sh -c "git config --local --name-only --get-regexp 'core\.sshCommand' && git config --local --unset-all 'core.sshCommand' || :"
test (3.12)	Post Run actions/checkout@v4	2026-08-28T18:05:52.9434859Z [command]/usr/bin/git config --local --name-only --get-regexp http\.https\:\/\/github\.com\/\.extraheader
test (3.12)	Post Run actions/checkout@v4	2026-08-28T18:05:52.9470102Z http.https://github.com/.extraheader
test (3.12)	Post Run actions/checkout@v4	2026-08-28T18:05:52.9509716Z [command]/usr/bin/git config --local --unset-all http.https://github.com/.extraheader
test (3.12)	Post Run actions/checkout@v4	2026-08-28T18:05:52.9598674Z [command]/usr/bin/git submodule foreach --recursive sh -c "git config --local --name-only --get-regexp 'http\.https\:\/\/github\.com\/\.extraheader' && git config --local --unset-all 'http.https://github.com/.extraheader' || :"
test (3.12)	Post Run actions/checkout@v4	2026-08-28T18:05:52.9890390Z [command]/usr/bin/git config --local --name-only --get-regexp ^includeIf\.gitdir:
test (3.12)	Post Run actions/checkout@v4	2026-08-28T18:05:52.9935387Z [command]/usr/bin/git submodule foreach --recursive git config --local --show-origin --name-only --get-regexp remote.origin.url
test (3.12)	Complete job	﻿2026-08-28T18:05:53.0349633Z Cleaning up orphan processes
test (3.12)	Complete job	2026-08-28T18:05:53.0644048Z ##[warning]Node.js 20 is deprecated. The following actions target Node.js 20 but are being forced to run on Node.js 24: actions/checkout@v4, actions/setup-python@v5. For more information see: https://github.blog/changelog/2025-09-19-deprecation-of-node-20-on-github-actions-runners/
