invalidation-liveness	UNKNOWN STEP	﻿2026-08-31T07:38:22.4004705Z Current runner version: '2.336.0'
invalidation-liveness	UNKNOWN STEP	2026-08-31T07:38:22.4030780Z ##[group]Runner Image Provisioner
invalidation-liveness	UNKNOWN STEP	2026-08-31T07:38:22.4031764Z Hosted Compute Agent
invalidation-liveness	UNKNOWN STEP	2026-08-31T07:38:22.4032359Z Version: 20260819.586
invalidation-liveness	UNKNOWN STEP	2026-08-31T07:38:22.4032984Z Commit: 3cc4a88dfa507ef76119ad1bb3eccc6378bb2b76
invalidation-liveness	UNKNOWN STEP	2026-08-31T07:38:22.4033728Z Build Date: 2026-08-18T23:20:18Z
invalidation-liveness	UNKNOWN STEP	2026-08-31T07:38:22.4034379Z Worker ID: {2280adb7-00f6-451c-a4b2-c13b35a768cd}
invalidation-liveness	UNKNOWN STEP	2026-08-31T07:38:22.4035085Z Azure Region: westcentralus
invalidation-liveness	UNKNOWN STEP	2026-08-31T07:38:22.4035713Z ##[endgroup]
invalidation-liveness	UNKNOWN STEP	2026-08-31T07:38:22.4037315Z ##[group]Operating System
invalidation-liveness	UNKNOWN STEP	2026-08-31T07:38:22.4037960Z Ubuntu
invalidation-liveness	UNKNOWN STEP	2026-08-31T07:38:22.4038471Z 24.04.4
invalidation-liveness	UNKNOWN STEP	2026-08-31T07:38:22.4038989Z LTS
invalidation-liveness	UNKNOWN STEP	2026-08-31T07:38:22.4039525Z ##[endgroup]
invalidation-liveness	UNKNOWN STEP	2026-08-31T07:38:22.4040060Z ##[group]Runner Image
invalidation-liveness	UNKNOWN STEP	2026-08-31T07:38:22.4041051Z Image: ubuntu-24.04
invalidation-liveness	UNKNOWN STEP	2026-08-31T07:38:22.4041751Z Version: 20260823.283.1
invalidation-liveness	UNKNOWN STEP	2026-08-31T07:38:22.4043052Z Included Software: https://github.com/actions/runner-images/blob/ubuntu24/20260823.283/images/ubuntu/Ubuntu2404-Readme.md
invalidation-liveness	UNKNOWN STEP	2026-08-31T07:38:22.4044510Z Image Release: https://github.com/actions/runner-images/releases/tag/ubuntu24%2F20260823.283
invalidation-liveness	UNKNOWN STEP	2026-08-31T07:38:22.4045452Z ##[endgroup]
invalidation-liveness	UNKNOWN STEP	2026-08-31T07:38:22.4046873Z ##[group]GITHUB_TOKEN Permissions
invalidation-liveness	UNKNOWN STEP	2026-08-31T07:38:22.4048931Z Contents: read
invalidation-liveness	UNKNOWN STEP	2026-08-31T07:38:22.4049510Z Metadata: read
invalidation-liveness	UNKNOWN STEP	2026-08-31T07:38:22.4050076Z Packages: read
invalidation-liveness	UNKNOWN STEP	2026-08-31T07:38:22.4050650Z ##[endgroup]
invalidation-liveness	UNKNOWN STEP	2026-08-31T07:38:22.4053072Z Secret source: Actions
invalidation-liveness	UNKNOWN STEP	2026-08-31T07:38:22.4054293Z Prepare workflow directory
invalidation-liveness	UNKNOWN STEP	2026-08-31T07:38:22.4418972Z Prepare all required actions
invalidation-liveness	UNKNOWN STEP	2026-08-31T07:38:22.4467765Z Getting action download info
invalidation-liveness	UNKNOWN STEP	2026-08-31T07:38:22.7120715Z Download action repository 'actions/checkout@v4' (SHA:11d5960a326750d5838078e36cf38b85af677262)
invalidation-liveness	UNKNOWN STEP	2026-08-31T07:38:22.8275661Z Download action repository 'actions/setup-python@v5' (SHA:a26af69be951a213d495a4c3e4e4022e16d87065)
invalidation-liveness	UNKNOWN STEP	2026-08-31T07:38:22.9995645Z Complete job name: invalidation-liveness
invalidation-liveness	UNKNOWN STEP	2026-08-31T07:38:23.0734094Z Node 20 is being deprecated. This workflow is running with Node 24 by default. If you need to temporarily use Node 20, you can set the ACTIONS_ALLOW_USE_UNSECURE_NODE_VERSION=true environment variable. For more information see: https://github.blog/changelog/2025-09-19-deprecation-of-node-20-on-github-actions-runners/
invalidation-liveness	UNKNOWN STEP	2026-08-31T07:38:23.0742377Z ##[group]Run actions/checkout@v4
invalidation-liveness	UNKNOWN STEP	2026-08-31T07:38:23.0743174Z with:
invalidation-liveness	UNKNOWN STEP	2026-08-31T07:38:23.0743701Z   repository: egnaro9/vac-protocol
invalidation-liveness	UNKNOWN STEP	2026-08-31T07:38:23.0748238Z   token: ***
invalidation-liveness	UNKNOWN STEP	2026-08-31T07:38:23.0748851Z   ssh-strict: true
invalidation-liveness	UNKNOWN STEP	2026-08-31T07:38:23.0749364Z   ssh-user: git
invalidation-liveness	UNKNOWN STEP	2026-08-31T07:38:23.0749912Z   persist-credentials: true
invalidation-liveness	UNKNOWN STEP	2026-08-31T07:38:23.0750491Z   clean: true
invalidation-liveness	UNKNOWN STEP	2026-08-31T07:38:23.0750992Z   sparse-checkout-cone-mode: true
invalidation-liveness	UNKNOWN STEP	2026-08-31T07:38:23.0751619Z   fetch-depth: 1
invalidation-liveness	UNKNOWN STEP	2026-08-31T07:38:23.0752122Z   fetch-tags: false
invalidation-liveness	UNKNOWN STEP	2026-08-31T07:38:23.0752639Z   show-progress: true
invalidation-liveness	UNKNOWN STEP	2026-08-31T07:38:23.0753165Z   lfs: false
invalidation-liveness	UNKNOWN STEP	2026-08-31T07:38:23.0753816Z   submodules: false
invalidation-liveness	UNKNOWN STEP	2026-08-31T07:38:23.0754342Z   set-safe-directory: true
invalidation-liveness	UNKNOWN STEP	2026-08-31T07:38:23.0754930Z   allow-unsafe-pr-checkout: false
invalidation-liveness	UNKNOWN STEP	2026-08-31T07:38:23.0755773Z ##[endgroup]
invalidation-liveness	UNKNOWN STEP	2026-08-31T07:38:23.1761970Z Syncing repository: egnaro9/vac-protocol
invalidation-liveness	UNKNOWN STEP	2026-08-31T07:38:23.1763860Z ##[group]Getting Git version info
invalidation-liveness	UNKNOWN STEP	2026-08-31T07:38:23.1764649Z Working directory is '/home/runner/work/vac-protocol/vac-protocol'
invalidation-liveness	UNKNOWN STEP	2026-08-31T07:38:23.1765879Z [command]/usr/bin/git version
invalidation-liveness	UNKNOWN STEP	2026-08-31T07:38:23.1819380Z git version 2.55.0
invalidation-liveness	UNKNOWN STEP	2026-08-31T07:38:23.1839201Z ##[endgroup]
invalidation-liveness	UNKNOWN STEP	2026-08-31T07:38:23.1852629Z Temporarily overriding HOME='/home/runner/work/_temp/4d6ff37e-55de-4193-93b1-60ff2e390ab2' before making global git config changes
invalidation-liveness	UNKNOWN STEP	2026-08-31T07:38:23.1855110Z Adding repository directory to the temporary git global config as a safe directory
invalidation-liveness	UNKNOWN STEP	2026-08-31T07:38:23.1858943Z [command]/usr/bin/git config --global --add safe.directory /home/runner/work/vac-protocol/vac-protocol
invalidation-liveness	UNKNOWN STEP	2026-08-31T07:38:23.1915018Z Deleting the contents of '/home/runner/work/vac-protocol/vac-protocol'
invalidation-liveness	UNKNOWN STEP	2026-08-31T07:38:23.1921533Z ##[group]Initializing the repository
invalidation-liveness	UNKNOWN STEP	2026-08-31T07:38:23.1926010Z [command]/usr/bin/git init /home/runner/work/vac-protocol/vac-protocol
invalidation-liveness	UNKNOWN STEP	2026-08-31T07:38:23.2016751Z hint: Using 'master' as the name for the initial branch. This default branch name
invalidation-liveness	UNKNOWN STEP	2026-08-31T07:38:23.2018807Z hint: will change to "main" in Git 3.0. To configure the initial branch name
invalidation-liveness	UNKNOWN STEP	2026-08-31T07:38:23.2020635Z hint: to use in all of your new repositories, which will suppress this warning,
invalidation-liveness	UNKNOWN STEP	2026-08-31T07:38:23.2022113Z hint: call:
invalidation-liveness	UNKNOWN STEP	2026-08-31T07:38:23.2022930Z hint:
invalidation-liveness	UNKNOWN STEP	2026-08-31T07:38:23.2023874Z hint: 	git config --global init.defaultBranch <name>
invalidation-liveness	UNKNOWN STEP	2026-08-31T07:38:23.2025117Z hint:
invalidation-liveness	UNKNOWN STEP	2026-08-31T07:38:23.2026186Z hint: Names commonly chosen instead of 'master' are 'main', 'trunk' and
invalidation-liveness	UNKNOWN STEP	2026-08-31T07:38:23.2028144Z hint: 'development'. The just-created branch can be renamed via this command:
invalidation-liveness	UNKNOWN STEP	2026-08-31T07:38:23.2029518Z hint:
invalidation-liveness	UNKNOWN STEP	2026-08-31T07:38:23.2030351Z hint: 	git branch -m <name>
invalidation-liveness	UNKNOWN STEP	2026-08-31T07:38:23.2031422Z hint:
invalidation-liveness	UNKNOWN STEP	2026-08-31T07:38:23.2032524Z hint: Disable this message with "git config set advice.defaultBranchName false"
invalidation-liveness	UNKNOWN STEP	2026-08-31T07:38:23.2034242Z Initialized empty Git repository in /home/runner/work/vac-protocol/vac-protocol/.git/
invalidation-liveness	UNKNOWN STEP	2026-08-31T07:38:23.2037760Z [command]/usr/bin/git remote add origin https://github.com/egnaro9/vac-protocol
invalidation-liveness	UNKNOWN STEP	2026-08-31T07:38:23.2080022Z ##[endgroup]
invalidation-liveness	UNKNOWN STEP	2026-08-31T07:38:23.2081433Z ##[group]Disabling automatic garbage collection
invalidation-liveness	UNKNOWN STEP	2026-08-31T07:38:23.2082934Z [command]/usr/bin/git config --local gc.auto 0
invalidation-liveness	UNKNOWN STEP	2026-08-31T07:38:23.2112138Z ##[endgroup]
invalidation-liveness	UNKNOWN STEP	2026-08-31T07:38:23.2113087Z ##[group]Setting up auth
invalidation-liveness	UNKNOWN STEP	2026-08-31T07:38:23.2120064Z [command]/usr/bin/git config --local --name-only --get-regexp core\.sshCommand
invalidation-liveness	UNKNOWN STEP	2026-08-31T07:38:23.2149705Z [command]/usr/bin/git submodule foreach --recursive sh -c "git config --local --name-only --get-regexp 'core\.sshCommand' && git config --local --unset-all 'core.sshCommand' || :"
invalidation-liveness	UNKNOWN STEP	2026-08-31T07:38:23.2803201Z [command]/usr/bin/git config --local --name-only --get-regexp http\.https\:\/\/github\.com\/\.extraheader
invalidation-liveness	UNKNOWN STEP	2026-08-31T07:38:23.2833612Z [command]/usr/bin/git submodule foreach --recursive sh -c "git config --local --name-only --get-regexp 'http\.https\:\/\/github\.com\/\.extraheader' && git config --local --unset-all 'http.https://github.com/.extraheader' || :"
invalidation-liveness	UNKNOWN STEP	2026-08-31T07:38:23.3018485Z [command]/usr/bin/git config --local --name-only --get-regexp ^includeIf\.gitdir:
invalidation-liveness	UNKNOWN STEP	2026-08-31T07:38:23.3048117Z [command]/usr/bin/git submodule foreach --recursive git config --local --show-origin --name-only --get-regexp remote.origin.url
invalidation-liveness	UNKNOWN STEP	2026-08-31T07:38:23.3231788Z [command]/usr/bin/git config --local http.https://github.com/.extraheader AUTHORIZATION: basic ***
invalidation-liveness	UNKNOWN STEP	2026-08-31T07:38:23.3264945Z ##[endgroup]
invalidation-liveness	UNKNOWN STEP	2026-08-31T07:38:23.3266097Z ##[group]Fetching the repository
invalidation-liveness	UNKNOWN STEP	2026-08-31T07:38:23.3274257Z [command]/usr/bin/git -c protocol.version=2 fetch --no-tags --prune --no-recurse-submodules --depth=1 origin +6a05245337cbbcebf1e06180e798ad568848ad2e:refs/remotes/origin/main
invalidation-liveness	UNKNOWN STEP	2026-08-31T07:38:24.0846899Z From https://github.com/egnaro9/vac-protocol
invalidation-liveness	UNKNOWN STEP	2026-08-31T07:38:24.0848930Z  * [new ref]         6a05245337cbbcebf1e06180e798ad568848ad2e -> origin/main
invalidation-liveness	UNKNOWN STEP	2026-08-31T07:38:24.0870546Z ##[endgroup]
invalidation-liveness	UNKNOWN STEP	2026-08-31T07:38:24.0872184Z ##[group]Determining the checkout info
invalidation-liveness	UNKNOWN STEP	2026-08-31T07:38:24.0873907Z ##[endgroup]
invalidation-liveness	UNKNOWN STEP	2026-08-31T07:38:24.0874806Z [command]/usr/bin/git sparse-checkout disable
invalidation-liveness	UNKNOWN STEP	2026-08-31T07:38:24.0905553Z [command]/usr/bin/git config --local --unset-all extensions.worktreeConfig
invalidation-liveness	UNKNOWN STEP	2026-08-31T07:38:24.0932808Z ##[group]Checking out the ref
invalidation-liveness	UNKNOWN STEP	2026-08-31T07:38:24.0937133Z [command]/usr/bin/git checkout --progress --force -B main refs/remotes/origin/main
invalidation-liveness	UNKNOWN STEP	2026-08-31T07:38:24.1199588Z Switched to a new branch 'main'
invalidation-liveness	UNKNOWN STEP	2026-08-31T07:38:24.1398575Z branch 'main' set up to track 'origin/main'.
invalidation-liveness	UNKNOWN STEP	2026-08-31T07:38:24.1405319Z ##[endgroup]
invalidation-liveness	UNKNOWN STEP	2026-08-31T07:38:24.1443484Z [command]/usr/bin/git log -1 --format=%H
invalidation-liveness	UNKNOWN STEP	2026-08-31T07:38:24.1465946Z 6a05245337cbbcebf1e06180e798ad568848ad2e
invalidation-liveness	UNKNOWN STEP	2026-08-31T07:38:24.1840261Z Node 20 is being deprecated. This workflow is running with Node 24 by default. If you need to temporarily use Node 20, you can set the ACTIONS_ALLOW_USE_UNSECURE_NODE_VERSION=true environment variable. For more information see: https://github.blog/changelog/2025-09-19-deprecation-of-node-20-on-github-actions-runners/
invalidation-liveness	UNKNOWN STEP	2026-08-31T07:38:24.1846419Z ##[group]Run actions/setup-python@v5
invalidation-liveness	UNKNOWN STEP	2026-08-31T07:38:24.1847731Z with:
invalidation-liveness	UNKNOWN STEP	2026-08-31T07:38:24.1848672Z   python-version: 3.12
invalidation-liveness	UNKNOWN STEP	2026-08-31T07:38:24.1849757Z   check-latest: false
invalidation-liveness	UNKNOWN STEP	2026-08-31T07:38:24.1860571Z   token: ***
invalidation-liveness	UNKNOWN STEP	2026-08-31T07:38:24.1861609Z   update-environment: true
invalidation-liveness	UNKNOWN STEP	2026-08-31T07:38:24.1862821Z   allow-prereleases: false
invalidation-liveness	UNKNOWN STEP	2026-08-31T07:38:24.1863958Z   freethreaded: false
invalidation-liveness	UNKNOWN STEP	2026-08-31T07:38:24.1865024Z ##[endgroup]
invalidation-liveness	UNKNOWN STEP	2026-08-31T07:38:24.3231336Z ##[group]Installed versions
invalidation-liveness	UNKNOWN STEP	2026-08-31T07:38:24.3331166Z (node:2162) [DEP0040] DeprecationWarning: The `punycode` module is deprecated. Please use a userland alternative instead.
invalidation-liveness	UNKNOWN STEP	2026-08-31T07:38:24.3334798Z (Use `node --trace-deprecation ...` to show where the warning was created)
invalidation-liveness	UNKNOWN STEP	2026-08-31T07:38:24.3337678Z Successfully set up CPython (3.12.14)
invalidation-liveness	UNKNOWN STEP	2026-08-31T07:38:24.3341140Z ##[endgroup]
invalidation-liveness	UNKNOWN STEP	2026-08-31T07:38:24.3550637Z ##[group]Run pip install -e .
invalidation-liveness	UNKNOWN STEP	2026-08-31T07:38:24.3552523Z ^[[36;1mpip install -e .^[[0m
invalidation-liveness	UNKNOWN STEP	2026-08-31T07:38:24.3612583Z shell: /usr/bin/bash -e {0}
invalidation-liveness	UNKNOWN STEP	2026-08-31T07:38:24.3614244Z env:
invalidation-liveness	UNKNOWN STEP	2026-08-31T07:38:24.3616050Z   pythonLocation: /opt/hostedtoolcache/Python/3.12.14/x64
invalidation-liveness	UNKNOWN STEP	2026-08-31T07:38:24.3619056Z   PKG_CONFIG_PATH: /opt/hostedtoolcache/Python/3.12.14/x64/lib/pkgconfig
invalidation-liveness	UNKNOWN STEP	2026-08-31T07:38:24.3621951Z   Python_ROOT_DIR: /opt/hostedtoolcache/Python/3.12.14/x64
invalidation-liveness	UNKNOWN STEP	2026-08-31T07:38:24.3624513Z   Python2_ROOT_DIR: /opt/hostedtoolcache/Python/3.12.14/x64
invalidation-liveness	UNKNOWN STEP	2026-08-31T07:38:24.3627301Z   Python3_ROOT_DIR: /opt/hostedtoolcache/Python/3.12.14/x64
invalidation-liveness	UNKNOWN STEP	2026-08-31T07:38:24.3629959Z   LD_LIBRARY_PATH: /opt/hostedtoolcache/Python/3.12.14/x64/lib
invalidation-liveness	UNKNOWN STEP	2026-08-31T07:38:24.3632123Z ##[endgroup]
invalidation-liveness	UNKNOWN STEP	2026-08-31T07:38:26.2775877Z Obtaining file:///home/runner/work/vac-protocol/vac-protocol
invalidation-liveness	UNKNOWN STEP	2026-08-31T07:38:26.2792231Z   Installing build dependencies: started
invalidation-liveness	UNKNOWN STEP	2026-08-31T07:38:27.2414321Z   Installing build dependencies: finished with status 'done'
invalidation-liveness	UNKNOWN STEP	2026-08-31T07:38:27.2420176Z   Checking if build backend supports build_editable: started
invalidation-liveness	UNKNOWN STEP	2026-08-31T07:38:27.5625830Z   Checking if build backend supports build_editable: finished with status 'done'
invalidation-liveness	UNKNOWN STEP	2026-08-31T07:38:27.5633151Z   Getting requirements to build editable: started
invalidation-liveness	UNKNOWN STEP	2026-08-31T07:38:27.8752384Z   Getting requirements to build editable: finished with status 'done'
invalidation-liveness	UNKNOWN STEP	2026-08-31T07:38:27.8760874Z   Preparing editable metadata (pyproject.toml): started
invalidation-liveness	UNKNOWN STEP	2026-08-31T07:38:28.0571643Z   Preparing editable metadata (pyproject.toml): finished with status 'done'
invalidation-liveness	UNKNOWN STEP	2026-08-31T07:38:28.0607057Z Building wheels for collected packages: vac-protocol
invalidation-liveness	UNKNOWN STEP	2026-08-31T07:38:28.0613299Z   Building editable for vac-protocol (pyproject.toml): started
invalidation-liveness	UNKNOWN STEP	2026-08-31T07:38:28.2784790Z   Building editable for vac-protocol (pyproject.toml): finished with status 'done'
invalidation-liveness	UNKNOWN STEP	2026-08-31T07:38:28.2791885Z   Created wheel for vac-protocol: filename=vac_protocol-0.1.0-0.editable-py3-none-any.whl size=8850 sha256=f1a346c390280bb5c8bfd0ce7258a72c88c873c1c1df777e810ba44f58a27810
invalidation-liveness	UNKNOWN STEP	2026-08-31T07:38:28.2793994Z   Stored in directory: /tmp/pip-ephem-wheel-cache-9pgmiymd/wheels/31/93/c0/4effb33ea68d4321a176d9cb097b94ea8b1be9d534ea861dec
invalidation-liveness	UNKNOWN STEP	2026-08-31T07:38:28.2820247Z Successfully built vac-protocol
invalidation-liveness	UNKNOWN STEP	2026-08-31T07:38:28.2949296Z Installing collected packages: vac-protocol
invalidation-liveness	UNKNOWN STEP	2026-08-31T07:38:28.3058839Z Successfully installed vac-protocol-0.1.0
invalidation-liveness	UNKNOWN STEP	2026-08-31T07:38:28.3654879Z ##[group]Run python -m vac.verify fixtures/valid
invalidation-liveness	UNKNOWN STEP	2026-08-31T07:38:28.3655426Z ^[[36;1mpython -m vac.verify fixtures/valid^[[0m
invalidation-liveness	UNKNOWN STEP	2026-08-31T07:38:28.3683150Z shell: /usr/bin/bash -e {0}
invalidation-liveness	UNKNOWN STEP	2026-08-31T07:38:28.3683669Z env:
invalidation-liveness	UNKNOWN STEP	2026-08-31T07:38:28.3684053Z   pythonLocation: /opt/hostedtoolcache/Python/3.12.14/x64
invalidation-liveness	UNKNOWN STEP	2026-08-31T07:38:28.3684599Z   PKG_CONFIG_PATH: /opt/hostedtoolcache/Python/3.12.14/x64/lib/pkgconfig
invalidation-liveness	UNKNOWN STEP	2026-08-31T07:38:28.3685137Z   Python_ROOT_DIR: /opt/hostedtoolcache/Python/3.12.14/x64
invalidation-liveness	UNKNOWN STEP	2026-08-31T07:38:28.3685811Z   Python2_ROOT_DIR: /opt/hostedtoolcache/Python/3.12.14/x64
invalidation-liveness	UNKNOWN STEP	2026-08-31T07:38:28.3686468Z   Python3_ROOT_DIR: /opt/hostedtoolcache/Python/3.12.14/x64
invalidation-liveness	UNKNOWN STEP	2026-08-31T07:38:28.3687021Z   LD_LIBRARY_PATH: /opt/hostedtoolcache/Python/3.12.14/x64/lib
invalidation-liveness	UNKNOWN STEP	2026-08-31T07:38:28.3687424Z ##[endgroup]
invalidation-liveness	UNKNOWN STEP	2026-08-31T07:38:28.4311354Z structural verification: PASS (valid)
invalidation-liveness	UNKNOWN STEP	2026-08-31T07:38:28.4312424Z   proved offline: manifest schema, artifact presence + sha256, bundle closure,
invalidation-liveness	UNKNOWN STEP	2026-08-31T07:38:28.4313517Z   stated limitations, stamp agreement, declared results recomputed from artifacts.
invalidation-liveness	UNKNOWN STEP	2026-08-31T07:38:28.4314462Z semantic replay: NOT run by this tool. A structural PASS means the bundle is
invalidation-liveness	UNKNOWN STEP	2026-08-31T07:38:28.4315313Z   internally honest, not that the issuer's grader agrees. To re-earn the
invalidation-liveness	UNKNOWN STEP	2026-08-31T07:38:28.4316187Z   verdicts, run the bundle's replay block at the pinned issuer_commit:
invalidation-liveness	UNKNOWN STEP	2026-08-31T07:38:28.4317074Z     $ git clone https://github.com/example/toy-issuer issuer
invalidation-liveness	UNKNOWN STEP	2026-08-31T07:38:28.4317736Z     $ git -C issuer checkout f1e2d3c
invalidation-liveness	UNKNOWN STEP	2026-08-31T07:38:28.4318677Z     $ python -m pip install -e ./issuer
invalidation-liveness	UNKNOWN STEP	2026-08-31T07:38:28.4319116Z     $ python -m toy_issuer.regrade evidence/bundle.json
invalidation-liveness	UNKNOWN STEP	2026-08-31T07:38:28.4319606Z     $ python issuer/audit/run_audit.py --check evidence/results.json
invalidation-liveness	UNKNOWN STEP	2026-08-31T07:38:28.4320127Z     $ python -m toy_issuer.mutrun --check evidence/evalmut_run.json
invalidation-liveness	UNKNOWN STEP	2026-08-31T07:38:28.4320660Z     $ python -m toy_issuer.crashrun --check evidence/eval_run.json
invalidation-liveness	UNKNOWN STEP	2026-08-31T07:38:28.4321201Z     $ python -m toy_issuer.driftboard --check evidence/standings.json
invalidation-liveness	UNKNOWN STEP	2026-08-31T07:38:28.4322352Z     expected: regrade exits 0 reporting 'consistent'; audit, mutrun, crashrun, and driftboard reproduce results.json, evalmut_run.json, eval_run.json, and the drift board artifacts byte-identically at the stamped commit (mutrun exits 1 by design: the toy suite has holes)
invalidation-liveness	UNKNOWN STEP	2026-08-31T07:38:28.4407561Z ##[group]Run set -e
invalidation-liveness	UNKNOWN STEP	2026-08-31T07:38:28.4407986Z ^[[36;1mset -e^[[0m
invalidation-liveness	UNKNOWN STEP	2026-08-31T07:38:28.4408346Z ^[[36;1mfor d in fixtures/tamper-*; do^[[0m
invalidation-liveness	UNKNOWN STEP	2026-08-31T07:38:28.4408741Z ^[[36;1m  if python -m vac.verify "$d"; then^[[0m
invalidation-liveness	UNKNOWN STEP	2026-08-31T07:38:28.4409267Z ^[[36;1m    echo "LIVENESS FAILURE: $d verified clean — the gate cannot block"^[[0m
invalidation-liveness	UNKNOWN STEP	2026-08-31T07:38:28.4409800Z ^[[36;1m    exit 1^[[0m
invalidation-liveness	UNKNOWN STEP	2026-08-31T07:38:28.4410093Z ^[[36;1m  fi^[[0m
invalidation-liveness	UNKNOWN STEP	2026-08-31T07:38:28.4410387Z ^[[36;1mdone^[[0m
invalidation-liveness	UNKNOWN STEP	2026-08-31T07:38:28.4437298Z shell: /usr/bin/bash -e {0}
invalidation-liveness	UNKNOWN STEP	2026-08-31T07:38:28.4437691Z env:
invalidation-liveness	UNKNOWN STEP	2026-08-31T07:38:28.4438082Z   pythonLocation: /opt/hostedtoolcache/Python/3.12.14/x64
invalidation-liveness	UNKNOWN STEP	2026-08-31T07:38:28.4438642Z   PKG_CONFIG_PATH: /opt/hostedtoolcache/Python/3.12.14/x64/lib/pkgconfig
invalidation-liveness	UNKNOWN STEP	2026-08-31T07:38:28.4439161Z   Python_ROOT_DIR: /opt/hostedtoolcache/Python/3.12.14/x64
invalidation-liveness	UNKNOWN STEP	2026-08-31T07:38:28.4439706Z   Python2_ROOT_DIR: /opt/hostedtoolcache/Python/3.12.14/x64
invalidation-liveness	UNKNOWN STEP	2026-08-31T07:38:28.4440255Z   Python3_ROOT_DIR: /opt/hostedtoolcache/Python/3.12.14/x64
invalidation-liveness	UNKNOWN STEP	2026-08-31T07:38:28.4440762Z   LD_LIBRARY_PATH: /opt/hostedtoolcache/Python/3.12.14/x64/lib
invalidation-liveness	UNKNOWN STEP	2026-08-31T07:38:28.4441200Z ##[endgroup]
invalidation-liveness	UNKNOWN STEP	2026-08-31T07:38:28.4839165Z FAIL evidence-unchecked: evidence/bundle.json: listed in evidence but read by no check
invalidation-liveness	UNKNOWN STEP	2026-08-31T07:38:28.4840654Z structural verification: FAIL — 1 named reason(s) (tamper-check-deleted)
invalidation-liveness	UNKNOWN STEP	2026-08-31T07:38:28.4841350Z   proved offline: manifest schema, artifact presence + sha256, bundle closure,
invalidation-liveness	UNKNOWN STEP	2026-08-31T07:38:28.4842015Z   stated limitations, stamp agreement, declared results recomputed from artifacts.
invalidation-liveness	UNKNOWN STEP	2026-08-31T07:38:28.4842609Z semantic replay: NOT run by this tool. A structural PASS means the bundle is
invalidation-liveness	UNKNOWN STEP	2026-08-31T07:38:28.4843177Z   internally honest, not that the issuer's grader agrees. To re-earn the
invalidation-liveness	UNKNOWN STEP	2026-08-31T07:38:28.4843734Z   verdicts, run the bundle's replay block at the pinned issuer_commit:
invalidation-liveness	UNKNOWN STEP	2026-08-31T07:38:28.4844337Z     $ git clone https://github.com/example/toy-issuer issuer
invalidation-liveness	UNKNOWN STEP	2026-08-31T07:38:28.4844835Z     $ git -C issuer checkout f1e2d3c
invalidation-liveness	UNKNOWN STEP	2026-08-31T07:38:28.4845213Z     $ python -m pip install -e ./issuer
invalidation-liveness	UNKNOWN STEP	2026-08-31T07:38:28.4845941Z     $ python -m toy_issuer.regrade evidence/bundle.json
invalidation-liveness	UNKNOWN STEP	2026-08-31T07:38:28.4846656Z     $ python issuer/audit/run_audit.py --check evidence/results.json
invalidation-liveness	UNKNOWN STEP	2026-08-31T07:38:28.4847230Z     $ python -m toy_issuer.mutrun --check evidence/evalmut_run.json
invalidation-liveness	UNKNOWN STEP	2026-08-31T07:38:28.4847760Z     $ python -m toy_issuer.crashrun --check evidence/eval_run.json
invalidation-liveness	UNKNOWN STEP	2026-08-31T07:38:28.4848258Z     $ python -m toy_issuer.driftboard --check evidence/standings.json
invalidation-liveness	UNKNOWN STEP	2026-08-31T07:38:28.4849402Z     expected: regrade exits 0 reporting 'consistent'; audit, mutrun, crashrun, and driftboard reproduce results.json, evalmut_run.json, eval_run.json, and the drift board artifacts byte-identically at the stamped commit (mutrun exits 1 by design: the toy suite has holes)
invalidation-liveness	UNKNOWN STEP	2026-08-31T07:38:28.5237494Z FAIL raw-aggregate-mismatch: evidence/eval_run.json: case 2 flagged flag contradicts its own passed/truncated pair
invalidation-liveness	UNKNOWN STEP	2026-08-31T07:38:28.5238932Z FAIL raw-aggregate-mismatch: evidence/eval_run.json: metrics.faithfulness declared 0.5, recomputed 0.75
invalidation-liveness	UNKNOWN STEP	2026-08-31T07:38:28.5240308Z FAIL raw-aggregate-mismatch: evidence/eval_run.json: metrics.precision@k declared 0.5, recomputed 0.75
invalidation-liveness	UNKNOWN STEP	2026-08-31T07:38:28.5241487Z FAIL raw-aggregate-mismatch: evidence/eval_run.json: metrics.recall@k declared 0.5, recomputed 0.75
invalidation-liveness	UNKNOWN STEP	2026-08-31T07:38:28.5242632Z FAIL raw-aggregate-mismatch: evidence/eval_run.json: metrics.citation_rate declared 0.5, recomputed 0.75
invalidation-liveness	UNKNOWN STEP	2026-08-31T07:38:28.5243874Z FAIL raw-aggregate-mismatch: evidence/eval_run.json: metrics.vulnerability_score declared 0.4545, recomputed 0.0909
invalidation-liveness	UNKNOWN STEP	2026-08-31T07:38:28.5245167Z FAIL raw-aggregate-mismatch: evidence/eval_run.json: per_kind['prompt-injection'] declared 0.5, recomputed 1.0
invalidation-liveness	UNKNOWN STEP	2026-08-31T07:38:28.5246234Z FAIL summary-mismatch: accuracy: declared 0.5, recomputed 0.75
invalidation-liveness	UNKNOWN STEP	2026-08-31T07:38:28.5247565Z FAIL summary-mismatch: vulnerability_score: declared 0.4545, recomputed 0.0909
invalidation-liveness	UNKNOWN STEP	2026-08-31T07:38:28.5249191Z FAIL summary-outruns-checks: summary.crash_vulnerability: declares 0.4545, no check recomputes it
invalidation-liveness	UNKNOWN STEP	2026-08-31T07:38:28.5250799Z structural verification: FAIL — 10 named reason(s) (tamper-crashkit-case)
invalidation-liveness	UNKNOWN STEP	2026-08-31T07:38:28.5251706Z   proved offline: manifest schema, artifact presence + sha256, bundle closure,
invalidation-liveness	UNKNOWN STEP	2026-08-31T07:38:28.5252674Z   stated limitations, stamp agreement, declared results recomputed from artifacts.
invalidation-liveness	UNKNOWN STEP	2026-08-31T07:38:28.5253573Z semantic replay: NOT run by this tool. A structural PASS means the bundle is
invalidation-liveness	UNKNOWN STEP	2026-08-31T07:38:28.5254396Z   internally honest, not that the issuer's grader agrees. To re-earn the
invalidation-liveness	UNKNOWN STEP	2026-08-31T07:38:28.5255378Z   verdicts, run the bundle's replay block at the pinned issuer_commit:
invalidation-liveness	UNKNOWN STEP	2026-08-31T07:38:28.5256229Z     $ git clone https://github.com/example/toy-issuer issuer
invalidation-liveness	UNKNOWN STEP	2026-08-31T07:38:28.5257278Z     $ git -C issuer checkout f1e2d3c
invalidation-liveness	UNKNOWN STEP	2026-08-31T07:38:28.5258122Z     $ python -m pip install -e ./issuer
invalidation-liveness	UNKNOWN STEP	2026-08-31T07:38:28.5258788Z     $ python -m toy_issuer.regrade evidence/bundle.json
invalidation-liveness	UNKNOWN STEP	2026-08-31T07:38:28.5259639Z     $ python issuer/audit/run_audit.py --check evidence/results.json
invalidation-liveness	UNKNOWN STEP	2026-08-31T07:38:28.5260468Z     $ python -m toy_issuer.mutrun --check evidence/evalmut_run.json
invalidation-liveness	UNKNOWN STEP	2026-08-31T07:38:28.5261242Z     $ python -m toy_issuer.crashrun --check evidence/eval_run.json
invalidation-liveness	UNKNOWN STEP	2026-08-31T07:38:28.5261986Z     $ python -m toy_issuer.driftboard --check evidence/standings.json
invalidation-liveness	UNKNOWN STEP	2026-08-31T07:38:28.5263823Z     expected: regrade exits 0 reporting 'consistent'; audit, mutrun, crashrun, and driftboard reproduce results.json, evalmut_run.json, eval_run.json, and the drift board artifacts byte-identically at the stamped commit (mutrun exits 1 by design: the toy suite has holes)
invalidation-liveness	UNKNOWN STEP	2026-08-31T07:38:28.5635881Z FAIL raw-aggregate-mismatch: evidence/eval_run.json: metrics.vulnerability_score declared 0.0909, recomputed 0.4545
invalidation-liveness	UNKNOWN STEP	2026-08-31T07:38:28.5637734Z structural verification: FAIL — 1 named reason(s) (tamper-crashkit-metrics)
invalidation-liveness	UNKNOWN STEP	2026-08-31T07:38:28.5638792Z   proved offline: manifest schema, artifact presence + sha256, bundle closure,
invalidation-liveness	UNKNOWN STEP	2026-08-31T07:38:28.5639819Z   stated limitations, stamp agreement, declared results recomputed from artifacts.
invalidation-liveness	UNKNOWN STEP	2026-08-31T07:38:28.5641047Z semantic replay: NOT run by this tool. A structural PASS means the bundle is
invalidation-liveness	UNKNOWN STEP	2026-08-31T07:38:28.5642038Z   internally honest, not that the issuer's grader agrees. To re-earn the
invalidation-liveness	UNKNOWN STEP	2026-08-31T07:38:28.5642860Z   verdicts, run the bundle's replay block at the pinned issuer_commit:
invalidation-liveness	UNKNOWN STEP	2026-08-31T07:38:28.5643777Z     $ git clone https://github.com/example/toy-issuer issuer
invalidation-liveness	UNKNOWN STEP	2026-08-31T07:38:28.5644520Z     $ git -C issuer checkout f1e2d3c
invalidation-liveness	UNKNOWN STEP	2026-08-31T07:38:28.5645121Z     $ python -m pip install -e ./issuer
invalidation-liveness	UNKNOWN STEP	2026-08-31T07:38:28.5645883Z     $ python -m toy_issuer.regrade evidence/bundle.json
invalidation-liveness	UNKNOWN STEP	2026-08-31T07:38:28.5646874Z     $ python issuer/audit/run_audit.py --check evidence/results.json
invalidation-liveness	UNKNOWN STEP	2026-08-31T07:38:28.5647686Z     $ python -m toy_issuer.mutrun --check evidence/evalmut_run.json
invalidation-liveness	UNKNOWN STEP	2026-08-31T07:38:28.5648573Z     $ python -m toy_issuer.crashrun --check evidence/eval_run.json
invalidation-liveness	UNKNOWN STEP	2026-08-31T07:38:28.5649321Z     $ python -m toy_issuer.driftboard --check evidence/standings.json
invalidation-liveness	UNKNOWN STEP	2026-08-31T07:38:28.5651224Z     expected: regrade exits 0 reporting 'consistent'; audit, mutrun, crashrun, and driftboard reproduce results.json, evalmut_run.json, eval_run.json, and the drift board artifacts byte-identically at the stamped commit (mutrun exits 1 by design: the toy suite has holes)
invalidation-liveness	UNKNOWN STEP	2026-08-31T07:38:28.6030537Z FAIL artifact-unparsable: evidence/eval_run.json: severity 'Critical', 'Med' outside the profile's frozen table (none/low/med/high/critical)
invalidation-liveness	UNKNOWN STEP	2026-08-31T07:38:28.6032303Z structural verification: FAIL — 1 named reason(s) (tamper-crashkit-severity)
invalidation-liveness	UNKNOWN STEP	2026-08-31T07:38:28.6033209Z   proved offline: manifest schema, artifact presence + sha256, bundle closure,
invalidation-liveness	UNKNOWN STEP	2026-08-31T07:38:28.6034071Z   stated limitations, stamp agreement, declared results recomputed from artifacts.
invalidation-liveness	UNKNOWN STEP	2026-08-31T07:38:28.6035518Z semantic replay: NOT run by this tool. A structural PASS means the bundle is
invalidation-liveness	UNKNOWN STEP	2026-08-31T07:38:28.6036556Z   internally honest, not that the issuer's grader agrees. To re-earn the
invalidation-liveness	UNKNOWN STEP	2026-08-31T07:38:28.6037506Z   verdicts, run the bundle's replay block at the pinned issuer_commit:
invalidation-liveness	UNKNOWN STEP	2026-08-31T07:38:28.6038606Z     $ git clone https://github.com/example/toy-issuer issuer
invalidation-liveness	UNKNOWN STEP	2026-08-31T07:38:28.6039285Z     $ git -C issuer checkout f1e2d3c
invalidation-liveness	UNKNOWN STEP	2026-08-31T07:38:28.6040039Z     $ python -m pip install -e ./issuer
invalidation-liveness	UNKNOWN STEP	2026-08-31T07:38:28.6040705Z     $ python -m toy_issuer.regrade evidence/bundle.json
invalidation-liveness	UNKNOWN STEP	2026-08-31T07:38:28.6041535Z     $ python issuer/audit/run_audit.py --check evidence/results.json
invalidation-liveness	UNKNOWN STEP	2026-08-31T07:38:28.6042371Z     $ python -m toy_issuer.mutrun --check evidence/evalmut_run.json
invalidation-liveness	UNKNOWN STEP	2026-08-31T07:38:28.6043241Z     $ python -m toy_issuer.crashrun --check evidence/eval_run.json
invalidation-liveness	UNKNOWN STEP	2026-08-31T07:38:28.6044073Z     $ python -m toy_issuer.driftboard --check evidence/standings.json
invalidation-liveness	UNKNOWN STEP	2026-08-31T07:38:28.6045866Z     expected: regrade exits 0 reporting 'consistent'; audit, mutrun, crashrun, and driftboard reproduce results.json, evalmut_run.json, eval_run.json, and the drift board artifacts byte-identically at the stamped commit (mutrun exits 1 by design: the toy suite has holes)
invalidation-liveness	UNKNOWN STEP	2026-08-31T07:38:28.6393657Z FAIL draft-incomplete: claim.capability is an unauthored TODO
invalidation-liveness	UNKNOWN STEP	2026-08-31T07:38:28.6394564Z FAIL draft-incomplete: claim.limitations[0] is an unauthored TODO
invalidation-liveness	UNKNOWN STEP	2026-08-31T07:38:28.6395477Z FAIL draft-incomplete: claim.scope is an unauthored TODO
invalidation-liveness	UNKNOWN STEP	2026-08-31T07:38:28.6397086Z FAIL draft-incomplete: protocol.control_policy is an unauthored TODO
invalidation-liveness	UNKNOWN STEP	2026-08-31T07:38:28.6397887Z FAIL draft-incomplete: protocol.grading is an unauthored TODO
invalidation-liveness	UNKNOWN STEP	2026-08-31T07:38:28.6398708Z FAIL draft-incomplete: protocol.hashes.TODO is an unauthored TODO
invalidation-liveness	UNKNOWN STEP	2026-08-31T07:38:28.6399532Z FAIL draft-incomplete: protocol.task is an unauthored TODO
invalidation-liveness	UNKNOWN STEP	2026-08-31T07:38:28.6400279Z FAIL draft-incomplete: replay.commands[2] is an unauthored TODO
invalidation-liveness	UNKNOWN STEP	2026-08-31T07:38:28.6401093Z FAIL draft-incomplete: replay.commands[3] is an unauthored TODO
invalidation-liveness	UNKNOWN STEP	2026-08-31T07:38:28.6401823Z FAIL draft-incomplete: replay.expected is an unauthored TODO
invalidation-liveness	UNKNOWN STEP	2026-08-31T07:38:28.6403086Z FAIL draft-incomplete: results.checks[0].TODO is an unauthored TODO
invalidation-liveness	UNKNOWN STEP	2026-08-31T07:38:28.6404144Z FAIL draft-incomplete: results.checks[0].profile is an unauthored TODO
invalidation-liveness	UNKNOWN STEP	2026-08-31T07:38:28.6405059Z FAIL draft-incomplete: results.summary.TODO is an unauthored TODO
invalidation-liveness	UNKNOWN STEP	2026-08-31T07:38:28.6405915Z FAIL draft-incomplete: subject.id is an unauthored TODO
invalidation-liveness	UNKNOWN STEP	2026-08-31T07:38:28.6406857Z FAIL draft-incomplete: subject.kind is an unauthored TODO
invalidation-liveness	UNKNOWN STEP	2026-08-31T07:38:28.6407602Z FAIL draft-incomplete: subject.version.TODO is an unauthored TODO
invalidation-liveness	UNKNOWN STEP	2026-08-31T07:38:28.6408868Z structural verification: FAIL — 16 named reason(s) (tamper-draft-incomplete)
invalidation-liveness	UNKNOWN STEP	2026-08-31T07:38:28.6409777Z   proved offline: manifest schema, artifact presence + sha256, bundle closure,
invalidation-liveness	UNKNOWN STEP	2026-08-31T07:38:28.6410814Z   stated limitations, stamp agreement, declared results recomputed from artifacts.
invalidation-liveness	UNKNOWN STEP	2026-08-31T07:38:28.6411798Z semantic replay: NOT run by this tool. A structural PASS means the bundle is
invalidation-liveness	UNKNOWN STEP	2026-08-31T07:38:28.6412830Z   internally honest, not that the issuer's grader agrees. To re-earn the
invalidation-liveness	UNKNOWN STEP	2026-08-31T07:38:28.6413925Z   verdicts, run the bundle's replay block at the pinned issuer_commit:
invalidation-liveness	UNKNOWN STEP	2026-08-31T07:38:28.6414726Z     $ git clone https://github.com/example/toy-issuer issuer
invalidation-liveness	UNKNOWN STEP	2026-08-31T07:38:28.6415425Z     $ git -C issuer checkout f1e2d3c
invalidation-liveness	UNKNOWN STEP	2026-08-31T07:38:28.6416311Z     $ TODO(replay.commands): install, then run the issuer's deterministic regrader/audit over this bundle's artifacts
invalidation-liveness	UNKNOWN STEP	2026-08-31T07:38:28.6417920Z     $ TODO(replay.commands): byte-compare the regraded output against the committed artifacts; nonzero on any difference
invalidation-liveness	UNKNOWN STEP	2026-08-31T07:38:28.6419340Z     expected: TODO(replay.expected): the exact outcome — exit code and report text
invalidation-liveness	UNKNOWN STEP	2026-08-31T07:38:28.6785712Z FAIL empty-limitations
invalidation-liveness	UNKNOWN STEP	2026-08-31T07:38:28.6787210Z structural verification: FAIL — 1 named reason(s) (tamper-empty-limitations)
invalidation-liveness	UNKNOWN STEP	2026-08-31T07:38:28.6788724Z   proved offline: manifest schema, artifact presence + sha256, bundle closure,
invalidation-liveness	UNKNOWN STEP	2026-08-31T07:38:28.6789710Z   stated limitations, stamp agreement, declared results recomputed from artifacts.
invalidation-liveness	UNKNOWN STEP	2026-08-31T07:38:28.6790830Z semantic replay: NOT run by this tool. A structural PASS means the bundle is
invalidation-liveness	UNKNOWN STEP	2026-08-31T07:38:28.6791688Z   internally honest, not that the issuer's grader agrees. To re-earn the
invalidation-liveness	UNKNOWN STEP	2026-08-31T07:38:28.6792577Z   verdicts, run the bundle's replay block at the pinned issuer_commit:
invalidation-liveness	UNKNOWN STEP	2026-08-31T07:38:28.6793435Z     $ git clone https://github.com/example/toy-issuer issuer
invalidation-liveness	UNKNOWN STEP	2026-08-31T07:38:28.6794090Z     $ git -C issuer checkout f1e2d3c
invalidation-liveness	UNKNOWN STEP	2026-08-31T07:38:28.6794770Z     $ python -m pip install -e ./issuer
invalidation-liveness	UNKNOWN STEP	2026-08-31T07:38:28.6795479Z     $ python -m toy_issuer.regrade evidence/bundle.json
invalidation-liveness	UNKNOWN STEP	2026-08-31T07:38:28.6796312Z     $ python issuer/audit/run_audit.py --check evidence/results.json
invalidation-liveness	UNKNOWN STEP	2026-08-31T07:38:28.6797491Z     $ python -m toy_issuer.mutrun --check evidence/evalmut_run.json
invalidation-liveness	UNKNOWN STEP	2026-08-31T07:38:28.6798455Z     $ python -m toy_issuer.crashrun --check evidence/eval_run.json
invalidation-liveness	UNKNOWN STEP	2026-08-31T07:38:28.6799470Z     $ python -m toy_issuer.driftboard --check evidence/standings.json
invalidation-liveness	UNKNOWN STEP	2026-08-31T07:38:28.6801572Z     expected: regrade exits 0 reporting 'consistent'; audit, mutrun, crashrun, and driftboard reproduce results.json, evalmut_run.json, eval_run.json, and the drift board artifacts byte-identically at the stamped commit (mutrun exits 1 by design: the toy suite has holes)
invalidation-liveness	UNKNOWN STEP	2026-08-31T07:38:28.7171940Z FAIL artifact-unparsable: evidence/evalmut_run.json: applied == 0, so this run has no score. A payload that applied no mutation has measured nothing; it does not score 1.0 by default
invalidation-liveness	UNKNOWN STEP	2026-08-31T07:38:28.7173765Z structural verification: FAIL — 1 named reason(s) (tamper-evalmut-all-error)
invalidation-liveness	UNKNOWN STEP	2026-08-31T07:38:28.7174716Z   proved offline: manifest schema, artifact presence + sha256, bundle closure,
invalidation-liveness	UNKNOWN STEP	2026-08-31T07:38:28.7175659Z   stated limitations, stamp agreement, declared results recomputed from artifacts.
invalidation-liveness	UNKNOWN STEP	2026-08-31T07:38:28.7176885Z semantic replay: NOT run by this tool. A structural PASS means the bundle is
invalidation-liveness	UNKNOWN STEP	2026-08-31T07:38:28.7178067Z   internally honest, not that the issuer's grader agrees. To re-earn the
invalidation-liveness	UNKNOWN STEP	2026-08-31T07:38:28.7179011Z   verdicts, run the bundle's replay block at the pinned issuer_commit:
invalidation-liveness	UNKNOWN STEP	2026-08-31T07:38:28.7179853Z     $ git clone https://github.com/example/toy-issuer issuer
invalidation-liveness	UNKNOWN STEP	2026-08-31T07:38:28.7180547Z     $ git -C issuer checkout f1e2d3c
invalidation-liveness	UNKNOWN STEP	2026-08-31T07:38:28.7181220Z     $ python -m pip install -e ./issuer
invalidation-liveness	UNKNOWN STEP	2026-08-31T07:38:28.7181924Z     $ python -m toy_issuer.regrade evidence/bundle.json
invalidation-liveness	UNKNOWN STEP	2026-08-31T07:38:28.7182801Z     $ python issuer/audit/run_audit.py --check evidence/results.json
invalidation-liveness	UNKNOWN STEP	2026-08-31T07:38:28.7183725Z     $ python -m toy_issuer.mutrun --check evidence/evalmut_run.json
invalidation-liveness	UNKNOWN STEP	2026-08-31T07:38:28.7184530Z     $ python -m toy_issuer.crashrun --check evidence/eval_run.json
invalidation-liveness	UNKNOWN STEP	2026-08-31T07:38:28.7185444Z     $ python -m toy_issuer.driftboard --check evidence/standings.json
invalidation-liveness	UNKNOWN STEP	2026-08-31T07:38:28.7187533Z     expected: regrade exits 0 reporting 'consistent'; audit, mutrun, crashrun, and driftboard reproduce results.json, evalmut_run.json, eval_run.json, and the drift board artifacts byte-identically at the stamped commit (mutrun exits 1 by design: the toy suite has holes)
invalidation-liveness	UNKNOWN STEP	2026-08-31T07:38:28.7573132Z FAIL artifact-unparsable: evidence/evalmut_run.json: applied == 0, so this run has no score. A payload that applied no mutation has measured nothing; it does not score 1.0 by default
invalidation-liveness	UNKNOWN STEP	2026-08-31T07:38:28.7575138Z structural verification: FAIL — 1 named reason(s) (tamper-evalmut-empty-rows)
invalidation-liveness	UNKNOWN STEP	2026-08-31T07:38:28.7576086Z   proved offline: manifest schema, artifact presence + sha256, bundle closure,
invalidation-liveness	UNKNOWN STEP	2026-08-31T07:38:28.7577357Z   stated limitations, stamp agreement, declared results recomputed from artifacts.
invalidation-liveness	UNKNOWN STEP	2026-08-31T07:38:28.7578301Z semantic replay: NOT run by this tool. A structural PASS means the bundle is
invalidation-liveness	UNKNOWN STEP	2026-08-31T07:38:28.7579144Z   internally honest, not that the issuer's grader agrees. To re-earn the
invalidation-liveness	UNKNOWN STEP	2026-08-31T07:38:28.7580361Z   verdicts, run the bundle's replay block at the pinned issuer_commit:
invalidation-liveness	UNKNOWN STEP	2026-08-31T07:38:28.7581218Z     $ git clone https://github.com/example/toy-issuer issuer
invalidation-liveness	UNKNOWN STEP	2026-08-31T07:38:28.7582006Z     $ git -C issuer checkout f1e2d3c
invalidation-liveness	UNKNOWN STEP	2026-08-31T07:38:28.7582683Z     $ python -m pip install -e ./issuer
invalidation-liveness	UNKNOWN STEP	2026-08-31T07:38:28.7583346Z     $ python -m toy_issuer.regrade evidence/bundle.json
invalidation-liveness	UNKNOWN STEP	2026-08-31T07:38:28.7584211Z     $ python issuer/audit/run_audit.py --check evidence/results.json
invalidation-liveness	UNKNOWN STEP	2026-08-31T07:38:28.7585026Z     $ python -m toy_issuer.mutrun --check evidence/evalmut_run.json
invalidation-liveness	UNKNOWN STEP	2026-08-31T07:38:28.7585872Z     $ python -m toy_issuer.crashrun --check evidence/eval_run.json
invalidation-liveness	UNKNOWN STEP	2026-08-31T07:38:28.7586864Z     $ python -m toy_issuer.driftboard --check evidence/standings.json
invalidation-liveness	UNKNOWN STEP	2026-08-31T07:38:28.7588733Z     expected: regrade exits 0 reporting 'consistent'; audit, mutrun, crashrun, and driftboard reproduce results.json, evalmut_run.json, eval_run.json, and the drift board artifacts byte-identically at the stamped commit (mutrun exits 1 by design: the toy suite has holes)
invalidation-liveness	UNKNOWN STEP	2026-08-31T07:38:28.7964422Z FAIL raw-aggregate-mismatch: evidence/evalmut_run.json: tally.caught declared 4, recomputed 5
invalidation-liveness	UNKNOWN STEP	2026-08-31T07:38:28.7965617Z FAIL raw-aggregate-mismatch: evidence/evalmut_run.json: tally.missed declared 2, recomputed 1
invalidation-liveness	UNKNOWN STEP	2026-08-31T07:38:28.7967146Z FAIL raw-aggregate-mismatch: evidence/evalmut_run.json: score declared 0.5714285714285714, recomputed 0.7142857142857143
invalidation-liveness	UNKNOWN STEP	2026-08-31T07:38:28.7968439Z FAIL raw-aggregate-mismatch: evidence/evalmut_run.json: holes.blind does not recompute from the rows (declared 1, recomputed 0)
invalidation-liveness	UNKNOWN STEP	2026-08-31T07:38:28.7969562Z FAIL summary-mismatch: blind: declared 1, recomputed 0
invalidation-liveness	UNKNOWN STEP	2026-08-31T07:38:28.7970313Z FAIL summary-mismatch: caught: declared 4, recomputed 5
invalidation-liveness	UNKNOWN STEP	2026-08-31T07:38:28.7970989Z FAIL summary-mismatch: missed: declared 2, recomputed 1
invalidation-liveness	UNKNOWN STEP	2026-08-31T07:38:28.7971755Z FAIL summary-mismatch: score_3: declared 0.571, recomputed 0.714
invalidation-liveness	UNKNOWN STEP	2026-08-31T07:38:28.7972697Z FAIL summary-outruns-checks: summary.mutation_score_3: declares 0.571, no check recomputes it
invalidation-liveness	UNKNOWN STEP	2026-08-31T07:38:28.7974113Z structural verification: FAIL — 9 named reason(s) (tamper-evalmut-rows)
invalidation-liveness	UNKNOWN STEP	2026-08-31T07:38:28.7975599Z   proved offline: manifest schema, artifact presence + sha256, bundle closure,
invalidation-liveness	UNKNOWN STEP	2026-08-31T07:38:28.7976779Z   stated limitations, stamp agreement, declared results recomputed from artifacts.
invalidation-liveness	UNKNOWN STEP	2026-08-31T07:38:28.7977938Z semantic replay: NOT run by this tool. A structural PASS means the bundle is
invalidation-liveness	UNKNOWN STEP	2026-08-31T07:38:28.7978785Z   internally honest, not that the issuer's grader agrees. To re-earn the
invalidation-liveness	UNKNOWN STEP	2026-08-31T07:38:28.7979651Z   verdicts, run the bundle's replay block at the pinned issuer_commit:
invalidation-liveness	UNKNOWN STEP	2026-08-31T07:38:28.7980580Z     $ git clone https://github.com/example/toy-issuer issuer
invalidation-liveness	UNKNOWN STEP	2026-08-31T07:38:28.7981215Z     $ git -C issuer checkout f1e2d3c
invalidation-liveness	UNKNOWN STEP	2026-08-31T07:38:28.7981798Z     $ python -m pip install -e ./issuer
invalidation-liveness	UNKNOWN STEP	2026-08-31T07:38:28.7982428Z     $ python -m toy_issuer.regrade evidence/bundle.json
invalidation-liveness	UNKNOWN STEP	2026-08-31T07:38:28.7983237Z     $ python issuer/audit/run_audit.py --check evidence/results.json
invalidation-liveness	UNKNOWN STEP	2026-08-31T07:38:28.7984157Z     $ python -m toy_issuer.mutrun --check evidence/evalmut_run.json
invalidation-liveness	UNKNOWN STEP	2026-08-31T07:38:28.7985041Z     $ python -m toy_issuer.crashrun --check evidence/eval_run.json
invalidation-liveness	UNKNOWN STEP	2026-08-31T07:38:28.7985892Z     $ python -m toy_issuer.driftboard --check evidence/standings.json
invalidation-liveness	UNKNOWN STEP	2026-08-31T07:38:28.7987937Z     expected: regrade exits 0 reporting 'consistent'; audit, mutrun, crashrun, and driftboard reproduce results.json, evalmut_run.json, eval_run.json, and the drift board artifacts byte-identically at the stamped commit (mutrun exits 1 by design: the toy suite has holes)
invalidation-liveness	UNKNOWN STEP	2026-08-31T07:38:28.8360079Z FAIL raw-aggregate-mismatch: evidence/evalmut_run.json: tally.caught declared 5, recomputed 4
invalidation-liveness	UNKNOWN STEP	2026-08-31T07:38:28.8362283Z structural verification: FAIL — 1 named reason(s) (tamper-evalmut-summary)
invalidation-liveness	UNKNOWN STEP	2026-08-31T07:38:28.8363291Z   proved offline: manifest schema, artifact presence + sha256, bundle closure,
invalidation-liveness	UNKNOWN STEP	2026-08-31T07:38:28.8364550Z   stated limitations, stamp agreement, declared results recomputed from artifacts.
invalidation-liveness	UNKNOWN STEP	2026-08-31T07:38:28.8365498Z semantic replay: NOT run by this tool. A structural PASS means the bundle is
invalidation-liveness	UNKNOWN STEP	2026-08-31T07:38:28.8366728Z   internally honest, not that the issuer's grader agrees. To re-earn the
invalidation-liveness	UNKNOWN STEP	2026-08-31T07:38:28.8367585Z   verdicts, run the bundle's replay block at the pinned issuer_commit:
invalidation-liveness	UNKNOWN STEP	2026-08-31T07:38:28.8368364Z     $ git clone https://github.com/example/toy-issuer issuer
invalidation-liveness	UNKNOWN STEP	2026-08-31T07:38:28.8369268Z     $ git -C issuer checkout f1e2d3c
invalidation-liveness	UNKNOWN STEP	2026-08-31T07:38:28.8369861Z     $ python -m pip install -e ./issuer
invalidation-liveness	UNKNOWN STEP	2026-08-31T07:38:28.8370611Z     $ python -m toy_issuer.regrade evidence/bundle.json
invalidation-liveness	UNKNOWN STEP	2026-08-31T07:38:28.8371409Z     $ python issuer/audit/run_audit.py --check evidence/results.json
invalidation-liveness	UNKNOWN STEP	2026-08-31T07:38:28.8372241Z     $ python -m toy_issuer.mutrun --check evidence/evalmut_run.json
invalidation-liveness	UNKNOWN STEP	2026-08-31T07:38:28.8373081Z     $ python -m toy_issuer.crashrun --check evidence/eval_run.json
invalidation-liveness	UNKNOWN STEP	2026-08-31T07:38:28.8373854Z     $ python -m toy_issuer.driftboard --check evidence/standings.json
invalidation-liveness	UNKNOWN STEP	2026-08-31T07:38:28.8375785Z     expected: regrade exits 0 reporting 'consistent'; audit, mutrun, crashrun, and driftboard reproduce results.json, evalmut_run.json, eval_run.json, and the drift board artifacts byte-identically at the stamped commit (mutrun exits 1 by design: the toy suite has holes)
invalidation-liveness	UNKNOWN STEP	2026-08-31T07:38:28.8748180Z FAIL missing-artifact: evidence/bundle.json
invalidation-liveness	UNKNOWN STEP	2026-08-31T07:38:28.8749623Z structural verification: FAIL — 1 named reason(s) (tamper-missing-artifact)
invalidation-liveness	UNKNOWN STEP	2026-08-31T07:38:28.8750659Z   proved offline: manifest schema, artifact presence + sha256, bundle closure,
invalidation-liveness	UNKNOWN STEP	2026-08-31T07:38:28.8751640Z   stated limitations, stamp agreement, declared results recomputed from artifacts.
invalidation-liveness	UNKNOWN STEP	2026-08-31T07:38:28.8752698Z semantic replay: NOT run by this tool. A structural PASS means the bundle is
invalidation-liveness	UNKNOWN STEP	2026-08-31T07:38:28.8753680Z   internally honest, not that the issuer's grader agrees. To re-earn the
invalidation-liveness	UNKNOWN STEP	2026-08-31T07:38:28.8754664Z   verdicts, run the bundle's replay block at the pinned issuer_commit:
invalidation-liveness	UNKNOWN STEP	2026-08-31T07:38:28.8755527Z     $ git clone https://github.com/example/toy-issuer issuer
invalidation-liveness	UNKNOWN STEP	2026-08-31T07:38:28.8756749Z     $ git -C issuer checkout f1e2d3c
invalidation-liveness	UNKNOWN STEP	2026-08-31T07:38:28.8757422Z     $ python -m pip install -e ./issuer
invalidation-liveness	UNKNOWN STEP	2026-08-31T07:38:28.8758041Z     $ python -m toy_issuer.regrade evidence/bundle.json
invalidation-liveness	UNKNOWN STEP	2026-08-31T07:38:28.8758898Z     $ python issuer/audit/run_audit.py --check evidence/results.json
invalidation-liveness	UNKNOWN STEP	2026-08-31T07:38:28.8759829Z     $ python -m toy_issuer.mutrun --check evidence/evalmut_run.json
invalidation-liveness	UNKNOWN STEP	2026-08-31T07:38:28.8760750Z     $ python -m toy_issuer.crashrun --check evidence/eval_run.json
invalidation-liveness	UNKNOWN STEP	2026-08-31T07:38:28.8761510Z     $ python -m toy_issuer.driftboard --check evidence/standings.json
invalidation-liveness	UNKNOWN STEP	2026-08-31T07:38:28.8763409Z     expected: regrade exits 0 reporting 'consistent'; audit, mutrun, crashrun, and driftboard reproduce results.json, evalmut_run.json, eval_run.json, and the drift board artifacts byte-identically at the stamped commit (mutrun exits 1 by design: the toy suite has holes)
invalidation-liveness	UNKNOWN STEP	2026-08-31T07:38:28.9138623Z FAIL missing-issuer-commit
invalidation-liveness	UNKNOWN STEP	2026-08-31T07:38:28.9140032Z structural verification: FAIL — 1 named reason(s) (tamper-missing-issuer-commit)
invalidation-liveness	UNKNOWN STEP	2026-08-31T07:38:28.9140988Z   proved offline: manifest schema, artifact presence + sha256, bundle closure,
invalidation-liveness	UNKNOWN STEP	2026-08-31T07:38:28.9142030Z   stated limitations, stamp agreement, declared results recomputed from artifacts.
invalidation-liveness	UNKNOWN STEP	2026-08-31T07:38:28.9142923Z semantic replay: NOT run by this tool. A structural PASS means the bundle is
invalidation-liveness	UNKNOWN STEP	2026-08-31T07:38:28.9143830Z   internally honest, not that the issuer's grader agrees. To re-earn the
invalidation-liveness	UNKNOWN STEP	2026-08-31T07:38:28.9144733Z   verdicts, run the bundle's replay block at the pinned issuer_commit:
invalidation-liveness	UNKNOWN STEP	2026-08-31T07:38:28.9145540Z     $ git clone https://github.com/example/toy-issuer issuer
invalidation-liveness	UNKNOWN STEP	2026-08-31T07:38:28.9146203Z     $ git -C issuer checkout f1e2d3c
invalidation-liveness	UNKNOWN STEP	2026-08-31T07:38:28.9147002Z     $ python -m pip install -e ./issuer
invalidation-liveness	UNKNOWN STEP	2026-08-31T07:38:28.9147978Z     $ python -m toy_issuer.regrade evidence/bundle.json
invalidation-liveness	UNKNOWN STEP	2026-08-31T07:38:28.9148949Z     $ python issuer/audit/run_audit.py --check evidence/results.json
invalidation-liveness	UNKNOWN STEP	2026-08-31T07:38:28.9149867Z     $ python -m toy_issuer.mutrun --check evidence/evalmut_run.json
invalidation-liveness	UNKNOWN STEP	2026-08-31T07:38:28.9150742Z     $ python -m toy_issuer.crashrun --check evidence/eval_run.json
invalidation-liveness	UNKNOWN STEP	2026-08-31T07:38:28.9151524Z     $ python -m toy_issuer.driftboard --check evidence/standings.json
invalidation-liveness	UNKNOWN STEP	2026-08-31T07:38:28.9153439Z     expected: regrade exits 0 reporting 'consistent'; audit, mutrun, crashrun, and driftboard reproduce results.json, evalmut_run.json, eval_run.json, and the drift board artifacts byte-identically at the stamped commit (mutrun exits 1 by design: the toy suite has holes)
invalidation-liveness	UNKNOWN STEP	2026-08-31T07:38:28.9541703Z FAIL raw-aggregate-mismatch: evidence/standings.json: alpha:a1: acc declared 0.5, recomputed 0.75
invalidation-liveness	UNKNOWN STEP	2026-08-31T07:38:28.9543311Z FAIL raw-aggregate-mismatch: evidence/standings.json: alpha:a1: delta declared -0.25, recomputed 0.0
invalidation-liveness	UNKNOWN STEP	2026-08-31T07:38:28.9544556Z FAIL raw-aggregate-mismatch: evidence/standings.json: alpha:a1: verdict declared 'regressed', recomputed 'unchanged'
invalidation-liveness	UNKNOWN STEP	2026-08-31T07:38:28.9546528Z FAIL raw-aggregate-mismatch: evidence/RESULTS.md: does not re-render byte-identically from the recomputed standings rows
invalidation-liveness	UNKNOWN STEP	2026-08-31T07:38:28.9547657Z FAIL summary-mismatch: regressed: declared 1, recomputed 0
invalidation-liveness	UNKNOWN STEP	2026-08-31T07:38:28.9548369Z FAIL summary-mismatch: unchanged: declared 1, recomputed 2
invalidation-liveness	UNKNOWN STEP	2026-08-31T07:38:28.9549366Z FAIL summary-outruns-checks: summary.drift.regressed: declares 1, recomputation gives 0
invalidation-liveness	UNKNOWN STEP	2026-08-31T07:38:28.9550717Z structural verification: FAIL — 7 named reason(s) (tamper-modeldrift-rows)
invalidation-liveness	UNKNOWN STEP	2026-08-31T07:38:28.9551838Z   proved offline: manifest schema, artifact presence + sha256, bundle closure,
invalidation-liveness	UNKNOWN STEP	2026-08-31T07:38:28.9552897Z   stated limitations, stamp agreement, declared results recomputed from artifacts.
invalidation-liveness	UNKNOWN STEP	2026-08-31T07:38:28.9553828Z semantic replay: NOT run by this tool. A structural PASS means the bundle is
invalidation-liveness	UNKNOWN STEP	2026-08-31T07:38:28.9554936Z   internally honest, not that the issuer's grader agrees. To re-earn the
invalidation-liveness	UNKNOWN STEP	2026-08-31T07:38:28.9555737Z   verdicts, run the bundle's replay block at the pinned issuer_commit:
invalidation-liveness	UNKNOWN STEP	2026-08-31T07:38:28.9557111Z     $ git clone https://github.com/example/toy-issuer issuer
invalidation-liveness	UNKNOWN STEP	2026-08-31T07:38:28.9557850Z     $ git -C issuer checkout f1e2d3c
invalidation-liveness	UNKNOWN STEP	2026-08-31T07:38:28.9558433Z     $ python -m pip install -e ./issuer
invalidation-liveness	UNKNOWN STEP	2026-08-31T07:38:28.9559095Z     $ python -m toy_issuer.regrade evidence/bundle.json
invalidation-liveness	UNKNOWN STEP	2026-08-31T07:38:28.9559845Z     $ python issuer/audit/run_audit.py --check evidence/results.json
invalidation-liveness	UNKNOWN STEP	2026-08-31T07:38:28.9560611Z     $ python -m toy_issuer.mutrun --check evidence/evalmut_run.json
invalidation-liveness	UNKNOWN STEP	2026-08-31T07:38:28.9561526Z     $ python -m toy_issuer.crashrun --check evidence/eval_run.json
invalidation-liveness	UNKNOWN STEP	2026-08-31T07:38:28.9562471Z     $ python -m toy_issuer.driftboard --check evidence/standings.json
invalidation-liveness	UNKNOWN STEP	2026-08-31T07:38:28.9564401Z     expected: regrade exits 0 reporting 'consistent'; audit, mutrun, crashrun, and driftboard reproduce results.json, evalmut_run.json, eval_run.json, and the drift board artifacts byte-identically at the stamped commit (mutrun exits 1 by design: the toy suite has holes)
invalidation-liveness	UNKNOWN STEP	2026-08-31T07:38:28.9945612Z FAIL raw-aggregate-mismatch: evidence/standings.json: alpha:a1: delta declared 0.0, recomputed -0.25
invalidation-liveness	UNKNOWN STEP	2026-08-31T07:38:28.9947250Z FAIL raw-aggregate-mismatch: evidence/standings.json: alpha:a1: verdict declared 'unchanged', recomputed 'regressed'
invalidation-liveness	UNKNOWN STEP	2026-08-31T07:38:28.9948775Z structural verification: FAIL — 2 named reason(s) (tamper-modeldrift-standings)
invalidation-liveness	UNKNOWN STEP	2026-08-31T07:38:28.9949709Z   proved offline: manifest schema, artifact presence + sha256, bundle closure,
invalidation-liveness	UNKNOWN STEP	2026-08-31T07:38:28.9950683Z   stated limitations, stamp agreement, declared results recomputed from artifacts.
invalidation-liveness	UNKNOWN STEP	2026-08-31T07:38:28.9951585Z semantic replay: NOT run by this tool. A structural PASS means the bundle is
invalidation-liveness	UNKNOWN STEP	2026-08-31T07:38:28.9952506Z   internally honest, not that the issuer's grader agrees. To re-earn the
invalidation-liveness	UNKNOWN STEP	2026-08-31T07:38:28.9953656Z   verdicts, run the bundle's replay block at the pinned issuer_commit:
invalidation-liveness	UNKNOWN STEP	2026-08-31T07:38:28.9954463Z     $ git clone https://github.com/example/toy-issuer issuer
invalidation-liveness	UNKNOWN STEP	2026-08-31T07:38:28.9955322Z     $ git -C issuer checkout f1e2d3c
invalidation-liveness	UNKNOWN STEP	2026-08-31T07:38:28.9955913Z     $ python -m pip install -e ./issuer
invalidation-liveness	UNKNOWN STEP	2026-08-31T07:38:28.9956984Z     $ python -m toy_issuer.regrade evidence/bundle.json
invalidation-liveness	UNKNOWN STEP	2026-08-31T07:38:28.9957796Z     $ python issuer/audit/run_audit.py --check evidence/results.json
invalidation-liveness	UNKNOWN STEP	2026-08-31T07:38:28.9958576Z     $ python -m toy_issuer.mutrun --check evidence/evalmut_run.json
invalidation-liveness	UNKNOWN STEP	2026-08-31T07:38:28.9959459Z     $ python -m toy_issuer.crashrun --check evidence/eval_run.json
invalidation-liveness	UNKNOWN STEP	2026-08-31T07:38:28.9960201Z     $ python -m toy_issuer.driftboard --check evidence/standings.json
invalidation-liveness	UNKNOWN STEP	2026-08-31T07:38:28.9961932Z     expected: regrade exits 0 reporting 'consistent'; audit, mutrun, crashrun, and driftboard reproduce results.json, evalmut_run.json, eval_run.json, and the drift board artifacts byte-identically at the stamped commit (mutrun exits 1 by design: the toy suite has holes)
invalidation-liveness	UNKNOWN STEP	2026-08-31T07:38:29.0349836Z FAIL raw-aggregate-mismatch: toy-suite/toy-defect-b: detected declared 3, recomputed 2
invalidation-liveness	UNKNOWN STEP	2026-08-31T07:38:29.0350993Z FAIL raw-aggregate-mismatch: toy-suite/toy-defect-b: detection_rate declared 0.75, recomputed 0.5
invalidation-liveness	UNKNOWN STEP	2026-08-31T07:38:29.0352421Z structural verification: FAIL — 2 named reason(s) (tamper-raw-aggregate)
invalidation-liveness	UNKNOWN STEP	2026-08-31T07:38:29.0353258Z   proved offline: manifest schema, artifact presence + sha256, bundle closure,
invalidation-liveness	UNKNOWN STEP	2026-08-31T07:38:29.0354095Z   stated limitations, stamp agreement, declared results recomputed from artifacts.
invalidation-liveness	UNKNOWN STEP	2026-08-31T07:38:29.0354994Z semantic replay: NOT run by this tool. A structural PASS means the bundle is
invalidation-liveness	UNKNOWN STEP	2026-08-31T07:38:29.0355829Z   internally honest, not that the issuer's grader agrees. To re-earn the
invalidation-liveness	UNKNOWN STEP	2026-08-31T07:38:29.0356954Z   verdicts, run the bundle's replay block at the pinned issuer_commit:
invalidation-liveness	UNKNOWN STEP	2026-08-31T07:38:29.0357712Z     $ git clone https://github.com/example/toy-issuer issuer
invalidation-liveness	UNKNOWN STEP	2026-08-31T07:38:29.0358309Z     $ git -C issuer checkout f1e2d3c
invalidation-liveness	UNKNOWN STEP	2026-08-31T07:38:29.0358926Z     $ python -m pip install -e ./issuer
invalidation-liveness	UNKNOWN STEP	2026-08-31T07:38:29.0359518Z     $ python -m toy_issuer.regrade evidence/bundle.json
invalidation-liveness	UNKNOWN STEP	2026-08-31T07:38:29.0360870Z     $ python issuer/audit/run_audit.py --check evidence/results.json
invalidation-liveness	UNKNOWN STEP	2026-08-31T07:38:29.0361833Z     $ python -m toy_issuer.mutrun --check evidence/evalmut_run.json
invalidation-liveness	UNKNOWN STEP	2026-08-31T07:38:29.0362703Z     $ python -m toy_issuer.crashrun --check evidence/eval_run.json
invalidation-liveness	UNKNOWN STEP	2026-08-31T07:38:29.0363516Z     $ python -m toy_issuer.driftboard --check evidence/standings.json
invalidation-liveness	UNKNOWN STEP	2026-08-31T07:38:29.0365490Z     expected: regrade exits 0 reporting 'consistent'; audit, mutrun, crashrun, and driftboard reproduce results.json, evalmut_run.json, eval_run.json, and the drift board artifacts byte-identically at the stamped commit (mutrun exits 1 by design: the toy suite has holes)
invalidation-liveness	UNKNOWN STEP	2026-08-31T07:38:29.0750109Z FAIL stamp-mismatch: taskset_hash: named by protocol.hashes but absent from evidence/bundle.json
invalidation-liveness	UNKNOWN STEP	2026-08-31T07:38:29.0751294Z FAIL stamp-mismatch: prompt_hash: named by protocol.hashes but absent from evidence/bundle.json
invalidation-liveness	UNKNOWN STEP	2026-08-31T07:38:29.0752655Z FAIL stamp-mismatch: harness_commit: protocol declares issuer_commit but evidence/bundle.json carries no harness_commit
invalidation-liveness	UNKNOWN STEP	2026-08-31T07:38:29.0754050Z structural verification: FAIL — 3 named reason(s) (tamper-stamp-deleted)
invalidation-liveness	UNKNOWN STEP	2026-08-31T07:38:29.0755000Z   proved offline: manifest schema, artifact presence + sha256, bundle closure,
invalidation-liveness	UNKNOWN STEP	2026-08-31T07:38:29.0756008Z   stated limitations, stamp agreement, declared results recomputed from artifacts.
invalidation-liveness	UNKNOWN STEP	2026-08-31T07:38:29.0757102Z semantic replay: NOT run by this tool. A structural PASS means the bundle is
invalidation-liveness	UNKNOWN STEP	2026-08-31T07:38:29.0757950Z   internally honest, not that the issuer's grader agrees. To re-earn the
invalidation-liveness	UNKNOWN STEP	2026-08-31T07:38:29.0758813Z   verdicts, run the bundle's replay block at the pinned issuer_commit:
invalidation-liveness	UNKNOWN STEP	2026-08-31T07:38:29.0759687Z     $ git clone https://github.com/example/toy-issuer issuer
invalidation-liveness	UNKNOWN STEP	2026-08-31T07:38:29.0760497Z     $ git -C issuer checkout f1e2d3c
invalidation-liveness	UNKNOWN STEP	2026-08-31T07:38:29.0761416Z     $ python -m pip install -e ./issuer
invalidation-liveness	UNKNOWN STEP	2026-08-31T07:38:29.0762142Z     $ python -m toy_issuer.regrade evidence/bundle.json
invalidation-liveness	UNKNOWN STEP	2026-08-31T07:38:29.0762943Z     $ python issuer/audit/run_audit.py --check evidence/results.json
invalidation-liveness	UNKNOWN STEP	2026-08-31T07:38:29.0763815Z     $ python -m toy_issuer.mutrun --check evidence/evalmut_run.json
invalidation-liveness	UNKNOWN STEP	2026-08-31T07:38:29.0764585Z     $ python -m toy_issuer.crashrun --check evidence/eval_run.json
invalidation-liveness	UNKNOWN STEP	2026-08-31T07:38:29.0765343Z     $ python -m toy_issuer.driftboard --check evidence/standings.json
invalidation-liveness	UNKNOWN STEP	2026-08-31T07:38:29.0767305Z     expected: regrade exits 0 reporting 'consistent'; audit, mutrun, crashrun, and driftboard reproduce results.json, evalmut_run.json, eval_run.json, and the drift board artifacts byte-identically at the stamped commit (mutrun exits 1 by design: the toy suite has holes)
invalidation-liveness	UNKNOWN STEP	2026-08-31T07:38:29.1149793Z FAIL summary-outruns-checks: summary.fixed: declares 3, recomputation gives 2
invalidation-liveness	UNKNOWN STEP	2026-08-31T07:38:29.1151152Z structural verification: FAIL — 1 named reason(s) (tamper-summary-fixed)
invalidation-liveness	UNKNOWN STEP	2026-08-31T07:38:29.1152211Z   proved offline: manifest schema, artifact presence + sha256, bundle closure,
invalidation-liveness	UNKNOWN STEP	2026-08-31T07:38:29.1153121Z   stated limitations, stamp agreement, declared results recomputed from artifacts.
invalidation-liveness	UNKNOWN STEP	2026-08-31T07:38:29.1153992Z semantic replay: NOT run by this tool. A structural PASS means the bundle is
invalidation-liveness	UNKNOWN STEP	2026-08-31T07:38:29.1154918Z   internally honest, not that the issuer's grader agrees. To re-earn the
invalidation-liveness	UNKNOWN STEP	2026-08-31T07:38:29.1155726Z   verdicts, run the bundle's replay block at the pinned issuer_commit:
invalidation-liveness	UNKNOWN STEP	2026-08-31T07:38:29.1156817Z     $ git clone https://github.com/example/toy-issuer issuer
invalidation-liveness	UNKNOWN STEP	2026-08-31T07:38:29.1157622Z     $ git -C issuer checkout f1e2d3c
invalidation-liveness	UNKNOWN STEP	2026-08-31T07:38:29.1158161Z     $ python -m pip install -e ./issuer
invalidation-liveness	UNKNOWN STEP	2026-08-31T07:38:29.1158821Z     $ python -m toy_issuer.regrade evidence/bundle.json
invalidation-liveness	UNKNOWN STEP	2026-08-31T07:38:29.1159689Z     $ python issuer/audit/run_audit.py --check evidence/results.json
invalidation-liveness	UNKNOWN STEP	2026-08-31T07:38:29.1160770Z     $ python -m toy_issuer.mutrun --check evidence/evalmut_run.json
invalidation-liveness	UNKNOWN STEP	2026-08-31T07:38:29.1161660Z     $ python -m toy_issuer.crashrun --check evidence/eval_run.json
invalidation-liveness	UNKNOWN STEP	2026-08-31T07:38:29.1162988Z     $ python -m toy_issuer.driftboard --check evidence/standings.json
invalidation-liveness	UNKNOWN STEP	2026-08-31T07:38:29.1164849Z     expected: regrade exits 0 reporting 'consistent'; audit, mutrun, crashrun, and driftboard reproduce results.json, evalmut_run.json, eval_run.json, and the drift board artifacts byte-identically at the stamped commit (mutrun exits 1 by design: the toy suite has holes)
invalidation-liveness	UNKNOWN STEP	2026-08-31T07:38:29.1547154Z FAIL summary-outruns-checks: summary.detection_rate_min: declares 0.9, no check recomputes it
invalidation-liveness	UNKNOWN STEP	2026-08-31T07:38:29.1548585Z structural verification: FAIL — 1 named reason(s) (tamper-summary-rate)
invalidation-liveness	UNKNOWN STEP	2026-08-31T07:38:29.1549510Z   proved offline: manifest schema, artifact presence + sha256, bundle closure,
invalidation-liveness	UNKNOWN STEP	2026-08-31T07:38:29.1550143Z   stated limitations, stamp agreement, declared results recomputed from artifacts.
invalidation-liveness	UNKNOWN STEP	2026-08-31T07:38:29.1550811Z semantic replay: NOT run by this tool. A structural PASS means the bundle is
invalidation-liveness	UNKNOWN STEP	2026-08-31T07:38:29.1551370Z   internally honest, not that the issuer's grader agrees. To re-earn the
invalidation-liveness	UNKNOWN STEP	2026-08-31T07:38:29.1552014Z   verdicts, run the bundle's replay block at the pinned issuer_commit:
invalidation-liveness	UNKNOWN STEP	2026-08-31T07:38:29.1552543Z     $ git clone https://github.com/example/toy-issuer issuer
invalidation-liveness	UNKNOWN STEP	2026-08-31T07:38:29.1552995Z     $ git -C issuer checkout f1e2d3c
invalidation-liveness	UNKNOWN STEP	2026-08-31T07:38:29.1553419Z     $ python -m pip install -e ./issuer
invalidation-liveness	UNKNOWN STEP	2026-08-31T07:38:29.1553828Z     $ python -m toy_issuer.regrade evidence/bundle.json
invalidation-liveness	UNKNOWN STEP	2026-08-31T07:38:29.1554302Z     $ python issuer/audit/run_audit.py --check evidence/results.json
invalidation-liveness	UNKNOWN STEP	2026-08-31T07:38:29.1554817Z     $ python -m toy_issuer.mutrun --check evidence/evalmut_run.json
invalidation-liveness	UNKNOWN STEP	2026-08-31T07:38:29.1555334Z     $ python -m toy_issuer.crashrun --check evidence/eval_run.json
invalidation-liveness	UNKNOWN STEP	2026-08-31T07:38:29.1555838Z     $ python -m toy_issuer.driftboard --check evidence/standings.json
invalidation-liveness	UNKNOWN STEP	2026-08-31T07:38:29.1557730Z     expected: regrade exits 0 reporting 'consistent'; audit, mutrun, crashrun, and driftboard reproduce results.json, evalmut_run.json, eval_run.json, and the drift board artifacts byte-identically at the stamped commit (mutrun exits 1 by design: the toy suite has holes)
invalidation-liveness	UNKNOWN STEP	2026-08-31T07:38:29.1932253Z FAIL summary-outruns-checks: summary.mutation_score_3: declares 0.714, no check recomputes it
invalidation-liveness	UNKNOWN STEP	2026-08-31T07:38:29.1933520Z structural verification: FAIL — 1 named reason(s) (tamper-summary-score)
invalidation-liveness	UNKNOWN STEP	2026-08-31T07:38:29.1934409Z   proved offline: manifest schema, artifact presence + sha256, bundle closure,
invalidation-liveness	UNKNOWN STEP	2026-08-31T07:38:29.1935061Z   stated limitations, stamp agreement, declared results recomputed from artifacts.
invalidation-liveness	UNKNOWN STEP	2026-08-31T07:38:29.1935676Z semantic replay: NOT run by this tool. A structural PASS means the bundle is
invalidation-liveness	UNKNOWN STEP	2026-08-31T07:38:29.1936263Z   internally honest, not that the issuer's grader agrees. To re-earn the
invalidation-liveness	UNKNOWN STEP	2026-08-31T07:38:29.1937275Z   verdicts, run the bundle's replay block at the pinned issuer_commit:
invalidation-liveness	UNKNOWN STEP	2026-08-31T07:38:29.1937878Z     $ git clone https://github.com/example/toy-issuer issuer
invalidation-liveness	UNKNOWN STEP	2026-08-31T07:38:29.1938316Z     $ git -C issuer checkout f1e2d3c
invalidation-liveness	UNKNOWN STEP	2026-08-31T07:38:29.1938692Z     $ python -m pip install -e ./issuer
invalidation-liveness	UNKNOWN STEP	2026-08-31T07:38:29.1939193Z     $ python -m toy_issuer.regrade evidence/bundle.json
invalidation-liveness	UNKNOWN STEP	2026-08-31T07:38:29.1939681Z     $ python issuer/audit/run_audit.py --check evidence/results.json
invalidation-liveness	UNKNOWN STEP	2026-08-31T07:38:29.1940245Z     $ python -m toy_issuer.mutrun --check evidence/evalmut_run.json
invalidation-liveness	UNKNOWN STEP	2026-08-31T07:38:29.1940730Z     $ python -m toy_issuer.crashrun --check evidence/eval_run.json
invalidation-liveness	UNKNOWN STEP	2026-08-31T07:38:29.1941211Z     $ python -m toy_issuer.driftboard --check evidence/standings.json
invalidation-liveness	UNKNOWN STEP	2026-08-31T07:38:29.1942376Z     expected: regrade exits 0 reporting 'consistent'; audit, mutrun, crashrun, and driftboard reproduce results.json, evalmut_run.json, eval_run.json, and the drift board artifacts byte-identically at the stamped commit (mutrun exits 1 by design: the toy suite has holes)
invalidation-liveness	UNKNOWN STEP	2026-08-31T07:38:29.2321142Z FAIL summary-outruns-checks: summary.fixed: declares '9999' as a string; a numeric headline must be a JSON number so it can be recomputed
invalidation-liveness	UNKNOWN STEP	2026-08-31T07:38:29.2322973Z structural verification: FAIL — 1 named reason(s) (tamper-summary-string)
invalidation-liveness	UNKNOWN STEP	2026-08-31T07:38:29.2323839Z   proved offline: manifest schema, artifact presence + sha256, bundle closure,
invalidation-liveness	UNKNOWN STEP	2026-08-31T07:38:29.2324629Z   stated limitations, stamp agreement, declared results recomputed from artifacts.
invalidation-liveness	UNKNOWN STEP	2026-08-31T07:38:29.2325257Z semantic replay: NOT run by this tool. A structural PASS means the bundle is
invalidation-liveness	UNKNOWN STEP	2026-08-31T07:38:29.2325811Z   internally honest, not that the issuer's grader agrees. To re-earn the
invalidation-liveness	UNKNOWN STEP	2026-08-31T07:38:29.2326512Z   verdicts, run the bundle's replay block at the pinned issuer_commit:
invalidation-liveness	UNKNOWN STEP	2026-08-31T07:38:29.2327084Z     $ git clone https://github.com/example/toy-issuer issuer
invalidation-liveness	UNKNOWN STEP	2026-08-31T07:38:29.2327513Z     $ git -C issuer checkout f1e2d3c
invalidation-liveness	UNKNOWN STEP	2026-08-31T07:38:29.2327914Z     $ python -m pip install -e ./issuer
invalidation-liveness	UNKNOWN STEP	2026-08-31T07:38:29.2328342Z     $ python -m toy_issuer.regrade evidence/bundle.json
invalidation-liveness	UNKNOWN STEP	2026-08-31T07:38:29.2328822Z     $ python issuer/audit/run_audit.py --check evidence/results.json
invalidation-liveness	UNKNOWN STEP	2026-08-31T07:38:29.2329341Z     $ python -m toy_issuer.mutrun --check evidence/evalmut_run.json
invalidation-liveness	UNKNOWN STEP	2026-08-31T07:38:29.2329850Z     $ python -m toy_issuer.crashrun --check evidence/eval_run.json
invalidation-liveness	UNKNOWN STEP	2026-08-31T07:38:29.2330348Z     $ python -m toy_issuer.driftboard --check evidence/standings.json
invalidation-liveness	UNKNOWN STEP	2026-08-31T07:38:29.2331499Z     expected: regrade exits 0 reporting 'consistent'; audit, mutrun, crashrun, and driftboard reproduce results.json, evalmut_run.json, eval_run.json, and the drift board artifacts byte-identically at the stamped commit (mutrun exits 1 by design: the toy suite has holes)
invalidation-liveness	UNKNOWN STEP	2026-08-31T07:38:29.2712355Z FAIL summary-outruns-checks: summary.eval_run.vulnerability_score: declares 0.0, recomputation gives 0.4545
invalidation-liveness	UNKNOWN STEP	2026-08-31T07:38:29.2713296Z FAIL summary-outruns-checks: summary.eval_run_safe.vulnerability_score: declares 0.4545, recomputation gives 0.0
invalidation-liveness	UNKNOWN STEP	2026-08-31T07:38:29.2714491Z structural verification: FAIL — 2 named reason(s) (tamper-v02-swapped-arms)
invalidation-liveness	UNKNOWN STEP	2026-08-31T07:38:29.2715081Z   proved offline: manifest schema, artifact presence + sha256, bundle closure,
invalidation-liveness	UNKNOWN STEP	2026-08-31T07:38:29.2715775Z   stated limitations, stamp agreement, declared results recomputed from artifacts.
invalidation-liveness	UNKNOWN STEP	2026-08-31T07:38:29.2716542Z semantic replay: NOT run by this tool. A structural PASS means the bundle is
invalidation-liveness	UNKNOWN STEP	2026-08-31T07:38:29.2717151Z   internally honest, not that the issuer's grader agrees. To re-earn the
invalidation-liveness	UNKNOWN STEP	2026-08-31T07:38:29.2717700Z   verdicts, run the bundle's replay block at the pinned issuer_commit:
invalidation-liveness	UNKNOWN STEP	2026-08-31T07:38:29.2718207Z     $ git clone https://github.com/example/toy-issuer issuer
invalidation-liveness	UNKNOWN STEP	2026-08-31T07:38:29.2718686Z     $ git -C issuer checkout f1e2d3c
invalidation-liveness	UNKNOWN STEP	2026-08-31T07:38:29.2719061Z     $ python -m pip install -e ./issuer
invalidation-liveness	UNKNOWN STEP	2026-08-31T07:38:29.2719485Z     $ python -m toy_issuer.regrade evidence/bundle.json
invalidation-liveness	UNKNOWN STEP	2026-08-31T07:38:29.2720010Z     $ python issuer/audit/run_audit.py --check evidence/results.json
invalidation-liveness	UNKNOWN STEP	2026-08-31T07:38:29.2720514Z     $ python -m toy_issuer.mutrun --check evidence/evalmut_run.json
invalidation-liveness	UNKNOWN STEP	2026-08-31T07:38:29.2721062Z     $ python -m toy_issuer.crashrun --check evidence/eval_run.json
invalidation-liveness	UNKNOWN STEP	2026-08-31T07:38:29.2721560Z     $ python -m toy_issuer.driftboard --check evidence/standings.json
invalidation-liveness	UNKNOWN STEP	2026-08-31T07:38:29.2723138Z     expected: regrade exits 0 reporting 'consistent'; audit, mutrun, crashrun, and driftboard reproduce results.json, evalmut_run.json, eval_run.json, and the drift board artifacts byte-identically at the stamped commit (mutrun exits 1 by design: the toy suite has holes)
invalidation-liveness	UNKNOWN STEP	2026-08-31T07:38:29.3100008Z FAIL summary-mismatch: fixed: declared 3, recomputed 2
invalidation-liveness	UNKNOWN STEP	2026-08-31T07:38:29.3100714Z FAIL summary-outruns-checks: summary.fixed: declares 3, recomputation gives 2
invalidation-liveness	UNKNOWN STEP	2026-08-31T07:38:29.3101620Z structural verification: FAIL — 2 named reason(s) (tamper-verdict-count)
invalidation-liveness	UNKNOWN STEP	2026-08-31T07:38:29.3102420Z   proved offline: manifest schema, artifact presence + sha256, bundle closure,
invalidation-liveness	UNKNOWN STEP	2026-08-31T07:38:29.3103058Z   stated limitations, stamp agreement, declared results recomputed from artifacts.
invalidation-liveness	UNKNOWN STEP	2026-08-31T07:38:29.3103687Z semantic replay: NOT run by this tool. A structural PASS means the bundle is
invalidation-liveness	UNKNOWN STEP	2026-08-31T07:38:29.3104496Z   internally honest, not that the issuer's grader agrees. To re-earn the
invalidation-liveness	UNKNOWN STEP	2026-08-31T07:38:29.3105070Z   verdicts, run the bundle's replay block at the pinned issuer_commit:
invalidation-liveness	UNKNOWN STEP	2026-08-31T07:38:29.3105585Z     $ git clone https://github.com/example/toy-issuer issuer
invalidation-liveness	UNKNOWN STEP	2026-08-31T07:38:29.3106045Z     $ git -C issuer checkout f1e2d3c
invalidation-liveness	UNKNOWN STEP	2026-08-31T07:38:29.3106574Z     $ python -m pip install -e ./issuer
invalidation-liveness	UNKNOWN STEP	2026-08-31T07:38:29.3106989Z     $ python -m toy_issuer.regrade evidence/bundle.json
invalidation-liveness	UNKNOWN STEP	2026-08-31T07:38:29.3107478Z     $ python issuer/audit/run_audit.py --check evidence/results.json
invalidation-liveness	UNKNOWN STEP	2026-08-31T07:38:29.3107980Z     $ python -m toy_issuer.mutrun --check evidence/evalmut_run.json
invalidation-liveness	UNKNOWN STEP	2026-08-31T07:38:29.3108530Z     $ python -m toy_issuer.crashrun --check evidence/eval_run.json
invalidation-liveness	UNKNOWN STEP	2026-08-31T07:38:29.3109045Z     $ python -m toy_issuer.driftboard --check evidence/standings.json
invalidation-liveness	UNKNOWN STEP	2026-08-31T07:38:29.3110184Z     expected: regrade exits 0 reporting 'consistent'; audit, mutrun, crashrun, and driftboard reproduce results.json, evalmut_run.json, eval_run.json, and the drift board artifacts byte-identically at the stamped commit (mutrun exits 1 by design: the toy suite has holes)
invalidation-liveness	UNKNOWN STEP	2026-08-31T07:38:29.3489582Z FAIL sha256-mismatch: evidence/bundle.json: manifest 0000000000000000000000000000000000000000000000000000000000000000, file 64931fe8d466c2cfdbf3c15013d8aa013bc54a2e340fb89737972ef3612550d4
invalidation-liveness	UNKNOWN STEP	2026-08-31T07:38:29.3491168Z structural verification: FAIL — 1 named reason(s) (tamper-wrong-sha256)
invalidation-liveness	UNKNOWN STEP	2026-08-31T07:38:29.3491853Z   proved offline: manifest schema, artifact presence + sha256, bundle closure,
invalidation-liveness	UNKNOWN STEP	2026-08-31T07:38:29.3492449Z   stated limitations, stamp agreement, declared results recomputed from artifacts.
invalidation-liveness	UNKNOWN STEP	2026-08-31T07:38:29.3493034Z semantic replay: NOT run by this tool. A structural PASS means the bundle is
invalidation-liveness	UNKNOWN STEP	2026-08-31T07:38:29.3493902Z   internally honest, not that the issuer's grader agrees. To re-earn the
invalidation-liveness	UNKNOWN STEP	2026-08-31T07:38:29.3494450Z   verdicts, run the bundle's replay block at the pinned issuer_commit:
invalidation-liveness	UNKNOWN STEP	2026-08-31T07:38:29.3494978Z     $ git clone https://github.com/example/toy-issuer issuer
invalidation-liveness	UNKNOWN STEP	2026-08-31T07:38:29.3495451Z     $ git -C issuer checkout f1e2d3c
invalidation-liveness	UNKNOWN STEP	2026-08-31T07:38:29.3495827Z     $ python -m pip install -e ./issuer
invalidation-liveness	UNKNOWN STEP	2026-08-31T07:38:29.3496259Z     $ python -m toy_issuer.regrade evidence/bundle.json
invalidation-liveness	UNKNOWN STEP	2026-08-31T07:38:29.3497033Z     $ python issuer/audit/run_audit.py --check evidence/results.json
invalidation-liveness	UNKNOWN STEP	2026-08-31T07:38:29.3497552Z     $ python -m toy_issuer.mutrun --check evidence/evalmut_run.json
invalidation-liveness	UNKNOWN STEP	2026-08-31T07:38:29.3498051Z     $ python -m toy_issuer.crashrun --check evidence/eval_run.json
invalidation-liveness	UNKNOWN STEP	2026-08-31T07:38:29.3498572Z     $ python -m toy_issuer.driftboard --check evidence/standings.json
invalidation-liveness	UNKNOWN STEP	2026-08-31T07:38:29.3499739Z     expected: regrade exits 0 reporting 'consistent'; audit, mutrun, crashrun, and driftboard reproduce results.json, evalmut_run.json, eval_run.json, and the drift board artifacts byte-identically at the stamped commit (mutrun exits 1 by design: the toy suite has holes)
invalidation-liveness	UNKNOWN STEP	2026-08-31T07:38:29.3572358Z ##[group]Run python fixtures/make_fixtures.py
invalidation-liveness	UNKNOWN STEP	2026-08-31T07:38:29.3572791Z ^[[36;1mpython fixtures/make_fixtures.py^[[0m
invalidation-liveness	UNKNOWN STEP	2026-08-31T07:38:29.3573234Z ^[[36;1mgit diff --exit-code fixtures/^[[0m
invalidation-liveness	UNKNOWN STEP	2026-08-31T07:38:29.3598686Z shell: /usr/bin/bash -e {0}
invalidation-liveness	UNKNOWN STEP	2026-08-31T07:38:29.3599032Z env:
invalidation-liveness	UNKNOWN STEP	2026-08-31T07:38:29.3599403Z   pythonLocation: /opt/hostedtoolcache/Python/3.12.14/x64
invalidation-liveness	UNKNOWN STEP	2026-08-31T07:38:29.3599929Z   PKG_CONFIG_PATH: /opt/hostedtoolcache/Python/3.12.14/x64/lib/pkgconfig
invalidation-liveness	UNKNOWN STEP	2026-08-31T07:38:29.3600435Z   Python_ROOT_DIR: /opt/hostedtoolcache/Python/3.12.14/x64
invalidation-liveness	UNKNOWN STEP	2026-08-31T07:38:29.3600934Z   Python2_ROOT_DIR: /opt/hostedtoolcache/Python/3.12.14/x64
invalidation-liveness	UNKNOWN STEP	2026-08-31T07:38:29.3601388Z   Python3_ROOT_DIR: /opt/hostedtoolcache/Python/3.12.14/x64
invalidation-liveness	UNKNOWN STEP	2026-08-31T07:38:29.3601887Z   LD_LIBRARY_PATH: /opt/hostedtoolcache/Python/3.12.14/x64/lib
invalidation-liveness	UNKNOWN STEP	2026-08-31T07:38:29.3602292Z ##[endgroup]
invalidation-liveness	UNKNOWN STEP	2026-08-31T07:38:29.4375411Z attack-crashkit-severity: 15 file(s)
invalidation-liveness	UNKNOWN STEP	2026-08-31T07:38:29.4376712Z tamper-check-deleted: 15 file(s)
invalidation-liveness	UNKNOWN STEP	2026-08-31T07:38:29.4377111Z tamper-crashkit-case: 15 file(s)
invalidation-liveness	UNKNOWN STEP	2026-08-31T07:38:29.4377532Z tamper-crashkit-metrics: 15 file(s)
invalidation-liveness	UNKNOWN STEP	2026-08-31T07:38:29.4377905Z tamper-crashkit-severity: 15 file(s)
invalidation-liveness	UNKNOWN STEP	2026-08-31T07:38:29.4378258Z tamper-draft-incomplete: 15 file(s)
invalidation-liveness	UNKNOWN STEP	2026-08-31T07:38:29.4378680Z tamper-empty-limitations: 15 file(s)
invalidation-liveness	UNKNOWN STEP	2026-08-31T07:38:29.4379062Z tamper-evalmut-all-error: 15 file(s)
invalidation-liveness	UNKNOWN STEP	2026-08-31T07:38:29.4379451Z tamper-evalmut-empty-rows: 15 file(s)
invalidation-liveness	UNKNOWN STEP	2026-08-31T07:38:29.4379822Z tamper-evalmut-rows: 15 file(s)
invalidation-liveness	UNKNOWN STEP	2026-08-31T07:38:29.4380166Z tamper-evalmut-summary: 15 file(s)
invalidation-liveness	UNKNOWN STEP	2026-08-31T07:38:29.4380572Z tamper-missing-artifact: 14 file(s)
invalidation-liveness	UNKNOWN STEP	2026-08-31T07:38:29.4380958Z tamper-missing-issuer-commit: 15 file(s)
invalidation-liveness	UNKNOWN STEP	2026-08-31T07:38:29.4381373Z tamper-modeldrift-rows: 15 file(s)
invalidation-liveness	UNKNOWN STEP	2026-08-31T07:38:29.4381788Z tamper-modeldrift-standings: 15 file(s)
invalidation-liveness	UNKNOWN STEP	2026-08-31T07:38:29.4382140Z tamper-raw-aggregate: 15 file(s)
invalidation-liveness	UNKNOWN STEP	2026-08-31T07:38:29.4382515Z tamper-stamp-deleted: 15 file(s)
invalidation-liveness	UNKNOWN STEP	2026-08-31T07:38:29.4382897Z tamper-summary-fixed: 15 file(s)
invalidation-liveness	UNKNOWN STEP	2026-08-31T07:38:29.4383252Z tamper-summary-rate: 15 file(s)
invalidation-liveness	UNKNOWN STEP	2026-08-31T07:38:29.4383611Z tamper-summary-score: 15 file(s)
invalidation-liveness	UNKNOWN STEP	2026-08-31T07:38:29.4383965Z tamper-summary-string: 15 file(s)
invalidation-liveness	UNKNOWN STEP	2026-08-31T07:38:29.4384344Z tamper-v02-swapped-arms: 16 file(s)
invalidation-liveness	UNKNOWN STEP	2026-08-31T07:38:29.4384694Z tamper-verdict-count: 15 file(s)
invalidation-liveness	UNKNOWN STEP	2026-08-31T07:38:29.4385101Z tamper-wrong-sha256: 15 file(s)
invalidation-liveness	UNKNOWN STEP	2026-08-31T07:38:29.4385454Z v02-twin-arms: 16 file(s)
invalidation-liveness	UNKNOWN STEP	2026-08-31T07:38:29.4385771Z valid: 15 file(s)
invalidation-liveness	UNKNOWN STEP	2026-08-31T07:38:29.4733930Z Node 20 is being deprecated. This workflow is running with Node 24 by default. If you need to temporarily use Node 20, you can set the ACTIONS_ALLOW_USE_UNSECURE_NODE_VERSION=true environment variable. For more information see: https://github.blog/changelog/2025-09-19-deprecation-of-node-20-on-github-actions-runners/
invalidation-liveness	UNKNOWN STEP	2026-08-31T07:38:29.4735267Z Post job cleanup.
invalidation-liveness	UNKNOWN STEP	2026-08-31T07:38:29.5952034Z (node:2254) [DEP0040] DeprecationWarning: The `punycode` module is deprecated. Please use a userland alternative instead.
invalidation-liveness	UNKNOWN STEP	2026-08-31T07:38:29.5953241Z (Use `node --trace-deprecation ...` to show where the warning was created)
invalidation-liveness	UNKNOWN STEP	2026-08-31T07:38:29.6106182Z Node 20 is being deprecated. This workflow is running with Node 24 by default. If you need to temporarily use Node 20, you can set the ACTIONS_ALLOW_USE_UNSECURE_NODE_VERSION=true environment variable. For more information see: https://github.blog/changelog/2025-09-19-deprecation-of-node-20-on-github-actions-runners/
invalidation-liveness	UNKNOWN STEP	2026-08-31T07:38:29.6107572Z Post job cleanup.
invalidation-liveness	UNKNOWN STEP	2026-08-31T07:38:29.6998052Z [command]/usr/bin/git version
invalidation-liveness	UNKNOWN STEP	2026-08-31T07:38:29.7019988Z git version 2.55.0
invalidation-liveness	UNKNOWN STEP	2026-08-31T07:38:29.7054796Z Temporarily overriding HOME='/home/runner/work/_temp/2a491205-9c38-4769-a62b-f8c28cd562b8' before making global git config changes
invalidation-liveness	UNKNOWN STEP	2026-08-31T07:38:29.7056110Z Adding repository directory to the temporary git global config as a safe directory
invalidation-liveness	UNKNOWN STEP	2026-08-31T07:38:29.7077846Z [command]/usr/bin/git config --global --add safe.directory /home/runner/work/vac-protocol/vac-protocol
invalidation-liveness	UNKNOWN STEP	2026-08-31T07:38:29.7095299Z [command]/usr/bin/git config --local --name-only --get-regexp core\.sshCommand
invalidation-liveness	UNKNOWN STEP	2026-08-31T07:38:29.7126932Z [command]/usr/bin/git submodule foreach --recursive sh -c "git config --local --name-only --get-regexp 'core\.sshCommand' && git config --local --unset-all 'core.sshCommand' || :"
invalidation-liveness	UNKNOWN STEP	2026-08-31T07:38:29.7342206Z [command]/usr/bin/git config --local --name-only --get-regexp http\.https\:\/\/github\.com\/\.extraheader
invalidation-liveness	UNKNOWN STEP	2026-08-31T07:38:29.7367421Z http.https://github.com/.extraheader
invalidation-liveness	UNKNOWN STEP	2026-08-31T07:38:29.7376694Z [command]/usr/bin/git config --local --unset-all http.https://github.com/.extraheader
invalidation-liveness	UNKNOWN STEP	2026-08-31T07:38:29.7407477Z [command]/usr/bin/git submodule foreach --recursive sh -c "git config --local --name-only --get-regexp 'http\.https\:\/\/github\.com\/\.extraheader' && git config --local --unset-all 'http.https://github.com/.extraheader' || :"
invalidation-liveness	UNKNOWN STEP	2026-08-31T07:38:29.7651609Z [command]/usr/bin/git config --local --name-only --get-regexp ^includeIf\.gitdir:
invalidation-liveness	UNKNOWN STEP	2026-08-31T07:38:29.7692411Z [command]/usr/bin/git submodule foreach --recursive git config --local --show-origin --name-only --get-regexp remote.origin.url
invalidation-liveness	UNKNOWN STEP	2026-08-31T07:38:29.8123430Z Cleaning up orphan processes
invalidation-liveness	UNKNOWN STEP	2026-08-31T07:38:29.8370985Z ##[warning]Node.js 20 is deprecated. The following actions target Node.js 20 but are being forced to run on Node.js 24: actions/checkout@v4, actions/setup-python@v5. For more information see: https://github.blog/changelog/2025-09-19-deprecation-of-node-20-on-github-actions-runners/
test (3.11)	UNKNOWN STEP	﻿2026-08-31T07:38:22.0189349Z Current runner version: '2.336.0'
test (3.11)	UNKNOWN STEP	2026-08-31T07:38:22.0223008Z ##[group]Runner Image Provisioner
test (3.11)	UNKNOWN STEP	2026-08-31T07:38:22.0224397Z Hosted Compute Agent
test (3.11)	UNKNOWN STEP	2026-08-31T07:38:22.0225553Z Version: 20260819.586
test (3.11)	UNKNOWN STEP	2026-08-31T07:38:22.0226612Z Commit: 3cc4a88dfa507ef76119ad1bb3eccc6378bb2b76
test (3.11)	UNKNOWN STEP	2026-08-31T07:38:22.0227893Z Build Date: 2026-08-18T23:20:18Z
test (3.11)	UNKNOWN STEP	2026-08-31T07:38:22.0229212Z Worker ID: {8bac54e3-2929-4a08-9f5c-96fefe4ddd55}
test (3.11)	UNKNOWN STEP	2026-08-31T07:38:22.0230423Z Azure Region: eastus
test (3.11)	UNKNOWN STEP	2026-08-31T07:38:22.0231725Z ##[endgroup]
test (3.11)	UNKNOWN STEP	2026-08-31T07:38:22.0234348Z ##[group]Operating System
test (3.11)	UNKNOWN STEP	2026-08-31T07:38:22.0235834Z Ubuntu
test (3.11)	UNKNOWN STEP	2026-08-31T07:38:22.0236908Z 24.04.4
test (3.11)	UNKNOWN STEP	2026-08-31T07:38:22.0237709Z LTS
test (3.11)	UNKNOWN STEP	2026-08-31T07:38:22.0238680Z ##[endgroup]
test (3.11)	UNKNOWN STEP	2026-08-31T07:38:22.0239601Z ##[group]Runner Image
test (3.11)	UNKNOWN STEP	2026-08-31T07:38:22.0240524Z Image: ubuntu-24.04
test (3.11)	UNKNOWN STEP	2026-08-31T07:38:22.0241918Z Version: 20260823.283.1
test (3.11)	UNKNOWN STEP	2026-08-31T07:38:22.0244068Z Included Software: https://github.com/actions/runner-images/blob/ubuntu24/20260823.283/images/ubuntu/Ubuntu2404-Readme.md
test (3.11)	UNKNOWN STEP	2026-08-31T07:38:22.0246728Z Image Release: https://github.com/actions/runner-images/releases/tag/ubuntu24%2F20260823.283
test (3.11)	UNKNOWN STEP	2026-08-31T07:38:22.0248473Z ##[endgroup]
test (3.11)	UNKNOWN STEP	2026-08-31T07:38:22.0250570Z ##[group]GITHUB_TOKEN Permissions
test (3.11)	UNKNOWN STEP	2026-08-31T07:38:22.0253801Z Contents: read
test (3.11)	UNKNOWN STEP	2026-08-31T07:38:22.0254724Z Metadata: read
test (3.11)	UNKNOWN STEP	2026-08-31T07:38:22.0256147Z Packages: read
test (3.11)	UNKNOWN STEP	2026-08-31T07:38:22.0257226Z ##[endgroup]
test (3.11)	UNKNOWN STEP	2026-08-31T07:38:22.0260344Z Secret source: Actions
test (3.11)	UNKNOWN STEP	2026-08-31T07:38:22.0262901Z Prepare workflow directory
test (3.11)	UNKNOWN STEP	2026-08-31T07:38:22.0727786Z Prepare all required actions
test (3.11)	UNKNOWN STEP	2026-08-31T07:38:22.0798644Z Getting action download info
test (3.11)	UNKNOWN STEP	2026-08-31T07:38:22.2686743Z Download action repository 'actions/checkout@v4' (SHA:11d5960a326750d5838078e36cf38b85af677262)
test (3.11)	UNKNOWN STEP	2026-08-31T07:38:22.4409548Z Download action repository 'actions/setup-python@v5' (SHA:a26af69be951a213d495a4c3e4e4022e16d87065)
test (3.11)	UNKNOWN STEP	2026-08-31T07:38:22.6318029Z Complete job name: test (3.11)
test (3.11)	UNKNOWN STEP	2026-08-31T07:38:22.7158439Z Node 20 is being deprecated. This workflow is running with Node 24 by default. If you need to temporarily use Node 20, you can set the ACTIONS_ALLOW_USE_UNSECURE_NODE_VERSION=true environment variable. For more information see: https://github.blog/changelog/2025-09-19-deprecation-of-node-20-on-github-actions-runners/
test (3.11)	UNKNOWN STEP	2026-08-31T07:38:22.7167873Z ##[group]Run actions/checkout@v4
test (3.11)	UNKNOWN STEP	2026-08-31T07:38:22.7168723Z with:
test (3.11)	UNKNOWN STEP	2026-08-31T07:38:22.7169244Z   repository: egnaro9/vac-protocol
test (3.11)	UNKNOWN STEP	2026-08-31T07:38:22.7173552Z   token: ***
test (3.11)	UNKNOWN STEP	2026-08-31T07:38:22.7174109Z   ssh-strict: true
test (3.11)	UNKNOWN STEP	2026-08-31T07:38:22.7174597Z   ssh-user: git
test (3.11)	UNKNOWN STEP	2026-08-31T07:38:22.7175094Z   persist-credentials: true
test (3.11)	UNKNOWN STEP	2026-08-31T07:38:22.7175640Z   clean: true
test (3.11)	UNKNOWN STEP	2026-08-31T07:38:22.7176146Z   sparse-checkout-cone-mode: true
test (3.11)	UNKNOWN STEP	2026-08-31T07:38:22.7176733Z   fetch-depth: 1
test (3.11)	UNKNOWN STEP	2026-08-31T07:38:22.7177231Z   fetch-tags: false
test (3.11)	UNKNOWN STEP	2026-08-31T07:38:22.7177729Z   show-progress: true
test (3.11)	UNKNOWN STEP	2026-08-31T07:38:22.7178239Z   lfs: false
test (3.11)	UNKNOWN STEP	2026-08-31T07:38:22.7178756Z   submodules: false
test (3.11)	UNKNOWN STEP	2026-08-31T07:38:22.7179265Z   set-safe-directory: true
test (3.11)	UNKNOWN STEP	2026-08-31T07:38:22.7179839Z   allow-unsafe-pr-checkout: false
test (3.11)	UNKNOWN STEP	2026-08-31T07:38:22.7180722Z ##[endgroup]
test (3.11)	UNKNOWN STEP	2026-08-31T07:38:22.8190067Z Syncing repository: egnaro9/vac-protocol
test (3.11)	UNKNOWN STEP	2026-08-31T07:38:22.8194049Z ##[group]Getting Git version info
test (3.11)	UNKNOWN STEP	2026-08-31T07:38:22.8195533Z Working directory is '/home/runner/work/vac-protocol/vac-protocol'
test (3.11)	UNKNOWN STEP	2026-08-31T07:38:22.8197816Z [command]/usr/bin/git version
test (3.11)	UNKNOWN STEP	2026-08-31T07:38:22.8274243Z git version 2.55.0
test (3.11)	UNKNOWN STEP	2026-08-31T07:38:22.8296809Z ##[endgroup]
test (3.11)	UNKNOWN STEP	2026-08-31T07:38:22.8312036Z Temporarily overriding HOME='/home/runner/work/_temp/5661a590-77ae-43fc-b991-aa5209d3d568' before making global git config changes
test (3.11)	UNKNOWN STEP	2026-08-31T07:38:22.8315181Z Adding repository directory to the temporary git global config as a safe directory
test (3.11)	UNKNOWN STEP	2026-08-31T07:38:22.8317856Z [command]/usr/bin/git config --global --add safe.directory /home/runner/work/vac-protocol/vac-protocol
test (3.11)	UNKNOWN STEP	2026-08-31T07:38:22.8376952Z Deleting the contents of '/home/runner/work/vac-protocol/vac-protocol'
test (3.11)	UNKNOWN STEP	2026-08-31T07:38:22.8381059Z ##[group]Initializing the repository
test (3.11)	UNKNOWN STEP	2026-08-31T07:38:22.8385947Z [command]/usr/bin/git init /home/runner/work/vac-protocol/vac-protocol
test (3.11)	UNKNOWN STEP	2026-08-31T07:38:22.8501726Z hint: Using 'master' as the name for the initial branch. This default branch name
test (3.11)	UNKNOWN STEP	2026-08-31T07:38:22.8503788Z hint: will change to "main" in Git 3.0. To configure the initial branch name
test (3.11)	UNKNOWN STEP	2026-08-31T07:38:22.8505722Z hint: to use in all of your new repositories, which will suppress this warning,
test (3.11)	UNKNOWN STEP	2026-08-31T07:38:22.8507340Z hint: call:
test (3.11)	UNKNOWN STEP	2026-08-31T07:38:22.8512343Z hint:
test (3.11)	UNKNOWN STEP	2026-08-31T07:38:22.8513314Z hint: 	git config --global init.defaultBranch <name>
test (3.11)	UNKNOWN STEP	2026-08-31T07:38:22.8514434Z hint:
test (3.11)	UNKNOWN STEP	2026-08-31T07:38:22.8515621Z hint: Names commonly chosen instead of 'master' are 'main', 'trunk' and
test (3.11)	UNKNOWN STEP	2026-08-31T07:38:22.8517465Z hint: 'development'. The just-created branch can be renamed via this command:
test (3.11)	UNKNOWN STEP	2026-08-31T07:38:22.8518839Z hint:
test (3.11)	UNKNOWN STEP	2026-08-31T07:38:22.8519576Z hint: 	git branch -m <name>
test (3.11)	UNKNOWN STEP	2026-08-31T07:38:22.8520491Z hint:
test (3.11)	UNKNOWN STEP	2026-08-31T07:38:22.8521947Z hint: Disable this message with "git config set advice.defaultBranchName false"
test (3.11)	UNKNOWN STEP	2026-08-31T07:38:22.8524417Z Initialized empty Git repository in /home/runner/work/vac-protocol/vac-protocol/.git/
test (3.11)	UNKNOWN STEP	2026-08-31T07:38:22.8527499Z [command]/usr/bin/git remote add origin https://github.com/egnaro9/vac-protocol
test (3.11)	UNKNOWN STEP	2026-08-31T07:38:22.8575189Z ##[endgroup]
test (3.11)	UNKNOWN STEP	2026-08-31T07:38:22.8576543Z ##[group]Disabling automatic garbage collection
test (3.11)	UNKNOWN STEP	2026-08-31T07:38:22.8578816Z [command]/usr/bin/git config --local gc.auto 0
test (3.11)	UNKNOWN STEP	2026-08-31T07:38:22.8612366Z ##[endgroup]
test (3.11)	UNKNOWN STEP	2026-08-31T07:38:22.8613361Z ##[group]Setting up auth
test (3.11)	UNKNOWN STEP	2026-08-31T07:38:22.8619722Z [command]/usr/bin/git config --local --name-only --get-regexp core\.sshCommand
test (3.11)	UNKNOWN STEP	2026-08-31T07:38:22.8668366Z [command]/usr/bin/git submodule foreach --recursive sh -c "git config --local --name-only --get-regexp 'core\.sshCommand' && git config --local --unset-all 'core.sshCommand' || :"
test (3.11)	UNKNOWN STEP	2026-08-31T07:38:22.9084211Z [command]/usr/bin/git config --local --name-only --get-regexp http\.https\:\/\/github\.com\/\.extraheader
test (3.11)	UNKNOWN STEP	2026-08-31T07:38:22.9120079Z [command]/usr/bin/git submodule foreach --recursive sh -c "git config --local --name-only --get-regexp 'http\.https\:\/\/github\.com\/\.extraheader' && git config --local --unset-all 'http.https://github.com/.extraheader' || :"
test (3.11)	UNKNOWN STEP	2026-08-31T07:38:22.9345343Z [command]/usr/bin/git config --local --name-only --get-regexp ^includeIf\.gitdir:
test (3.11)	UNKNOWN STEP	2026-08-31T07:38:22.9380778Z [command]/usr/bin/git submodule foreach --recursive git config --local --show-origin --name-only --get-regexp remote.origin.url
test (3.11)	UNKNOWN STEP	2026-08-31T07:38:22.9604034Z [command]/usr/bin/git config --local http.https://github.com/.extraheader AUTHORIZATION: basic ***
test (3.11)	UNKNOWN STEP	2026-08-31T07:38:22.9644492Z ##[endgroup]
test (3.11)	UNKNOWN STEP	2026-08-31T07:38:22.9645508Z ##[group]Fetching the repository
test (3.11)	UNKNOWN STEP	2026-08-31T07:38:22.9654768Z [command]/usr/bin/git -c protocol.version=2 fetch --no-tags --prune --no-recurse-submodules --depth=1 origin +6a05245337cbbcebf1e06180e798ad568848ad2e:refs/remotes/origin/main
test (3.11)	UNKNOWN STEP	2026-08-31T07:38:23.3658105Z From https://github.com/egnaro9/vac-protocol
test (3.11)	UNKNOWN STEP	2026-08-31T07:38:23.3660987Z  * [new ref]         6a05245337cbbcebf1e06180e798ad568848ad2e -> origin/main
test (3.11)	UNKNOWN STEP	2026-08-31T07:38:23.3667211Z ##[endgroup]
test (3.11)	UNKNOWN STEP	2026-08-31T07:38:23.3669762Z ##[group]Determining the checkout info
test (3.11)	UNKNOWN STEP	2026-08-31T07:38:23.3672837Z ##[endgroup]
test (3.11)	UNKNOWN STEP	2026-08-31T07:38:23.3675276Z [command]/usr/bin/git sparse-checkout disable
test (3.11)	UNKNOWN STEP	2026-08-31T07:38:23.3732010Z [command]/usr/bin/git config --local --unset-all extensions.worktreeConfig
test (3.11)	UNKNOWN STEP	2026-08-31T07:38:23.3764607Z ##[group]Checking out the ref
test (3.11)	UNKNOWN STEP	2026-08-31T07:38:23.3768839Z [command]/usr/bin/git checkout --progress --force -B main refs/remotes/origin/main
test (3.11)	UNKNOWN STEP	2026-08-31T07:38:23.4066303Z Switched to a new branch 'main'
test (3.11)	UNKNOWN STEP	2026-08-31T07:38:23.4074461Z branch 'main' set up to track 'origin/main'.
test (3.11)	UNKNOWN STEP	2026-08-31T07:38:23.4080677Z ##[endgroup]
test (3.11)	UNKNOWN STEP	2026-08-31T07:38:23.4123124Z [command]/usr/bin/git log -1 --format=%H
test (3.11)	UNKNOWN STEP	2026-08-31T07:38:23.4149322Z 6a05245337cbbcebf1e06180e798ad568848ad2e
test (3.11)	UNKNOWN STEP	2026-08-31T07:38:23.4538001Z Node 20 is being deprecated. This workflow is running with Node 24 by default. If you need to temporarily use Node 20, you can set the ACTIONS_ALLOW_USE_UNSECURE_NODE_VERSION=true environment variable. For more information see: https://github.blog/changelog/2025-09-19-deprecation-of-node-20-on-github-actions-runners/
test (3.11)	UNKNOWN STEP	2026-08-31T07:38:23.4544822Z ##[group]Run actions/setup-python@v5
test (3.11)	UNKNOWN STEP	2026-08-31T07:38:23.4546047Z with:
test (3.11)	UNKNOWN STEP	2026-08-31T07:38:23.4546971Z   python-version: 3.11
test (3.11)	UNKNOWN STEP	2026-08-31T07:38:23.4548016Z   check-latest: false
test (3.11)	UNKNOWN STEP	2026-08-31T07:38:23.4558402Z   token: ***
test (3.11)	UNKNOWN STEP	2026-08-31T07:38:23.4559365Z   update-environment: true
test (3.11)	UNKNOWN STEP	2026-08-31T07:38:23.4560504Z   allow-prereleases: false
test (3.11)	UNKNOWN STEP	2026-08-31T07:38:23.4561727Z   freethreaded: false
test (3.11)	UNKNOWN STEP	2026-08-31T07:38:23.4562707Z ##[endgroup]
test (3.11)	UNKNOWN STEP	2026-08-31T07:38:23.6003507Z ##[group]Installed versions
test (3.11)	UNKNOWN STEP	2026-08-31T07:38:23.6129452Z (node:2253) [DEP0040] DeprecationWarning: The `punycode` module is deprecated. Please use a userland alternative instead.
test (3.11)	UNKNOWN STEP	2026-08-31T07:38:23.6133462Z (Use `node --trace-deprecation ...` to show where the warning was created)
test (3.11)	UNKNOWN STEP	2026-08-31T07:38:23.6136255Z Successfully set up CPython (3.11.16)
test (3.11)	UNKNOWN STEP	2026-08-31T07:38:23.6139208Z ##[endgroup]
test (3.11)	UNKNOWN STEP	2026-08-31T07:38:23.6364871Z ##[group]Run pip install -e ".[test]"
test (3.11)	UNKNOWN STEP	2026-08-31T07:38:23.6366900Z ^[[36;1mpip install -e ".[test]"^[[0m
test (3.11)	UNKNOWN STEP	2026-08-31T07:38:23.6438407Z shell: /usr/bin/bash -e {0}
test (3.11)	UNKNOWN STEP	2026-08-31T07:38:23.6440102Z env:
test (3.11)	UNKNOWN STEP	2026-08-31T07:38:23.6442356Z   pythonLocation: /opt/hostedtoolcache/Python/3.11.16/x64
test (3.11)	UNKNOWN STEP	2026-08-31T07:38:23.6445355Z   PKG_CONFIG_PATH: /opt/hostedtoolcache/Python/3.11.16/x64/lib/pkgconfig
test (3.11)	UNKNOWN STEP	2026-08-31T07:38:23.6448489Z   Python_ROOT_DIR: /opt/hostedtoolcache/Python/3.11.16/x64
test (3.11)	UNKNOWN STEP	2026-08-31T07:38:23.6543274Z   Python2_ROOT_DIR: /opt/hostedtoolcache/Python/3.11.16/x64
test (3.11)	UNKNOWN STEP	2026-08-31T07:38:23.6545810Z   Python3_ROOT_DIR: /opt/hostedtoolcache/Python/3.11.16/x64
test (3.11)	UNKNOWN STEP	2026-08-31T07:38:23.6548445Z   LD_LIBRARY_PATH: /opt/hostedtoolcache/Python/3.11.16/x64/lib
test (3.11)	UNKNOWN STEP	2026-08-31T07:38:23.6550797Z ##[endgroup]
test (3.11)	UNKNOWN STEP	2026-08-31T07:38:24.4643755Z Obtaining file:///home/runner/work/vac-protocol/vac-protocol
test (3.11)	UNKNOWN STEP	2026-08-31T07:38:24.4661405Z   Installing build dependencies: started
test (3.11)	UNKNOWN STEP	2026-08-31T07:38:25.1492377Z   Installing build dependencies: finished with status 'done'
test (3.11)	UNKNOWN STEP	2026-08-31T07:38:25.1499473Z   Checking if build backend supports build_editable: started
test (3.11)	UNKNOWN STEP	2026-08-31T07:38:25.4316224Z   Checking if build backend supports build_editable: finished with status 'done'
test (3.11)	UNKNOWN STEP	2026-08-31T07:38:25.4323925Z   Getting requirements to build editable: started
test (3.11)	UNKNOWN STEP	2026-08-31T07:38:25.7250413Z   Getting requirements to build editable: finished with status 'done'
test (3.11)	UNKNOWN STEP	2026-08-31T07:38:25.7258968Z   Preparing editable metadata (pyproject.toml): started
test (3.11)	UNKNOWN STEP	2026-08-31T07:38:25.9007390Z   Preparing editable metadata (pyproject.toml): finished with status 'done'
test (3.11)	UNKNOWN STEP	2026-08-31T07:38:25.9903238Z Collecting pytest (from vac-protocol==0.1.0)
test (3.11)	UNKNOWN STEP	2026-08-31T07:38:26.0356188Z   Downloading pytest-9.1.1-py3-none-any.whl.metadata (7.6 kB)
test (3.11)	UNKNOWN STEP	2026-08-31T07:38:26.0486471Z Collecting iniconfig>=1.0.1 (from pytest->vac-protocol==0.1.0)
test (3.11)	UNKNOWN STEP	2026-08-31T07:38:26.0522558Z   Downloading iniconfig-2.3.0-py3-none-any.whl.metadata (2.5 kB)
test (3.11)	UNKNOWN STEP	2026-08-31T07:38:26.0664540Z Collecting packaging>=22 (from pytest->vac-protocol==0.1.0)
test (3.11)	UNKNOWN STEP	2026-08-31T07:38:26.0700517Z   Downloading packaging-26.3-py3-none-any.whl.metadata (3.5 kB)
test (3.11)	UNKNOWN STEP	2026-08-31T07:38:26.0818158Z Collecting pluggy<2,>=1.5 (from pytest->vac-protocol==0.1.0)
test (3.11)	UNKNOWN STEP	2026-08-31T07:38:26.0855936Z   Downloading pluggy-1.6.0-py3-none-any.whl.metadata (4.8 kB)
test (3.11)	UNKNOWN STEP	2026-08-31T07:38:26.1025359Z Collecting pygments>=2.7.2 (from pytest->vac-protocol==0.1.0)
test (3.11)	UNKNOWN STEP	2026-08-31T07:38:26.1061092Z   Downloading pygments-2.21.0-py3-none-any.whl.metadata (2.5 kB)
test (3.11)	UNKNOWN STEP	2026-08-31T07:38:26.1141386Z Downloading pytest-9.1.1-py3-none-any.whl (386 kB)
test (3.11)	UNKNOWN STEP	2026-08-31T07:38:26.1342105Z Downloading pluggy-1.6.0-py3-none-any.whl (20 kB)
test (3.11)	UNKNOWN STEP	2026-08-31T07:38:26.1405566Z Downloading iniconfig-2.3.0-py3-none-any.whl (7.5 kB)
test (3.11)	UNKNOWN STEP	2026-08-31T07:38:26.1460646Z Downloading packaging-26.3-py3-none-any.whl (129 kB)
test (3.11)	UNKNOWN STEP	2026-08-31T07:38:26.1524043Z Downloading pygments-2.21.0-py3-none-any.whl (1.3 MB)
test (3.11)	UNKNOWN STEP	2026-08-31T07:38:26.1646310Z    ━━━━━━━━━━━━━━━━━━━━━━━━━━━━━━━━━━━━━━━━ 1.3/1.3 MB 129.5 MB/s  0:00:00
test (3.11)	UNKNOWN STEP	2026-08-31T07:38:26.1872466Z Building wheels for collected packages: vac-protocol
test (3.11)	UNKNOWN STEP	2026-08-31T07:38:26.1879223Z   Building editable for vac-protocol (pyproject.toml): started
test (3.11)	UNKNOWN STEP	2026-08-31T07:38:26.3775616Z   Building editable for vac-protocol (pyproject.toml): finished with status 'done'
test (3.11)	UNKNOWN STEP	2026-08-31T07:38:26.3780527Z   Created wheel for vac-protocol: filename=vac_protocol-0.1.0-0.editable-py3-none-any.whl size=8850 sha256=ca04469513e8c40051d4678e6e7ad87fc937dbbfa5d69238f93b35e53f815c85
test (3.11)	UNKNOWN STEP	2026-08-31T07:38:26.3782473Z   Stored in directory: /tmp/pip-ephem-wheel-cache-v05_jpvq/wheels/c2/b6/47/ad3fc2a6b8a0cd36ac358c99afd0e641db30df633f424b77c4
test (3.11)	UNKNOWN STEP	2026-08-31T07:38:26.3800877Z Successfully built vac-protocol
test (3.11)	UNKNOWN STEP	2026-08-31T07:38:26.4050893Z Installing collected packages: vac-protocol, pygments, pluggy, packaging, iniconfig, pytest
test (3.11)	UNKNOWN STEP	2026-08-31T07:38:27.3683494Z 
test (3.11)	UNKNOWN STEP	2026-08-31T07:38:27.3702756Z Successfully installed iniconfig-2.3.0 packaging-26.3 pluggy-1.6.0 pygments-2.21.0 pytest-9.1.1 vac-protocol-0.1.0
test (3.11)	UNKNOWN STEP	2026-08-31T07:38:27.4302613Z ##[group]Run python -m pytest tests/ -q
test (3.11)	UNKNOWN STEP	2026-08-31T07:38:27.4302991Z ^[[36;1mpython -m pytest tests/ -q^[[0m
test (3.11)	UNKNOWN STEP	2026-08-31T07:38:27.4340559Z shell: /usr/bin/bash -e {0}
test (3.11)	UNKNOWN STEP	2026-08-31T07:38:27.4340810Z env:
test (3.11)	UNKNOWN STEP	2026-08-31T07:38:27.4341086Z   pythonLocation: /opt/hostedtoolcache/Python/3.11.16/x64
test (3.11)	UNKNOWN STEP	2026-08-31T07:38:27.4341872Z   PKG_CONFIG_PATH: /opt/hostedtoolcache/Python/3.11.16/x64/lib/pkgconfig
test (3.11)	UNKNOWN STEP	2026-08-31T07:38:27.4342329Z   Python_ROOT_DIR: /opt/hostedtoolcache/Python/3.11.16/x64
test (3.11)	UNKNOWN STEP	2026-08-31T07:38:27.4342724Z   Python2_ROOT_DIR: /opt/hostedtoolcache/Python/3.11.16/x64
test (3.11)	UNKNOWN STEP	2026-08-31T07:38:27.4343113Z   Python3_ROOT_DIR: /opt/hostedtoolcache/Python/3.11.16/x64
test (3.11)	UNKNOWN STEP	2026-08-31T07:38:27.4343497Z   LD_LIBRARY_PATH: /opt/hostedtoolcache/Python/3.11.16/x64/lib
test (3.11)	UNKNOWN STEP	2026-08-31T07:38:27.4343821Z ##[endgroup]
test (3.11)	UNKNOWN STEP	2026-08-31T07:38:29.5702962Z ....................................................xxx.s...s..x....ssss [ 19%]
test (3.11)	UNKNOWN STEP	2026-08-31T07:38:29.8907596Z ........................................................................ [ 38%]
test (3.11)	UNKNOWN STEP	2026-08-31T07:38:30.2609124Z ........................................................................ [ 57%]
test (3.11)	UNKNOWN STEP	2026-08-31T07:38:31.2142537Z .................s....................................................s. [ 76%]
test (3.11)	UNKNOWN STEP	2026-08-31T07:38:31.7602000Z ss.....sssssssssss...................................................... [ 96%]
test (3.11)	UNKNOWN STEP	2026-08-31T07:38:31.8771273Z ...............                                                          [100%]
test (3.11)	UNKNOWN STEP	2026-08-31T07:38:31.8772328Z 350 passed, 21 skipped, 4 xfailed in 4.16s
test (3.11)	UNKNOWN STEP	2026-08-31T07:38:31.9123716Z Node 20 is being deprecated. This workflow is running with Node 24 by default. If you need to temporarily use Node 20, you can set the ACTIONS_ALLOW_USE_UNSECURE_NODE_VERSION=true environment variable. For more information see: https://github.blog/changelog/2025-09-19-deprecation-of-node-20-on-github-actions-runners/
test (3.11)	UNKNOWN STEP	2026-08-31T07:38:31.9124959Z Post job cleanup.
test (3.11)	UNKNOWN STEP	2026-08-31T07:38:32.0287463Z (node:2826) [DEP0040] DeprecationWarning: The `punycode` module is deprecated. Please use a userland alternative instead.
test (3.11)	UNKNOWN STEP	2026-08-31T07:38:32.0289032Z (Use `node --trace-deprecation ...` to show where the warning was created)
test (3.11)	UNKNOWN STEP	2026-08-31T07:38:32.0477223Z Node 20 is being deprecated. This workflow is running with Node 24 by default. If you need to temporarily use Node 20, you can set the ACTIONS_ALLOW_USE_UNSECURE_NODE_VERSION=true environment variable. For more information see: https://github.blog/changelog/2025-09-19-deprecation-of-node-20-on-github-actions-runners/
test (3.11)	UNKNOWN STEP	2026-08-31T07:38:32.0478467Z Post job cleanup.
test (3.11)	UNKNOWN STEP	2026-08-31T07:38:32.1350076Z [command]/usr/bin/git version
test (3.11)	UNKNOWN STEP	2026-08-31T07:38:32.1395421Z git version 2.55.0
test (3.11)	UNKNOWN STEP	2026-08-31T07:38:32.1439301Z Temporarily overriding HOME='/home/runner/work/_temp/382986df-fb4d-4653-be52-1488de315600' before making global git config changes
test (3.11)	UNKNOWN STEP	2026-08-31T07:38:32.1440689Z Adding repository directory to the temporary git global config as a safe directory
test (3.11)	UNKNOWN STEP	2026-08-31T07:38:32.1445731Z [command]/usr/bin/git config --global --add safe.directory /home/runner/work/vac-protocol/vac-protocol
test (3.11)	UNKNOWN STEP	2026-08-31T07:38:32.1483343Z [command]/usr/bin/git config --local --name-only --get-regexp core\.sshCommand
test (3.11)	UNKNOWN STEP	2026-08-31T07:38:32.1517717Z [command]/usr/bin/git submodule foreach --recursive sh -c "git config --local --name-only --get-regexp 'core\.sshCommand' && git config --local --unset-all 'core.sshCommand' || :"
test (3.11)	UNKNOWN STEP	2026-08-31T07:38:32.1773667Z [command]/usr/bin/git config --local --name-only --get-regexp http\.https\:\/\/github\.com\/\.extraheader
test (3.11)	UNKNOWN STEP	2026-08-31T07:38:32.1799681Z http.https://github.com/.extraheader
test (3.11)	UNKNOWN STEP	2026-08-31T07:38:32.1815464Z [command]/usr/bin/git config --local --unset-all http.https://github.com/.extraheader
test (3.11)	UNKNOWN STEP	2026-08-31T07:38:32.1854688Z [command]/usr/bin/git submodule foreach --recursive sh -c "git config --local --name-only --get-regexp 'http\.https\:\/\/github\.com\/\.extraheader' && git config --local --unset-all 'http.https://github.com/.extraheader' || :"
test (3.11)	UNKNOWN STEP	2026-08-31T07:38:32.2140848Z [command]/usr/bin/git config --local --name-only --get-regexp ^includeIf\.gitdir:
test (3.11)	UNKNOWN STEP	2026-08-31T07:38:32.2189062Z [command]/usr/bin/git submodule foreach --recursive git config --local --show-origin --name-only --get-regexp remote.origin.url
test (3.11)	UNKNOWN STEP	2026-08-31T07:38:32.2589247Z Cleaning up orphan processes
test (3.11)	UNKNOWN STEP	2026-08-31T07:38:32.2856336Z ##[warning]Node.js 20 is deprecated. The following actions target Node.js 20 but are being forced to run on Node.js 24: actions/checkout@v4, actions/setup-python@v5. For more information see: https://github.blog/changelog/2025-09-19-deprecation-of-node-20-on-github-actions-runners/
test (3.12)	UNKNOWN STEP	﻿2026-08-31T07:38:22.3212965Z Current runner version: '2.336.0'
test (3.12)	UNKNOWN STEP	2026-08-31T07:38:22.3240792Z ##[group]Runner Image Provisioner
test (3.12)	UNKNOWN STEP	2026-08-31T07:38:22.3241893Z Hosted Compute Agent
test (3.12)	UNKNOWN STEP	2026-08-31T07:38:22.3242570Z Version: 20260819.586
test (3.12)	UNKNOWN STEP	2026-08-31T07:38:22.3243257Z Commit: 3cc4a88dfa507ef76119ad1bb3eccc6378bb2b76
test (3.12)	UNKNOWN STEP	2026-08-31T07:38:22.3244017Z Build Date: 2026-08-18T23:20:18Z
test (3.12)	UNKNOWN STEP	2026-08-31T07:38:22.3244847Z Worker ID: {a5fbf718-9d62-4adf-9ec9-295b7d2bbba8}
test (3.12)	UNKNOWN STEP	2026-08-31T07:38:22.3245627Z Azure Region: northcentralus
test (3.12)	UNKNOWN STEP	2026-08-31T07:38:22.3246293Z ##[endgroup]
test (3.12)	UNKNOWN STEP	2026-08-31T07:38:22.3248069Z ##[group]Operating System
test (3.12)	UNKNOWN STEP	2026-08-31T07:38:22.3248856Z Ubuntu
test (3.12)	UNKNOWN STEP	2026-08-31T07:38:22.3249511Z 24.04.4
test (3.12)	UNKNOWN STEP	2026-08-31T07:38:22.3250091Z LTS
test (3.12)	UNKNOWN STEP	2026-08-31T07:38:22.3250986Z ##[endgroup]
test (3.12)	UNKNOWN STEP	2026-08-31T07:38:22.3251640Z ##[group]Runner Image
test (3.12)	UNKNOWN STEP	2026-08-31T07:38:22.3252274Z Image: ubuntu-24.04
test (3.12)	UNKNOWN STEP	2026-08-31T07:38:22.3252966Z Version: 20260823.283.1
test (3.12)	UNKNOWN STEP	2026-08-31T07:38:22.3254319Z Included Software: https://github.com/actions/runner-images/blob/ubuntu24/20260823.283/images/ubuntu/Ubuntu2404-Readme.md
test (3.12)	UNKNOWN STEP	2026-08-31T07:38:22.3257171Z Image Release: https://github.com/actions/runner-images/releases/tag/ubuntu24%2F20260823.283
test (3.12)	UNKNOWN STEP	2026-08-31T07:38:22.3258899Z ##[endgroup]
test (3.12)	UNKNOWN STEP	2026-08-31T07:38:22.3260768Z ##[group]GITHUB_TOKEN Permissions
test (3.12)	UNKNOWN STEP	2026-08-31T07:38:22.3263584Z Contents: read
test (3.12)	UNKNOWN STEP	2026-08-31T07:38:22.3264309Z Metadata: read
test (3.12)	UNKNOWN STEP	2026-08-31T07:38:22.3264910Z Packages: read
test (3.12)	UNKNOWN STEP	2026-08-31T07:38:22.3265474Z ##[endgroup]
test (3.12)	UNKNOWN STEP	2026-08-31T07:38:22.3268447Z Secret source: Actions
test (3.12)	UNKNOWN STEP	2026-08-31T07:38:22.3269614Z Prepare workflow directory
test (3.12)	UNKNOWN STEP	2026-08-31T07:38:22.3625717Z Prepare all required actions
test (3.12)	UNKNOWN STEP	2026-08-31T07:38:22.3675269Z Getting action download info
test (3.12)	UNKNOWN STEP	2026-08-31T07:38:22.5896193Z Download action repository 'actions/checkout@v4' (SHA:11d5960a326750d5838078e36cf38b85af677262)
test (3.12)	UNKNOWN STEP	2026-08-31T07:38:22.7265426Z Download action repository 'actions/setup-python@v5' (SHA:a26af69be951a213d495a4c3e4e4022e16d87065)
test (3.12)	UNKNOWN STEP	2026-08-31T07:38:22.9150956Z Complete job name: test (3.12)
test (3.12)	UNKNOWN STEP	2026-08-31T07:38:22.9970058Z Node 20 is being deprecated. This workflow is running with Node 24 by default. If you need to temporarily use Node 20, you can set the ACTIONS_ALLOW_USE_UNSECURE_NODE_VERSION=true environment variable. For more information see: https://github.blog/changelog/2025-09-19-deprecation-of-node-20-on-github-actions-runners/
test (3.12)	UNKNOWN STEP	2026-08-31T07:38:22.9979027Z ##[group]Run actions/checkout@v4
test (3.12)	UNKNOWN STEP	2026-08-31T07:38:22.9979749Z with:
test (3.12)	UNKNOWN STEP	2026-08-31T07:38:22.9980209Z   repository: egnaro9/vac-protocol
test (3.12)	UNKNOWN STEP	2026-08-31T07:38:22.9984455Z   token: ***
test (3.12)	UNKNOWN STEP	2026-08-31T07:38:22.9984922Z   ssh-strict: true
test (3.12)	UNKNOWN STEP	2026-08-31T07:38:22.9985386Z   ssh-user: git
test (3.12)	UNKNOWN STEP	2026-08-31T07:38:22.9985858Z   persist-credentials: true
test (3.12)	UNKNOWN STEP	2026-08-31T07:38:22.9986361Z   clean: true
test (3.12)	UNKNOWN STEP	2026-08-31T07:38:22.9986823Z   sparse-checkout-cone-mode: true
test (3.12)	UNKNOWN STEP	2026-08-31T07:38:22.9987360Z   fetch-depth: 1
test (3.12)	UNKNOWN STEP	2026-08-31T07:38:22.9987804Z   fetch-tags: false
test (3.12)	UNKNOWN STEP	2026-08-31T07:38:22.9988421Z   show-progress: true
test (3.12)	UNKNOWN STEP	2026-08-31T07:38:22.9988881Z   lfs: false
test (3.12)	UNKNOWN STEP	2026-08-31T07:38:22.9989374Z   submodules: false
test (3.12)	UNKNOWN STEP	2026-08-31T07:38:22.9989850Z   set-safe-directory: true
test (3.12)	UNKNOWN STEP	2026-08-31T07:38:22.9990381Z   allow-unsafe-pr-checkout: false
test (3.12)	UNKNOWN STEP	2026-08-31T07:38:22.9991114Z ##[endgroup]
test (3.12)	UNKNOWN STEP	2026-08-31T07:38:23.1081307Z Syncing repository: egnaro9/vac-protocol
test (3.12)	UNKNOWN STEP	2026-08-31T07:38:23.1084716Z ##[group]Getting Git version info
test (3.12)	UNKNOWN STEP	2026-08-31T07:38:23.1085977Z Working directory is '/home/runner/work/vac-protocol/vac-protocol'
test (3.12)	UNKNOWN STEP	2026-08-31T07:38:23.1087409Z [command]/usr/bin/git version
test (3.12)	UNKNOWN STEP	2026-08-31T07:38:23.1136706Z git version 2.55.0
test (3.12)	UNKNOWN STEP	2026-08-31T07:38:23.1156661Z ##[endgroup]
test (3.12)	UNKNOWN STEP	2026-08-31T07:38:23.1173672Z Temporarily overriding HOME='/home/runner/work/_temp/26ff760e-cc33-445c-a593-ef7d99ae1ae6' before making global git config changes
test (3.12)	UNKNOWN STEP	2026-08-31T07:38:23.1175931Z Adding repository directory to the temporary git global config as a safe directory
test (3.12)	UNKNOWN STEP	2026-08-31T07:38:23.1180245Z [command]/usr/bin/git config --global --add safe.directory /home/runner/work/vac-protocol/vac-protocol
test (3.12)	UNKNOWN STEP	2026-08-31T07:38:23.1231281Z Deleting the contents of '/home/runner/work/vac-protocol/vac-protocol'
test (3.12)	UNKNOWN STEP	2026-08-31T07:38:23.1236725Z ##[group]Initializing the repository
test (3.12)	UNKNOWN STEP	2026-08-31T07:38:23.1243060Z [command]/usr/bin/git init /home/runner/work/vac-protocol/vac-protocol
test (3.12)	UNKNOWN STEP	2026-08-31T07:38:23.1319243Z hint: Using 'master' as the name for the initial branch. This default branch name
test (3.12)	UNKNOWN STEP	2026-08-31T07:38:23.1321014Z hint: will change to "main" in Git 3.0. To configure the initial branch name
test (3.12)	UNKNOWN STEP	2026-08-31T07:38:23.1322733Z hint: to use in all of your new repositories, which will suppress this warning,
test (3.12)	UNKNOWN STEP	2026-08-31T07:38:23.1324080Z hint: call:
test (3.12)	UNKNOWN STEP	2026-08-31T07:38:23.1324893Z hint:
test (3.12)	UNKNOWN STEP	2026-08-31T07:38:23.1325854Z hint: 	git config --global init.defaultBranch <name>
test (3.12)	UNKNOWN STEP	2026-08-31T07:38:23.1327029Z hint:
test (3.12)	UNKNOWN STEP	2026-08-31T07:38:23.1328360Z hint: Names commonly chosen instead of 'master' are 'main', 'trunk' and
test (3.12)	UNKNOWN STEP	2026-08-31T07:38:23.1330043Z hint: 'development'. The just-created branch can be renamed via this command:
test (3.12)	UNKNOWN STEP	2026-08-31T07:38:23.1332601Z hint:
test (3.12)	UNKNOWN STEP	2026-08-31T07:38:23.1333449Z hint: 	git branch -m <name>
test (3.12)	UNKNOWN STEP	2026-08-31T07:38:23.1334559Z hint:
test (3.12)	UNKNOWN STEP	2026-08-31T07:38:23.1335759Z hint: Disable this message with "git config set advice.defaultBranchName false"
test (3.12)	UNKNOWN STEP	2026-08-31T07:38:23.1337771Z Initialized empty Git repository in /home/runner/work/vac-protocol/vac-protocol/.git/
test (3.12)	UNKNOWN STEP	2026-08-31T07:38:23.1341386Z [command]/usr/bin/git remote add origin https://github.com/egnaro9/vac-protocol
test (3.12)	UNKNOWN STEP	2026-08-31T07:38:23.1378745Z ##[endgroup]
test (3.12)	UNKNOWN STEP	2026-08-31T07:38:23.1379934Z ##[group]Disabling automatic garbage collection
test (3.12)	UNKNOWN STEP	2026-08-31T07:38:23.1383851Z [command]/usr/bin/git config --local gc.auto 0
test (3.12)	UNKNOWN STEP	2026-08-31T07:38:23.1420340Z ##[endgroup]
test (3.12)	UNKNOWN STEP	2026-08-31T07:38:23.1421484Z ##[group]Setting up auth
test (3.12)	UNKNOWN STEP	2026-08-31T07:38:23.1428674Z [command]/usr/bin/git config --local --name-only --get-regexp core\.sshCommand
test (3.12)	UNKNOWN STEP	2026-08-31T07:38:23.1468312Z [command]/usr/bin/git submodule foreach --recursive sh -c "git config --local --name-only --get-regexp 'core\.sshCommand' && git config --local --unset-all 'core.sshCommand' || :"
test (3.12)	UNKNOWN STEP	2026-08-31T07:38:23.1830761Z [command]/usr/bin/git config --local --name-only --get-regexp http\.https\:\/\/github\.com\/\.extraheader
test (3.12)	UNKNOWN STEP	2026-08-31T07:38:23.1875863Z [command]/usr/bin/git submodule foreach --recursive sh -c "git config --local --name-only --get-regexp 'http\.https\:\/\/github\.com\/\.extraheader' && git config --local --unset-all 'http.https://github.com/.extraheader' || :"
test (3.12)	UNKNOWN STEP	2026-08-31T07:38:23.2139341Z [command]/usr/bin/git config --local --name-only --get-regexp ^includeIf\.gitdir:
test (3.12)	UNKNOWN STEP	2026-08-31T07:38:23.2182042Z [command]/usr/bin/git submodule foreach --recursive git config --local --show-origin --name-only --get-regexp remote.origin.url
test (3.12)	UNKNOWN STEP	2026-08-31T07:38:23.2436687Z [command]/usr/bin/git config --local http.https://github.com/.extraheader AUTHORIZATION: basic ***
test (3.12)	UNKNOWN STEP	2026-08-31T07:38:23.2481343Z ##[endgroup]
test (3.12)	UNKNOWN STEP	2026-08-31T07:38:23.2482229Z ##[group]Fetching the repository
test (3.12)	UNKNOWN STEP	2026-08-31T07:38:23.2492085Z [command]/usr/bin/git -c protocol.version=2 fetch --no-tags --prune --no-recurse-submodules --depth=1 origin +6a05245337cbbcebf1e06180e798ad568848ad2e:refs/remotes/origin/main
test (3.12)	UNKNOWN STEP	2026-08-31T07:38:23.7576300Z From https://github.com/egnaro9/vac-protocol
test (3.12)	UNKNOWN STEP	2026-08-31T07:38:23.7578807Z  * [new ref]         6a05245337cbbcebf1e06180e798ad568848ad2e -> origin/main
test (3.12)	UNKNOWN STEP	2026-08-31T07:38:23.7581990Z ##[endgroup]
test (3.12)	UNKNOWN STEP	2026-08-31T07:38:23.7583262Z ##[group]Determining the checkout info
test (3.12)	UNKNOWN STEP	2026-08-31T07:38:23.7584723Z ##[endgroup]
test (3.12)	UNKNOWN STEP	2026-08-31T07:38:23.7588643Z [command]/usr/bin/git sparse-checkout disable
test (3.12)	UNKNOWN STEP	2026-08-31T07:38:23.7643470Z [command]/usr/bin/git config --local --unset-all extensions.worktreeConfig
test (3.12)	UNKNOWN STEP	2026-08-31T07:38:23.7680859Z ##[group]Checking out the ref
test (3.12)	UNKNOWN STEP	2026-08-31T07:38:23.7685703Z [command]/usr/bin/git checkout --progress --force -B main refs/remotes/origin/main
test (3.12)	UNKNOWN STEP	2026-08-31T07:38:23.7997395Z Switched to a new branch 'main'
test (3.12)	UNKNOWN STEP	2026-08-31T07:38:23.8001412Z branch 'main' set up to track 'origin/main'.
test (3.12)	UNKNOWN STEP	2026-08-31T07:38:23.8010676Z ##[endgroup]
test (3.12)	UNKNOWN STEP	2026-08-31T07:38:23.8057408Z [command]/usr/bin/git log -1 --format=%H
test (3.12)	UNKNOWN STEP	2026-08-31T07:38:23.8088189Z 6a05245337cbbcebf1e06180e798ad568848ad2e
test (3.12)	UNKNOWN STEP	2026-08-31T07:38:23.8486785Z Node 20 is being deprecated. This workflow is running with Node 24 by default. If you need to temporarily use Node 20, you can set the ACTIONS_ALLOW_USE_UNSECURE_NODE_VERSION=true environment variable. For more information see: https://github.blog/changelog/2025-09-19-deprecation-of-node-20-on-github-actions-runners/
test (3.12)	UNKNOWN STEP	2026-08-31T07:38:23.8493607Z ##[group]Run actions/setup-python@v5
test (3.12)	UNKNOWN STEP	2026-08-31T07:38:23.8494838Z with:
test (3.12)	UNKNOWN STEP	2026-08-31T07:38:23.8495772Z   python-version: 3.12
test (3.12)	UNKNOWN STEP	2026-08-31T07:38:23.8496819Z   check-latest: false
test (3.12)	UNKNOWN STEP	2026-08-31T07:38:23.8507099Z   token: ***
test (3.12)	UNKNOWN STEP	2026-08-31T07:38:23.8508184Z   update-environment: true
test (3.12)	UNKNOWN STEP	2026-08-31T07:38:23.8509340Z   allow-prereleases: false
test (3.12)	UNKNOWN STEP	2026-08-31T07:38:23.8510443Z   freethreaded: false
test (3.12)	UNKNOWN STEP	2026-08-31T07:38:23.8511433Z ##[endgroup]
test (3.12)	UNKNOWN STEP	2026-08-31T07:38:23.9890165Z ##[group]Installed versions
test (3.12)	UNKNOWN STEP	2026-08-31T07:38:23.9975663Z (node:2236) [DEP0040] DeprecationWarning: The `punycode` module is deprecated. Please use a userland alternative instead.
test (3.12)	UNKNOWN STEP	2026-08-31T07:38:23.9979903Z (Use `node --trace-deprecation ...` to show where the warning was created)
test (3.12)	UNKNOWN STEP	2026-08-31T07:38:23.9982333Z Successfully set up CPython (3.12.14)
test (3.12)	UNKNOWN STEP	2026-08-31T07:38:23.9984857Z ##[endgroup]
test (3.12)	UNKNOWN STEP	2026-08-31T07:38:24.0287398Z ##[group]Run pip install -e ".[test]"
test (3.12)	UNKNOWN STEP	2026-08-31T07:38:24.0289459Z ^[[36;1mpip install -e ".[test]"^[[0m
test (3.12)	UNKNOWN STEP	2026-08-31T07:38:24.0373958Z shell: /usr/bin/bash -e {0}
test (3.12)	UNKNOWN STEP	2026-08-31T07:38:24.0375384Z env:
test (3.12)	UNKNOWN STEP	2026-08-31T07:38:24.0455710Z   pythonLocation: /opt/hostedtoolcache/Python/3.12.14/x64
test (3.12)	UNKNOWN STEP	2026-08-31T07:38:24.0458835Z   PKG_CONFIG_PATH: /opt/hostedtoolcache/Python/3.12.14/x64/lib/pkgconfig
test (3.12)	UNKNOWN STEP	2026-08-31T07:38:24.0461371Z   Python_ROOT_DIR: /opt/hostedtoolcache/Python/3.12.14/x64
test (3.12)	UNKNOWN STEP	2026-08-31T07:38:24.0463697Z   Python2_ROOT_DIR: /opt/hostedtoolcache/Python/3.12.14/x64
test (3.12)	UNKNOWN STEP	2026-08-31T07:38:24.0466190Z   Python3_ROOT_DIR: /opt/hostedtoolcache/Python/3.12.14/x64
test (3.12)	UNKNOWN STEP	2026-08-31T07:38:24.0469126Z   LD_LIBRARY_PATH: /opt/hostedtoolcache/Python/3.12.14/x64/lib
test (3.12)	UNKNOWN STEP	2026-08-31T07:38:24.0471249Z ##[endgroup]
test (3.12)	UNKNOWN STEP	2026-08-31T07:38:24.7343553Z Obtaining file:///home/runner/work/vac-protocol/vac-protocol
test (3.12)	UNKNOWN STEP	2026-08-31T07:38:24.7360993Z   Installing build dependencies: started
test (3.12)	UNKNOWN STEP	2026-08-31T07:38:25.5218631Z   Installing build dependencies: finished with status 'done'
test (3.12)	UNKNOWN STEP	2026-08-31T07:38:25.5223917Z   Checking if build backend supports build_editable: started
test (3.12)	UNKNOWN STEP	2026-08-31T07:38:25.8672557Z   Checking if build backend supports build_editable: finished with status 'done'
test (3.12)	UNKNOWN STEP	2026-08-31T07:38:25.8681078Z   Getting requirements to build editable: started
test (3.12)	UNKNOWN STEP	2026-08-31T07:38:26.2354856Z   Getting requirements to build editable: finished with status 'done'
test (3.12)	UNKNOWN STEP	2026-08-31T07:38:26.2366271Z   Preparing editable metadata (pyproject.toml): started
test (3.12)	UNKNOWN STEP	2026-08-31T07:38:26.4417624Z   Preparing editable metadata (pyproject.toml): finished with status 'done'
test (3.12)	UNKNOWN STEP	2026-08-31T07:38:26.5268831Z Collecting pytest (from vac-protocol==0.1.0)
test (3.12)	UNKNOWN STEP	2026-08-31T07:38:26.5717069Z   Downloading pytest-9.1.1-py3-none-any.whl.metadata (7.6 kB)
test (3.12)	UNKNOWN STEP	2026-08-31T07:38:26.5838225Z Collecting iniconfig>=1.0.1 (from pytest->vac-protocol==0.1.0)
test (3.12)	UNKNOWN STEP	2026-08-31T07:38:26.5871409Z   Downloading iniconfig-2.3.0-py3-none-any.whl.metadata (2.5 kB)
test (3.12)	UNKNOWN STEP	2026-08-31T07:38:26.6005200Z Collecting packaging>=22 (from pytest->vac-protocol==0.1.0)
test (3.12)	UNKNOWN STEP	2026-08-31T07:38:26.6038993Z   Downloading packaging-26.3-py3-none-any.whl.metadata (3.5 kB)
test (3.12)	UNKNOWN STEP	2026-08-31T07:38:26.6148658Z Collecting pluggy<2,>=1.5 (from pytest->vac-protocol==0.1.0)
test (3.12)	UNKNOWN STEP	2026-08-31T07:38:26.6181788Z   Downloading pluggy-1.6.0-py3-none-any.whl.metadata (4.8 kB)
test (3.12)	UNKNOWN STEP	2026-08-31T07:38:26.6345036Z Collecting pygments>=2.7.2 (from pytest->vac-protocol==0.1.0)
test (3.12)	UNKNOWN STEP	2026-08-31T07:38:26.6379596Z   Downloading pygments-2.21.0-py3-none-any.whl.metadata (2.5 kB)
test (3.12)	UNKNOWN STEP	2026-08-31T07:38:26.6457529Z Downloading pytest-9.1.1-py3-none-any.whl (386 kB)
test (3.12)	UNKNOWN STEP	2026-08-31T07:38:26.6693134Z Downloading pluggy-1.6.0-py3-none-any.whl (20 kB)
test (3.12)	UNKNOWN STEP	2026-08-31T07:38:26.6745047Z Downloading iniconfig-2.3.0-py3-none-any.whl (7.5 kB)
test (3.12)	UNKNOWN STEP	2026-08-31T07:38:26.6795871Z Downloading packaging-26.3-py3-none-any.whl (129 kB)
test (3.12)	UNKNOWN STEP	2026-08-31T07:38:26.6866647Z Downloading pygments-2.21.0-py3-none-any.whl (1.3 MB)
test (3.12)	UNKNOWN STEP	2026-08-31T07:38:26.7103838Z    ━━━━━━━━━━━━━━━━━━━━━━━━━━━━━━━━━━━━━━━━ 1.3/1.3 MB 58.0 MB/s  0:00:00
test (3.12)	UNKNOWN STEP	2026-08-31T07:38:26.7283214Z Building wheels for collected packages: vac-protocol
test (3.12)	UNKNOWN STEP	2026-08-31T07:38:26.7291295Z   Building editable for vac-protocol (pyproject.toml): started
test (3.12)	UNKNOWN STEP	2026-08-31T07:38:26.9615476Z   Building editable for vac-protocol (pyproject.toml): finished with status 'done'
test (3.12)	UNKNOWN STEP	2026-08-31T07:38:26.9620750Z   Created wheel for vac-protocol: filename=vac_protocol-0.1.0-0.editable-py3-none-any.whl size=8850 sha256=ca04469513e8c40051d4678e6e7ad87fc937dbbfa5d69238f93b35e53f815c85
test (3.12)	UNKNOWN STEP	2026-08-31T07:38:26.9622560Z   Stored in directory: /tmp/pip-ephem-wheel-cache-9klgl4_a/wheels/31/93/c0/4effb33ea68d4321a176d9cb097b94ea8b1be9d534ea861dec
test (3.12)	UNKNOWN STEP	2026-08-31T07:38:26.9653183Z Successfully built vac-protocol
test (3.12)	UNKNOWN STEP	2026-08-31T07:38:26.9913912Z Installing collected packages: vac-protocol, pygments, pluggy, packaging, iniconfig, pytest
test (3.12)	UNKNOWN STEP	2026-08-31T07:38:28.1976553Z 
test (3.12)	UNKNOWN STEP	2026-08-31T07:38:28.1990246Z Successfully installed iniconfig-2.3.0 packaging-26.3 pluggy-1.6.0 pygments-2.21.0 pytest-9.1.1 vac-protocol-0.1.0
test (3.12)	UNKNOWN STEP	2026-08-31T07:38:28.2738156Z ##[group]Run python -m pytest tests/ -q
test (3.12)	UNKNOWN STEP	2026-08-31T07:38:28.2738565Z ^[[36;1mpython -m pytest tests/ -q^[[0m
test (3.12)	UNKNOWN STEP	2026-08-31T07:38:28.2782326Z shell: /usr/bin/bash -e {0}
test (3.12)	UNKNOWN STEP	2026-08-31T07:38:28.2782610Z env:
test (3.12)	UNKNOWN STEP	2026-08-31T07:38:28.2782920Z   pythonLocation: /opt/hostedtoolcache/Python/3.12.14/x64
test (3.12)	UNKNOWN STEP	2026-08-31T07:38:28.2783396Z   PKG_CONFIG_PATH: /opt/hostedtoolcache/Python/3.12.14/x64/lib/pkgconfig
test (3.12)	UNKNOWN STEP	2026-08-31T07:38:28.2783852Z   Python_ROOT_DIR: /opt/hostedtoolcache/Python/3.12.14/x64
test (3.12)	UNKNOWN STEP	2026-08-31T07:38:28.2784253Z   Python2_ROOT_DIR: /opt/hostedtoolcache/Python/3.12.14/x64
test (3.12)	UNKNOWN STEP	2026-08-31T07:38:28.2784655Z   Python3_ROOT_DIR: /opt/hostedtoolcache/Python/3.12.14/x64
test (3.12)	UNKNOWN STEP	2026-08-31T07:38:28.2785055Z   LD_LIBRARY_PATH: /opt/hostedtoolcache/Python/3.12.14/x64/lib
test (3.12)	UNKNOWN STEP	2026-08-31T07:38:28.2785398Z ##[endgroup]
test (3.12)	UNKNOWN STEP	2026-08-31T07:38:30.8064359Z ....................................................xxx.s...s..x....ssss [ 19%]
test (3.12)	UNKNOWN STEP	2026-08-31T07:38:31.1957635Z ........................................................................ [ 38%]
test (3.12)	UNKNOWN STEP	2026-08-31T07:38:31.6550196Z ........................................................................ [ 57%]
test (3.12)	UNKNOWN STEP	2026-08-31T07:38:32.8188588Z .................s....................................................s. [ 76%]
test (3.12)	UNKNOWN STEP	2026-08-31T07:38:33.4898686Z ss.....sssssssssss...................................................... [ 96%]
test (3.12)	UNKNOWN STEP	2026-08-31T07:38:33.6398653Z ...............                                                          [100%]
test (3.12)	UNKNOWN STEP	2026-08-31T07:38:33.6399563Z 350 passed, 21 skipped, 4 xfailed in 5.07s
test (3.12)	UNKNOWN STEP	2026-08-31T07:38:33.6894169Z Node 20 is being deprecated. This workflow is running with Node 24 by default. If you need to temporarily use Node 20, you can set the ACTIONS_ALLOW_USE_UNSECURE_NODE_VERSION=true environment variable. For more information see: https://github.blog/changelog/2025-09-19-deprecation-of-node-20-on-github-actions-runners/
test (3.12)	UNKNOWN STEP	2026-08-31T07:38:33.6895358Z Post job cleanup.
test (3.12)	UNKNOWN STEP	2026-08-31T07:38:33.8113674Z (node:2810) [DEP0040] DeprecationWarning: The `punycode` module is deprecated. Please use a userland alternative instead.
test (3.12)	UNKNOWN STEP	2026-08-31T07:38:33.8114523Z (Use `node --trace-deprecation ...` to show where the warning was created)
test (3.12)	UNKNOWN STEP	2026-08-31T07:38:33.8323399Z Node 20 is being deprecated. This workflow is running with Node 24 by default. If you need to temporarily use Node 20, you can set the ACTIONS_ALLOW_USE_UNSECURE_NODE_VERSION=true environment variable. For more information see: https://github.blog/changelog/2025-09-19-deprecation-of-node-20-on-github-actions-runners/
test (3.12)	UNKNOWN STEP	2026-08-31T07:38:33.8324643Z Post job cleanup.
test (3.12)	UNKNOWN STEP	2026-08-31T07:38:33.9270716Z [command]/usr/bin/git version
test (3.12)	UNKNOWN STEP	2026-08-31T07:38:33.9316130Z git version 2.55.0
test (3.12)	UNKNOWN STEP	2026-08-31T07:38:33.9393839Z Temporarily overriding HOME='/home/runner/work/_temp/96cc6000-0af4-49b6-9469-3969e4463fb0' before making global git config changes
test (3.12)	UNKNOWN STEP	2026-08-31T07:38:33.9395168Z Adding repository directory to the temporary git global config as a safe directory
test (3.12)	UNKNOWN STEP	2026-08-31T07:38:33.9398862Z [command]/usr/bin/git config --global --add safe.directory /home/runner/work/vac-protocol/vac-protocol
test (3.12)	UNKNOWN STEP	2026-08-31T07:38:33.9456661Z [command]/usr/bin/git config --local --name-only --get-regexp core\.sshCommand
test (3.12)	UNKNOWN STEP	2026-08-31T07:38:33.9498888Z [command]/usr/bin/git submodule foreach --recursive sh -c "git config --local --name-only --get-regexp 'core\.sshCommand' && git config --local --unset-all 'core.sshCommand' || :"
test (3.12)	UNKNOWN STEP	2026-08-31T07:38:33.9781386Z [command]/usr/bin/git config --local --name-only --get-regexp http\.https\:\/\/github\.com\/\.extraheader
test (3.12)	UNKNOWN STEP	2026-08-31T07:38:33.9810950Z http.https://github.com/.extraheader
test (3.12)	UNKNOWN STEP	2026-08-31T07:38:33.9824661Z [command]/usr/bin/git config --local --unset-all http.https://github.com/.extraheader
test (3.12)	UNKNOWN STEP	2026-08-31T07:38:33.9876803Z [command]/usr/bin/git submodule foreach --recursive sh -c "git config --local --name-only --get-regexp 'http\.https\:\/\/github\.com\/\.extraheader' && git config --local --unset-all 'http.https://github.com/.extraheader' || :"
test (3.12)	UNKNOWN STEP	2026-08-31T07:38:34.0149583Z [command]/usr/bin/git config --local --name-only --get-regexp ^includeIf\.gitdir:
test (3.12)	UNKNOWN STEP	2026-08-31T07:38:34.0197448Z [command]/usr/bin/git submodule foreach --recursive git config --local --show-origin --name-only --get-regexp remote.origin.url
test (3.12)	UNKNOWN STEP	2026-08-31T07:38:34.0624646Z Cleaning up orphan processes
test (3.12)	UNKNOWN STEP	2026-08-31T07:38:34.0924183Z ##[warning]Node.js 20 is deprecated. The following actions target Node.js 20 but are being forced to run on Node.js 24: actions/checkout@v4, actions/setup-python@v5. For more information see: https://github.blog/changelog/2025-09-19-deprecation-of-node-20-on-github-actions-runners/
refusal-coverage	UNKNOWN STEP	﻿2026-08-31T07:38:22.8736308Z Current runner version: '2.336.0'
refusal-coverage	UNKNOWN STEP	2026-08-31T07:38:22.8763233Z ##[group]Runner Image Provisioner
refusal-coverage	UNKNOWN STEP	2026-08-31T07:38:22.8764164Z Hosted Compute Agent
refusal-coverage	UNKNOWN STEP	2026-08-31T07:38:22.8764738Z Version: 20260819.586
refusal-coverage	UNKNOWN STEP	2026-08-31T07:38:22.8765455Z Commit: 3cc4a88dfa507ef76119ad1bb3eccc6378bb2b76
refusal-coverage	UNKNOWN STEP	2026-08-31T07:38:22.8766522Z Build Date: 2026-08-18T23:20:18Z
refusal-coverage	UNKNOWN STEP	2026-08-31T07:38:22.8767249Z Worker ID: {b7e6857a-e9b2-4cc3-a2e2-7a2332e70fb3}
refusal-coverage	UNKNOWN STEP	2026-08-31T07:38:22.8768047Z Azure Region: westus
refusal-coverage	UNKNOWN STEP	2026-08-31T07:38:22.8768948Z ##[endgroup]
refusal-coverage	UNKNOWN STEP	2026-08-31T07:38:22.8770597Z ##[group]Operating System
refusal-coverage	UNKNOWN STEP	2026-08-31T07:38:22.8771246Z Ubuntu
refusal-coverage	UNKNOWN STEP	2026-08-31T07:38:22.8771815Z 24.04.4
refusal-coverage	UNKNOWN STEP	2026-08-31T07:38:22.8772412Z LTS
refusal-coverage	UNKNOWN STEP	2026-08-31T07:38:22.8772905Z ##[endgroup]
refusal-coverage	UNKNOWN STEP	2026-08-31T07:38:22.8773515Z ##[group]Runner Image
refusal-coverage	UNKNOWN STEP	2026-08-31T07:38:22.8774113Z Image: ubuntu-24.04
refusal-coverage	UNKNOWN STEP	2026-08-31T07:38:22.8774709Z Version: 20260823.283.1
refusal-coverage	UNKNOWN STEP	2026-08-31T07:38:22.8776238Z Included Software: https://github.com/actions/runner-images/blob/ubuntu24/20260823.283/images/ubuntu/Ubuntu2404-Readme.md
refusal-coverage	UNKNOWN STEP	2026-08-31T07:38:22.8777857Z Image Release: https://github.com/actions/runner-images/releases/tag/ubuntu24%2F20260823.283
refusal-coverage	UNKNOWN STEP	2026-08-31T07:38:22.8778826Z ##[endgroup]
refusal-coverage	UNKNOWN STEP	2026-08-31T07:38:22.8780112Z ##[group]GITHUB_TOKEN Permissions
refusal-coverage	UNKNOWN STEP	2026-08-31T07:38:22.8782308Z Contents: read
refusal-coverage	UNKNOWN STEP	2026-08-31T07:38:22.8782998Z Metadata: read
refusal-coverage	UNKNOWN STEP	2026-08-31T07:38:22.8783580Z Packages: read
refusal-coverage	UNKNOWN STEP	2026-08-31T07:38:22.8784124Z ##[endgroup]
refusal-coverage	UNKNOWN STEP	2026-08-31T07:38:22.8786827Z Secret source: Actions
refusal-coverage	UNKNOWN STEP	2026-08-31T07:38:22.8788198Z Prepare workflow directory
refusal-coverage	UNKNOWN STEP	2026-08-31T07:38:22.9138663Z Prepare all required actions
refusal-coverage	UNKNOWN STEP	2026-08-31T07:38:22.9188319Z Getting action download info
refusal-coverage	UNKNOWN STEP	2026-08-31T07:38:23.2866018Z Download action repository 'actions/checkout@v4' (SHA:11d5960a326750d5838078e36cf38b85af677262)
refusal-coverage	UNKNOWN STEP	2026-08-31T07:38:23.4167786Z Download action repository 'actions/setup-python@v5' (SHA:a26af69be951a213d495a4c3e4e4022e16d87065)
refusal-coverage	UNKNOWN STEP	2026-08-31T07:38:23.6652622Z Complete job name: refusal-coverage
refusal-coverage	UNKNOWN STEP	2026-08-31T07:38:23.7637760Z Node 20 is being deprecated. This workflow is running with Node 24 by default. If you need to temporarily use Node 20, you can set the ACTIONS_ALLOW_USE_UNSECURE_NODE_VERSION=true environment variable. For more information see: https://github.blog/changelog/2025-09-19-deprecation-of-node-20-on-github-actions-runners/
refusal-coverage	UNKNOWN STEP	2026-08-31T07:38:23.7646885Z ##[group]Run actions/checkout@v4
refusal-coverage	UNKNOWN STEP	2026-08-31T07:38:23.7647626Z with:
refusal-coverage	UNKNOWN STEP	2026-08-31T07:38:23.7648067Z   repository: egnaro9/vac-protocol
refusal-coverage	UNKNOWN STEP	2026-08-31T07:38:23.7652048Z   token: ***
refusal-coverage	UNKNOWN STEP	2026-08-31T07:38:23.7652465Z   ssh-strict: true
refusal-coverage	UNKNOWN STEP	2026-08-31T07:38:23.7652911Z   ssh-user: git
refusal-coverage	UNKNOWN STEP	2026-08-31T07:38:23.7653350Z   persist-credentials: true
refusal-coverage	UNKNOWN STEP	2026-08-31T07:38:23.7653830Z   clean: true
refusal-coverage	UNKNOWN STEP	2026-08-31T07:38:23.7654267Z   sparse-checkout-cone-mode: true
refusal-coverage	UNKNOWN STEP	2026-08-31T07:38:23.7654786Z   fetch-depth: 1
refusal-coverage	UNKNOWN STEP	2026-08-31T07:38:23.7655201Z   fetch-tags: false
refusal-coverage	UNKNOWN STEP	2026-08-31T07:38:23.7655957Z   show-progress: true
refusal-coverage	UNKNOWN STEP	2026-08-31T07:38:23.7656427Z   lfs: false
refusal-coverage	UNKNOWN STEP	2026-08-31T07:38:23.7656879Z   submodules: false
refusal-coverage	UNKNOWN STEP	2026-08-31T07:38:23.7657321Z   set-safe-directory: true
refusal-coverage	UNKNOWN STEP	2026-08-31T07:38:23.7657833Z   allow-unsafe-pr-checkout: false
refusal-coverage	UNKNOWN STEP	2026-08-31T07:38:23.7658652Z ##[endgroup]
refusal-coverage	UNKNOWN STEP	2026-08-31T07:38:23.8707525Z Syncing repository: egnaro9/vac-protocol
refusal-coverage	UNKNOWN STEP	2026-08-31T07:38:23.8710595Z ##[group]Getting Git version info
refusal-coverage	UNKNOWN STEP	2026-08-31T07:38:23.8712000Z Working directory is '/home/runner/work/vac-protocol/vac-protocol'
refusal-coverage	UNKNOWN STEP	2026-08-31T07:38:23.8723285Z [command]/usr/bin/git version
refusal-coverage	UNKNOWN STEP	2026-08-31T07:38:23.8854788Z git version 2.55.0
refusal-coverage	UNKNOWN STEP	2026-08-31T07:38:23.8921592Z ##[endgroup]
refusal-coverage	UNKNOWN STEP	2026-08-31T07:38:23.8928955Z Temporarily overriding HOME='/home/runner/work/_temp/31eab8d0-28a1-4c20-9824-cf3e45230627' before making global git config changes
refusal-coverage	UNKNOWN STEP	2026-08-31T07:38:23.8930971Z Adding repository directory to the temporary git global config as a safe directory
refusal-coverage	UNKNOWN STEP	2026-08-31T07:38:23.8935062Z [command]/usr/bin/git config --global --add safe.directory /home/runner/work/vac-protocol/vac-protocol
refusal-coverage	UNKNOWN STEP	2026-08-31T07:38:23.8996980Z Deleting the contents of '/home/runner/work/vac-protocol/vac-protocol'
refusal-coverage	UNKNOWN STEP	2026-08-31T07:38:23.9007696Z ##[group]Initializing the repository
refusal-coverage	UNKNOWN STEP	2026-08-31T07:38:23.9009528Z [command]/usr/bin/git init /home/runner/work/vac-protocol/vac-protocol
refusal-coverage	UNKNOWN STEP	2026-08-31T07:38:23.9132483Z hint: Using 'master' as the name for the initial branch. This default branch name
refusal-coverage	UNKNOWN STEP	2026-08-31T07:38:23.9134209Z hint: will change to "main" in Git 3.0. To configure the initial branch name
refusal-coverage	UNKNOWN STEP	2026-08-31T07:38:23.9135931Z hint: to use in all of your new repositories, which will suppress this warning,
refusal-coverage	UNKNOWN STEP	2026-08-31T07:38:23.9137548Z hint: call:
refusal-coverage	UNKNOWN STEP	2026-08-31T07:38:23.9138250Z hint:
refusal-coverage	UNKNOWN STEP	2026-08-31T07:38:23.9139104Z hint: 	git config --global init.defaultBranch <name>
refusal-coverage	UNKNOWN STEP	2026-08-31T07:38:23.9140092Z hint:
refusal-coverage	UNKNOWN STEP	2026-08-31T07:38:23.9141044Z hint: Names commonly chosen instead of 'master' are 'main', 'trunk' and
refusal-coverage	UNKNOWN STEP	2026-08-31T07:38:23.9142596Z hint: 'development'. The just-created branch can be renamed via this command:
refusal-coverage	UNKNOWN STEP	2026-08-31T07:38:23.9143873Z hint:
refusal-coverage	UNKNOWN STEP	2026-08-31T07:38:23.9144539Z hint: 	git branch -m <name>
refusal-coverage	UNKNOWN STEP	2026-08-31T07:38:23.9145356Z hint:
refusal-coverage	UNKNOWN STEP	2026-08-31T07:38:23.9146589Z hint: Disable this message with "git config set advice.defaultBranchName false"
refusal-coverage	UNKNOWN STEP	2026-08-31T07:38:23.9148435Z Initialized empty Git repository in /home/runner/work/vac-protocol/vac-protocol/.git/
refusal-coverage	UNKNOWN STEP	2026-08-31T07:38:23.9151349Z [command]/usr/bin/git remote add origin https://github.com/egnaro9/vac-protocol
refusal-coverage	UNKNOWN STEP	2026-08-31T07:38:23.9213920Z ##[endgroup]
refusal-coverage	UNKNOWN STEP	2026-08-31T07:38:23.9215374Z ##[group]Disabling automatic garbage collection
refusal-coverage	UNKNOWN STEP	2026-08-31T07:38:23.9217411Z [command]/usr/bin/git config --local gc.auto 0
refusal-coverage	UNKNOWN STEP	2026-08-31T07:38:23.9256771Z ##[endgroup]
refusal-coverage	UNKNOWN STEP	2026-08-31T07:38:23.9258383Z ##[group]Setting up auth
refusal-coverage	UNKNOWN STEP	2026-08-31T07:38:23.9266310Z [command]/usr/bin/git config --local --name-only --get-regexp core\.sshCommand
refusal-coverage	UNKNOWN STEP	2026-08-31T07:38:23.9306707Z [command]/usr/bin/git submodule foreach --recursive sh -c "git config --local --name-only --get-regexp 'core\.sshCommand' && git config --local --unset-all 'core.sshCommand' || :"
refusal-coverage	UNKNOWN STEP	2026-08-31T07:38:23.9763343Z [command]/usr/bin/git config --local --name-only --get-regexp http\.https\:\/\/github\.com\/\.extraheader
refusal-coverage	UNKNOWN STEP	2026-08-31T07:38:23.9811884Z [command]/usr/bin/git submodule foreach --recursive sh -c "git config --local --name-only --get-regexp 'http\.https\:\/\/github\.com\/\.extraheader' && git config --local --unset-all 'http.https://github.com/.extraheader' || :"
refusal-coverage	UNKNOWN STEP	2026-08-31T07:38:24.0061118Z [command]/usr/bin/git config --local --name-only --get-regexp ^includeIf\.gitdir:
refusal-coverage	UNKNOWN STEP	2026-08-31T07:38:24.0103783Z [command]/usr/bin/git submodule foreach --recursive git config --local --show-origin --name-only --get-regexp remote.origin.url
refusal-coverage	UNKNOWN STEP	2026-08-31T07:38:24.0341360Z [command]/usr/bin/git config --local http.https://github.com/.extraheader AUTHORIZATION: basic ***
refusal-coverage	UNKNOWN STEP	2026-08-31T07:38:24.0383636Z ##[endgroup]
refusal-coverage	UNKNOWN STEP	2026-08-31T07:38:24.0385091Z ##[group]Fetching the repository
refusal-coverage	UNKNOWN STEP	2026-08-31T07:38:24.0396078Z [command]/usr/bin/git -c protocol.version=2 fetch --no-tags --prune --no-recurse-submodules --depth=1 origin +6a05245337cbbcebf1e06180e798ad568848ad2e:refs/remotes/origin/main
refusal-coverage	UNKNOWN STEP	2026-08-31T07:38:25.8219377Z From https://github.com/egnaro9/vac-protocol
refusal-coverage	UNKNOWN STEP	2026-08-31T07:38:25.8221297Z  * [new ref]         6a05245337cbbcebf1e06180e798ad568848ad2e -> origin/main
refusal-coverage	UNKNOWN STEP	2026-08-31T07:38:25.8224636Z ##[endgroup]
refusal-coverage	UNKNOWN STEP	2026-08-31T07:38:25.8226982Z ##[group]Determining the checkout info
refusal-coverage	UNKNOWN STEP	2026-08-31T07:38:25.8228625Z ##[endgroup]
refusal-coverage	UNKNOWN STEP	2026-08-31T07:38:25.8232845Z [command]/usr/bin/git sparse-checkout disable
refusal-coverage	UNKNOWN STEP	2026-08-31T07:38:25.8285951Z [command]/usr/bin/git config --local --unset-all extensions.worktreeConfig
refusal-coverage	UNKNOWN STEP	2026-08-31T07:38:25.8407988Z ##[group]Checking out the ref
refusal-coverage	UNKNOWN STEP	2026-08-31T07:38:25.8409531Z [command]/usr/bin/git checkout --progress --force -B main refs/remotes/origin/main
refusal-coverage	UNKNOWN STEP	2026-08-31T07:38:25.8626089Z Switched to a new branch 'main'
refusal-coverage	UNKNOWN STEP	2026-08-31T07:38:25.8631711Z branch 'main' set up to track 'origin/main'.
refusal-coverage	UNKNOWN STEP	2026-08-31T07:38:25.8640080Z ##[endgroup]
refusal-coverage	UNKNOWN STEP	2026-08-31T07:38:25.8686206Z [command]/usr/bin/git log -1 --format=%H
refusal-coverage	UNKNOWN STEP	2026-08-31T07:38:25.8713691Z 6a05245337cbbcebf1e06180e798ad568848ad2e
refusal-coverage	UNKNOWN STEP	2026-08-31T07:38:25.9107299Z Node 20 is being deprecated. This workflow is running with Node 24 by default. If you need to temporarily use Node 20, you can set the ACTIONS_ALLOW_USE_UNSECURE_NODE_VERSION=true environment variable. For more information see: https://github.blog/changelog/2025-09-19-deprecation-of-node-20-on-github-actions-runners/
refusal-coverage	UNKNOWN STEP	2026-08-31T07:38:25.9113534Z ##[group]Run actions/setup-python@v5
refusal-coverage	UNKNOWN STEP	2026-08-31T07:38:25.9114756Z with:
refusal-coverage	UNKNOWN STEP	2026-08-31T07:38:25.9115885Z   python-version: 3.12
refusal-coverage	UNKNOWN STEP	2026-08-31T07:38:25.9116950Z   check-latest: false
refusal-coverage	UNKNOWN STEP	2026-08-31T07:38:25.9127806Z   token: ***
refusal-coverage	UNKNOWN STEP	2026-08-31T07:38:25.9128781Z   update-environment: true
refusal-coverage	UNKNOWN STEP	2026-08-31T07:38:25.9129917Z   allow-prereleases: false
refusal-coverage	UNKNOWN STEP	2026-08-31T07:38:25.9131020Z   freethreaded: false
refusal-coverage	UNKNOWN STEP	2026-08-31T07:38:25.9132015Z ##[endgroup]
refusal-coverage	UNKNOWN STEP	2026-08-31T07:38:26.0547718Z ##[group]Installed versions
refusal-coverage	UNKNOWN STEP	2026-08-31T07:38:26.0636936Z (node:2173) [DEP0040] DeprecationWarning: The `punycode` module is deprecated. Please use a userland alternative instead.
refusal-coverage	UNKNOWN STEP	2026-08-31T07:38:26.0638583Z (Use `node --trace-deprecation ...` to show where the warning was created)
refusal-coverage	UNKNOWN STEP	2026-08-31T07:38:26.0639450Z Successfully set up CPython (3.12.14)
refusal-coverage	UNKNOWN STEP	2026-08-31T07:38:26.0640400Z ##[endgroup]
refusal-coverage	UNKNOWN STEP	2026-08-31T07:38:26.0981431Z Node 20 is being deprecated. This workflow is running with Node 24 by default. If you need to temporarily use Node 20, you can set the ACTIONS_ALLOW_USE_UNSECURE_NODE_VERSION=true environment variable. For more information see: https://github.blog/changelog/2025-09-19-deprecation-of-node-20-on-github-actions-runners/
refusal-coverage	UNKNOWN STEP	2026-08-31T07:38:26.0984061Z ##[group]Run actions/checkout@v4
refusal-coverage	UNKNOWN STEP	2026-08-31T07:38:26.0984586Z with:
refusal-coverage	UNKNOWN STEP	2026-08-31T07:38:26.0985006Z   repository: egnaro9/crashkit
refusal-coverage	UNKNOWN STEP	2026-08-31T07:38:26.0985551Z   path: _issuers/crashkit
refusal-coverage	UNKNOWN STEP	2026-08-31T07:38:26.0991201Z   token: ***
refusal-coverage	UNKNOWN STEP	2026-08-31T07:38:26.0991642Z   ssh-strict: true
refusal-coverage	UNKNOWN STEP	2026-08-31T07:38:26.0992077Z   ssh-user: git
refusal-coverage	UNKNOWN STEP	2026-08-31T07:38:26.0992517Z   persist-credentials: true
refusal-coverage	UNKNOWN STEP	2026-08-31T07:38:26.0993001Z   clean: true
refusal-coverage	UNKNOWN STEP	2026-08-31T07:38:26.0993447Z   sparse-checkout-cone-mode: true
refusal-coverage	UNKNOWN STEP	2026-08-31T07:38:26.0994015Z   fetch-depth: 1
refusal-coverage	UNKNOWN STEP	2026-08-31T07:38:26.0994575Z   fetch-tags: false
refusal-coverage	UNKNOWN STEP	2026-08-31T07:38:26.0995049Z   show-progress: true
refusal-coverage	UNKNOWN STEP	2026-08-31T07:38:26.0995592Z   lfs: false
refusal-coverage	UNKNOWN STEP	2026-08-31T07:38:26.0996143Z   submodules: false
refusal-coverage	UNKNOWN STEP	2026-08-31T07:38:26.0996427Z   set-safe-directory: true
refusal-coverage	UNKNOWN STEP	2026-08-31T07:38:26.0996742Z   allow-unsafe-pr-checkout: false
refusal-coverage	UNKNOWN STEP	2026-08-31T07:38:26.0997050Z env:
refusal-coverage	UNKNOWN STEP	2026-08-31T07:38:26.0997367Z   pythonLocation: /opt/hostedtoolcache/Python/3.12.14/x64
refusal-coverage	UNKNOWN STEP	2026-08-31T07:38:26.0998036Z   PKG_CONFIG_PATH: /opt/hostedtoolcache/Python/3.12.14/x64/lib/pkgconfig
refusal-coverage	UNKNOWN STEP	2026-08-31T07:38:26.0999128Z   Python_ROOT_DIR: /opt/hostedtoolcache/Python/3.12.14/x64
refusal-coverage	UNKNOWN STEP	2026-08-31T07:38:26.0999971Z   Python2_ROOT_DIR: /opt/hostedtoolcache/Python/3.12.14/x64
refusal-coverage	UNKNOWN STEP	2026-08-31T07:38:26.1000842Z   Python3_ROOT_DIR: /opt/hostedtoolcache/Python/3.12.14/x64
refusal-coverage	UNKNOWN STEP	2026-08-31T07:38:26.1001876Z   LD_LIBRARY_PATH: /opt/hostedtoolcache/Python/3.12.14/x64/lib
refusal-coverage	UNKNOWN STEP	2026-08-31T07:38:26.1002968Z ##[endgroup]
refusal-coverage	UNKNOWN STEP	2026-08-31T07:38:26.1940247Z Syncing repository: egnaro9/crashkit
refusal-coverage	UNKNOWN STEP	2026-08-31T07:38:26.1949472Z ##[group]Getting Git version info
refusal-coverage	UNKNOWN STEP	2026-08-31T07:38:26.1950520Z Working directory is '/home/runner/work/vac-protocol/vac-protocol/_issuers/crashkit'
refusal-coverage	UNKNOWN STEP	2026-08-31T07:38:26.2000030Z [command]/usr/bin/git version
refusal-coverage	UNKNOWN STEP	2026-08-31T07:38:26.2043176Z git version 2.55.0
refusal-coverage	UNKNOWN STEP	2026-08-31T07:38:26.2098304Z ##[endgroup]
refusal-coverage	UNKNOWN STEP	2026-08-31T07:38:26.2113791Z Temporarily overriding HOME='/home/runner/work/_temp/6010452a-c004-4668-a66d-36d50e0c6791' before making global git config changes
refusal-coverage	UNKNOWN STEP	2026-08-31T07:38:26.2115325Z Adding repository directory to the temporary git global config as a safe directory
refusal-coverage	UNKNOWN STEP	2026-08-31T07:38:26.2121474Z [command]/usr/bin/git config --global --add safe.directory /home/runner/work/vac-protocol/vac-protocol/_issuers/crashkit
refusal-coverage	UNKNOWN STEP	2026-08-31T07:38:26.2170556Z ##[group]Initializing the repository
refusal-coverage	UNKNOWN STEP	2026-08-31T07:38:26.2176033Z [command]/usr/bin/git init /home/runner/work/vac-protocol/vac-protocol/_issuers/crashkit
refusal-coverage	UNKNOWN STEP	2026-08-31T07:38:26.2222206Z hint: Using 'master' as the name for the initial branch. This default branch name
refusal-coverage	UNKNOWN STEP	2026-08-31T07:38:26.2223927Z hint: will change to "main" in Git 3.0. To configure the initial branch name
refusal-coverage	UNKNOWN STEP	2026-08-31T07:38:26.2225325Z hint: to use in all of your new repositories, which will suppress this warning,
refusal-coverage	UNKNOWN STEP	2026-08-31T07:38:26.2226794Z hint: call:
refusal-coverage	UNKNOWN STEP	2026-08-31T07:38:26.2227399Z hint:
refusal-coverage	UNKNOWN STEP	2026-08-31T07:38:26.2228098Z hint: 	git config --global init.defaultBranch <name>
refusal-coverage	UNKNOWN STEP	2026-08-31T07:38:26.2228892Z hint:
refusal-coverage	UNKNOWN STEP	2026-08-31T07:38:26.2229639Z hint: Names commonly chosen instead of 'master' are 'main', 'trunk' and
refusal-coverage	UNKNOWN STEP	2026-08-31T07:38:26.2230783Z hint: 'development'. The just-created branch can be renamed via this command:
refusal-coverage	UNKNOWN STEP	2026-08-31T07:38:26.2231915Z hint:
refusal-coverage	UNKNOWN STEP	2026-08-31T07:38:26.2232569Z hint: 	git branch -m <name>
refusal-coverage	UNKNOWN STEP	2026-08-31T07:38:26.2233208Z hint:
refusal-coverage	UNKNOWN STEP	2026-08-31T07:38:26.2234137Z hint: Disable this message with "git config set advice.defaultBranchName false"
refusal-coverage	UNKNOWN STEP	2026-08-31T07:38:26.2235545Z Initialized empty Git repository in /home/runner/work/vac-protocol/vac-protocol/_issuers/crashkit/.git/
refusal-coverage	UNKNOWN STEP	2026-08-31T07:38:26.2252426Z [command]/usr/bin/git remote add origin https://github.com/egnaro9/crashkit
refusal-coverage	UNKNOWN STEP	2026-08-31T07:38:26.2290887Z ##[endgroup]
refusal-coverage	UNKNOWN STEP	2026-08-31T07:38:26.2292081Z ##[group]Disabling automatic garbage collection
refusal-coverage	UNKNOWN STEP	2026-08-31T07:38:26.2298151Z [command]/usr/bin/git config --local gc.auto 0
refusal-coverage	UNKNOWN STEP	2026-08-31T07:38:26.2332348Z ##[endgroup]
refusal-coverage	UNKNOWN STEP	2026-08-31T07:38:26.2333166Z ##[group]Setting up auth
refusal-coverage	UNKNOWN STEP	2026-08-31T07:38:26.2341566Z [command]/usr/bin/git config --local --name-only --get-regexp core\.sshCommand
refusal-coverage	UNKNOWN STEP	2026-08-31T07:38:26.2381786Z [command]/usr/bin/git submodule foreach --recursive sh -c "git config --local --name-only --get-regexp 'core\.sshCommand' && git config --local --unset-all 'core.sshCommand' || :"
refusal-coverage	UNKNOWN STEP	2026-08-31T07:38:26.2662566Z [command]/usr/bin/git config --local --name-only --get-regexp http\.https\:\/\/github\.com\/\.extraheader
refusal-coverage	UNKNOWN STEP	2026-08-31T07:38:26.2707975Z [command]/usr/bin/git submodule foreach --recursive sh -c "git config --local --name-only --get-regexp 'http\.https\:\/\/github\.com\/\.extraheader' && git config --local --unset-all 'http.https://github.com/.extraheader' || :"
refusal-coverage	UNKNOWN STEP	2026-08-31T07:38:26.2981252Z [command]/usr/bin/git config --local --name-only --get-regexp ^includeIf\.gitdir:
refusal-coverage	UNKNOWN STEP	2026-08-31T07:38:26.3020984Z [command]/usr/bin/git submodule foreach --recursive git config --local --show-origin --name-only --get-regexp remote.origin.url
refusal-coverage	UNKNOWN STEP	2026-08-31T07:38:26.3265396Z [command]/usr/bin/git config --local http.https://github.com/.extraheader AUTHORIZATION: basic ***
refusal-coverage	UNKNOWN STEP	2026-08-31T07:38:26.3306797Z ##[endgroup]
refusal-coverage	UNKNOWN STEP	2026-08-31T07:38:26.3307499Z ##[group]Determining the default branch
refusal-coverage	UNKNOWN STEP	2026-08-31T07:38:26.3311259Z Retrieving the default branch name
refusal-coverage	UNKNOWN STEP	2026-08-31T07:38:26.7239040Z Default branch 'main'
refusal-coverage	UNKNOWN STEP	2026-08-31T07:38:26.7240448Z ##[endgroup]
refusal-coverage	UNKNOWN STEP	2026-08-31T07:38:26.7241387Z ##[group]Fetching the repository
refusal-coverage	UNKNOWN STEP	2026-08-31T07:38:26.7246648Z [command]/usr/bin/git -c protocol.version=2 fetch --no-tags --prune --no-recurse-submodules --depth=1 origin +refs/heads/main:refs/remotes/origin/main
refusal-coverage	UNKNOWN STEP	2026-08-31T07:38:27.9209153Z From https://github.com/egnaro9/crashkit
refusal-coverage	UNKNOWN STEP	2026-08-31T07:38:27.9209750Z  * [new branch]      main       -> origin/main
refusal-coverage	UNKNOWN STEP	2026-08-31T07:38:27.9216775Z ##[endgroup]
refusal-coverage	UNKNOWN STEP	2026-08-31T07:38:27.9217658Z ##[group]Determining the checkout info
refusal-coverage	UNKNOWN STEP	2026-08-31T07:38:27.9219150Z ##[endgroup]
refusal-coverage	UNKNOWN STEP	2026-08-31T07:38:27.9227039Z [command]/usr/bin/git sparse-checkout disable
refusal-coverage	UNKNOWN STEP	2026-08-31T07:38:27.9278359Z [command]/usr/bin/git config --local --unset-all extensions.worktreeConfig
refusal-coverage	UNKNOWN STEP	2026-08-31T07:38:27.9316675Z ##[group]Checking out the ref
refusal-coverage	UNKNOWN STEP	2026-08-31T07:38:27.9326807Z [command]/usr/bin/git checkout --progress --force -B main refs/remotes/origin/main
refusal-coverage	UNKNOWN STEP	2026-08-31T07:38:27.9434338Z Switched to a new branch 'main'
refusal-coverage	UNKNOWN STEP	2026-08-31T07:38:27.9437368Z branch 'main' set up to track 'origin/main'.
refusal-coverage	UNKNOWN STEP	2026-08-31T07:38:27.9442999Z ##[endgroup]
refusal-coverage	UNKNOWN STEP	2026-08-31T07:38:27.9503804Z [command]/usr/bin/git log -1 --format=%H
refusal-coverage	UNKNOWN STEP	2026-08-31T07:38:27.9522742Z 8cff806b46a1f90f9e8e362f80223c06a36f8537
refusal-coverage	UNKNOWN STEP	2026-08-31T07:38:27.9737240Z Node 20 is being deprecated. This workflow is running with Node 24 by default. If you need to temporarily use Node 20, you can set the ACTIONS_ALLOW_USE_UNSECURE_NODE_VERSION=true environment variable. For more information see: https://github.blog/changelog/2025-09-19-deprecation-of-node-20-on-github-actions-runners/
refusal-coverage	UNKNOWN STEP	2026-08-31T07:38:27.9738749Z ##[group]Run actions/checkout@v4
refusal-coverage	UNKNOWN STEP	2026-08-31T07:38:27.9739008Z with:
refusal-coverage	UNKNOWN STEP	2026-08-31T07:38:27.9739217Z   repository: egnaro9/evalmut
refusal-coverage	UNKNOWN STEP	2026-08-31T07:38:27.9739471Z   path: _issuers/evalmut
refusal-coverage	UNKNOWN STEP	2026-08-31T07:38:27.9742214Z   token: ***
refusal-coverage	UNKNOWN STEP	2026-08-31T07:38:27.9742428Z   ssh-strict: true
refusal-coverage	UNKNOWN STEP	2026-08-31T07:38:27.9742643Z   ssh-user: git
refusal-coverage	UNKNOWN STEP	2026-08-31T07:38:27.9742863Z   persist-credentials: true
refusal-coverage	UNKNOWN STEP	2026-08-31T07:38:27.9743110Z   clean: true
refusal-coverage	UNKNOWN STEP	2026-08-31T07:38:27.9743336Z   sparse-checkout-cone-mode: true
refusal-coverage	UNKNOWN STEP	2026-08-31T07:38:27.9743615Z   fetch-depth: 1
refusal-coverage	UNKNOWN STEP	2026-08-31T07:38:27.9743833Z   fetch-tags: false
refusal-coverage	UNKNOWN STEP	2026-08-31T07:38:27.9744051Z   show-progress: true
refusal-coverage	UNKNOWN STEP	2026-08-31T07:38:27.9744309Z   lfs: false
refusal-coverage	UNKNOWN STEP	2026-08-31T07:38:27.9744535Z   submodules: false
refusal-coverage	UNKNOWN STEP	2026-08-31T07:38:27.9744788Z   set-safe-directory: true
refusal-coverage	UNKNOWN STEP	2026-08-31T07:38:27.9745056Z   allow-unsafe-pr-checkout: false
refusal-coverage	UNKNOWN STEP	2026-08-31T07:38:27.9745328Z env:
refusal-coverage	UNKNOWN STEP	2026-08-31T07:38:27.9745913Z   pythonLocation: /opt/hostedtoolcache/Python/3.12.14/x64
refusal-coverage	UNKNOWN STEP	2026-08-31T07:38:27.9746403Z   PKG_CONFIG_PATH: /opt/hostedtoolcache/Python/3.12.14/x64/lib/pkgconfig
refusal-coverage	UNKNOWN STEP	2026-08-31T07:38:27.9746857Z   Python_ROOT_DIR: /opt/hostedtoolcache/Python/3.12.14/x64
refusal-coverage	UNKNOWN STEP	2026-08-31T07:38:27.9747262Z   Python2_ROOT_DIR: /opt/hostedtoolcache/Python/3.12.14/x64
refusal-coverage	UNKNOWN STEP	2026-08-31T07:38:27.9747652Z   Python3_ROOT_DIR: /opt/hostedtoolcache/Python/3.12.14/x64
refusal-coverage	UNKNOWN STEP	2026-08-31T07:38:27.9748057Z   LD_LIBRARY_PATH: /opt/hostedtoolcache/Python/3.12.14/x64/lib
refusal-coverage	UNKNOWN STEP	2026-08-31T07:38:27.9748391Z ##[endgroup]
refusal-coverage	UNKNOWN STEP	2026-08-31T07:38:28.0586750Z Syncing repository: egnaro9/evalmut
refusal-coverage	UNKNOWN STEP	2026-08-31T07:38:28.0593438Z ##[group]Getting Git version info
refusal-coverage	UNKNOWN STEP	2026-08-31T07:38:28.0594691Z Working directory is '/home/runner/work/vac-protocol/vac-protocol/_issuers/evalmut'
refusal-coverage	UNKNOWN STEP	2026-08-31T07:38:28.0640577Z [command]/usr/bin/git version
refusal-coverage	UNKNOWN STEP	2026-08-31T07:38:28.0684243Z git version 2.55.0
refusal-coverage	UNKNOWN STEP	2026-08-31T07:38:28.0715237Z ##[endgroup]
refusal-coverage	UNKNOWN STEP	2026-08-31T07:38:28.0723426Z Temporarily overriding HOME='/home/runner/work/_temp/9468af2c-f6f9-46fd-8979-b5f4f839dd86' before making global git config changes
refusal-coverage	UNKNOWN STEP	2026-08-31T07:38:28.0724941Z Adding repository directory to the temporary git global config as a safe directory
refusal-coverage	UNKNOWN STEP	2026-08-31T07:38:28.0730984Z [command]/usr/bin/git config --global --add safe.directory /home/runner/work/vac-protocol/vac-protocol/_issuers/evalmut
refusal-coverage	UNKNOWN STEP	2026-08-31T07:38:28.0767874Z ##[group]Initializing the repository
refusal-coverage	UNKNOWN STEP	2026-08-31T07:38:28.0772810Z [command]/usr/bin/git init /home/runner/work/vac-protocol/vac-protocol/_issuers/evalmut
refusal-coverage	UNKNOWN STEP	2026-08-31T07:38:28.0819286Z hint: Using 'master' as the name for the initial branch. This default branch name
refusal-coverage	UNKNOWN STEP	2026-08-31T07:38:28.0820562Z hint: will change to "main" in Git 3.0. To configure the initial branch name
refusal-coverage	UNKNOWN STEP	2026-08-31T07:38:28.0822772Z hint: to use in all of your new repositories, which will suppress this warning,
refusal-coverage	UNKNOWN STEP	2026-08-31T07:38:28.0823711Z hint: call:
refusal-coverage	UNKNOWN STEP	2026-08-31T07:38:28.0824391Z hint:
refusal-coverage	UNKNOWN STEP	2026-08-31T07:38:28.0825317Z hint: 	git config --global init.defaultBranch <name>
refusal-coverage	UNKNOWN STEP	2026-08-31T07:38:28.0826250Z hint:
refusal-coverage	UNKNOWN STEP	2026-08-31T07:38:28.0826831Z hint: Names commonly chosen instead of 'master' are 'main', 'trunk' and
refusal-coverage	UNKNOWN STEP	2026-08-31T07:38:28.0827856Z hint: 'development'. The just-created branch can be renamed via this command:
refusal-coverage	UNKNOWN STEP	2026-08-31T07:38:28.0828622Z hint:
refusal-coverage	UNKNOWN STEP	2026-08-31T07:38:28.0829053Z hint: 	git branch -m <name>
refusal-coverage	UNKNOWN STEP	2026-08-31T07:38:28.0829521Z hint:
refusal-coverage	UNKNOWN STEP	2026-08-31T07:38:28.0830157Z hint: Disable this message with "git config set advice.defaultBranchName false"
refusal-coverage	UNKNOWN STEP	2026-08-31T07:38:28.0831366Z Initialized empty Git repository in /home/runner/work/vac-protocol/vac-protocol/_issuers/evalmut/.git/
refusal-coverage	UNKNOWN STEP	2026-08-31T07:38:28.0836588Z [command]/usr/bin/git remote add origin https://github.com/egnaro9/evalmut
refusal-coverage	UNKNOWN STEP	2026-08-31T07:38:28.0905036Z ##[endgroup]
refusal-coverage	UNKNOWN STEP	2026-08-31T07:38:28.0906361Z ##[group]Disabling automatic garbage collection
refusal-coverage	UNKNOWN STEP	2026-08-31T07:38:28.0910000Z [command]/usr/bin/git config --local gc.auto 0
refusal-coverage	UNKNOWN STEP	2026-08-31T07:38:28.0952591Z ##[endgroup]
refusal-coverage	UNKNOWN STEP	2026-08-31T07:38:28.0953515Z ##[group]Setting up auth
refusal-coverage	UNKNOWN STEP	2026-08-31T07:38:28.0962117Z [command]/usr/bin/git config --local --name-only --get-regexp core\.sshCommand
refusal-coverage	UNKNOWN STEP	2026-08-31T07:38:28.0997961Z [command]/usr/bin/git submodule foreach --recursive sh -c "git config --local --name-only --get-regexp 'core\.sshCommand' && git config --local --unset-all 'core.sshCommand' || :"
refusal-coverage	UNKNOWN STEP	2026-08-31T07:38:28.1264722Z [command]/usr/bin/git config --local --name-only --get-regexp http\.https\:\/\/github\.com\/\.extraheader
refusal-coverage	UNKNOWN STEP	2026-08-31T07:38:28.1313277Z [command]/usr/bin/git submodule foreach --recursive sh -c "git config --local --name-only --get-regexp 'http\.https\:\/\/github\.com\/\.extraheader' && git config --local --unset-all 'http.https://github.com/.extraheader' || :"
refusal-coverage	UNKNOWN STEP	2026-08-31T07:38:28.1573666Z [command]/usr/bin/git config --local --name-only --get-regexp ^includeIf\.gitdir:
refusal-coverage	UNKNOWN STEP	2026-08-31T07:38:28.1620400Z [command]/usr/bin/git submodule foreach --recursive git config --local --show-origin --name-only --get-regexp remote.origin.url
refusal-coverage	UNKNOWN STEP	2026-08-31T07:38:28.1891044Z [command]/usr/bin/git config --local http.https://github.com/.extraheader AUTHORIZATION: basic ***
refusal-coverage	UNKNOWN STEP	2026-08-31T07:38:28.1941168Z ##[endgroup]
refusal-coverage	UNKNOWN STEP	2026-08-31T07:38:28.1942374Z ##[group]Determining the default branch
refusal-coverage	UNKNOWN STEP	2026-08-31T07:38:28.1945564Z Retrieving the default branch name
refusal-coverage	UNKNOWN STEP	2026-08-31T07:38:28.5892379Z Default branch 'main'
refusal-coverage	UNKNOWN STEP	2026-08-31T07:38:28.5894045Z ##[endgroup]
refusal-coverage	UNKNOWN STEP	2026-08-31T07:38:28.5895586Z ##[group]Fetching the repository
refusal-coverage	UNKNOWN STEP	2026-08-31T07:38:28.5916696Z [command]/usr/bin/git -c protocol.version=2 fetch --no-tags --prune --no-recurse-submodules --depth=1 origin +refs/heads/main:refs/remotes/origin/main
refusal-coverage	UNKNOWN STEP	2026-08-31T07:38:29.6300340Z From https://github.com/egnaro9/evalmut
refusal-coverage	UNKNOWN STEP	2026-08-31T07:38:29.6300741Z  * [new branch]      main       -> origin/main
refusal-coverage	UNKNOWN STEP	2026-08-31T07:38:29.6307296Z ##[endgroup]
refusal-coverage	UNKNOWN STEP	2026-08-31T07:38:29.6307746Z ##[group]Determining the checkout info
refusal-coverage	UNKNOWN STEP	2026-08-31T07:38:29.6310101Z ##[endgroup]
refusal-coverage	UNKNOWN STEP	2026-08-31T07:38:29.6315364Z [command]/usr/bin/git sparse-checkout disable
refusal-coverage	UNKNOWN STEP	2026-08-31T07:38:29.6362511Z [command]/usr/bin/git config --local --unset-all extensions.worktreeConfig
refusal-coverage	UNKNOWN STEP	2026-08-31T07:38:29.6397309Z ##[group]Checking out the ref
refusal-coverage	UNKNOWN STEP	2026-08-31T07:38:29.6401180Z [command]/usr/bin/git checkout --progress --force -B main refs/remotes/origin/main
refusal-coverage	UNKNOWN STEP	2026-08-31T07:38:29.6552231Z Switched to a new branch 'main'
refusal-coverage	UNKNOWN STEP	2026-08-31T07:38:29.6554869Z branch 'main' set up to track 'origin/main'.
refusal-coverage	UNKNOWN STEP	2026-08-31T07:38:29.6560612Z ##[endgroup]
refusal-coverage	UNKNOWN STEP	2026-08-31T07:38:29.6604316Z [command]/usr/bin/git log -1 --format=%H
refusal-coverage	UNKNOWN STEP	2026-08-31T07:38:29.6635472Z 5c94fe7c6a7f80265815e61b51c7e37d8dadebc8
refusal-coverage	UNKNOWN STEP	2026-08-31T07:38:29.6813107Z Node 20 is being deprecated. This workflow is running with Node 24 by default. If you need to temporarily use Node 20, you can set the ACTIONS_ALLOW_USE_UNSECURE_NODE_VERSION=true environment variable. For more information see: https://github.blog/changelog/2025-09-19-deprecation-of-node-20-on-github-actions-runners/
refusal-coverage	UNKNOWN STEP	2026-08-31T07:38:29.6814426Z ##[group]Run actions/checkout@v4
refusal-coverage	UNKNOWN STEP	2026-08-31T07:38:29.6814694Z with:
refusal-coverage	UNKNOWN STEP	2026-08-31T07:38:29.6814905Z   repository: egnaro9/model-drift
refusal-coverage	UNKNOWN STEP	2026-08-31T07:38:29.6815164Z   path: _issuers/model-drift
refusal-coverage	UNKNOWN STEP	2026-08-31T07:38:29.6818242Z   token: ***
refusal-coverage	UNKNOWN STEP	2026-08-31T07:38:29.6818450Z   ssh-strict: true
refusal-coverage	UNKNOWN STEP	2026-08-31T07:38:29.6818655Z   ssh-user: git
refusal-coverage	UNKNOWN STEP	2026-08-31T07:38:29.6818865Z   persist-credentials: true
refusal-coverage	UNKNOWN STEP	2026-08-31T07:38:29.6819106Z   clean: true
refusal-coverage	UNKNOWN STEP	2026-08-31T07:38:29.6819319Z   sparse-checkout-cone-mode: true
refusal-coverage	UNKNOWN STEP	2026-08-31T07:38:29.6819572Z   fetch-depth: 1
refusal-coverage	UNKNOWN STEP	2026-08-31T07:38:29.6819771Z   fetch-tags: false
refusal-coverage	UNKNOWN STEP	2026-08-31T07:38:29.6819979Z   show-progress: true
refusal-coverage	UNKNOWN STEP	2026-08-31T07:38:29.6820219Z   lfs: false
refusal-coverage	UNKNOWN STEP	2026-08-31T07:38:29.6820405Z   submodules: false
refusal-coverage	UNKNOWN STEP	2026-08-31T07:38:29.6820611Z   set-safe-directory: true
refusal-coverage	UNKNOWN STEP	2026-08-31T07:38:29.6820860Z   allow-unsafe-pr-checkout: false
refusal-coverage	UNKNOWN STEP	2026-08-31T07:38:29.6821104Z env:
refusal-coverage	UNKNOWN STEP	2026-08-31T07:38:29.6821355Z   pythonLocation: /opt/hostedtoolcache/Python/3.12.14/x64
refusal-coverage	UNKNOWN STEP	2026-08-31T07:38:29.6821793Z   PKG_CONFIG_PATH: /opt/hostedtoolcache/Python/3.12.14/x64/lib/pkgconfig
refusal-coverage	UNKNOWN STEP	2026-08-31T07:38:29.6822399Z   Python_ROOT_DIR: /opt/hostedtoolcache/Python/3.12.14/x64
refusal-coverage	UNKNOWN STEP	2026-08-31T07:38:29.6822784Z   Python2_ROOT_DIR: /opt/hostedtoolcache/Python/3.12.14/x64
refusal-coverage	UNKNOWN STEP	2026-08-31T07:38:29.6823162Z   Python3_ROOT_DIR: /opt/hostedtoolcache/Python/3.12.14/x64
refusal-coverage	UNKNOWN STEP	2026-08-31T07:38:29.6823542Z   LD_LIBRARY_PATH: /opt/hostedtoolcache/Python/3.12.14/x64/lib
refusal-coverage	UNKNOWN STEP	2026-08-31T07:38:29.6823867Z ##[endgroup]
refusal-coverage	UNKNOWN STEP	2026-08-31T07:38:29.7652212Z Syncing repository: egnaro9/model-drift
refusal-coverage	UNKNOWN STEP	2026-08-31T07:38:29.7659432Z ##[group]Getting Git version info
refusal-coverage	UNKNOWN STEP	2026-08-31T07:38:29.7666930Z Working directory is '/home/runner/work/vac-protocol/vac-protocol/_issuers/model-drift'
refusal-coverage	UNKNOWN STEP	2026-08-31T07:38:29.7703543Z [command]/usr/bin/git version
refusal-coverage	UNKNOWN STEP	2026-08-31T07:38:29.7747898Z git version 2.55.0
refusal-coverage	UNKNOWN STEP	2026-08-31T07:38:29.7800827Z ##[endgroup]
refusal-coverage	UNKNOWN STEP	2026-08-31T07:38:29.7816388Z Temporarily overriding HOME='/home/runner/work/_temp/27b35b31-7fb5-4657-83e0-0c633d77c29f' before making global git config changes
refusal-coverage	UNKNOWN STEP	2026-08-31T07:38:29.7817854Z Adding repository directory to the temporary git global config as a safe directory
refusal-coverage	UNKNOWN STEP	2026-08-31T07:38:29.7823443Z [command]/usr/bin/git config --global --add safe.directory /home/runner/work/vac-protocol/vac-protocol/_issuers/model-drift
refusal-coverage	UNKNOWN STEP	2026-08-31T07:38:29.7870163Z ##[group]Initializing the repository
refusal-coverage	UNKNOWN STEP	2026-08-31T07:38:29.7871101Z [command]/usr/bin/git init /home/runner/work/vac-protocol/vac-protocol/_issuers/model-drift
refusal-coverage	UNKNOWN STEP	2026-08-31T07:38:29.7924213Z hint: Using 'master' as the name for the initial branch. This default branch name
refusal-coverage	UNKNOWN STEP	2026-08-31T07:38:29.7925427Z hint: will change to "main" in Git 3.0. To configure the initial branch name
refusal-coverage	UNKNOWN STEP	2026-08-31T07:38:29.7926894Z hint: to use in all of your new repositories, which will suppress this warning,
refusal-coverage	UNKNOWN STEP	2026-08-31T07:38:29.7927875Z hint: call:
refusal-coverage	UNKNOWN STEP	2026-08-31T07:38:29.7928423Z hint:
refusal-coverage	UNKNOWN STEP	2026-08-31T07:38:29.7929177Z hint: 	git config --global init.defaultBranch <name>
refusal-coverage	UNKNOWN STEP	2026-08-31T07:38:29.7930018Z hint:
refusal-coverage	UNKNOWN STEP	2026-08-31T07:38:29.7930761Z hint: Names commonly chosen instead of 'master' are 'main', 'trunk' and
refusal-coverage	UNKNOWN STEP	2026-08-31T07:38:29.7931940Z hint: 'development'. The just-created branch can be renamed via this command:
refusal-coverage	UNKNOWN STEP	2026-08-31T07:38:29.7932887Z hint:
refusal-coverage	UNKNOWN STEP	2026-08-31T07:38:29.7933422Z hint: 	git branch -m <name>
refusal-coverage	UNKNOWN STEP	2026-08-31T07:38:29.7933990Z hint:
refusal-coverage	UNKNOWN STEP	2026-08-31T07:38:29.7934771Z hint: Disable this message with "git config set advice.defaultBranchName false"
refusal-coverage	UNKNOWN STEP	2026-08-31T07:38:29.7936875Z Initialized empty Git repository in /home/runner/work/vac-protocol/vac-protocol/_issuers/model-drift/.git/
refusal-coverage	UNKNOWN STEP	2026-08-31T07:38:29.7939790Z [command]/usr/bin/git remote add origin https://github.com/egnaro9/model-drift
refusal-coverage	UNKNOWN STEP	2026-08-31T07:38:29.7973516Z ##[endgroup]
refusal-coverage	UNKNOWN STEP	2026-08-31T07:38:29.7974426Z ##[group]Disabling automatic garbage collection
refusal-coverage	UNKNOWN STEP	2026-08-31T07:38:29.7978266Z [command]/usr/bin/git config --local gc.auto 0
refusal-coverage	UNKNOWN STEP	2026-08-31T07:38:29.8011143Z ##[endgroup]
refusal-coverage	UNKNOWN STEP	2026-08-31T07:38:29.8011720Z ##[group]Setting up auth
refusal-coverage	UNKNOWN STEP	2026-08-31T07:38:29.8019771Z [command]/usr/bin/git config --local --name-only --get-regexp core\.sshCommand
refusal-coverage	UNKNOWN STEP	2026-08-31T07:38:29.8054720Z [command]/usr/bin/git submodule foreach --recursive sh -c "git config --local --name-only --get-regexp 'core\.sshCommand' && git config --local --unset-all 'core.sshCommand' || :"
refusal-coverage	UNKNOWN STEP	2026-08-31T07:38:29.8316727Z [command]/usr/bin/git config --local --name-only --get-regexp http\.https\:\/\/github\.com\/\.extraheader
refusal-coverage	UNKNOWN STEP	2026-08-31T07:38:29.8359752Z [command]/usr/bin/git submodule foreach --recursive sh -c "git config --local --name-only --get-regexp 'http\.https\:\/\/github\.com\/\.extraheader' && git config --local --unset-all 'http.https://github.com/.extraheader' || :"
refusal-coverage	UNKNOWN STEP	2026-08-31T07:38:29.8627668Z [command]/usr/bin/git config --local --name-only --get-regexp ^includeIf\.gitdir:
refusal-coverage	UNKNOWN STEP	2026-08-31T07:38:29.8674436Z [command]/usr/bin/git submodule foreach --recursive git config --local --show-origin --name-only --get-regexp remote.origin.url
refusal-coverage	UNKNOWN STEP	2026-08-31T07:38:29.8929970Z [command]/usr/bin/git config --local http.https://github.com/.extraheader AUTHORIZATION: basic ***
refusal-coverage	UNKNOWN STEP	2026-08-31T07:38:29.8972929Z ##[endgroup]
refusal-coverage	UNKNOWN STEP	2026-08-31T07:38:29.8973576Z ##[group]Determining the default branch
refusal-coverage	UNKNOWN STEP	2026-08-31T07:38:29.8977523Z Retrieving the default branch name
refusal-coverage	UNKNOWN STEP	2026-08-31T07:38:30.2631408Z Default branch 'main'
refusal-coverage	UNKNOWN STEP	2026-08-31T07:38:30.2632516Z ##[endgroup]
refusal-coverage	UNKNOWN STEP	2026-08-31T07:38:30.2633437Z ##[group]Fetching the repository
refusal-coverage	UNKNOWN STEP	2026-08-31T07:38:30.2641122Z [command]/usr/bin/git -c protocol.version=2 fetch --no-tags --prune --no-recurse-submodules --depth=1 origin +refs/heads/main:refs/remotes/origin/main
refusal-coverage	UNKNOWN STEP	2026-08-31T07:38:30.9233260Z From https://github.com/egnaro9/model-drift
refusal-coverage	UNKNOWN STEP	2026-08-31T07:38:30.9233692Z  * [new branch]      main       -> origin/main
refusal-coverage	UNKNOWN STEP	2026-08-31T07:38:30.9238702Z ##[endgroup]
refusal-coverage	UNKNOWN STEP	2026-08-31T07:38:30.9239102Z ##[group]Determining the checkout info
refusal-coverage	UNKNOWN STEP	2026-08-31T07:38:30.9242039Z ##[endgroup]
refusal-coverage	UNKNOWN STEP	2026-08-31T07:38:30.9247249Z [command]/usr/bin/git sparse-checkout disable
refusal-coverage	UNKNOWN STEP	2026-08-31T07:38:30.9291853Z [command]/usr/bin/git config --local --unset-all extensions.worktreeConfig
refusal-coverage	UNKNOWN STEP	2026-08-31T07:38:30.9324146Z ##[group]Checking out the ref
refusal-coverage	UNKNOWN STEP	2026-08-31T07:38:30.9328480Z [command]/usr/bin/git checkout --progress --force -B main refs/remotes/origin/main
refusal-coverage	UNKNOWN STEP	2026-08-31T07:38:30.9446463Z Switched to a new branch 'main'
refusal-coverage	UNKNOWN STEP	2026-08-31T07:38:30.9449708Z branch 'main' set up to track 'origin/main'.
refusal-coverage	UNKNOWN STEP	2026-08-31T07:38:30.9454515Z ##[endgroup]
refusal-coverage	UNKNOWN STEP	2026-08-31T07:38:30.9498010Z [command]/usr/bin/git log -1 --format=%H
refusal-coverage	UNKNOWN STEP	2026-08-31T07:38:30.9527842Z cf83890bf3f91e2783a291f0d546af36bbefe3ad
refusal-coverage	UNKNOWN STEP	2026-08-31T07:38:30.9667313Z ##[group]Run pip install -e ".[test]"
refusal-coverage	UNKNOWN STEP	2026-08-31T07:38:30.9667678Z ^[[36;1mpip install -e ".[test]"^[[0m
refusal-coverage	UNKNOWN STEP	2026-08-31T07:38:30.9765259Z shell: /usr/bin/bash -e {0}
refusal-coverage	UNKNOWN STEP	2026-08-31T07:38:30.9765526Z env:
refusal-coverage	UNKNOWN STEP	2026-08-31T07:38:30.9766043Z   pythonLocation: /opt/hostedtoolcache/Python/3.12.14/x64
refusal-coverage	UNKNOWN STEP	2026-08-31T07:38:30.9766496Z   PKG_CONFIG_PATH: /opt/hostedtoolcache/Python/3.12.14/x64/lib/pkgconfig
refusal-coverage	UNKNOWN STEP	2026-08-31T07:38:30.9766942Z   Python_ROOT_DIR: /opt/hostedtoolcache/Python/3.12.14/x64
refusal-coverage	UNKNOWN STEP	2026-08-31T07:38:30.9767331Z   Python2_ROOT_DIR: /opt/hostedtoolcache/Python/3.12.14/x64
refusal-coverage	UNKNOWN STEP	2026-08-31T07:38:30.9767717Z   Python3_ROOT_DIR: /opt/hostedtoolcache/Python/3.12.14/x64
refusal-coverage	UNKNOWN STEP	2026-08-31T07:38:30.9768131Z   LD_LIBRARY_PATH: /opt/hostedtoolcache/Python/3.12.14/x64/lib
refusal-coverage	UNKNOWN STEP	2026-08-31T07:38:30.9768461Z ##[endgroup]
refusal-coverage	UNKNOWN STEP	2026-08-31T07:38:33.9724867Z Obtaining file:///home/runner/work/vac-protocol/vac-protocol
refusal-coverage	UNKNOWN STEP	2026-08-31T07:38:33.9742502Z   Installing build dependencies: started
refusal-coverage	UNKNOWN STEP	2026-08-31T07:38:35.3206235Z   Installing build dependencies: finished with status 'done'
refusal-coverage	UNKNOWN STEP	2026-08-31T07:38:35.3212267Z   Checking if build backend supports build_editable: started
refusal-coverage	UNKNOWN STEP	2026-08-31T07:38:35.7016199Z   Checking if build backend supports build_editable: finished with status 'done'
refusal-coverage	UNKNOWN STEP	2026-08-31T07:38:35.7024017Z   Getting requirements to build editable: started
refusal-coverage	UNKNOWN STEP	2026-08-31T07:38:36.0557911Z   Getting requirements to build editable: finished with status 'done'
refusal-coverage	UNKNOWN STEP	2026-08-31T07:38:36.0567733Z   Preparing editable metadata (pyproject.toml): started
refusal-coverage	UNKNOWN STEP	2026-08-31T07:38:36.2568009Z   Preparing editable metadata (pyproject.toml): finished with status 'done'
refusal-coverage	UNKNOWN STEP	2026-08-31T07:38:36.3672266Z Collecting pytest (from vac-protocol==0.1.0)
refusal-coverage	UNKNOWN STEP	2026-08-31T07:38:36.4322181Z   Downloading pytest-9.1.1-py3-none-any.whl.metadata (7.6 kB)
refusal-coverage	UNKNOWN STEP	2026-08-31T07:38:36.4525905Z Collecting iniconfig>=1.0.1 (from pytest->vac-protocol==0.1.0)
refusal-coverage	UNKNOWN STEP	2026-08-31T07:38:36.4629932Z   Downloading iniconfig-2.3.0-py3-none-any.whl.metadata (2.5 kB)
refusal-coverage	UNKNOWN STEP	2026-08-31T07:38:36.4861812Z Collecting packaging>=22 (from pytest->vac-protocol==0.1.0)
refusal-coverage	UNKNOWN STEP	2026-08-31T07:38:36.4963295Z   Downloading packaging-26.3-py3-none-any.whl.metadata (3.5 kB)
refusal-coverage	UNKNOWN STEP	2026-08-31T07:38:36.5155081Z Collecting pluggy<2,>=1.5 (from pytest->vac-protocol==0.1.0)
refusal-coverage	UNKNOWN STEP	2026-08-31T07:38:36.5253588Z   Downloading pluggy-1.6.0-py3-none-any.whl.metadata (4.8 kB)
refusal-coverage	UNKNOWN STEP	2026-08-31T07:38:36.5576440Z Collecting pygments>=2.7.2 (from pytest->vac-protocol==0.1.0)
refusal-coverage	UNKNOWN STEP	2026-08-31T07:38:36.5675714Z   Downloading pygments-2.21.0-py3-none-any.whl.metadata (2.5 kB)
refusal-coverage	UNKNOWN STEP	2026-08-31T07:38:36.5826373Z Downloading pytest-9.1.1-py3-none-any.whl (386 kB)
refusal-coverage	UNKNOWN STEP	2026-08-31T07:38:36.6274430Z Downloading pluggy-1.6.0-py3-none-any.whl (20 kB)
refusal-coverage	UNKNOWN STEP	2026-08-31T07:38:36.6394323Z Downloading iniconfig-2.3.0-py3-none-any.whl (7.5 kB)
refusal-coverage	UNKNOWN STEP	2026-08-31T07:38:36.6512025Z Downloading packaging-26.3-py3-none-any.whl (129 kB)
refusal-coverage	UNKNOWN STEP	2026-08-31T07:38:36.6638852Z Downloading pygments-2.21.0-py3-none-any.whl (1.3 MB)
refusal-coverage	UNKNOWN STEP	2026-08-31T07:38:36.6935113Z    ━━━━━━━━━━━━━━━━━━━━━━━━━━━━━━━━━━━━━━━━ 1.3/1.3 MB 38.5 MB/s  0:00:00
refusal-coverage	UNKNOWN STEP	2026-08-31T07:38:36.7103755Z Building wheels for collected packages: vac-protocol
refusal-coverage	UNKNOWN STEP	2026-08-31T07:38:36.7111712Z   Building editable for vac-protocol (pyproject.toml): started
refusal-coverage	UNKNOWN STEP	2026-08-31T07:38:36.9327126Z   Building editable for vac-protocol (pyproject.toml): finished with status 'done'
refusal-coverage	UNKNOWN STEP	2026-08-31T07:38:36.9333349Z   Created wheel for vac-protocol: filename=vac_protocol-0.1.0-0.editable-py3-none-any.whl size=8850 sha256=15a31f5eb9bd3911b77ed2d1477d75ea11921a96c0b62406d940e99a8cffc841
refusal-coverage	UNKNOWN STEP	2026-08-31T07:38:36.9334886Z   Stored in directory: /tmp/pip-ephem-wheel-cache-pa9remuc/wheels/31/93/c0/4effb33ea68d4321a176d9cb097b94ea8b1be9d534ea861dec
refusal-coverage	UNKNOWN STEP	2026-08-31T07:38:36.9355152Z Successfully built vac-protocol
refusal-coverage	UNKNOWN STEP	2026-08-31T07:38:36.9561734Z Installing collected packages: vac-protocol, pygments, pluggy, packaging, iniconfig, pytest
refusal-coverage	UNKNOWN STEP	2026-08-31T07:38:38.0608417Z 
refusal-coverage	UNKNOWN STEP	2026-08-31T07:38:38.0637330Z Successfully installed iniconfig-2.3.0 packaging-26.3 pluggy-1.6.0 pygments-2.21.0 pytest-9.1.1 vac-protocol-0.1.0
refusal-coverage	UNKNOWN STEP	2026-08-31T07:38:38.1260646Z ##[group]Run python tools/mutation_sweep.py --floor 0.99
refusal-coverage	UNKNOWN STEP	2026-08-31T07:38:38.1261105Z ^[[36;1mpython tools/mutation_sweep.py --floor 0.99^[[0m
refusal-coverage	UNKNOWN STEP	2026-08-31T07:38:38.1299972Z shell: /usr/bin/bash -e {0}
refusal-coverage	UNKNOWN STEP	2026-08-31T07:38:38.1300222Z env:
refusal-coverage	UNKNOWN STEP	2026-08-31T07:38:38.1300487Z   pythonLocation: /opt/hostedtoolcache/Python/3.12.14/x64
refusal-coverage	UNKNOWN STEP	2026-08-31T07:38:38.1300933Z   PKG_CONFIG_PATH: /opt/hostedtoolcache/Python/3.12.14/x64/lib/pkgconfig
refusal-coverage	UNKNOWN STEP	2026-08-31T07:38:38.1301380Z   Python_ROOT_DIR: /opt/hostedtoolcache/Python/3.12.14/x64
refusal-coverage	UNKNOWN STEP	2026-08-31T07:38:38.1301764Z   Python2_ROOT_DIR: /opt/hostedtoolcache/Python/3.12.14/x64
refusal-coverage	UNKNOWN STEP	2026-08-31T07:38:38.1302146Z   Python3_ROOT_DIR: /opt/hostedtoolcache/Python/3.12.14/x64
refusal-coverage	UNKNOWN STEP	2026-08-31T07:38:38.1302548Z   LD_LIBRARY_PATH: /opt/hostedtoolcache/Python/3.12.14/x64/lib
refusal-coverage	UNKNOWN STEP	2026-08-31T07:38:38.1302906Z   VAC_CRASHKIT_CHECKOUT: _issuers/crashkit/vac
refusal-coverage	UNKNOWN STEP	2026-08-31T07:38:38.1303209Z   VAC_EVALMUT_CHECKOUT: _issuers/evalmut/vac
refusal-coverage	UNKNOWN STEP	2026-08-31T07:38:38.1303545Z   VAC_MODELDRIFT_CHECKOUT: _issuers/model-drift/vac
refusal-coverage	UNKNOWN STEP	2026-08-31T07:38:38.1303839Z ##[endgroup]
refusal-coverage	UNKNOWN STEP	2026-08-31T07:38:44.8841870Z baseline clean; 166 refusal sites (4 excluded, see EXCLUDE)
refusal-coverage	UNKNOWN STEP	2026-08-31T07:38:44.8842520Z   [1/166] L113 caught: tests
refusal-coverage	UNKNOWN STEP	2026-08-31T07:38:47.0498480Z   [2/166] L126 caught: tests
refusal-coverage	UNKNOWN STEP	2026-08-31T07:38:50.6403399Z   [3/166] L132 caught: tests
refusal-coverage	UNKNOWN STEP	2026-08-31T07:38:54.4710696Z   [4/166] L142 caught: tests
refusal-coverage	UNKNOWN STEP	2026-08-31T07:38:57.9958663Z   [5/166] L154 caught: tests
refusal-coverage	UNKNOWN STEP	2026-08-31T07:39:00.3464055Z   [6/166] L159 caught: tests
refusal-coverage	UNKNOWN STEP	2026-08-31T07:39:02.7034985Z   [7/166] L163 caught: tests
refusal-coverage	UNKNOWN STEP	2026-08-31T07:39:05.0312052Z   [8/166] L173 caught: tests
refusal-coverage	UNKNOWN STEP	2026-08-31T07:39:07.3126802Z   [9/166] L178 caught: tests
refusal-coverage	UNKNOWN STEP	2026-08-31T07:39:09.5794222Z   [10/166] L183 caught: tests
refusal-coverage	UNKNOWN STEP	2026-08-31T07:39:11.9057435Z   [11/166] L187 caught: tests
refusal-coverage	UNKNOWN STEP	2026-08-31T07:39:14.2552780Z   [12/166] L190 caught: tests
refusal-coverage	UNKNOWN STEP	2026-08-31T07:39:16.5600668Z   [13/166] L196 caught: tests
refusal-coverage	UNKNOWN STEP	2026-08-31T07:39:18.8550492Z   [14/166] L199 caught: tests
refusal-coverage	UNKNOWN STEP	2026-08-31T07:39:22.9948922Z   [15/166] L204 caught: tests
refusal-coverage	UNKNOWN STEP	2026-08-31T07:39:26.8908664Z   [16/166] L209 caught: tests
refusal-coverage	UNKNOWN STEP	2026-08-31T07:39:30.5528638Z   [17/166] L215 caught: tests
refusal-coverage	UNKNOWN STEP	2026-08-31T07:39:31.3209115Z   [18/166] L217 caught: tests
refusal-coverage	UNKNOWN STEP	2026-08-31T07:39:33.7129779Z   [19/166] L222 caught: tests
refusal-coverage	UNKNOWN STEP	2026-08-31T07:39:36.0483746Z   [20/166] L225 caught: tests
refusal-coverage	UNKNOWN STEP	2026-08-31T07:39:40.5742874Z   [21/166] L248 caught: tests
refusal-coverage	UNKNOWN STEP	2026-08-31T07:39:41.2415348Z   [22/166] L251 caught: tests
refusal-coverage	UNKNOWN STEP	2026-08-31T07:39:44.0440428Z   [23/166] L257 caught: tests
refusal-coverage	UNKNOWN STEP	2026-08-31T07:39:48.7843709Z   [24/166] L272 caught: tests
refusal-coverage	UNKNOWN STEP	2026-08-31T07:39:52.5651208Z   [25/166] L276 caught: tests
refusal-coverage	UNKNOWN STEP	2026-08-31T07:39:55.0254797Z   [26/166] L291 caught: tests
refusal-coverage	UNKNOWN STEP	2026-08-31T07:39:59.1638561Z   [27/166] L298 caught: tests
refusal-coverage	UNKNOWN STEP	2026-08-31T07:40:01.7178938Z   [28/166] L313 caught: tests
refusal-coverage	UNKNOWN STEP	2026-08-31T07:40:04.0669513Z   [29/166] L323 caught: tests
refusal-coverage	UNKNOWN STEP	2026-08-31T07:40:06.5048682Z   [30/166] L328 caught: tests
refusal-coverage	UNKNOWN STEP	2026-08-31T07:40:10.1219570Z   [31/166] L331 caught: tests
refusal-coverage	UNKNOWN STEP	2026-08-31T07:40:12.4888904Z   [32/166] L342 caught: tests
refusal-coverage	UNKNOWN STEP	2026-08-31T07:40:14.8436278Z   [33/166] L345 caught: tests
refusal-coverage	UNKNOWN STEP	2026-08-31T07:40:17.2719751Z   [34/166] L350 caught: tests
refusal-coverage	UNKNOWN STEP	2026-08-31T07:40:21.1555358Z   [35/166] L353 caught: tests
refusal-coverage	UNKNOWN STEP	2026-08-31T07:40:23.6392210Z   [36/166] L402 caught: tests
refusal-coverage	UNKNOWN STEP	2026-08-31T07:40:26.1229497Z   [37/166] L408 caught: tests
refusal-coverage	UNKNOWN STEP	2026-08-31T07:40:30.8550287Z   [38/166] L412 caught: tests
refusal-coverage	UNKNOWN STEP	2026-08-31T07:40:35.4732941Z   [39/166] L418 caught: tests
refusal-coverage	UNKNOWN STEP	2026-08-31T07:40:37.2629495Z   [40/166] L425 caught: tests
refusal-coverage	UNKNOWN STEP	2026-08-31T07:40:39.7834969Z   [41/166] L432 caught: tests
refusal-coverage	UNKNOWN STEP	2026-08-31T07:40:42.3277363Z   [42/166] L435 caught: tests
refusal-coverage	UNKNOWN STEP	2026-08-31T07:40:46.8180916Z   [43/166] L440 caught: tests
refusal-coverage	UNKNOWN STEP	2026-08-31T07:40:51.0646956Z   [44/166] L445 caught: tests
refusal-coverage	UNKNOWN STEP	2026-08-31T07:40:52.8684759Z   [45/166] L451 caught: tests
refusal-coverage	UNKNOWN STEP	2026-08-31T07:40:56.5728701Z   [46/166] L456 caught: tests
refusal-coverage	UNKNOWN STEP	2026-08-31T07:40:58.4871394Z   [47/166] L460 caught: tests
refusal-coverage	UNKNOWN STEP	2026-08-31T07:41:00.9669214Z   [48/166] L465 caught: tests
refusal-coverage	UNKNOWN STEP	2026-08-31T07:41:03.4862751Z   [49/166] L469 caught: tests
refusal-coverage	UNKNOWN STEP	2026-08-31T07:41:05.8350468Z   [50/166] L478 caught: tests
refusal-coverage	UNKNOWN STEP	2026-08-31T07:41:08.2431528Z   [51/166] L481 caught: tests
refusal-coverage	UNKNOWN STEP	2026-08-31T07:41:10.4799107Z   [52/166] L550 caught: tests
refusal-coverage	UNKNOWN STEP	2026-08-31T07:41:12.7221163Z   [53/166] L555 caught: tests
refusal-coverage	UNKNOWN STEP	2026-08-31T07:41:14.9548986Z   [54/166] L559 caught: tests
refusal-coverage	UNKNOWN STEP	2026-08-31T07:41:18.7857539Z   [55/166] L575 caught: tests
refusal-coverage	UNKNOWN STEP	2026-08-31T07:41:21.4463151Z   [56/166] L580 caught: tests
refusal-coverage	UNKNOWN STEP	2026-08-31T07:41:23.9539252Z   [57/166] L584 caught: tests
refusal-coverage	UNKNOWN STEP	2026-08-31T07:41:28.5911151Z   [58/166] L592 caught: tests
refusal-coverage	UNKNOWN STEP	2026-08-31T07:41:32.5215091Z   [59/166] L598 caught: tests
refusal-coverage	UNKNOWN STEP	2026-08-31T07:41:36.2939360Z   [60/166] L605 caught: tests
refusal-coverage	UNKNOWN STEP	2026-08-31T07:41:40.1260474Z   [61/166] L614 caught: tests
refusal-coverage	UNKNOWN STEP	2026-08-31T07:41:41.8942554Z   [62/166] L620 caught: tests
refusal-coverage	UNKNOWN STEP	2026-08-31T07:41:45.5672238Z   [63/166] L635 caught: tests
refusal-coverage	UNKNOWN STEP	2026-08-31T07:41:47.3179089Z   [64/166] L662 caught: tests
refusal-coverage	UNKNOWN STEP	2026-08-31T07:41:51.9219449Z   [65/166] L668 caught: tests
refusal-coverage	UNKNOWN STEP	2026-08-31T07:41:56.6261840Z   [66/166] L673 caught: tests
refusal-coverage	UNKNOWN STEP	2026-08-31T07:42:01.2994028Z   [67/166] L676 caught: tests
refusal-coverage	UNKNOWN STEP	2026-08-31T07:42:06.0537894Z   [68/166] L685 caught: tests
refusal-coverage	UNKNOWN STEP	2026-08-31T07:42:08.7184003Z   [69/166] L697 caught: tests
refusal-coverage	UNKNOWN STEP	2026-08-31T07:42:11.3668237Z   [70/166] L703 caught: tests
refusal-coverage	UNKNOWN STEP	2026-08-31T07:42:14.0153931Z   [71/166] L710 caught: tests
refusal-coverage	UNKNOWN STEP	2026-08-31T07:42:15.8766579Z   [72/166] L717 caught: tests
refusal-coverage	UNKNOWN STEP	2026-08-31T07:42:19.7353711Z   [73/166] L724 caught: tests
refusal-coverage	UNKNOWN STEP	2026-08-31T07:42:22.0465137Z   [74/166] L743 caught: tests
refusal-coverage	UNKNOWN STEP	2026-08-31T07:42:24.4710862Z   [75/166] L748 caught: tests
refusal-coverage	UNKNOWN STEP	2026-08-31T07:42:28.2151807Z   [76/166] L751 caught: tests
refusal-coverage	UNKNOWN STEP	2026-08-31T07:42:30.4766853Z   [77/166] L786 caught: tests
refusal-coverage	UNKNOWN STEP	2026-08-31T07:42:32.7573539Z   [78/166] L796 caught: tests
refusal-coverage	UNKNOWN STEP	2026-08-31T07:42:35.0617197Z   [79/166] L802 caught: tests
refusal-coverage	UNKNOWN STEP	2026-08-31T07:42:37.6642077Z   [80/166] L816 caught: tests
refusal-coverage	UNKNOWN STEP	2026-08-31T07:42:40.2579386Z   [81/166] L820 caught: tests
refusal-coverage	UNKNOWN STEP	2026-08-31T07:42:42.8312880Z   [82/166] L824 caught: tests
refusal-coverage	UNKNOWN STEP	2026-08-31T07:42:46.6288000Z   [83/166] L833 caught: tests
refusal-coverage	UNKNOWN STEP	2026-08-31T07:42:50.2759323Z   [84/166] L840 caught: tests
refusal-coverage	UNKNOWN STEP	2026-08-31T07:42:52.8915923Z   [85/166] L872 caught: tests
refusal-coverage	UNKNOWN STEP	2026-08-31T07:42:54.6522470Z   [86/166] L894 caught: tests
refusal-coverage	UNKNOWN STEP	2026-08-31T07:42:58.3446344Z   [87/166] L899 caught: tests
refusal-coverage	UNKNOWN STEP	2026-08-31T07:43:01.9323805Z   [88/166] L908 caught: tests
refusal-coverage	UNKNOWN STEP	2026-08-31T07:43:04.2738722Z   [89/166] L917 caught: tests
refusal-coverage	UNKNOWN STEP	2026-08-31T07:43:06.7467765Z   [90/166] L921 caught: tests
refusal-coverage	UNKNOWN STEP	2026-08-31T07:43:10.7407825Z   [91/166] L924 caught: tests
refusal-coverage	UNKNOWN STEP	2026-08-31T07:43:13.1634575Z   [92/166] L928 caught: tests
refusal-coverage	UNKNOWN STEP	2026-08-31T07:43:15.6739590Z   [93/166] L933 caught: tests
refusal-coverage	UNKNOWN STEP	2026-08-31T07:43:19.3666262Z   [94/166] L936 caught: tests
refusal-coverage	UNKNOWN STEP	2026-08-31T07:43:21.4725133Z   [95/166] L1048 caught: tests
refusal-coverage	UNKNOWN STEP	2026-08-31T07:43:23.5862919Z   [96/166] L1053 caught: tests
refusal-coverage	UNKNOWN STEP	2026-08-31T07:43:25.7782331Z   [97/166] L1057 caught: tests
refusal-coverage	UNKNOWN STEP	2026-08-31T07:43:27.9368966Z   [98/166] L1064 caught: tests
refusal-coverage	UNKNOWN STEP	2026-08-31T07:43:30.1434344Z   [99/166] L1075 caught: tests
refusal-coverage	UNKNOWN STEP	2026-08-31T07:43:32.7518175Z   [100/166] L1242 caught: tests
refusal-coverage	UNKNOWN STEP	2026-08-31T07:43:35.3661029Z   [101/166] L1247 caught: tests
refusal-coverage	UNKNOWN STEP	2026-08-31T07:43:37.9854999Z   [102/166] L1251 caught: tests
refusal-coverage	UNKNOWN STEP	2026-08-31T07:43:40.6414772Z   [103/166] L1259 caught: tests
refusal-coverage	UNKNOWN STEP	2026-08-31T07:43:43.3711230Z   [104/166] L1272 caught: tests
refusal-coverage	UNKNOWN STEP	2026-08-31T07:43:46.0184528Z   [105/166] L1293 caught: tests
refusal-coverage	UNKNOWN STEP	2026-08-31T07:43:48.6544571Z   [106/166] L1297 caught: tests
refusal-coverage	UNKNOWN STEP	2026-08-31T07:43:51.2779348Z   [107/166] L1301 caught: tests
refusal-coverage	UNKNOWN STEP	2026-08-31T07:43:53.5540585Z   [108/166] L1366 caught: tests
refusal-coverage	UNKNOWN STEP	2026-08-31T07:43:55.8172850Z   [109/166] L1372 caught: tests
refusal-coverage	UNKNOWN STEP	2026-08-31T07:43:58.0904976Z   [110/166] L1378 caught: tests
refusal-coverage	UNKNOWN STEP	2026-08-31T07:44:00.3339752Z   [111/166] L1387 caught: tests
refusal-coverage	UNKNOWN STEP	2026-08-31T07:44:02.5572372Z   [112/166] L1391 caught: tests
refusal-coverage	UNKNOWN STEP	2026-08-31T07:44:04.7890051Z   [113/166] L1396 caught: tests
refusal-coverage	UNKNOWN STEP	2026-08-31T07:44:07.0299014Z   [114/166] L1401 caught: tests
refusal-coverage	UNKNOWN STEP	2026-08-31T07:44:09.2417574Z   [115/166] L1407 caught: tests
refusal-coverage	UNKNOWN STEP	2026-08-31T07:44:11.5171916Z   [116/166] L1412 caught: tests
refusal-coverage	UNKNOWN STEP	2026-08-31T07:44:13.7213465Z   [117/166] L1420 caught: tests
refusal-coverage	UNKNOWN STEP	2026-08-31T07:44:15.9274809Z   [118/166] L1425 caught: tests
refusal-coverage	UNKNOWN STEP	2026-08-31T07:44:18.1381463Z   [119/166] L1428 caught: tests
refusal-coverage	UNKNOWN STEP	2026-08-31T07:44:19.9755192Z   [120/166] L1453 caught: tests
refusal-coverage	UNKNOWN STEP	2026-08-31T07:44:21.8413392Z   [121/166] L1459 caught: tests
refusal-coverage	UNKNOWN STEP	2026-08-31T07:44:23.7048865Z   [122/166] L1467 caught: tests
refusal-coverage	UNKNOWN STEP	2026-08-31T07:44:25.5622467Z   [123/166] L1472 caught: tests
refusal-coverage	UNKNOWN STEP	2026-08-31T07:44:27.4363150Z   [124/166] L1477 caught: tests
refusal-coverage	UNKNOWN STEP	2026-08-31T07:44:29.3251380Z   [125/166] L1482 caught: tests
refusal-coverage	UNKNOWN STEP	2026-08-31T07:44:33.7292530Z   [126/166] L1497 caught: tests
refusal-coverage	UNKNOWN STEP	2026-08-31T07:44:35.6041903Z   [127/166] L1501 caught: tests
refusal-coverage	UNKNOWN STEP	2026-08-31T07:44:37.4722750Z   [128/166] L1507 caught: tests
refusal-coverage	UNKNOWN STEP	2026-08-31T07:44:39.4607813Z   [129/166] L1511 caught: tests
refusal-coverage	UNKNOWN STEP	2026-08-31T07:44:41.3832999Z   [130/166] L1515 caught: tests
refusal-coverage	UNKNOWN STEP	2026-08-31T07:44:43.2451050Z   [131/166] L1519 caught: tests
refusal-coverage	UNKNOWN STEP	2026-08-31T07:44:45.1700821Z   [132/166] L1522 caught: tests
refusal-coverage	UNKNOWN STEP	2026-08-31T07:44:49.4629803Z   [133/166] L1528 caught: tests
refusal-coverage	UNKNOWN STEP	2026-08-31T07:44:51.3791380Z   [134/166] L1533 caught: tests
refusal-coverage	UNKNOWN STEP	2026-08-31T07:44:53.3433136Z   [135/166] L1539 caught: tests
refusal-coverage	UNKNOWN STEP	2026-08-31T07:44:55.3899453Z   [136/166] L1542 caught: tests
refusal-coverage	UNKNOWN STEP	2026-08-31T07:44:57.3331485Z   [137/166] L1545 caught: tests
refusal-coverage	UNKNOWN STEP	2026-08-31T07:44:59.3067975Z   [138/166] L1553 caught: tests
refusal-coverage	UNKNOWN STEP	2026-08-31T07:44:59.9703948Z   [139/166] L1559 caught: tests
refusal-coverage	UNKNOWN STEP	2026-08-31T07:45:01.9668618Z   [140/166] L1563 caught: tests
refusal-coverage	UNKNOWN STEP	2026-08-31T07:45:05.8480983Z   [141/166] L1568 caught: tests
refusal-coverage	UNKNOWN STEP	2026-08-31T07:45:07.5748796Z   [142/166] L1589 caught: tests
refusal-coverage	UNKNOWN STEP	2026-08-31T07:45:09.5862974Z   [143/166] L1593 caught: tests
refusal-coverage	UNKNOWN STEP	2026-08-31T07:45:11.7315176Z   [144/166] L1597 caught: tests
refusal-coverage	UNKNOWN STEP	2026-08-31T07:45:13.8856449Z   [145/166] L1604 caught: tests
refusal-coverage	UNKNOWN STEP	2026-08-31T07:45:15.9258784Z   [146/166] L1609 caught: tests
refusal-coverage	UNKNOWN STEP	2026-08-31T07:45:17.7057909Z   [147/166] L1620 caught: tests
refusal-coverage	UNKNOWN STEP	2026-08-31T07:45:19.4594124Z   [148/166] L1626 caught: tests
refusal-coverage	UNKNOWN STEP	2026-08-31T07:45:21.4843772Z   [149/166] L1633 caught: tests
refusal-coverage	UNKNOWN STEP	2026-08-31T07:45:23.5060818Z   [150/166] L1638 caught: tests
refusal-coverage	UNKNOWN STEP	2026-08-31T07:45:25.5613919Z   [151/166] L1645 caught: tests
refusal-coverage	UNKNOWN STEP	2026-08-31T07:45:29.4222246Z   [152/166] L1649 caught: tests
refusal-coverage	UNKNOWN STEP	2026-08-31T07:45:31.4927526Z   [153/166] L1656 caught: tests
refusal-coverage	UNKNOWN STEP	2026-08-31T07:45:35.3811064Z   [154/166] L1662 caught: tests
refusal-coverage	UNKNOWN STEP	2026-08-31T07:45:37.8994246Z   [155/166] L1686 caught: tests
refusal-coverage	UNKNOWN STEP	2026-08-31T07:45:40.4424706Z   [156/166] L1691 caught: tests
refusal-coverage	UNKNOWN STEP	2026-08-31T07:45:44.2832202Z   [157/166] L1694 caught: tests
refusal-coverage	UNKNOWN STEP	2026-08-31T07:45:50.0382400Z   [158/166] L1777 caught: sweep:tamper-summary-string
refusal-coverage	UNKNOWN STEP	2026-08-31T07:45:53.7607953Z   [159/166] L1795 caught: tests
refusal-coverage	UNKNOWN STEP	2026-08-31T07:45:57.4788985Z   [160/166] L1798 caught: tests
refusal-coverage	UNKNOWN STEP	2026-08-31T07:46:00.0670951Z   [161/166] L1837 caught: tests
refusal-coverage	UNKNOWN STEP	2026-08-31T07:46:01.9949486Z   [162/166] L1850 caught: tests
refusal-coverage	UNKNOWN STEP	2026-08-31T07:46:06.8300012Z   [163/166] L1858 caught: tests
refusal-coverage	UNKNOWN STEP	2026-08-31T07:46:11.6382931Z   [164/166] L1864 caught: tests
refusal-coverage	UNKNOWN STEP	2026-08-31T07:46:12.3049873Z   [165/166] L1880 caught: tests
refusal-coverage	UNKNOWN STEP	2026-08-31T07:46:17.1027217Z   [166/166] L1919 caught: tests
refusal-coverage	UNKNOWN STEP	2026-08-31T07:46:17.1032011Z 
refusal-coverage	UNKNOWN STEP	2026-08-31T07:46:17.1032209Z MUTATION SCORE: 166/166 = 1.000
refusal-coverage	UNKNOWN STEP	2026-08-31T07:46:17.1189404Z Node 20 is being deprecated. This workflow is running with Node 24 by default. If you need to temporarily use Node 20, you can set the ACTIONS_ALLOW_USE_UNSECURE_NODE_VERSION=true environment variable. For more information see: https://github.blog/changelog/2025-09-19-deprecation-of-node-20-on-github-actions-runners/
refusal-coverage	UNKNOWN STEP	2026-08-31T07:46:17.1190672Z Post job cleanup.
refusal-coverage	UNKNOWN STEP	2026-08-31T07:46:17.2089368Z [command]/usr/bin/git version
refusal-coverage	UNKNOWN STEP	2026-08-31T07:46:17.2142725Z git version 2.55.0
refusal-coverage	UNKNOWN STEP	2026-08-31T07:46:17.2189250Z Temporarily overriding HOME='/home/runner/work/_temp/b3be1465-2bcb-4be9-856d-6409c475922e' before making global git config changes
refusal-coverage	UNKNOWN STEP	2026-08-31T07:46:17.2190642Z Adding repository directory to the temporary git global config as a safe directory
refusal-coverage	UNKNOWN STEP	2026-08-31T07:46:17.2196615Z [command]/usr/bin/git config --global --add safe.directory /home/runner/work/vac-protocol/vac-protocol/_issuers/model-drift
refusal-coverage	UNKNOWN STEP	2026-08-31T07:46:17.2249593Z [command]/usr/bin/git config --local --name-only --get-regexp core\.sshCommand
refusal-coverage	UNKNOWN STEP	2026-08-31T07:46:17.2307307Z [command]/usr/bin/git submodule foreach --recursive sh -c "git config --local --name-only --get-regexp 'core\.sshCommand' && git config --local --unset-all 'core.sshCommand' || :"
refusal-coverage	UNKNOWN STEP	2026-08-31T07:46:17.2586170Z [command]/usr/bin/git config --local --name-only --get-regexp http\.https\:\/\/github\.com\/\.extraheader
refusal-coverage	UNKNOWN STEP	2026-08-31T07:46:17.2618482Z http.https://github.com/.extraheader
refusal-coverage	UNKNOWN STEP	2026-08-31T07:46:17.2627817Z [command]/usr/bin/git config --local --unset-all http.https://github.com/.extraheader
refusal-coverage	UNKNOWN STEP	2026-08-31T07:46:17.2669493Z [command]/usr/bin/git submodule foreach --recursive sh -c "git config --local --name-only --get-regexp 'http\.https\:\/\/github\.com\/\.extraheader' && git config --local --unset-all 'http.https://github.com/.extraheader' || :"
refusal-coverage	UNKNOWN STEP	2026-08-31T07:46:17.2948146Z [command]/usr/bin/git config --local --name-only --get-regexp ^includeIf\.gitdir:
refusal-coverage	UNKNOWN STEP	2026-08-31T07:46:17.2996040Z [command]/usr/bin/git submodule foreach --recursive git config --local --show-origin --name-only --get-regexp remote.origin.url
refusal-coverage	UNKNOWN STEP	2026-08-31T07:46:17.3473718Z Node 20 is being deprecated. This workflow is running with Node 24 by default. If you need to temporarily use Node 20, you can set the ACTIONS_ALLOW_USE_UNSECURE_NODE_VERSION=true environment variable. For more information see: https://github.blog/changelog/2025-09-19-deprecation-of-node-20-on-github-actions-runners/
refusal-coverage	UNKNOWN STEP	2026-08-31T07:46:17.3475006Z Post job cleanup.
refusal-coverage	UNKNOWN STEP	2026-08-31T07:46:17.4378724Z [command]/usr/bin/git version
refusal-coverage	UNKNOWN STEP	2026-08-31T07:46:17.4424910Z git version 2.55.0
refusal-coverage	UNKNOWN STEP	2026-08-31T07:46:17.4469913Z Temporarily overriding HOME='/home/runner/work/_temp/70342d36-ce14-4c7b-9a4c-3f728b3380b4' before making global git config changes
refusal-coverage	UNKNOWN STEP	2026-08-31T07:46:17.4471441Z Adding repository directory to the temporary git global config as a safe directory
refusal-coverage	UNKNOWN STEP	2026-08-31T07:46:17.4478229Z [command]/usr/bin/git config --global --add safe.directory /home/runner/work/vac-protocol/vac-protocol/_issuers/evalmut
refusal-coverage	UNKNOWN STEP	2026-08-31T07:46:17.4538872Z [command]/usr/bin/git config --local --name-only --get-regexp core\.sshCommand
refusal-coverage	UNKNOWN STEP	2026-08-31T07:46:17.4617735Z [command]/usr/bin/git submodule foreach --recursive sh -c "git config --local --name-only --get-regexp 'core\.sshCommand' && git config --local --unset-all 'core.sshCommand' || :"
refusal-coverage	UNKNOWN STEP	2026-08-31T07:46:17.4907632Z [command]/usr/bin/git config --local --name-only --get-regexp http\.https\:\/\/github\.com\/\.extraheader
refusal-coverage	UNKNOWN STEP	2026-08-31T07:46:17.4936499Z http.https://github.com/.extraheader
refusal-coverage	UNKNOWN STEP	2026-08-31T07:46:17.4949683Z [command]/usr/bin/git config --local --unset-all http.https://github.com/.extraheader
refusal-coverage	UNKNOWN STEP	2026-08-31T07:46:17.5007596Z [command]/usr/bin/git submodule foreach --recursive sh -c "git config --local --name-only --get-regexp 'http\.https\:\/\/github\.com\/\.extraheader' && git config --local --unset-all 'http.https://github.com/.extraheader' || :"
refusal-coverage	UNKNOWN STEP	2026-08-31T07:46:17.5265632Z [command]/usr/bin/git config --local --name-only --get-regexp ^includeIf\.gitdir:
refusal-coverage	UNKNOWN STEP	2026-08-31T07:46:17.5310233Z [command]/usr/bin/git submodule foreach --recursive git config --local --show-origin --name-only --get-regexp remote.origin.url
refusal-coverage	UNKNOWN STEP	2026-08-31T07:46:17.5849745Z Node 20 is being deprecated. This workflow is running with Node 24 by default. If you need to temporarily use Node 20, you can set the ACTIONS_ALLOW_USE_UNSECURE_NODE_VERSION=true environment variable. For more information see: https://github.blog/changelog/2025-09-19-deprecation-of-node-20-on-github-actions-runners/
refusal-coverage	UNKNOWN STEP	2026-08-31T07:46:17.5852043Z Post job cleanup.
refusal-coverage	UNKNOWN STEP	2026-08-31T07:46:17.6827611Z [command]/usr/bin/git version
refusal-coverage	UNKNOWN STEP	2026-08-31T07:46:17.6886673Z git version 2.55.0
refusal-coverage	UNKNOWN STEP	2026-08-31T07:46:17.6957180Z Temporarily overriding HOME='/home/runner/work/_temp/dc79be0c-d1d8-4537-abd4-f5bd45a5a8b3' before making global git config changes
refusal-coverage	UNKNOWN STEP	2026-08-31T07:46:17.6958675Z Adding repository directory to the temporary git global config as a safe directory
refusal-coverage	UNKNOWN STEP	2026-08-31T07:46:17.6960060Z [command]/usr/bin/git config --global --add safe.directory /home/runner/work/vac-protocol/vac-protocol/_issuers/crashkit
refusal-coverage	UNKNOWN STEP	2026-08-31T07:46:17.7017364Z [command]/usr/bin/git config --local --name-only --get-regexp core\.sshCommand
refusal-coverage	UNKNOWN STEP	2026-08-31T07:46:17.7070388Z [command]/usr/bin/git submodule foreach --recursive sh -c "git config --local --name-only --get-regexp 'core\.sshCommand' && git config --local --unset-all 'core.sshCommand' || :"
refusal-coverage	UNKNOWN STEP	2026-08-31T07:46:17.7455322Z [command]/usr/bin/git config --local --name-only --get-regexp http\.https\:\/\/github\.com\/\.extraheader
refusal-coverage	UNKNOWN STEP	2026-08-31T07:46:17.7480239Z http.https://github.com/.extraheader
refusal-coverage	UNKNOWN STEP	2026-08-31T07:46:17.7514175Z [command]/usr/bin/git config --local --unset-all http.https://github.com/.extraheader
refusal-coverage	UNKNOWN STEP	2026-08-31T07:46:17.7550529Z [command]/usr/bin/git submodule foreach --recursive sh -c "git config --local --name-only --get-regexp 'http\.https\:\/\/github\.com\/\.extraheader' && git config --local --unset-all 'http.https://github.com/.extraheader' || :"
refusal-coverage	UNKNOWN STEP	2026-08-31T07:46:17.7914882Z [command]/usr/bin/git config --local --name-only --get-regexp ^includeIf\.gitdir:
refusal-coverage	UNKNOWN STEP	2026-08-31T07:46:17.7979324Z [command]/usr/bin/git submodule foreach --recursive git config --local --show-origin --name-only --get-regexp remote.origin.url
refusal-coverage	UNKNOWN STEP	2026-08-31T07:46:17.8405240Z Node 20 is being deprecated. This workflow is running with Node 24 by default. If you need to temporarily use Node 20, you can set the ACTIONS_ALLOW_USE_UNSECURE_NODE_VERSION=true environment variable. For more information see: https://github.blog/changelog/2025-09-19-deprecation-of-node-20-on-github-actions-runners/
refusal-coverage	UNKNOWN STEP	2026-08-31T07:46:17.8407897Z Post job cleanup.
refusal-coverage	UNKNOWN STEP	2026-08-31T07:46:17.9614436Z (node:38519) [DEP0040] DeprecationWarning: The `punycode` module is deprecated. Please use a userland alternative instead.
refusal-coverage	UNKNOWN STEP	2026-08-31T07:46:17.9615476Z (Use `node --trace-deprecation ...` to show where the warning was created)
refusal-coverage	UNKNOWN STEP	2026-08-31T07:46:17.9771225Z Node 20 is being deprecated. This workflow is running with Node 24 by default. If you need to temporarily use Node 20, you can set the ACTIONS_ALLOW_USE_UNSECURE_NODE_VERSION=true environment variable. For more information see: https://github.blog/changelog/2025-09-19-deprecation-of-node-20-on-github-actions-runners/
refusal-coverage	UNKNOWN STEP	2026-08-31T07:46:17.9772485Z Post job cleanup.
refusal-coverage	UNKNOWN STEP	2026-08-31T07:46:18.0681001Z [command]/usr/bin/git version
refusal-coverage	UNKNOWN STEP	2026-08-31T07:46:18.0726676Z git version 2.55.0
refusal-coverage	UNKNOWN STEP	2026-08-31T07:46:18.0827994Z Temporarily overriding HOME='/home/runner/work/_temp/16447a68-7547-483f-9a22-342f33a882ac' before making global git config changes
refusal-coverage	UNKNOWN STEP	2026-08-31T07:46:18.0829304Z Adding repository directory to the temporary git global config as a safe directory
refusal-coverage	UNKNOWN STEP	2026-08-31T07:46:18.0830411Z [command]/usr/bin/git config --global --add safe.directory /home/runner/work/vac-protocol/vac-protocol
refusal-coverage	UNKNOWN STEP	2026-08-31T07:46:18.0887074Z [command]/usr/bin/git config --local --name-only --get-regexp core\.sshCommand
refusal-coverage	UNKNOWN STEP	2026-08-31T07:46:18.0916059Z [command]/usr/bin/git submodule foreach --recursive sh -c "git config --local --name-only --get-regexp 'core\.sshCommand' && git config --local --unset-all 'core.sshCommand' || :"
refusal-coverage	UNKNOWN STEP	2026-08-31T07:46:18.1195407Z [command]/usr/bin/git config --local --name-only --get-regexp http\.https\:\/\/github\.com\/\.extraheader
refusal-coverage	UNKNOWN STEP	2026-08-31T07:46:18.1226730Z http.https://github.com/.extraheader
refusal-coverage	UNKNOWN STEP	2026-08-31T07:46:18.1240313Z [command]/usr/bin/git config --local --unset-all http.https://github.com/.extraheader
refusal-coverage	UNKNOWN STEP	2026-08-31T07:46:18.1275335Z [command]/usr/bin/git submodule foreach --recursive sh -c "git config --local --name-only --get-regexp 'http\.https\:\/\/github\.com\/\.extraheader' && git config --local --unset-all 'http.https://github.com/.extraheader' || :"
refusal-coverage	UNKNOWN STEP	2026-08-31T07:46:18.1551086Z [command]/usr/bin/git config --local --name-only --get-regexp ^includeIf\.gitdir:
refusal-coverage	UNKNOWN STEP	2026-08-31T07:46:18.1593726Z [command]/usr/bin/git submodule foreach --recursive git config --local --show-origin --name-only --get-regexp remote.origin.url
refusal-coverage	UNKNOWN STEP	2026-08-31T07:46:18.2008450Z Cleaning up orphan processes
refusal-coverage	UNKNOWN STEP	2026-08-31T07:46:18.2353354Z ##[warning]Node.js 20 is deprecated. The following actions target Node.js 20 but are being forced to run on Node.js 24: actions/checkout@v4, actions/setup-python@v5. For more information see: https://github.blog/changelog/2025-09-19-deprecation-of-node-20-on-github-actions-runners/
