invalidation-liveness	UNKNOWN STEP	﻿2026-09-13T02:29:15.8248399Z Current runner version: '2.337.0'
invalidation-liveness	UNKNOWN STEP	2026-09-13T02:29:15.8269780Z ##[group]Runner Image Provisioner
invalidation-liveness	UNKNOWN STEP	2026-09-13T02:29:15.8270487Z Hosted Compute Agent
invalidation-liveness	UNKNOWN STEP	2026-09-13T02:29:15.8271028Z Version: 20260828.587
invalidation-liveness	UNKNOWN STEP	2026-09-13T02:29:15.8271599Z Commit: abac92662cab4cc7352de4f9f9d2e2419aad9c29
invalidation-liveness	UNKNOWN STEP	2026-09-13T02:29:15.8272207Z Build Date: 2026-08-28T16:44:25Z
invalidation-liveness	UNKNOWN STEP	2026-09-13T02:29:15.8272847Z Worker ID: {7a14b3f0-62c6-4944-bbdf-afba08361a8c}
invalidation-liveness	UNKNOWN STEP	2026-09-13T02:29:15.8273423Z Azure Region: westus3
invalidation-liveness	UNKNOWN STEP	2026-09-13T02:29:15.8273920Z ##[endgroup]
invalidation-liveness	UNKNOWN STEP	2026-09-13T02:29:15.8275112Z ##[group]Operating System
invalidation-liveness	UNKNOWN STEP	2026-09-13T02:29:15.8275755Z Ubuntu
invalidation-liveness	UNKNOWN STEP	2026-09-13T02:29:15.8276267Z 24.04.5
invalidation-liveness	UNKNOWN STEP	2026-09-13T02:29:15.8276719Z LTS
invalidation-liveness	UNKNOWN STEP	2026-09-13T02:29:15.8277133Z ##[endgroup]
invalidation-liveness	UNKNOWN STEP	2026-09-13T02:29:15.8277682Z ##[group]Runner Image
invalidation-liveness	UNKNOWN STEP	2026-09-13T02:29:15.8278215Z Image: ubuntu-24.04
invalidation-liveness	UNKNOWN STEP	2026-09-13T02:29:15.8278720Z Version: 20260907.300.1
invalidation-liveness	UNKNOWN STEP	2026-09-13T02:29:15.8279715Z Included Software: https://github.com/actions/runner-images/blob/ubuntu24/20260907.300/images/ubuntu/Ubuntu2404-Readme.md
invalidation-liveness	UNKNOWN STEP	2026-09-13T02:29:15.8281020Z Image Release: https://github.com/actions/runner-images/releases/tag/ubuntu24%2F20260907.300
invalidation-liveness	UNKNOWN STEP	2026-09-13T02:29:15.8281849Z ##[endgroup]
invalidation-liveness	UNKNOWN STEP	2026-09-13T02:29:15.8282857Z ##[group]GITHUB_TOKEN Permissions
invalidation-liveness	UNKNOWN STEP	2026-09-13T02:29:15.8284384Z Contents: read
invalidation-liveness	UNKNOWN STEP	2026-09-13T02:29:15.8285273Z Metadata: read
invalidation-liveness	UNKNOWN STEP	2026-09-13T02:29:15.8285853Z Packages: read
invalidation-liveness	UNKNOWN STEP	2026-09-13T02:29:15.8286297Z ##[endgroup]
invalidation-liveness	UNKNOWN STEP	2026-09-13T02:29:15.8288062Z Secret source: Actions
invalidation-liveness	UNKNOWN STEP	2026-09-13T02:29:15.8288863Z Cache mode: write
invalidation-liveness	UNKNOWN STEP	2026-09-13T02:29:15.8289661Z Prepare workflow directory
invalidation-liveness	UNKNOWN STEP	2026-09-13T02:29:15.8563643Z Prepare all required actions
invalidation-liveness	UNKNOWN STEP	2026-09-13T02:29:15.8618654Z Getting action download info
invalidation-liveness	UNKNOWN STEP	2026-09-13T02:29:16.1563161Z Download action repository 'actions/checkout@v4' (SHA:11d5960a326750d5838078e36cf38b85af677262)
invalidation-liveness	UNKNOWN STEP	2026-09-13T02:29:16.3013961Z Download action repository 'actions/setup-python@v5' (SHA:a26af69be951a213d495a4c3e4e4022e16d87065)
invalidation-liveness	UNKNOWN STEP	2026-09-13T02:29:16.5197705Z Complete job name: invalidation-liveness
invalidation-liveness	UNKNOWN STEP	2026-09-13T02:29:16.5839715Z Node 20 is being deprecated. This workflow is running with Node 24 by default. If you need to temporarily use Node 20, you can set the ACTIONS_ALLOW_USE_UNSECURE_NODE_VERSION=true environment variable. For more information see: https://github.blog/changelog/2025-09-19-deprecation-of-node-20-on-github-actions-runners/
invalidation-liveness	UNKNOWN STEP	2026-09-13T02:29:16.5846702Z ##[group]Run actions/checkout@v4
invalidation-liveness	UNKNOWN STEP	2026-09-13T02:29:16.5847256Z with:
invalidation-liveness	UNKNOWN STEP	2026-09-13T02:29:16.5847612Z   repository: egnaro9/vac-protocol
invalidation-liveness	UNKNOWN STEP	2026-09-13T02:29:16.5850643Z   token: ***
invalidation-liveness	UNKNOWN STEP	2026-09-13T02:29:16.5850998Z   ssh-strict: true
invalidation-liveness	UNKNOWN STEP	2026-09-13T02:29:16.5851348Z   ssh-user: git
invalidation-liveness	UNKNOWN STEP	2026-09-13T02:29:16.5851695Z   persist-credentials: true
invalidation-liveness	UNKNOWN STEP	2026-09-13T02:29:16.5852072Z   clean: true
invalidation-liveness	UNKNOWN STEP	2026-09-13T02:29:16.5852421Z   sparse-checkout-cone-mode: true
invalidation-liveness	UNKNOWN STEP	2026-09-13T02:29:16.5852821Z   fetch-depth: 1
invalidation-liveness	UNKNOWN STEP	2026-09-13T02:29:16.5853157Z   fetch-tags: false
invalidation-liveness	UNKNOWN STEP	2026-09-13T02:29:16.5853505Z   show-progress: true
invalidation-liveness	UNKNOWN STEP	2026-09-13T02:29:16.5853848Z   lfs: false
invalidation-liveness	UNKNOWN STEP	2026-09-13T02:29:16.5854212Z   submodules: false
invalidation-liveness	UNKNOWN STEP	2026-09-13T02:29:16.5854575Z   set-safe-directory: true
invalidation-liveness	UNKNOWN STEP	2026-09-13T02:29:16.5854968Z   allow-unsafe-pr-checkout: false
invalidation-liveness	UNKNOWN STEP	2026-09-13T02:29:16.5855671Z ##[endgroup]
invalidation-liveness	UNKNOWN STEP	2026-09-13T02:29:16.6694545Z Syncing repository: egnaro9/vac-protocol
invalidation-liveness	UNKNOWN STEP	2026-09-13T02:29:16.6696458Z ##[group]Getting Git version info
invalidation-liveness	UNKNOWN STEP	2026-09-13T02:29:16.6697204Z Working directory is '/home/runner/work/vac-protocol/vac-protocol'
invalidation-liveness	UNKNOWN STEP	2026-09-13T02:29:16.6698914Z [command]/usr/bin/git version
invalidation-liveness	UNKNOWN STEP	2026-09-13T02:29:16.6762955Z git version 2.55.0
invalidation-liveness	UNKNOWN STEP	2026-09-13T02:29:16.6780545Z ##[endgroup]
invalidation-liveness	UNKNOWN STEP	2026-09-13T02:29:16.6793243Z Temporarily overriding HOME='/home/runner/work/_temp/2fe062cc-6991-4630-bc87-904c4b9219a4' before making global git config changes
invalidation-liveness	UNKNOWN STEP	2026-09-13T02:29:16.6795146Z Adding repository directory to the temporary git global config as a safe directory
invalidation-liveness	UNKNOWN STEP	2026-09-13T02:29:16.6798530Z [command]/usr/bin/git config --global --add safe.directory /home/runner/work/vac-protocol/vac-protocol
invalidation-liveness	UNKNOWN STEP	2026-09-13T02:29:16.6839948Z Deleting the contents of '/home/runner/work/vac-protocol/vac-protocol'
invalidation-liveness	UNKNOWN STEP	2026-09-13T02:29:16.6847592Z ##[group]Initializing the repository
invalidation-liveness	UNKNOWN STEP	2026-09-13T02:29:16.6848608Z [command]/usr/bin/git init /home/runner/work/vac-protocol/vac-protocol
invalidation-liveness	UNKNOWN STEP	2026-09-13T02:29:16.6917293Z hint: Using 'master' as the name for the initial branch. This default branch name
invalidation-liveness	UNKNOWN STEP	2026-09-13T02:29:16.6918940Z hint: will change to "main" in Git 3.0. To configure the initial branch name
invalidation-liveness	UNKNOWN STEP	2026-09-13T02:29:16.6920352Z hint: to use in all of your new repositories, which will suppress this warning,
invalidation-liveness	UNKNOWN STEP	2026-09-13T02:29:16.6921769Z hint: call:
invalidation-liveness	UNKNOWN STEP	2026-09-13T02:29:16.6922607Z hint:
invalidation-liveness	UNKNOWN STEP	2026-09-13T02:29:16.6923487Z hint: 	git config --global init.defaultBranch <name>
invalidation-liveness	UNKNOWN STEP	2026-09-13T02:29:16.6924662Z hint:
invalidation-liveness	UNKNOWN STEP	2026-09-13T02:29:16.6925446Z hint: Names commonly chosen instead of 'master' are 'main', 'trunk' and
invalidation-liveness	UNKNOWN STEP	2026-09-13T02:29:16.6926529Z hint: 'development'. The just-created branch can be renamed via this command:
invalidation-liveness	UNKNOWN STEP	2026-09-13T02:29:16.6927325Z hint:
invalidation-liveness	UNKNOWN STEP	2026-09-13T02:29:16.6927829Z hint: 	git branch -m <name>
invalidation-liveness	UNKNOWN STEP	2026-09-13T02:29:16.6928579Z hint:
invalidation-liveness	UNKNOWN STEP	2026-09-13T02:29:16.6929419Z hint: Disable this message with "git config set advice.defaultBranchName false"
invalidation-liveness	UNKNOWN STEP	2026-09-13T02:29:16.6930365Z Initialized empty Git repository in /home/runner/work/vac-protocol/vac-protocol/.git/
invalidation-liveness	UNKNOWN STEP	2026-09-13T02:29:16.6931942Z [command]/usr/bin/git remote add origin https://github.com/egnaro9/vac-protocol
invalidation-liveness	UNKNOWN STEP	2026-09-13T02:29:16.6968053Z ##[endgroup]
invalidation-liveness	UNKNOWN STEP	2026-09-13T02:29:16.6968877Z ##[group]Disabling automatic garbage collection
invalidation-liveness	UNKNOWN STEP	2026-09-13T02:29:16.6969508Z [command]/usr/bin/git config --local gc.auto 0
invalidation-liveness	UNKNOWN STEP	2026-09-13T02:29:16.6995833Z ##[endgroup]
invalidation-liveness	UNKNOWN STEP	2026-09-13T02:29:16.6996747Z ##[group]Setting up auth
invalidation-liveness	UNKNOWN STEP	2026-09-13T02:29:16.7001802Z [command]/usr/bin/git config --local --name-only --get-regexp core\.sshCommand
invalidation-liveness	UNKNOWN STEP	2026-09-13T02:29:16.7029443Z [command]/usr/bin/git submodule foreach --recursive sh -c "git config --local --name-only --get-regexp 'core\.sshCommand' && git config --local --unset-all 'core.sshCommand' || :"
invalidation-liveness	UNKNOWN STEP	2026-09-13T02:29:16.7433790Z [command]/usr/bin/git config --local --name-only --get-regexp http\.https\:\/\/github\.com\/\.extraheader
invalidation-liveness	UNKNOWN STEP	2026-09-13T02:29:16.7467232Z [command]/usr/bin/git submodule foreach --recursive sh -c "git config --local --name-only --get-regexp 'http\.https\:\/\/github\.com\/\.extraheader' && git config --local --unset-all 'http.https://github.com/.extraheader' || :"
invalidation-liveness	UNKNOWN STEP	2026-09-13T02:29:16.7658564Z [command]/usr/bin/git config --local --name-only --get-regexp ^includeIf\.gitdir:
invalidation-liveness	UNKNOWN STEP	2026-09-13T02:29:16.7689184Z [command]/usr/bin/git submodule foreach --recursive git config --local --show-origin --name-only --get-regexp remote.origin.url
invalidation-liveness	UNKNOWN STEP	2026-09-13T02:29:16.7875841Z [command]/usr/bin/git config --local http.https://github.com/.extraheader AUTHORIZATION: basic ***
invalidation-liveness	UNKNOWN STEP	2026-09-13T02:29:16.7908928Z ##[endgroup]
invalidation-liveness	UNKNOWN STEP	2026-09-13T02:29:16.7909700Z ##[group]Fetching the repository
invalidation-liveness	UNKNOWN STEP	2026-09-13T02:29:16.7915884Z [command]/usr/bin/git -c protocol.version=2 fetch --no-tags --prune --no-recurse-submodules --depth=1 origin +0b44bf216a604a4e27926f6093898130cfe93b51:refs/remotes/origin/main
invalidation-liveness	UNKNOWN STEP	2026-09-13T02:29:17.8020357Z From https://github.com/egnaro9/vac-protocol
invalidation-liveness	UNKNOWN STEP	2026-09-13T02:29:17.8021551Z  * [new ref]         0b44bf216a604a4e27926f6093898130cfe93b51 -> origin/main
invalidation-liveness	UNKNOWN STEP	2026-09-13T02:29:17.8047277Z ##[endgroup]
invalidation-liveness	UNKNOWN STEP	2026-09-13T02:29:17.8048480Z ##[group]Determining the checkout info
invalidation-liveness	UNKNOWN STEP	2026-09-13T02:29:17.8049829Z ##[endgroup]
invalidation-liveness	UNKNOWN STEP	2026-09-13T02:29:17.8050583Z [command]/usr/bin/git sparse-checkout disable
invalidation-liveness	UNKNOWN STEP	2026-09-13T02:29:17.8080617Z [command]/usr/bin/git config --local --unset-all extensions.worktreeConfig
invalidation-liveness	UNKNOWN STEP	2026-09-13T02:29:17.8110688Z ##[group]Checking out the ref
invalidation-liveness	UNKNOWN STEP	2026-09-13T02:29:17.8115861Z [command]/usr/bin/git checkout --progress --force -B main refs/remotes/origin/main
invalidation-liveness	UNKNOWN STEP	2026-09-13T02:29:17.8361358Z Switched to a new branch 'main'
invalidation-liveness	UNKNOWN STEP	2026-09-13T02:29:17.8880288Z branch 'main' set up to track 'origin/main'.
invalidation-liveness	UNKNOWN STEP	2026-09-13T02:29:17.8922415Z ##[endgroup]
invalidation-liveness	UNKNOWN STEP	2026-09-13T02:29:17.8925139Z [command]/usr/bin/git log -1 --format=%H
invalidation-liveness	UNKNOWN STEP	2026-09-13T02:29:17.8947836Z 0b44bf216a604a4e27926f6093898130cfe93b51
invalidation-liveness	UNKNOWN STEP	2026-09-13T02:29:17.9247784Z Node 20 is being deprecated. This workflow is running with Node 24 by default. If you need to temporarily use Node 20, you can set the ACTIONS_ALLOW_USE_UNSECURE_NODE_VERSION=true environment variable. For more information see: https://github.blog/changelog/2025-09-19-deprecation-of-node-20-on-github-actions-runners/
invalidation-liveness	UNKNOWN STEP	2026-09-13T02:29:17.9252495Z ##[group]Run actions/setup-python@v5
invalidation-liveness	UNKNOWN STEP	2026-09-13T02:29:17.9253487Z with:
invalidation-liveness	UNKNOWN STEP	2026-09-13T02:29:17.9254250Z   python-version: 3.12
invalidation-liveness	UNKNOWN STEP	2026-09-13T02:29:17.9255111Z   check-latest: false
invalidation-liveness	UNKNOWN STEP	2026-09-13T02:29:17.9262460Z   token: ***
invalidation-liveness	UNKNOWN STEP	2026-09-13T02:29:17.9263268Z   update-environment: true
invalidation-liveness	UNKNOWN STEP	2026-09-13T02:29:17.9264189Z   allow-prereleases: false
invalidation-liveness	UNKNOWN STEP	2026-09-13T02:29:17.9265082Z   freethreaded: false
invalidation-liveness	UNKNOWN STEP	2026-09-13T02:29:17.9265984Z ##[endgroup]
invalidation-liveness	UNKNOWN STEP	2026-09-13T02:29:18.0313913Z ##[group]Installed versions
invalidation-liveness	UNKNOWN STEP	2026-09-13T02:29:18.1165143Z (node:2043) [DEP0040] DeprecationWarning: The `punycode` module is deprecated. Please use a userland alternative instead.
invalidation-liveness	UNKNOWN STEP	2026-09-13T02:29:18.1166462Z (Use `node --trace-deprecation ...` to show where the warning was created)
invalidation-liveness	UNKNOWN STEP	2026-09-13T02:29:18.1167085Z Successfully set up CPython (3.12.14)
invalidation-liveness	UNKNOWN STEP	2026-09-13T02:29:18.1167751Z ##[endgroup]
invalidation-liveness	UNKNOWN STEP	2026-09-13T02:29:18.1397801Z ##[group]Run pip install -e .
invalidation-liveness	UNKNOWN STEP	2026-09-13T02:29:18.1398439Z ^[[36;1mpip install -e .^[[0m
invalidation-liveness	UNKNOWN STEP	2026-09-13T02:29:18.1461449Z shell: /usr/bin/bash -e {0}
invalidation-liveness	UNKNOWN STEP	2026-09-13T02:29:18.1462370Z env:
invalidation-liveness	UNKNOWN STEP	2026-09-13T02:29:18.1463051Z   pythonLocation: /opt/hostedtoolcache/Python/3.12.14/x64
invalidation-liveness	UNKNOWN STEP	2026-09-13T02:29:18.1463777Z   PKG_CONFIG_PATH: /opt/hostedtoolcache/Python/3.12.14/x64/lib/pkgconfig
invalidation-liveness	UNKNOWN STEP	2026-09-13T02:29:18.1464485Z   Python_ROOT_DIR: /opt/hostedtoolcache/Python/3.12.14/x64
invalidation-liveness	UNKNOWN STEP	2026-09-13T02:29:18.1465152Z   Python2_ROOT_DIR: /opt/hostedtoolcache/Python/3.12.14/x64
invalidation-liveness	UNKNOWN STEP	2026-09-13T02:29:18.1465865Z   Python3_ROOT_DIR: /opt/hostedtoolcache/Python/3.12.14/x64
invalidation-liveness	UNKNOWN STEP	2026-09-13T02:29:18.1466484Z   LD_LIBRARY_PATH: /opt/hostedtoolcache/Python/3.12.14/x64/lib
invalidation-liveness	UNKNOWN STEP	2026-09-13T02:29:18.1466982Z ##[endgroup]
invalidation-liveness	UNKNOWN STEP	2026-09-13T02:29:19.2569265Z Obtaining file:///home/runner/work/vac-protocol/vac-protocol
invalidation-liveness	UNKNOWN STEP	2026-09-13T02:29:19.2580748Z   Installing build dependencies: started
invalidation-liveness	UNKNOWN STEP	2026-09-13T02:29:20.1021852Z   Installing build dependencies: finished with status 'done'
invalidation-liveness	UNKNOWN STEP	2026-09-13T02:29:20.1026943Z   Checking if build backend supports build_editable: started
invalidation-liveness	UNKNOWN STEP	2026-09-13T02:29:20.3512819Z   Checking if build backend supports build_editable: finished with status 'done'
invalidation-liveness	UNKNOWN STEP	2026-09-13T02:29:20.3518963Z   Getting requirements to build editable: started
invalidation-liveness	UNKNOWN STEP	2026-09-13T02:29:20.6456857Z   Getting requirements to build editable: finished with status 'done'
invalidation-liveness	UNKNOWN STEP	2026-09-13T02:29:20.6465326Z   Preparing editable metadata (pyproject.toml): started
invalidation-liveness	UNKNOWN STEP	2026-09-13T02:29:20.8062251Z   Preparing editable metadata (pyproject.toml): finished with status 'done'
invalidation-liveness	UNKNOWN STEP	2026-09-13T02:29:20.8099258Z Building wheels for collected packages: vac-protocol
invalidation-liveness	UNKNOWN STEP	2026-09-13T02:29:20.8105418Z   Building editable for vac-protocol (pyproject.toml): started
invalidation-liveness	UNKNOWN STEP	2026-09-13T02:29:20.9778011Z   Building editable for vac-protocol (pyproject.toml): finished with status 'done'
invalidation-liveness	UNKNOWN STEP	2026-09-13T02:29:20.9782693Z   Created wheel for vac-protocol: filename=vac_protocol-0.1.0-0.editable-py3-none-any.whl size=8850 sha256=b4d47088c6008a44cef1b2fbc9d3e0402f465014d9c776f27f4066e7c2848e1a
invalidation-liveness	UNKNOWN STEP	2026-09-13T02:29:20.9784310Z   Stored in directory: /tmp/pip-ephem-wheel-cache-zz6f99jb/wheels/31/93/c0/4effb33ea68d4321a176d9cb097b94ea8b1be9d534ea861dec
invalidation-liveness	UNKNOWN STEP	2026-09-13T02:29:20.9804705Z Successfully built vac-protocol
invalidation-liveness	UNKNOWN STEP	2026-09-13T02:29:20.9910210Z Installing collected packages: vac-protocol
invalidation-liveness	UNKNOWN STEP	2026-09-13T02:29:21.0705439Z Successfully installed vac-protocol-0.1.0
invalidation-liveness	UNKNOWN STEP	2026-09-13T02:29:21.1195048Z ##[group]Run python -m vac.verify fixtures/valid
invalidation-liveness	UNKNOWN STEP	2026-09-13T02:29:21.1195402Z ^[[36;1mpython -m vac.verify fixtures/valid^[[0m
invalidation-liveness	UNKNOWN STEP	2026-09-13T02:29:21.1230178Z shell: /usr/bin/bash -e {0}
invalidation-liveness	UNKNOWN STEP	2026-09-13T02:29:21.1230403Z env:
invalidation-liveness	UNKNOWN STEP	2026-09-13T02:29:21.1230631Z   pythonLocation: /opt/hostedtoolcache/Python/3.12.14/x64
invalidation-liveness	UNKNOWN STEP	2026-09-13T02:29:21.1230984Z   PKG_CONFIG_PATH: /opt/hostedtoolcache/Python/3.12.14/x64/lib/pkgconfig
invalidation-liveness	UNKNOWN STEP	2026-09-13T02:29:21.1231514Z   Python_ROOT_DIR: /opt/hostedtoolcache/Python/3.12.14/x64
invalidation-liveness	UNKNOWN STEP	2026-09-13T02:29:21.1231820Z   Python2_ROOT_DIR: /opt/hostedtoolcache/Python/3.12.14/x64
invalidation-liveness	UNKNOWN STEP	2026-09-13T02:29:21.1232117Z   Python3_ROOT_DIR: /opt/hostedtoolcache/Python/3.12.14/x64
invalidation-liveness	UNKNOWN STEP	2026-09-13T02:29:21.1232424Z   LD_LIBRARY_PATH: /opt/hostedtoolcache/Python/3.12.14/x64/lib
invalidation-liveness	UNKNOWN STEP	2026-09-13T02:29:21.1232681Z ##[endgroup]
invalidation-liveness	UNKNOWN STEP	2026-09-13T02:29:21.1782491Z structural verification: PASS (valid)
invalidation-liveness	UNKNOWN STEP	2026-09-13T02:29:21.1783162Z   proved offline: manifest schema, artifact presence + sha256, bundle closure,
invalidation-liveness	UNKNOWN STEP	2026-09-13T02:29:21.1783805Z   stated limitations, stamp agreement, declared results recomputed from artifacts.
invalidation-liveness	UNKNOWN STEP	2026-09-13T02:29:21.1784266Z semantic replay: NOT run by this tool. A structural PASS means the bundle is
invalidation-liveness	UNKNOWN STEP	2026-09-13T02:29:21.1784653Z   internally honest, not that the issuer's grader agrees. To re-earn the
invalidation-liveness	UNKNOWN STEP	2026-09-13T02:29:21.1785019Z   verdicts, run the bundle's replay block at the pinned issuer_commit:
invalidation-liveness	UNKNOWN STEP	2026-09-13T02:29:21.1785394Z     $ git clone https://github.com/example/toy-issuer issuer
invalidation-liveness	UNKNOWN STEP	2026-09-13T02:29:21.1785924Z     $ git -C issuer checkout f1e2d3c
invalidation-liveness	UNKNOWN STEP	2026-09-13T02:29:21.1786167Z     $ python -m pip install -e ./issuer
invalidation-liveness	UNKNOWN STEP	2026-09-13T02:29:21.1786428Z     $ python -m toy_issuer.regrade evidence/bundle.json
invalidation-liveness	UNKNOWN STEP	2026-09-13T02:29:21.1786740Z     $ python issuer/audit/run_audit.py --check evidence/results.json
invalidation-liveness	UNKNOWN STEP	2026-09-13T02:29:21.1787117Z     $ python -m toy_issuer.mutrun --check evidence/evalmut_run.json
invalidation-liveness	UNKNOWN STEP	2026-09-13T02:29:21.1787474Z     $ python -m toy_issuer.crashrun --check evidence/eval_run.json
invalidation-liveness	UNKNOWN STEP	2026-09-13T02:29:21.1787811Z     $ python -m toy_issuer.driftboard --check evidence/standings.json
invalidation-liveness	UNKNOWN STEP	2026-09-13T02:29:21.1788654Z     expected: regrade exits 0 reporting 'consistent'; audit, mutrun, crashrun, and driftboard reproduce results.json, evalmut_run.json, eval_run.json, and the drift board artifacts byte-identically at the stamped commit (mutrun exits 1 by design: the toy suite has holes)
invalidation-liveness	UNKNOWN STEP	2026-09-13T02:29:21.1859679Z ##[group]Run set -e
invalidation-liveness	UNKNOWN STEP	2026-09-13T02:29:21.1859925Z ^[[36;1mset -e^[[0m
invalidation-liveness	UNKNOWN STEP	2026-09-13T02:29:21.1860110Z ^[[36;1mfor d in fixtures/tamper-*; do^[[0m
invalidation-liveness	UNKNOWN STEP	2026-09-13T02:29:21.1860355Z ^[[36;1m  if python -m vac.verify "$d"; then^[[0m
invalidation-liveness	UNKNOWN STEP	2026-09-13T02:29:21.1860691Z ^[[36;1m    echo "LIVENESS FAILURE: $d verified clean — the gate cannot block"^[[0m
invalidation-liveness	UNKNOWN STEP	2026-09-13T02:29:21.1860995Z ^[[36;1m    exit 1^[[0m
invalidation-liveness	UNKNOWN STEP	2026-09-13T02:29:21.1861168Z ^[[36;1m  fi^[[0m
invalidation-liveness	UNKNOWN STEP	2026-09-13T02:29:21.1861324Z ^[[36;1mdone^[[0m
invalidation-liveness	UNKNOWN STEP	2026-09-13T02:29:21.1895180Z shell: /usr/bin/bash -e {0}
invalidation-liveness	UNKNOWN STEP	2026-09-13T02:29:21.1895396Z env:
invalidation-liveness	UNKNOWN STEP	2026-09-13T02:29:21.1895771Z   pythonLocation: /opt/hostedtoolcache/Python/3.12.14/x64
invalidation-liveness	UNKNOWN STEP	2026-09-13T02:29:21.1896125Z   PKG_CONFIG_PATH: /opt/hostedtoolcache/Python/3.12.14/x64/lib/pkgconfig
invalidation-liveness	UNKNOWN STEP	2026-09-13T02:29:21.1896485Z   Python_ROOT_DIR: /opt/hostedtoolcache/Python/3.12.14/x64
invalidation-liveness	UNKNOWN STEP	2026-09-13T02:29:21.1896794Z   Python2_ROOT_DIR: /opt/hostedtoolcache/Python/3.12.14/x64
invalidation-liveness	UNKNOWN STEP	2026-09-13T02:29:21.1897138Z   Python3_ROOT_DIR: /opt/hostedtoolcache/Python/3.12.14/x64
invalidation-liveness	UNKNOWN STEP	2026-09-13T02:29:21.1897444Z   LD_LIBRARY_PATH: /opt/hostedtoolcache/Python/3.12.14/x64/lib
invalidation-liveness	UNKNOWN STEP	2026-09-13T02:29:21.1897717Z ##[endgroup]
invalidation-liveness	UNKNOWN STEP	2026-09-13T02:29:21.2255178Z FAIL evidence-unchecked: evidence/bundle.json: listed in evidence but read by no check
invalidation-liveness	UNKNOWN STEP	2026-09-13T02:29:21.2256209Z structural verification: FAIL — 1 named reason(s) (tamper-check-deleted)
invalidation-liveness	UNKNOWN STEP	2026-09-13T02:29:21.2256647Z   proved offline: manifest schema, artifact presence + sha256, bundle closure,
invalidation-liveness	UNKNOWN STEP	2026-09-13T02:29:21.2257068Z   stated limitations, stamp agreement, declared results recomputed from artifacts.
invalidation-liveness	UNKNOWN STEP	2026-09-13T02:29:21.2257482Z semantic replay: NOT run by this tool. A structural PASS means the bundle is
invalidation-liveness	UNKNOWN STEP	2026-09-13T02:29:21.2257866Z   internally honest, not that the issuer's grader agrees. To re-earn the
invalidation-liveness	UNKNOWN STEP	2026-09-13T02:29:21.2258232Z   verdicts, run the bundle's replay block at the pinned issuer_commit:
invalidation-liveness	UNKNOWN STEP	2026-09-13T02:29:21.2258595Z     $ git clone https://github.com/example/toy-issuer issuer
invalidation-liveness	UNKNOWN STEP	2026-09-13T02:29:21.2258925Z     $ git -C issuer checkout f1e2d3c
invalidation-liveness	UNKNOWN STEP	2026-09-13T02:29:21.2259162Z     $ python -m pip install -e ./issuer
invalidation-liveness	UNKNOWN STEP	2026-09-13T02:29:21.2259674Z     $ python -m toy_issuer.regrade evidence/bundle.json
invalidation-liveness	UNKNOWN STEP	2026-09-13T02:29:21.2259986Z     $ python issuer/audit/run_audit.py --check evidence/results.json
invalidation-liveness	UNKNOWN STEP	2026-09-13T02:29:21.2260335Z     $ python -m toy_issuer.mutrun --check evidence/evalmut_run.json
invalidation-liveness	UNKNOWN STEP	2026-09-13T02:29:21.2260664Z     $ python -m toy_issuer.crashrun --check evidence/eval_run.json
invalidation-liveness	UNKNOWN STEP	2026-09-13T02:29:21.2260991Z     $ python -m toy_issuer.driftboard --check evidence/standings.json
invalidation-liveness	UNKNOWN STEP	2026-09-13T02:29:21.2261830Z     expected: regrade exits 0 reporting 'consistent'; audit, mutrun, crashrun, and driftboard reproduce results.json, evalmut_run.json, eval_run.json, and the drift board artifacts byte-identically at the stamped commit (mutrun exits 1 by design: the toy suite has holes)
invalidation-liveness	UNKNOWN STEP	2026-09-13T02:29:21.2603571Z FAIL raw-aggregate-mismatch: evidence/eval_run.json: case 2 flagged flag contradicts its own passed/truncated pair
invalidation-liveness	UNKNOWN STEP	2026-09-13T02:29:21.2604487Z FAIL raw-aggregate-mismatch: evidence/eval_run.json: metrics.faithfulness declared 0.5, recomputed 0.75
invalidation-liveness	UNKNOWN STEP	2026-09-13T02:29:21.2605342Z FAIL raw-aggregate-mismatch: evidence/eval_run.json: metrics.precision@k declared 0.5, recomputed 0.75
invalidation-liveness	UNKNOWN STEP	2026-09-13T02:29:21.2606304Z FAIL raw-aggregate-mismatch: evidence/eval_run.json: metrics.recall@k declared 0.5, recomputed 0.75
invalidation-liveness	UNKNOWN STEP	2026-09-13T02:29:21.2607162Z FAIL raw-aggregate-mismatch: evidence/eval_run.json: metrics.citation_rate declared 0.5, recomputed 0.75
invalidation-liveness	UNKNOWN STEP	2026-09-13T02:29:21.2608087Z FAIL raw-aggregate-mismatch: evidence/eval_run.json: metrics.vulnerability_score declared 0.4545, recomputed 0.0909
invalidation-liveness	UNKNOWN STEP	2026-09-13T02:29:21.2609024Z FAIL raw-aggregate-mismatch: evidence/eval_run.json: per_kind['prompt-injection'] declared 0.5, recomputed 1.0
invalidation-liveness	UNKNOWN STEP	2026-09-13T02:29:21.2609583Z FAIL summary-mismatch: accuracy: declared 0.5, recomputed 0.75
invalidation-liveness	UNKNOWN STEP	2026-09-13T02:29:21.2609989Z FAIL summary-mismatch: vulnerability_score: declared 0.4545, recomputed 0.0909
invalidation-liveness	UNKNOWN STEP	2026-09-13T02:29:21.2610729Z FAIL summary-outruns-checks: summary.crash_vulnerability: declares 0.4545, no check recomputes it
invalidation-liveness	UNKNOWN STEP	2026-09-13T02:29:21.2611393Z structural verification: FAIL — 10 named reason(s) (tamper-crashkit-case)
invalidation-liveness	UNKNOWN STEP	2026-09-13T02:29:21.2611825Z   proved offline: manifest schema, artifact presence + sha256, bundle closure,
invalidation-liveness	UNKNOWN STEP	2026-09-13T02:29:21.2612245Z   stated limitations, stamp agreement, declared results recomputed from artifacts.
invalidation-liveness	UNKNOWN STEP	2026-09-13T02:29:21.2612650Z semantic replay: NOT run by this tool. A structural PASS means the bundle is
invalidation-liveness	UNKNOWN STEP	2026-09-13T02:29:21.2613027Z   internally honest, not that the issuer's grader agrees. To re-earn the
invalidation-liveness	UNKNOWN STEP	2026-09-13T02:29:21.2613389Z   verdicts, run the bundle's replay block at the pinned issuer_commit:
invalidation-liveness	UNKNOWN STEP	2026-09-13T02:29:21.2613784Z     $ git clone https://github.com/example/toy-issuer issuer
invalidation-liveness	UNKNOWN STEP	2026-09-13T02:29:21.2614069Z     $ git -C issuer checkout f1e2d3c
invalidation-liveness	UNKNOWN STEP	2026-09-13T02:29:21.2614308Z     $ python -m pip install -e ./issuer
invalidation-liveness	UNKNOWN STEP	2026-09-13T02:29:21.2614577Z     $ python -m toy_issuer.regrade evidence/bundle.json
invalidation-liveness	UNKNOWN STEP	2026-09-13T02:29:21.2614890Z     $ python issuer/audit/run_audit.py --check evidence/results.json
invalidation-liveness	UNKNOWN STEP	2026-09-13T02:29:21.2615245Z     $ python -m toy_issuer.mutrun --check evidence/evalmut_run.json
invalidation-liveness	UNKNOWN STEP	2026-09-13T02:29:21.2615750Z     $ python -m toy_issuer.crashrun --check evidence/eval_run.json
invalidation-liveness	UNKNOWN STEP	2026-09-13T02:29:21.2616088Z     $ python -m toy_issuer.driftboard --check evidence/standings.json
invalidation-liveness	UNKNOWN STEP	2026-09-13T02:29:21.2616936Z     expected: regrade exits 0 reporting 'consistent'; audit, mutrun, crashrun, and driftboard reproduce results.json, evalmut_run.json, eval_run.json, and the drift board artifacts byte-identically at the stamped commit (mutrun exits 1 by design: the toy suite has holes)
invalidation-liveness	UNKNOWN STEP	2026-09-13T02:29:21.2951965Z FAIL raw-aggregate-mismatch: evidence/eval_run.json: metrics.vulnerability_score declared 0.0909, recomputed 0.4545
invalidation-liveness	UNKNOWN STEP	2026-09-13T02:29:21.2953108Z structural verification: FAIL — 1 named reason(s) (tamper-crashkit-metrics)
invalidation-liveness	UNKNOWN STEP	2026-09-13T02:29:21.2953827Z   proved offline: manifest schema, artifact presence + sha256, bundle closure,
invalidation-liveness	UNKNOWN STEP	2026-09-13T02:29:21.2954811Z   stated limitations, stamp agreement, declared results recomputed from artifacts.
invalidation-liveness	UNKNOWN STEP	2026-09-13T02:29:21.2955229Z semantic replay: NOT run by this tool. A structural PASS means the bundle is
invalidation-liveness	UNKNOWN STEP	2026-09-13T02:29:21.2955813Z   internally honest, not that the issuer's grader agrees. To re-earn the
invalidation-liveness	UNKNOWN STEP	2026-09-13T02:29:21.2956184Z   verdicts, run the bundle's replay block at the pinned issuer_commit:
invalidation-liveness	UNKNOWN STEP	2026-09-13T02:29:21.2956538Z     $ git clone https://github.com/example/toy-issuer issuer
invalidation-liveness	UNKNOWN STEP	2026-09-13T02:29:21.2956825Z     $ git -C issuer checkout f1e2d3c
invalidation-liveness	UNKNOWN STEP	2026-09-13T02:29:21.2957062Z     $ python -m pip install -e ./issuer
invalidation-liveness	UNKNOWN STEP	2026-09-13T02:29:21.2957333Z     $ python -m toy_issuer.regrade evidence/bundle.json
invalidation-liveness	UNKNOWN STEP	2026-09-13T02:29:21.2957647Z     $ python issuer/audit/run_audit.py --check evidence/results.json
invalidation-liveness	UNKNOWN STEP	2026-09-13T02:29:21.2957987Z     $ python -m toy_issuer.mutrun --check evidence/evalmut_run.json
invalidation-liveness	UNKNOWN STEP	2026-09-13T02:29:21.2958322Z     $ python -m toy_issuer.crashrun --check evidence/eval_run.json
invalidation-liveness	UNKNOWN STEP	2026-09-13T02:29:21.2958660Z     $ python -m toy_issuer.driftboard --check evidence/standings.json
invalidation-liveness	UNKNOWN STEP	2026-09-13T02:29:21.2959495Z     expected: regrade exits 0 reporting 'consistent'; audit, mutrun, crashrun, and driftboard reproduce results.json, evalmut_run.json, eval_run.json, and the drift board artifacts byte-identically at the stamped commit (mutrun exits 1 by design: the toy suite has holes)
invalidation-liveness	UNKNOWN STEP	2026-09-13T02:29:21.3304607Z FAIL artifact-unparsable: evidence/eval_run.json: severity 'Critical', 'Med' outside the profile's frozen table (none/low/med/high/critical)
invalidation-liveness	UNKNOWN STEP	2026-09-13T02:29:21.3305718Z structural verification: FAIL — 1 named reason(s) (tamper-crashkit-severity)
invalidation-liveness	UNKNOWN STEP	2026-09-13T02:29:21.3306160Z   proved offline: manifest schema, artifact presence + sha256, bundle closure,
invalidation-liveness	UNKNOWN STEP	2026-09-13T02:29:21.3306580Z   stated limitations, stamp agreement, declared results recomputed from artifacts.
invalidation-liveness	UNKNOWN STEP	2026-09-13T02:29:21.3307220Z semantic replay: NOT run by this tool. A structural PASS means the bundle is
invalidation-liveness	UNKNOWN STEP	2026-09-13T02:29:21.3307628Z   internally honest, not that the issuer's grader agrees. To re-earn the
invalidation-liveness	UNKNOWN STEP	2026-09-13T02:29:21.3308039Z   verdicts, run the bundle's replay block at the pinned issuer_commit:
invalidation-liveness	UNKNOWN STEP	2026-09-13T02:29:21.3308403Z     $ git clone https://github.com/example/toy-issuer issuer
invalidation-liveness	UNKNOWN STEP	2026-09-13T02:29:21.3308693Z     $ git -C issuer checkout f1e2d3c
invalidation-liveness	UNKNOWN STEP	2026-09-13T02:29:21.3308924Z     $ python -m pip install -e ./issuer
invalidation-liveness	UNKNOWN STEP	2026-09-13T02:29:21.3309183Z     $ python -m toy_issuer.regrade evidence/bundle.json
invalidation-liveness	UNKNOWN STEP	2026-09-13T02:29:21.3309497Z     $ python issuer/audit/run_audit.py --check evidence/results.json
invalidation-liveness	UNKNOWN STEP	2026-09-13T02:29:21.3309834Z     $ python -m toy_issuer.mutrun --check evidence/evalmut_run.json
invalidation-liveness	UNKNOWN STEP	2026-09-13T02:29:21.3310161Z     $ python -m toy_issuer.crashrun --check evidence/eval_run.json
invalidation-liveness	UNKNOWN STEP	2026-09-13T02:29:21.3310487Z     $ python -m toy_issuer.driftboard --check evidence/standings.json
invalidation-liveness	UNKNOWN STEP	2026-09-13T02:29:21.3311341Z     expected: regrade exits 0 reporting 'consistent'; audit, mutrun, crashrun, and driftboard reproduce results.json, evalmut_run.json, eval_run.json, and the drift board artifacts byte-identically at the stamped commit (mutrun exits 1 by design: the toy suite has holes)
invalidation-liveness	UNKNOWN STEP	2026-09-13T02:29:21.3622585Z FAIL draft-incomplete: claim.capability is an unauthored TODO
invalidation-liveness	UNKNOWN STEP	2026-09-13T02:29:21.3623183Z FAIL draft-incomplete: claim.limitations[0] is an unauthored TODO
invalidation-liveness	UNKNOWN STEP	2026-09-13T02:29:21.3623705Z FAIL draft-incomplete: claim.scope is an unauthored TODO
invalidation-liveness	UNKNOWN STEP	2026-09-13T02:29:21.3624240Z FAIL draft-incomplete: protocol.control_policy is an unauthored TODO
invalidation-liveness	UNKNOWN STEP	2026-09-13T02:29:21.3624792Z FAIL draft-incomplete: protocol.grading is an unauthored TODO
invalidation-liveness	UNKNOWN STEP	2026-09-13T02:29:21.3625332Z FAIL draft-incomplete: protocol.hashes.TODO is an unauthored TODO
invalidation-liveness	UNKNOWN STEP	2026-09-13T02:29:21.3625874Z FAIL draft-incomplete: protocol.task is an unauthored TODO
invalidation-liveness	UNKNOWN STEP	2026-09-13T02:29:21.3626212Z FAIL draft-incomplete: replay.commands[2] is an unauthored TODO
invalidation-liveness	UNKNOWN STEP	2026-09-13T02:29:21.3626603Z FAIL draft-incomplete: replay.commands[3] is an unauthored TODO
invalidation-liveness	UNKNOWN STEP	2026-09-13T02:29:21.3626922Z FAIL draft-incomplete: replay.expected is an unauthored TODO
invalidation-liveness	UNKNOWN STEP	2026-09-13T02:29:21.3627470Z FAIL draft-incomplete: results.checks[0].TODO is an unauthored TODO
invalidation-liveness	UNKNOWN STEP	2026-09-13T02:29:21.3627831Z FAIL draft-incomplete: results.checks[0].profile is an unauthored TODO
invalidation-liveness	UNKNOWN STEP	2026-09-13T02:29:21.3628186Z FAIL draft-incomplete: results.summary.TODO is an unauthored TODO
invalidation-liveness	UNKNOWN STEP	2026-09-13T02:29:21.3628509Z FAIL draft-incomplete: subject.id is an unauthored TODO
invalidation-liveness	UNKNOWN STEP	2026-09-13T02:29:21.3628812Z FAIL draft-incomplete: subject.kind is an unauthored TODO
invalidation-liveness	UNKNOWN STEP	2026-09-13T02:29:21.3629149Z FAIL draft-incomplete: subject.version.TODO is an unauthored TODO
invalidation-liveness	UNKNOWN STEP	2026-09-13T02:29:21.3629723Z structural verification: FAIL — 16 named reason(s) (tamper-draft-incomplete)
invalidation-liveness	UNKNOWN STEP	2026-09-13T02:29:21.3630159Z   proved offline: manifest schema, artifact presence + sha256, bundle closure,
invalidation-liveness	UNKNOWN STEP	2026-09-13T02:29:21.3630574Z   stated limitations, stamp agreement, declared results recomputed from artifacts.
invalidation-liveness	UNKNOWN STEP	2026-09-13T02:29:21.3630988Z semantic replay: NOT run by this tool. A structural PASS means the bundle is
invalidation-liveness	UNKNOWN STEP	2026-09-13T02:29:21.3631372Z   internally honest, not that the issuer's grader agrees. To re-earn the
invalidation-liveness	UNKNOWN STEP	2026-09-13T02:29:21.3631738Z   verdicts, run the bundle's replay block at the pinned issuer_commit:
invalidation-liveness	UNKNOWN STEP	2026-09-13T02:29:21.3632101Z     $ git clone https://github.com/example/toy-issuer issuer
invalidation-liveness	UNKNOWN STEP	2026-09-13T02:29:21.3632387Z     $ git -C issuer checkout f1e2d3c
invalidation-liveness	UNKNOWN STEP	2026-09-13T02:29:21.3632794Z     $ TODO(replay.commands): install, then run the issuer's deterministic regrader/audit over this bundle's artifacts
invalidation-liveness	UNKNOWN STEP	2026-09-13T02:29:21.3633372Z     $ TODO(replay.commands): byte-compare the regraded output against the committed artifacts; nonzero on any difference
invalidation-liveness	UNKNOWN STEP	2026-09-13T02:29:21.3633928Z     expected: TODO(replay.expected): the exact outcome — exit code and report text
invalidation-liveness	UNKNOWN STEP	2026-09-13T02:29:21.3968087Z FAIL empty-limitations
invalidation-liveness	UNKNOWN STEP	2026-09-13T02:29:21.3968777Z structural verification: FAIL — 1 named reason(s) (tamper-empty-limitations)
invalidation-liveness	UNKNOWN STEP	2026-09-13T02:29:21.3969486Z   proved offline: manifest schema, artifact presence + sha256, bundle closure,
invalidation-liveness	UNKNOWN STEP	2026-09-13T02:29:21.3969928Z   stated limitations, stamp agreement, declared results recomputed from artifacts.
invalidation-liveness	UNKNOWN STEP	2026-09-13T02:29:21.3970337Z semantic replay: NOT run by this tool. A structural PASS means the bundle is
invalidation-liveness	UNKNOWN STEP	2026-09-13T02:29:21.3970711Z   internally honest, not that the issuer's grader agrees. To re-earn the
invalidation-liveness	UNKNOWN STEP	2026-09-13T02:29:21.3971078Z   verdicts, run the bundle's replay block at the pinned issuer_commit:
invalidation-liveness	UNKNOWN STEP	2026-09-13T02:29:21.3971425Z     $ git clone https://github.com/example/toy-issuer issuer
invalidation-liveness	UNKNOWN STEP	2026-09-13T02:29:21.3971699Z     $ git -C issuer checkout f1e2d3c
invalidation-liveness	UNKNOWN STEP	2026-09-13T02:29:21.3971928Z     $ python -m pip install -e ./issuer
invalidation-liveness	UNKNOWN STEP	2026-09-13T02:29:21.3972182Z     $ python -m toy_issuer.regrade evidence/bundle.json
invalidation-liveness	UNKNOWN STEP	2026-09-13T02:29:21.3972491Z     $ python issuer/audit/run_audit.py --check evidence/results.json
invalidation-liveness	UNKNOWN STEP	2026-09-13T02:29:21.3972836Z     $ python -m toy_issuer.mutrun --check evidence/evalmut_run.json
invalidation-liveness	UNKNOWN STEP	2026-09-13T02:29:21.3973171Z     $ python -m toy_issuer.crashrun --check evidence/eval_run.json
invalidation-liveness	UNKNOWN STEP	2026-09-13T02:29:21.3973503Z     $ python -m toy_issuer.driftboard --check evidence/standings.json
invalidation-liveness	UNKNOWN STEP	2026-09-13T02:29:21.3974337Z     expected: regrade exits 0 reporting 'consistent'; audit, mutrun, crashrun, and driftboard reproduce results.json, evalmut_run.json, eval_run.json, and the drift board artifacts byte-identically at the stamped commit (mutrun exits 1 by design: the toy suite has holes)
invalidation-liveness	UNKNOWN STEP	2026-09-13T02:29:21.4318255Z FAIL artifact-unparsable: evidence/evalmut_run.json: applied == 0, so this run has no score. A payload that applied no mutation has measured nothing; it does not score 1.0 by default
invalidation-liveness	UNKNOWN STEP	2026-09-13T02:29:21.4319843Z structural verification: FAIL — 1 named reason(s) (tamper-evalmut-all-error)
invalidation-liveness	UNKNOWN STEP	2026-09-13T02:29:21.4320717Z   proved offline: manifest schema, artifact presence + sha256, bundle closure,
invalidation-liveness	UNKNOWN STEP	2026-09-13T02:29:21.4321435Z   stated limitations, stamp agreement, declared results recomputed from artifacts.
invalidation-liveness	UNKNOWN STEP	2026-09-13T02:29:21.4322332Z semantic replay: NOT run by this tool. A structural PASS means the bundle is
invalidation-liveness	UNKNOWN STEP	2026-09-13T02:29:21.4323363Z   internally honest, not that the issuer's grader agrees. To re-earn the
invalidation-liveness	UNKNOWN STEP	2026-09-13T02:29:21.4324088Z   verdicts, run the bundle's replay block at the pinned issuer_commit:
invalidation-liveness	UNKNOWN STEP	2026-09-13T02:29:21.4324771Z     $ git clone https://github.com/example/toy-issuer issuer
invalidation-liveness	UNKNOWN STEP	2026-09-13T02:29:21.4325289Z     $ git -C issuer checkout f1e2d3c
invalidation-liveness	UNKNOWN STEP	2026-09-13T02:29:21.4325898Z     $ python -m pip install -e ./issuer
invalidation-liveness	UNKNOWN STEP	2026-09-13T02:29:21.4326497Z     $ python -m toy_issuer.regrade evidence/bundle.json
invalidation-liveness	UNKNOWN STEP	2026-09-13T02:29:21.4327081Z     $ python issuer/audit/run_audit.py --check evidence/results.json
invalidation-liveness	UNKNOWN STEP	2026-09-13T02:29:21.4327708Z     $ python -m toy_issuer.mutrun --check evidence/evalmut_run.json
invalidation-liveness	UNKNOWN STEP	2026-09-13T02:29:21.4328323Z     $ python -m toy_issuer.crashrun --check evidence/eval_run.json
invalidation-liveness	UNKNOWN STEP	2026-09-13T02:29:21.4328989Z     $ python -m toy_issuer.driftboard --check evidence/standings.json
invalidation-liveness	UNKNOWN STEP	2026-09-13T02:29:21.4330574Z     expected: regrade exits 0 reporting 'consistent'; audit, mutrun, crashrun, and driftboard reproduce results.json, evalmut_run.json, eval_run.json, and the drift board artifacts byte-identically at the stamped commit (mutrun exits 1 by design: the toy suite has holes)
invalidation-liveness	UNKNOWN STEP	2026-09-13T02:29:21.4668886Z FAIL artifact-unparsable: evidence/evalmut_run.json: applied == 0, so this run has no score. A payload that applied no mutation has measured nothing; it does not score 1.0 by default
invalidation-liveness	UNKNOWN STEP	2026-09-13T02:29:21.4670747Z structural verification: FAIL — 1 named reason(s) (tamper-evalmut-empty-rows)
invalidation-liveness	UNKNOWN STEP	2026-09-13T02:29:21.4671695Z   proved offline: manifest schema, artifact presence + sha256, bundle closure,
invalidation-liveness	UNKNOWN STEP	2026-09-13T02:29:21.4672673Z   stated limitations, stamp agreement, declared results recomputed from artifacts.
invalidation-liveness	UNKNOWN STEP	2026-09-13T02:29:21.4673429Z semantic replay: NOT run by this tool. A structural PASS means the bundle is
invalidation-liveness	UNKNOWN STEP	2026-09-13T02:29:21.4674099Z   internally honest, not that the issuer's grader agrees. To re-earn the
invalidation-liveness	UNKNOWN STEP	2026-09-13T02:29:21.4675026Z   verdicts, run the bundle's replay block at the pinned issuer_commit:
invalidation-liveness	UNKNOWN STEP	2026-09-13T02:29:21.4675764Z     $ git clone https://github.com/example/toy-issuer issuer
invalidation-liveness	UNKNOWN STEP	2026-09-13T02:29:21.4676148Z     $ git -C issuer checkout f1e2d3c
invalidation-liveness	UNKNOWN STEP	2026-09-13T02:29:21.4676480Z     $ python -m pip install -e ./issuer
invalidation-liveness	UNKNOWN STEP	2026-09-13T02:29:21.4676886Z     $ python -m toy_issuer.regrade evidence/bundle.json
invalidation-liveness	UNKNOWN STEP	2026-09-13T02:29:21.4677373Z     $ python issuer/audit/run_audit.py --check evidence/results.json
invalidation-liveness	UNKNOWN STEP	2026-09-13T02:29:21.4677952Z     $ python -m toy_issuer.mutrun --check evidence/evalmut_run.json
invalidation-liveness	UNKNOWN STEP	2026-09-13T02:29:21.4678512Z     $ python -m toy_issuer.crashrun --check evidence/eval_run.json
invalidation-liveness	UNKNOWN STEP	2026-09-13T02:29:21.4679078Z     $ python -m toy_issuer.driftboard --check evidence/standings.json
invalidation-liveness	UNKNOWN STEP	2026-09-13T02:29:21.5027022Z     expected: regrade exits 0 reporting 'consistent'; audit, mutrun, crashrun, and driftboard reproduce results.json, evalmut_run.json, eval_run.json, and the drift board artifacts byte-identically at the stamped commit (mutrun exits 1 by design: the toy suite has holes)
invalidation-liveness	UNKNOWN STEP	2026-09-13T02:29:21.5028654Z FAIL raw-aggregate-mismatch: evidence/evalmut_run.json: tally.caught declared 4, recomputed 5
invalidation-liveness	UNKNOWN STEP	2026-09-13T02:29:21.5029693Z FAIL raw-aggregate-mismatch: evidence/evalmut_run.json: tally.missed declared 2, recomputed 1
invalidation-liveness	UNKNOWN STEP	2026-09-13T02:29:21.5030669Z FAIL raw-aggregate-mismatch: evidence/evalmut_run.json: score declared 0.5714285714285714, recomputed 0.7142857142857143
invalidation-liveness	UNKNOWN STEP	2026-09-13T02:29:21.5031787Z FAIL raw-aggregate-mismatch: evidence/evalmut_run.json: holes.blind does not recompute from the rows (declared 1, recomputed 0)
invalidation-liveness	UNKNOWN STEP	2026-09-13T02:29:21.5032652Z FAIL summary-mismatch: blind: declared 1, recomputed 0
invalidation-liveness	UNKNOWN STEP	2026-09-13T02:29:21.5033167Z FAIL summary-mismatch: caught: declared 4, recomputed 5
invalidation-liveness	UNKNOWN STEP	2026-09-13T02:29:21.5033645Z FAIL summary-mismatch: missed: declared 2, recomputed 1
invalidation-liveness	UNKNOWN STEP	2026-09-13T02:29:21.5034149Z FAIL summary-mismatch: score_3: declared 0.571, recomputed 0.714
invalidation-liveness	UNKNOWN STEP	2026-09-13T02:29:21.5034822Z FAIL summary-outruns-checks: summary.mutation_score_3: declares 0.571, no check recomputes it
invalidation-liveness	UNKNOWN STEP	2026-09-13T02:29:21.5036201Z structural verification: FAIL — 9 named reason(s) (tamper-evalmut-rows)
invalidation-liveness	UNKNOWN STEP	2026-09-13T02:29:21.5036874Z   proved offline: manifest schema, artifact presence + sha256, bundle closure,
invalidation-liveness	UNKNOWN STEP	2026-09-13T02:29:21.5037591Z   stated limitations, stamp agreement, declared results recomputed from artifacts.
invalidation-liveness	UNKNOWN STEP	2026-09-13T02:29:21.5038292Z semantic replay: NOT run by this tool. A structural PASS means the bundle is
invalidation-liveness	UNKNOWN STEP	2026-09-13T02:29:21.5038948Z   internally honest, not that the issuer's grader agrees. To re-earn the
invalidation-liveness	UNKNOWN STEP	2026-09-13T02:29:21.5039565Z   verdicts, run the bundle's replay block at the pinned issuer_commit:
invalidation-liveness	UNKNOWN STEP	2026-09-13T02:29:21.5040143Z     $ git clone https://github.com/example/toy-issuer issuer
invalidation-liveness	UNKNOWN STEP	2026-09-13T02:29:21.5040572Z     $ git -C issuer checkout f1e2d3c
invalidation-liveness	UNKNOWN STEP	2026-09-13T02:29:21.5040938Z     $ python -m pip install -e ./issuer
invalidation-liveness	UNKNOWN STEP	2026-09-13T02:29:21.5041338Z     $ python -m toy_issuer.regrade evidence/bundle.json
invalidation-liveness	UNKNOWN STEP	2026-09-13T02:29:21.5041837Z     $ python issuer/audit/run_audit.py --check evidence/results.json
invalidation-liveness	UNKNOWN STEP	2026-09-13T02:29:21.5042341Z     $ python -m toy_issuer.mutrun --check evidence/evalmut_run.json
invalidation-liveness	UNKNOWN STEP	2026-09-13T02:29:21.5042922Z     $ python -m toy_issuer.crashrun --check evidence/eval_run.json
invalidation-liveness	UNKNOWN STEP	2026-09-13T02:29:21.5043504Z     $ python -m toy_issuer.driftboard --check evidence/standings.json
invalidation-liveness	UNKNOWN STEP	2026-09-13T02:29:21.5045000Z     expected: regrade exits 0 reporting 'consistent'; audit, mutrun, crashrun, and driftboard reproduce results.json, evalmut_run.json, eval_run.json, and the drift board artifacts byte-identically at the stamped commit (mutrun exits 1 by design: the toy suite has holes)
invalidation-liveness	UNKNOWN STEP	2026-09-13T02:29:21.5384949Z FAIL raw-aggregate-mismatch: evidence/evalmut_run.json: tally.caught declared 5, recomputed 4
invalidation-liveness	UNKNOWN STEP	2026-09-13T02:29:21.5386226Z structural verification: FAIL — 1 named reason(s) (tamper-evalmut-summary)
invalidation-liveness	UNKNOWN STEP	2026-09-13T02:29:21.5386906Z   proved offline: manifest schema, artifact presence + sha256, bundle closure,
invalidation-liveness	UNKNOWN STEP	2026-09-13T02:29:21.5387881Z   stated limitations, stamp agreement, declared results recomputed from artifacts.
invalidation-liveness	UNKNOWN STEP	2026-09-13T02:29:21.5388619Z semantic replay: NOT run by this tool. A structural PASS means the bundle is
invalidation-liveness	UNKNOWN STEP	2026-09-13T02:29:21.5389271Z   internally honest, not that the issuer's grader agrees. To re-earn the
invalidation-liveness	UNKNOWN STEP	2026-09-13T02:29:21.5389894Z   verdicts, run the bundle's replay block at the pinned issuer_commit:
invalidation-liveness	UNKNOWN STEP	2026-09-13T02:29:21.5390472Z     $ git clone https://github.com/example/toy-issuer issuer
invalidation-liveness	UNKNOWN STEP	2026-09-13T02:29:21.5390922Z     $ git -C issuer checkout f1e2d3c
invalidation-liveness	UNKNOWN STEP	2026-09-13T02:29:21.5391284Z     $ python -m pip install -e ./issuer
invalidation-liveness	UNKNOWN STEP	2026-09-13T02:29:21.5391664Z     $ python -m toy_issuer.regrade evidence/bundle.json
invalidation-liveness	UNKNOWN STEP	2026-09-13T02:29:21.5392169Z     $ python issuer/audit/run_audit.py --check evidence/results.json
invalidation-liveness	UNKNOWN STEP	2026-09-13T02:29:21.5392714Z     $ python -m toy_issuer.mutrun --check evidence/evalmut_run.json
invalidation-liveness	UNKNOWN STEP	2026-09-13T02:29:21.5393181Z     $ python -m toy_issuer.crashrun --check evidence/eval_run.json
invalidation-liveness	UNKNOWN STEP	2026-09-13T02:29:21.5393730Z     $ python -m toy_issuer.driftboard --check evidence/standings.json
invalidation-liveness	UNKNOWN STEP	2026-09-13T02:29:21.5395208Z     expected: regrade exits 0 reporting 'consistent'; audit, mutrun, crashrun, and driftboard reproduce results.json, evalmut_run.json, eval_run.json, and the drift board artifacts byte-identically at the stamped commit (mutrun exits 1 by design: the toy suite has holes)
invalidation-liveness	UNKNOWN STEP	2026-09-13T02:29:21.5738664Z FAIL missing-artifact: evidence/bundle.json
invalidation-liveness	UNKNOWN STEP	2026-09-13T02:29:21.5739538Z structural verification: FAIL — 1 named reason(s) (tamper-missing-artifact)
invalidation-liveness	UNKNOWN STEP	2026-09-13T02:29:21.5740204Z   proved offline: manifest schema, artifact presence + sha256, bundle closure,
invalidation-liveness	UNKNOWN STEP	2026-09-13T02:29:21.5740876Z   stated limitations, stamp agreement, declared results recomputed from artifacts.
invalidation-liveness	UNKNOWN STEP	2026-09-13T02:29:21.5741542Z semantic replay: NOT run by this tool. A structural PASS means the bundle is
invalidation-liveness	UNKNOWN STEP	2026-09-13T02:29:21.5742167Z   internally honest, not that the issuer's grader agrees. To re-earn the
invalidation-liveness	UNKNOWN STEP	2026-09-13T02:29:21.5742827Z   verdicts, run the bundle's replay block at the pinned issuer_commit:
invalidation-liveness	UNKNOWN STEP	2026-09-13T02:29:21.5743713Z     $ git clone https://github.com/example/toy-issuer issuer
invalidation-liveness	UNKNOWN STEP	2026-09-13T02:29:21.5744167Z     $ git -C issuer checkout f1e2d3c
invalidation-liveness	UNKNOWN STEP	2026-09-13T02:29:21.5744528Z     $ python -m pip install -e ./issuer
invalidation-liveness	UNKNOWN STEP	2026-09-13T02:29:21.5744939Z     $ python -m toy_issuer.regrade evidence/bundle.json
invalidation-liveness	UNKNOWN STEP	2026-09-13T02:29:21.5745663Z     $ python issuer/audit/run_audit.py --check evidence/results.json
invalidation-liveness	UNKNOWN STEP	2026-09-13T02:29:21.5746200Z     $ python -m toy_issuer.mutrun --check evidence/evalmut_run.json
invalidation-liveness	UNKNOWN STEP	2026-09-13T02:29:21.5746739Z     $ python -m toy_issuer.crashrun --check evidence/eval_run.json
invalidation-liveness	UNKNOWN STEP	2026-09-13T02:29:21.5747259Z     $ python -m toy_issuer.driftboard --check evidence/standings.json
invalidation-liveness	UNKNOWN STEP	2026-09-13T02:29:21.5748617Z     expected: regrade exits 0 reporting 'consistent'; audit, mutrun, crashrun, and driftboard reproduce results.json, evalmut_run.json, eval_run.json, and the drift board artifacts byte-identically at the stamped commit (mutrun exits 1 by design: the toy suite has holes)
invalidation-liveness	UNKNOWN STEP	2026-09-13T02:29:21.6093886Z FAIL missing-issuer-commit
invalidation-liveness	UNKNOWN STEP	2026-09-13T02:29:21.6094729Z structural verification: FAIL — 1 named reason(s) (tamper-missing-issuer-commit)
invalidation-liveness	UNKNOWN STEP	2026-09-13T02:29:21.6095436Z   proved offline: manifest schema, artifact presence + sha256, bundle closure,
invalidation-liveness	UNKNOWN STEP	2026-09-13T02:29:21.6096511Z   stated limitations, stamp agreement, declared results recomputed from artifacts.
invalidation-liveness	UNKNOWN STEP	2026-09-13T02:29:21.6097179Z semantic replay: NOT run by this tool. A structural PASS means the bundle is
invalidation-liveness	UNKNOWN STEP	2026-09-13T02:29:21.6097814Z   internally honest, not that the issuer's grader agrees. To re-earn the
invalidation-liveness	UNKNOWN STEP	2026-09-13T02:29:21.6098439Z   verdicts, run the bundle's replay block at the pinned issuer_commit:
invalidation-liveness	UNKNOWN STEP	2026-09-13T02:29:21.6099016Z     $ git clone https://github.com/example/toy-issuer issuer
invalidation-liveness	UNKNOWN STEP	2026-09-13T02:29:21.6099471Z     $ git -C issuer checkout f1e2d3c
invalidation-liveness	UNKNOWN STEP	2026-09-13T02:29:21.6099835Z     $ python -m pip install -e ./issuer
invalidation-liveness	UNKNOWN STEP	2026-09-13T02:29:21.6100537Z     $ python -m toy_issuer.regrade evidence/bundle.json
invalidation-liveness	UNKNOWN STEP	2026-09-13T02:29:21.6101084Z     $ python issuer/audit/run_audit.py --check evidence/results.json
invalidation-liveness	UNKNOWN STEP	2026-09-13T02:29:21.6101640Z     $ python -m toy_issuer.mutrun --check evidence/evalmut_run.json
invalidation-liveness	UNKNOWN STEP	2026-09-13T02:29:21.6102183Z     $ python -m toy_issuer.crashrun --check evidence/eval_run.json
invalidation-liveness	UNKNOWN STEP	2026-09-13T02:29:21.6102667Z     $ python -m toy_issuer.driftboard --check evidence/standings.json
invalidation-liveness	UNKNOWN STEP	2026-09-13T02:29:21.6104078Z     expected: regrade exits 0 reporting 'consistent'; audit, mutrun, crashrun, and driftboard reproduce results.json, evalmut_run.json, eval_run.json, and the drift board artifacts byte-identically at the stamped commit (mutrun exits 1 by design: the toy suite has holes)
invalidation-liveness	UNKNOWN STEP	2026-09-13T02:29:21.6454090Z FAIL raw-aggregate-mismatch: evidence/standings.json: alpha:a1: acc declared 0.5, recomputed 0.75
invalidation-liveness	UNKNOWN STEP	2026-09-13T02:29:21.6455054Z FAIL raw-aggregate-mismatch: evidence/standings.json: alpha:a1: delta declared -0.25, recomputed 0.0
invalidation-liveness	UNKNOWN STEP	2026-09-13T02:29:21.6456156Z FAIL raw-aggregate-mismatch: evidence/standings.json: alpha:a1: verdict declared 'regressed', recomputed 'unchanged'
invalidation-liveness	UNKNOWN STEP	2026-09-13T02:29:21.6457209Z FAIL raw-aggregate-mismatch: evidence/RESULTS.md: does not re-render byte-identically from the recomputed standings rows
invalidation-liveness	UNKNOWN STEP	2026-09-13T02:29:21.6458034Z FAIL summary-mismatch: regressed: declared 1, recomputed 0
invalidation-liveness	UNKNOWN STEP	2026-09-13T02:29:21.6458552Z FAIL summary-mismatch: unchanged: declared 1, recomputed 2
invalidation-liveness	UNKNOWN STEP	2026-09-13T02:29:21.6459203Z FAIL summary-outruns-checks: summary.drift.regressed: declares 1, recomputation gives 0
invalidation-liveness	UNKNOWN STEP	2026-09-13T02:29:21.6460232Z structural verification: FAIL — 7 named reason(s) (tamper-modeldrift-rows)
invalidation-liveness	UNKNOWN STEP	2026-09-13T02:29:21.6460879Z   proved offline: manifest schema, artifact presence + sha256, bundle closure,
invalidation-liveness	UNKNOWN STEP	2026-09-13T02:29:21.6461547Z   stated limitations, stamp agreement, declared results recomputed from artifacts.
invalidation-liveness	UNKNOWN STEP	2026-09-13T02:29:21.6462158Z semantic replay: NOT run by this tool. A structural PASS means the bundle is
invalidation-liveness	UNKNOWN STEP	2026-09-13T02:29:21.6462744Z   internally honest, not that the issuer's grader agrees. To re-earn the
invalidation-liveness	UNKNOWN STEP	2026-09-13T02:29:21.6463606Z   verdicts, run the bundle's replay block at the pinned issuer_commit:
invalidation-liveness	UNKNOWN STEP	2026-09-13T02:29:21.6464182Z     $ git clone https://github.com/example/toy-issuer issuer
invalidation-liveness	UNKNOWN STEP	2026-09-13T02:29:21.6464633Z     $ git -C issuer checkout f1e2d3c
invalidation-liveness	UNKNOWN STEP	2026-09-13T02:29:21.6464992Z     $ python -m pip install -e ./issuer
invalidation-liveness	UNKNOWN STEP	2026-09-13T02:29:21.6465397Z     $ python -m toy_issuer.regrade evidence/bundle.json
invalidation-liveness	UNKNOWN STEP	2026-09-13T02:29:21.6466067Z     $ python issuer/audit/run_audit.py --check evidence/results.json
invalidation-liveness	UNKNOWN STEP	2026-09-13T02:29:21.6466605Z     $ python -m toy_issuer.mutrun --check evidence/evalmut_run.json
invalidation-liveness	UNKNOWN STEP	2026-09-13T02:29:21.6467132Z     $ python -m toy_issuer.crashrun --check evidence/eval_run.json
invalidation-liveness	UNKNOWN STEP	2026-09-13T02:29:21.6467689Z     $ python -m toy_issuer.driftboard --check evidence/standings.json
invalidation-liveness	UNKNOWN STEP	2026-09-13T02:29:21.6469135Z     expected: regrade exits 0 reporting 'consistent'; audit, mutrun, crashrun, and driftboard reproduce results.json, evalmut_run.json, eval_run.json, and the drift board artifacts byte-identically at the stamped commit (mutrun exits 1 by design: the toy suite has holes)
invalidation-liveness	UNKNOWN STEP	2026-09-13T02:29:21.6816475Z FAIL raw-aggregate-mismatch: evidence/standings.json: alpha:a1: delta declared 0.0, recomputed -0.25
invalidation-liveness	UNKNOWN STEP	2026-09-13T02:29:21.6817482Z FAIL raw-aggregate-mismatch: evidence/standings.json: alpha:a1: verdict declared 'unchanged', recomputed 'regressed'
invalidation-liveness	UNKNOWN STEP	2026-09-13T02:29:21.6818649Z structural verification: FAIL — 2 named reason(s) (tamper-modeldrift-standings)
invalidation-liveness	UNKNOWN STEP	2026-09-13T02:29:21.6819365Z   proved offline: manifest schema, artifact presence + sha256, bundle closure,
invalidation-liveness	UNKNOWN STEP	2026-09-13T02:29:21.6820075Z   stated limitations, stamp agreement, declared results recomputed from artifacts.
invalidation-liveness	UNKNOWN STEP	2026-09-13T02:29:21.6820789Z semantic replay: NOT run by this tool. A structural PASS means the bundle is
invalidation-liveness	UNKNOWN STEP	2026-09-13T02:29:21.6821438Z   internally honest, not that the issuer's grader agrees. To re-earn the
invalidation-liveness	UNKNOWN STEP	2026-09-13T02:29:21.6822382Z   verdicts, run the bundle's replay block at the pinned issuer_commit:
invalidation-liveness	UNKNOWN STEP	2026-09-13T02:29:21.6822948Z     $ git clone https://github.com/example/toy-issuer issuer
invalidation-liveness	UNKNOWN STEP	2026-09-13T02:29:21.6823375Z     $ git -C issuer checkout f1e2d3c
invalidation-liveness	UNKNOWN STEP	2026-09-13T02:29:21.6823723Z     $ python -m pip install -e ./issuer
invalidation-liveness	UNKNOWN STEP	2026-09-13T02:29:21.6824118Z     $ python -m toy_issuer.regrade evidence/bundle.json
invalidation-liveness	UNKNOWN STEP	2026-09-13T02:29:21.6824577Z     $ python issuer/audit/run_audit.py --check evidence/results.json
invalidation-liveness	UNKNOWN STEP	2026-09-13T02:29:21.6825099Z     $ python -m toy_issuer.mutrun --check evidence/evalmut_run.json
invalidation-liveness	UNKNOWN STEP	2026-09-13T02:29:21.6825802Z     $ python -m toy_issuer.crashrun --check evidence/eval_run.json
invalidation-liveness	UNKNOWN STEP	2026-09-13T02:29:21.6826349Z     $ python -m toy_issuer.driftboard --check evidence/standings.json
invalidation-liveness	UNKNOWN STEP	2026-09-13T02:29:21.6827851Z     expected: regrade exits 0 reporting 'consistent'; audit, mutrun, crashrun, and driftboard reproduce results.json, evalmut_run.json, eval_run.json, and the drift board artifacts byte-identically at the stamped commit (mutrun exits 1 by design: the toy suite has holes)
invalidation-liveness	UNKNOWN STEP	2026-09-13T02:29:21.7165267Z FAIL raw-aggregate-mismatch: toy-suite/toy-defect-b: detected declared 3, recomputed 2
invalidation-liveness	UNKNOWN STEP	2026-09-13T02:29:21.7166206Z FAIL raw-aggregate-mismatch: toy-suite/toy-defect-b: detection_rate declared 0.75, recomputed 0.5
invalidation-liveness	UNKNOWN STEP	2026-09-13T02:29:21.7167151Z structural verification: FAIL — 2 named reason(s) (tamper-raw-aggregate)
invalidation-liveness	UNKNOWN STEP	2026-09-13T02:29:21.7167564Z   proved offline: manifest schema, artifact presence + sha256, bundle closure,
invalidation-liveness	UNKNOWN STEP	2026-09-13T02:29:21.7167981Z   stated limitations, stamp agreement, declared results recomputed from artifacts.
invalidation-liveness	UNKNOWN STEP	2026-09-13T02:29:21.7168389Z semantic replay: NOT run by this tool. A structural PASS means the bundle is
invalidation-liveness	UNKNOWN STEP	2026-09-13T02:29:21.7168760Z   internally honest, not that the issuer's grader agrees. To re-earn the
invalidation-liveness	UNKNOWN STEP	2026-09-13T02:29:21.7169124Z   verdicts, run the bundle's replay block at the pinned issuer_commit:
invalidation-liveness	UNKNOWN STEP	2026-09-13T02:29:21.7169469Z     $ git clone https://github.com/example/toy-issuer issuer
invalidation-liveness	UNKNOWN STEP	2026-09-13T02:29:21.7169741Z     $ git -C issuer checkout f1e2d3c
invalidation-liveness	UNKNOWN STEP	2026-09-13T02:29:21.7169976Z     $ python -m pip install -e ./issuer
invalidation-liveness	UNKNOWN STEP	2026-09-13T02:29:21.7170477Z     $ python -m toy_issuer.regrade evidence/bundle.json
invalidation-liveness	UNKNOWN STEP	2026-09-13T02:29:21.7170781Z     $ python issuer/audit/run_audit.py --check evidence/results.json
invalidation-liveness	UNKNOWN STEP	2026-09-13T02:29:21.7171113Z     $ python -m toy_issuer.mutrun --check evidence/evalmut_run.json
invalidation-liveness	UNKNOWN STEP	2026-09-13T02:29:21.7171434Z     $ python -m toy_issuer.crashrun --check evidence/eval_run.json
invalidation-liveness	UNKNOWN STEP	2026-09-13T02:29:21.7171759Z     $ python -m toy_issuer.driftboard --check evidence/standings.json
invalidation-liveness	UNKNOWN STEP	2026-09-13T02:29:21.7172611Z     expected: regrade exits 0 reporting 'consistent'; audit, mutrun, crashrun, and driftboard reproduce results.json, evalmut_run.json, eval_run.json, and the drift board artifacts byte-identically at the stamped commit (mutrun exits 1 by design: the toy suite has holes)
invalidation-liveness	UNKNOWN STEP	2026-09-13T02:29:21.7508965Z FAIL stamp-mismatch: taskset_hash: named by protocol.hashes but absent from evidence/bundle.json
invalidation-liveness	UNKNOWN STEP	2026-09-13T02:29:21.7509683Z FAIL stamp-mismatch: prompt_hash: named by protocol.hashes but absent from evidence/bundle.json
invalidation-liveness	UNKNOWN STEP	2026-09-13T02:29:21.7510252Z FAIL stamp-mismatch: harness_commit: protocol declares issuer_commit but evidence/bundle.json carries no harness_commit
invalidation-liveness	UNKNOWN STEP	2026-09-13T02:29:21.7510900Z structural verification: FAIL — 3 named reason(s) (tamper-stamp-deleted)
invalidation-liveness	UNKNOWN STEP	2026-09-13T02:29:21.7511318Z   proved offline: manifest schema, artifact presence + sha256, bundle closure,
invalidation-liveness	UNKNOWN STEP	2026-09-13T02:29:21.7511727Z   stated limitations, stamp agreement, declared results recomputed from artifacts.
invalidation-liveness	UNKNOWN STEP	2026-09-13T02:29:21.7512131Z semantic replay: NOT run by this tool. A structural PASS means the bundle is
invalidation-liveness	UNKNOWN STEP	2026-09-13T02:29:21.7512500Z   internally honest, not that the issuer's grader agrees. To re-earn the
invalidation-liveness	UNKNOWN STEP	2026-09-13T02:29:21.7512857Z   verdicts, run the bundle's replay block at the pinned issuer_commit:
invalidation-liveness	UNKNOWN STEP	2026-09-13T02:29:21.7513200Z     $ git clone https://github.com/example/toy-issuer issuer
invalidation-liveness	UNKNOWN STEP	2026-09-13T02:29:21.7513478Z     $ git -C issuer checkout f1e2d3c
invalidation-liveness	UNKNOWN STEP	2026-09-13T02:29:21.7513906Z     $ python -m pip install -e ./issuer
invalidation-liveness	UNKNOWN STEP	2026-09-13T02:29:21.7514172Z     $ python -m toy_issuer.regrade evidence/bundle.json
invalidation-liveness	UNKNOWN STEP	2026-09-13T02:29:21.7514641Z     $ python issuer/audit/run_audit.py --check evidence/results.json
invalidation-liveness	UNKNOWN STEP	2026-09-13T02:29:21.7515182Z     $ python -m toy_issuer.mutrun --check evidence/evalmut_run.json
invalidation-liveness	UNKNOWN STEP	2026-09-13T02:29:21.7515896Z     $ python -m toy_issuer.crashrun --check evidence/eval_run.json
invalidation-liveness	UNKNOWN STEP	2026-09-13T02:29:21.7516287Z     $ python -m toy_issuer.driftboard --check evidence/standings.json
invalidation-liveness	UNKNOWN STEP	2026-09-13T02:29:21.7517133Z     expected: regrade exits 0 reporting 'consistent'; audit, mutrun, crashrun, and driftboard reproduce results.json, evalmut_run.json, eval_run.json, and the drift board artifacts byte-identically at the stamped commit (mutrun exits 1 by design: the toy suite has holes)
invalidation-liveness	UNKNOWN STEP	2026-09-13T02:29:21.7850505Z FAIL summary-outruns-checks: summary.fixed: declares 3, recomputation gives 2
invalidation-liveness	UNKNOWN STEP	2026-09-13T02:29:21.7851300Z structural verification: FAIL — 1 named reason(s) (tamper-summary-fixed)
invalidation-liveness	UNKNOWN STEP	2026-09-13T02:29:21.7851706Z   proved offline: manifest schema, artifact presence + sha256, bundle closure,
invalidation-liveness	UNKNOWN STEP	2026-09-13T02:29:21.7852122Z   stated limitations, stamp agreement, declared results recomputed from artifacts.
invalidation-liveness	UNKNOWN STEP	2026-09-13T02:29:21.7852526Z semantic replay: NOT run by this tool. A structural PASS means the bundle is
invalidation-liveness	UNKNOWN STEP	2026-09-13T02:29:21.7853105Z   internally honest, not that the issuer's grader agrees. To re-earn the
invalidation-liveness	UNKNOWN STEP	2026-09-13T02:29:21.7853548Z   verdicts, run the bundle's replay block at the pinned issuer_commit:
invalidation-liveness	UNKNOWN STEP	2026-09-13T02:29:21.7853896Z     $ git clone https://github.com/example/toy-issuer issuer
invalidation-liveness	UNKNOWN STEP	2026-09-13T02:29:21.7854195Z     $ git -C issuer checkout f1e2d3c
invalidation-liveness	UNKNOWN STEP	2026-09-13T02:29:21.7854420Z     $ python -m pip install -e ./issuer
invalidation-liveness	UNKNOWN STEP	2026-09-13T02:29:21.7854670Z     $ python -m toy_issuer.regrade evidence/bundle.json
invalidation-liveness	UNKNOWN STEP	2026-09-13T02:29:21.7854984Z     $ python issuer/audit/run_audit.py --check evidence/results.json
invalidation-liveness	UNKNOWN STEP	2026-09-13T02:29:21.7855323Z     $ python -m toy_issuer.mutrun --check evidence/evalmut_run.json
invalidation-liveness	UNKNOWN STEP	2026-09-13T02:29:21.7855837Z     $ python -m toy_issuer.crashrun --check evidence/eval_run.json
invalidation-liveness	UNKNOWN STEP	2026-09-13T02:29:21.7856337Z     $ python -m toy_issuer.driftboard --check evidence/standings.json
invalidation-liveness	UNKNOWN STEP	2026-09-13T02:29:21.7857177Z     expected: regrade exits 0 reporting 'consistent'; audit, mutrun, crashrun, and driftboard reproduce results.json, evalmut_run.json, eval_run.json, and the drift board artifacts byte-identically at the stamped commit (mutrun exits 1 by design: the toy suite has holes)
invalidation-liveness	UNKNOWN STEP	2026-09-13T02:29:21.8196441Z FAIL summary-outruns-checks: summary.detection_rate_min: declares 0.9, no check recomputes it
invalidation-liveness	UNKNOWN STEP	2026-09-13T02:29:21.8197276Z structural verification: FAIL — 1 named reason(s) (tamper-summary-rate)
invalidation-liveness	UNKNOWN STEP	2026-09-13T02:29:21.8197693Z   proved offline: manifest schema, artifact presence + sha256, bundle closure,
invalidation-liveness	UNKNOWN STEP	2026-09-13T02:29:21.8198107Z   stated limitations, stamp agreement, declared results recomputed from artifacts.
invalidation-liveness	UNKNOWN STEP	2026-09-13T02:29:21.8198535Z semantic replay: NOT run by this tool. A structural PASS means the bundle is
invalidation-liveness	UNKNOWN STEP	2026-09-13T02:29:21.8198919Z   internally honest, not that the issuer's grader agrees. To re-earn the
invalidation-liveness	UNKNOWN STEP	2026-09-13T02:29:21.8199274Z   verdicts, run the bundle's replay block at the pinned issuer_commit:
invalidation-liveness	UNKNOWN STEP	2026-09-13T02:29:21.8199609Z     $ git clone https://github.com/example/toy-issuer issuer
invalidation-liveness	UNKNOWN STEP	2026-09-13T02:29:21.8199876Z     $ git -C issuer checkout f1e2d3c
invalidation-liveness	UNKNOWN STEP	2026-09-13T02:29:21.8200101Z     $ python -m pip install -e ./issuer
invalidation-liveness	UNKNOWN STEP	2026-09-13T02:29:21.8200347Z     $ python -m toy_issuer.regrade evidence/bundle.json
invalidation-liveness	UNKNOWN STEP	2026-09-13T02:29:21.8200652Z     $ python issuer/audit/run_audit.py --check evidence/results.json
invalidation-liveness	UNKNOWN STEP	2026-09-13T02:29:21.8200984Z     $ python -m toy_issuer.mutrun --check evidence/evalmut_run.json
invalidation-liveness	UNKNOWN STEP	2026-09-13T02:29:21.8201306Z     $ python -m toy_issuer.crashrun --check evidence/eval_run.json
invalidation-liveness	UNKNOWN STEP	2026-09-13T02:29:21.8201644Z     $ python -m toy_issuer.driftboard --check evidence/standings.json
invalidation-liveness	UNKNOWN STEP	2026-09-13T02:29:21.8202675Z     expected: regrade exits 0 reporting 'consistent'; audit, mutrun, crashrun, and driftboard reproduce results.json, evalmut_run.json, eval_run.json, and the drift board artifacts byte-identically at the stamped commit (mutrun exits 1 by design: the toy suite has holes)
invalidation-liveness	UNKNOWN STEP	2026-09-13T02:29:21.8541466Z FAIL summary-outruns-checks: summary.mutation_score_3: declares 0.714, no check recomputes it
invalidation-liveness	UNKNOWN STEP	2026-09-13T02:29:21.8542263Z structural verification: FAIL — 1 named reason(s) (tamper-summary-score)
invalidation-liveness	UNKNOWN STEP	2026-09-13T02:29:21.8542687Z   proved offline: manifest schema, artifact presence + sha256, bundle closure,
invalidation-liveness	UNKNOWN STEP	2026-09-13T02:29:21.8543221Z   stated limitations, stamp agreement, declared results recomputed from artifacts.
invalidation-liveness	UNKNOWN STEP	2026-09-13T02:29:21.8543641Z semantic replay: NOT run by this tool. A structural PASS means the bundle is
invalidation-liveness	UNKNOWN STEP	2026-09-13T02:29:21.8544011Z   internally honest, not that the issuer's grader agrees. To re-earn the
invalidation-liveness	UNKNOWN STEP	2026-09-13T02:29:21.8544370Z   verdicts, run the bundle's replay block at the pinned issuer_commit:
invalidation-liveness	UNKNOWN STEP	2026-09-13T02:29:21.8544736Z     $ git clone https://github.com/example/toy-issuer issuer
invalidation-liveness	UNKNOWN STEP	2026-09-13T02:29:21.8545022Z     $ git -C issuer checkout f1e2d3c
invalidation-liveness	UNKNOWN STEP	2026-09-13T02:29:21.8545255Z     $ python -m pip install -e ./issuer
invalidation-liveness	UNKNOWN STEP	2026-09-13T02:29:21.8545703Z     $ python -m toy_issuer.regrade evidence/bundle.json
invalidation-liveness	UNKNOWN STEP	2026-09-13T02:29:21.8546042Z     $ python issuer/audit/run_audit.py --check evidence/results.json
invalidation-liveness	UNKNOWN STEP	2026-09-13T02:29:21.8546375Z     $ python -m toy_issuer.mutrun --check evidence/evalmut_run.json
invalidation-liveness	UNKNOWN STEP	2026-09-13T02:29:21.8546694Z     $ python -m toy_issuer.crashrun --check evidence/eval_run.json
invalidation-liveness	UNKNOWN STEP	2026-09-13T02:29:21.8547013Z     $ python -m toy_issuer.driftboard --check evidence/standings.json
invalidation-liveness	UNKNOWN STEP	2026-09-13T02:29:21.8547846Z     expected: regrade exits 0 reporting 'consistent'; audit, mutrun, crashrun, and driftboard reproduce results.json, evalmut_run.json, eval_run.json, and the drift board artifacts byte-identically at the stamped commit (mutrun exits 1 by design: the toy suite has holes)
invalidation-liveness	UNKNOWN STEP	2026-09-13T02:29:21.8891117Z FAIL summary-outruns-checks: summary.fixed: declares '9999' as a string; a numeric headline must be a JSON number so it can be recomputed
invalidation-liveness	UNKNOWN STEP	2026-09-13T02:29:21.8892177Z structural verification: FAIL — 1 named reason(s) (tamper-summary-string)
invalidation-liveness	UNKNOWN STEP	2026-09-13T02:29:21.8892609Z   proved offline: manifest schema, artifact presence + sha256, bundle closure,
invalidation-liveness	UNKNOWN STEP	2026-09-13T02:29:21.8893031Z   stated limitations, stamp agreement, declared results recomputed from artifacts.
invalidation-liveness	UNKNOWN STEP	2026-09-13T02:29:21.8893432Z semantic replay: NOT run by this tool. A structural PASS means the bundle is
invalidation-liveness	UNKNOWN STEP	2026-09-13T02:29:21.8893805Z   internally honest, not that the issuer's grader agrees. To re-earn the
invalidation-liveness	UNKNOWN STEP	2026-09-13T02:29:21.8894163Z   verdicts, run the bundle's replay block at the pinned issuer_commit:
invalidation-liveness	UNKNOWN STEP	2026-09-13T02:29:21.8894508Z     $ git clone https://github.com/example/toy-issuer issuer
invalidation-liveness	UNKNOWN STEP	2026-09-13T02:29:21.8894792Z     $ git -C issuer checkout f1e2d3c
invalidation-liveness	UNKNOWN STEP	2026-09-13T02:29:21.8895018Z     $ python -m pip install -e ./issuer
invalidation-liveness	UNKNOWN STEP	2026-09-13T02:29:21.8895277Z     $ python -m toy_issuer.regrade evidence/bundle.json
invalidation-liveness	UNKNOWN STEP	2026-09-13T02:29:21.8895781Z     $ python issuer/audit/run_audit.py --check evidence/results.json
invalidation-liveness	UNKNOWN STEP	2026-09-13T02:29:21.8896132Z     $ python -m toy_issuer.mutrun --check evidence/evalmut_run.json
invalidation-liveness	UNKNOWN STEP	2026-09-13T02:29:21.8896450Z     $ python -m toy_issuer.crashrun --check evidence/eval_run.json
invalidation-liveness	UNKNOWN STEP	2026-09-13T02:29:21.8896772Z     $ python -m toy_issuer.driftboard --check evidence/standings.json
invalidation-liveness	UNKNOWN STEP	2026-09-13T02:29:21.8897612Z     expected: regrade exits 0 reporting 'consistent'; audit, mutrun, crashrun, and driftboard reproduce results.json, evalmut_run.json, eval_run.json, and the drift board artifacts byte-identically at the stamped commit (mutrun exits 1 by design: the toy suite has holes)
invalidation-liveness	UNKNOWN STEP	2026-09-13T02:29:21.9246017Z FAIL summary-outruns-checks: summary.eval_run.vulnerability_score: declares 0.0, recomputation gives 0.4545
invalidation-liveness	UNKNOWN STEP	2026-09-13T02:29:21.9246812Z FAIL summary-outruns-checks: summary.eval_run_safe.vulnerability_score: declares 0.4545, recomputation gives 0.0
invalidation-liveness	UNKNOWN STEP	2026-09-13T02:29:21.9247746Z structural verification: FAIL — 2 named reason(s) (tamper-v02-swapped-arms)
invalidation-liveness	UNKNOWN STEP	2026-09-13T02:29:21.9263736Z   proved offline: manifest schema, artifact presence + sha256, bundle closure,
invalidation-liveness	UNKNOWN STEP	2026-09-13T02:29:21.9264194Z   stated limitations, stamp agreement, declared results recomputed from artifacts.
invalidation-liveness	UNKNOWN STEP	2026-09-13T02:29:21.9264614Z semantic replay: NOT run by this tool. A structural PASS means the bundle is
invalidation-liveness	UNKNOWN STEP	2026-09-13T02:29:21.9264992Z   internally honest, not that the issuer's grader agrees. To re-earn the
invalidation-liveness	UNKNOWN STEP	2026-09-13T02:29:21.9265356Z   verdicts, run the bundle's replay block at the pinned issuer_commit:
invalidation-liveness	UNKNOWN STEP	2026-09-13T02:29:21.9265800Z     $ git clone https://github.com/example/toy-issuer issuer
invalidation-liveness	UNKNOWN STEP	2026-09-13T02:29:21.9266079Z     $ git -C issuer checkout f1e2d3c
invalidation-liveness	UNKNOWN STEP	2026-09-13T02:29:21.9266304Z     $ python -m pip install -e ./issuer
invalidation-liveness	UNKNOWN STEP	2026-09-13T02:29:21.9266553Z     $ python -m toy_issuer.regrade evidence/bundle.json
invalidation-liveness	UNKNOWN STEP	2026-09-13T02:29:21.9266861Z     $ python issuer/audit/run_audit.py --check evidence/results.json
invalidation-liveness	UNKNOWN STEP	2026-09-13T02:29:21.9267212Z     $ python -m toy_issuer.mutrun --check evidence/evalmut_run.json
invalidation-liveness	UNKNOWN STEP	2026-09-13T02:29:21.9267540Z     $ python -m toy_issuer.crashrun --check evidence/eval_run.json
invalidation-liveness	UNKNOWN STEP	2026-09-13T02:29:21.9267865Z     $ python -m toy_issuer.driftboard --check evidence/standings.json
invalidation-liveness	UNKNOWN STEP	2026-09-13T02:29:21.9268707Z     expected: regrade exits 0 reporting 'consistent'; audit, mutrun, crashrun, and driftboard reproduce results.json, evalmut_run.json, eval_run.json, and the drift board artifacts byte-identically at the stamped commit (mutrun exits 1 by design: the toy suite has holes)
invalidation-liveness	UNKNOWN STEP	2026-09-13T02:29:21.9599882Z FAIL summary-mismatch: fixed: declared 3, recomputed 2
invalidation-liveness	UNKNOWN STEP	2026-09-13T02:29:21.9600536Z FAIL summary-outruns-checks: summary.fixed: declares 3, recomputation gives 2
invalidation-liveness	UNKNOWN STEP	2026-09-13T02:29:21.9601442Z structural verification: FAIL — 2 named reason(s) (tamper-verdict-count)
invalidation-liveness	UNKNOWN STEP	2026-09-13T02:29:21.9602102Z   proved offline: manifest schema, artifact presence + sha256, bundle closure,
invalidation-liveness	UNKNOWN STEP	2026-09-13T02:29:21.9602802Z   stated limitations, stamp agreement, declared results recomputed from artifacts.
invalidation-liveness	UNKNOWN STEP	2026-09-13T02:29:21.9603756Z semantic replay: NOT run by this tool. A structural PASS means the bundle is
invalidation-liveness	UNKNOWN STEP	2026-09-13T02:29:21.9604400Z   internally honest, not that the issuer's grader agrees. To re-earn the
invalidation-liveness	UNKNOWN STEP	2026-09-13T02:29:21.9605014Z   verdicts, run the bundle's replay block at the pinned issuer_commit:
invalidation-liveness	UNKNOWN STEP	2026-09-13T02:29:21.9605772Z     $ git clone https://github.com/example/toy-issuer issuer
invalidation-liveness	UNKNOWN STEP	2026-09-13T02:29:21.9606213Z     $ git -C issuer checkout f1e2d3c
invalidation-liveness	UNKNOWN STEP	2026-09-13T02:29:21.9606560Z     $ python -m pip install -e ./issuer
invalidation-liveness	UNKNOWN STEP	2026-09-13T02:29:21.9606953Z     $ python -m toy_issuer.regrade evidence/bundle.json
invalidation-liveness	UNKNOWN STEP	2026-09-13T02:29:21.9607449Z     $ python issuer/audit/run_audit.py --check evidence/results.json
invalidation-liveness	UNKNOWN STEP	2026-09-13T02:29:21.9607969Z     $ python -m toy_issuer.mutrun --check evidence/evalmut_run.json
invalidation-liveness	UNKNOWN STEP	2026-09-13T02:29:21.9608421Z     $ python -m toy_issuer.crashrun --check evidence/eval_run.json
invalidation-liveness	UNKNOWN STEP	2026-09-13T02:29:21.9608965Z     $ python -m toy_issuer.driftboard --check evidence/standings.json
invalidation-liveness	UNKNOWN STEP	2026-09-13T02:29:21.9610430Z     expected: regrade exits 0 reporting 'consistent'; audit, mutrun, crashrun, and driftboard reproduce results.json, evalmut_run.json, eval_run.json, and the drift board artifacts byte-identically at the stamped commit (mutrun exits 1 by design: the toy suite has holes)
invalidation-liveness	UNKNOWN STEP	2026-09-13T02:29:21.9951381Z FAIL sha256-mismatch: evidence/bundle.json: manifest 0000000000000000000000000000000000000000000000000000000000000000, file 64931fe8d466c2cfdbf3c15013d8aa013bc54a2e340fb89737972ef3612550d4
invalidation-liveness	UNKNOWN STEP	2026-09-13T02:29:21.9952767Z structural verification: FAIL — 1 named reason(s) (tamper-wrong-sha256)
invalidation-liveness	UNKNOWN STEP	2026-09-13T02:29:21.9953404Z   proved offline: manifest schema, artifact presence + sha256, bundle closure,
invalidation-liveness	UNKNOWN STEP	2026-09-13T02:29:21.9954072Z   stated limitations, stamp agreement, declared results recomputed from artifacts.
invalidation-liveness	UNKNOWN STEP	2026-09-13T02:29:21.9954727Z semantic replay: NOT run by this tool. A structural PASS means the bundle is
invalidation-liveness	UNKNOWN STEP	2026-09-13T02:29:21.9955787Z   internally honest, not that the issuer's grader agrees. To re-earn the
invalidation-liveness	UNKNOWN STEP	2026-09-13T02:29:21.9956431Z   verdicts, run the bundle's replay block at the pinned issuer_commit:
invalidation-liveness	UNKNOWN STEP	2026-09-13T02:29:21.9956998Z     $ git clone https://github.com/example/toy-issuer issuer
invalidation-liveness	UNKNOWN STEP	2026-09-13T02:29:21.9957450Z     $ git -C issuer checkout f1e2d3c
invalidation-liveness	UNKNOWN STEP	2026-09-13T02:29:21.9957821Z     $ python -m pip install -e ./issuer
invalidation-liveness	UNKNOWN STEP	2026-09-13T02:29:21.9958243Z     $ python -m toy_issuer.regrade evidence/bundle.json
invalidation-liveness	UNKNOWN STEP	2026-09-13T02:29:21.9958732Z     $ python issuer/audit/run_audit.py --check evidence/results.json
invalidation-liveness	UNKNOWN STEP	2026-09-13T02:29:21.9959282Z     $ python -m toy_issuer.mutrun --check evidence/evalmut_run.json
invalidation-liveness	UNKNOWN STEP	2026-09-13T02:29:21.9959796Z     $ python -m toy_issuer.crashrun --check evidence/eval_run.json
invalidation-liveness	UNKNOWN STEP	2026-09-13T02:29:21.9960282Z     $ python -m toy_issuer.driftboard --check evidence/standings.json
invalidation-liveness	UNKNOWN STEP	2026-09-13T02:29:21.9961694Z     expected: regrade exits 0 reporting 'consistent'; audit, mutrun, crashrun, and driftboard reproduce results.json, evalmut_run.json, eval_run.json, and the drift board artifacts byte-identically at the stamped commit (mutrun exits 1 by design: the toy suite has holes)
invalidation-liveness	UNKNOWN STEP	2026-09-13T02:29:22.0022095Z ##[group]Run python fixtures/make_fixtures.py
invalidation-liveness	UNKNOWN STEP	2026-09-13T02:29:22.0022393Z ^[[36;1mpython fixtures/make_fixtures.py^[[0m
invalidation-liveness	UNKNOWN STEP	2026-09-13T02:29:22.0022641Z ^[[36;1mgit diff --exit-code fixtures/^[[0m
invalidation-liveness	UNKNOWN STEP	2026-09-13T02:29:22.0056178Z shell: /usr/bin/bash -e {0}
invalidation-liveness	UNKNOWN STEP	2026-09-13T02:29:22.0056408Z env:
invalidation-liveness	UNKNOWN STEP	2026-09-13T02:29:22.0056635Z   pythonLocation: /opt/hostedtoolcache/Python/3.12.14/x64
invalidation-liveness	UNKNOWN STEP	2026-09-13T02:29:22.0056984Z   PKG_CONFIG_PATH: /opt/hostedtoolcache/Python/3.12.14/x64/lib/pkgconfig
invalidation-liveness	UNKNOWN STEP	2026-09-13T02:29:22.0057320Z   Python_ROOT_DIR: /opt/hostedtoolcache/Python/3.12.14/x64
invalidation-liveness	UNKNOWN STEP	2026-09-13T02:29:22.0057619Z   Python2_ROOT_DIR: /opt/hostedtoolcache/Python/3.12.14/x64
invalidation-liveness	UNKNOWN STEP	2026-09-13T02:29:22.0057916Z   Python3_ROOT_DIR: /opt/hostedtoolcache/Python/3.12.14/x64
invalidation-liveness	UNKNOWN STEP	2026-09-13T02:29:22.0058212Z   LD_LIBRARY_PATH: /opt/hostedtoolcache/Python/3.12.14/x64/lib
invalidation-liveness	UNKNOWN STEP	2026-09-13T02:29:22.0058474Z ##[endgroup]
invalidation-liveness	UNKNOWN STEP	2026-09-13T02:29:22.0881819Z attack-crashkit-severity: 15 file(s)
invalidation-liveness	UNKNOWN STEP	2026-09-13T02:29:22.0882476Z tamper-check-deleted: 15 file(s)
invalidation-liveness	UNKNOWN STEP	2026-09-13T02:29:22.0882793Z tamper-crashkit-case: 15 file(s)
invalidation-liveness	UNKNOWN STEP	2026-09-13T02:29:22.0883087Z tamper-crashkit-metrics: 15 file(s)
invalidation-liveness	UNKNOWN STEP	2026-09-13T02:29:22.0883409Z tamper-crashkit-severity: 15 file(s)
invalidation-liveness	UNKNOWN STEP	2026-09-13T02:29:22.0883726Z tamper-draft-incomplete: 15 file(s)
invalidation-liveness	UNKNOWN STEP	2026-09-13T02:29:22.0884036Z tamper-empty-limitations: 15 file(s)
invalidation-liveness	UNKNOWN STEP	2026-09-13T02:29:22.0884367Z tamper-evalmut-all-error: 15 file(s)
invalidation-liveness	UNKNOWN STEP	2026-09-13T02:29:22.0884700Z tamper-evalmut-empty-rows: 15 file(s)
invalidation-liveness	UNKNOWN STEP	2026-09-13T02:29:22.0885040Z tamper-evalmut-rows: 15 file(s)
invalidation-liveness	UNKNOWN STEP	2026-09-13T02:29:22.0885339Z tamper-evalmut-summary: 15 file(s)
invalidation-liveness	UNKNOWN STEP	2026-09-13T02:29:22.0885852Z tamper-missing-artifact: 14 file(s)
invalidation-liveness	UNKNOWN STEP	2026-09-13T02:29:22.0886172Z tamper-missing-issuer-commit: 15 file(s)
invalidation-liveness	UNKNOWN STEP	2026-09-13T02:29:22.0886505Z tamper-modeldrift-rows: 15 file(s)
invalidation-liveness	UNKNOWN STEP	2026-09-13T02:29:22.0886821Z tamper-modeldrift-standings: 15 file(s)
invalidation-liveness	UNKNOWN STEP	2026-09-13T02:29:22.0887139Z tamper-raw-aggregate: 15 file(s)
invalidation-liveness	UNKNOWN STEP	2026-09-13T02:29:22.0887446Z tamper-stamp-deleted: 15 file(s)
invalidation-liveness	UNKNOWN STEP	2026-09-13T02:29:22.0887751Z tamper-summary-fixed: 15 file(s)
invalidation-liveness	UNKNOWN STEP	2026-09-13T02:29:22.0888041Z tamper-summary-rate: 15 file(s)
invalidation-liveness	UNKNOWN STEP	2026-09-13T02:29:22.0888350Z tamper-summary-score: 15 file(s)
invalidation-liveness	UNKNOWN STEP	2026-09-13T02:29:22.0888646Z tamper-summary-string: 15 file(s)
invalidation-liveness	UNKNOWN STEP	2026-09-13T02:29:22.0888956Z tamper-v02-swapped-arms: 16 file(s)
invalidation-liveness	UNKNOWN STEP	2026-09-13T02:29:22.0889261Z tamper-verdict-count: 15 file(s)
invalidation-liveness	UNKNOWN STEP	2026-09-13T02:29:22.0889555Z tamper-wrong-sha256: 15 file(s)
invalidation-liveness	UNKNOWN STEP	2026-09-13T02:29:22.0889850Z v02-twin-arms: 16 file(s)
invalidation-liveness	UNKNOWN STEP	2026-09-13T02:29:22.0890103Z valid: 15 file(s)
invalidation-liveness	UNKNOWN STEP	2026-09-13T02:29:22.1219000Z Node 20 is being deprecated. This workflow is running with Node 24 by default. If you need to temporarily use Node 20, you can set the ACTIONS_ALLOW_USE_UNSECURE_NODE_VERSION=true environment variable. For more information see: https://github.blog/changelog/2025-09-19-deprecation-of-node-20-on-github-actions-runners/
invalidation-liveness	UNKNOWN STEP	2026-09-13T02:29:22.1219910Z Post job cleanup.
invalidation-liveness	UNKNOWN STEP	2026-09-13T02:29:22.2163639Z (node:2135) [DEP0040] DeprecationWarning: The `punycode` module is deprecated. Please use a userland alternative instead.
invalidation-liveness	UNKNOWN STEP	2026-09-13T02:29:22.2164266Z (Use `node --trace-deprecation ...` to show where the warning was created)
invalidation-liveness	UNKNOWN STEP	2026-09-13T02:29:22.2317660Z Node 20 is being deprecated. This workflow is running with Node 24 by default. If you need to temporarily use Node 20, you can set the ACTIONS_ALLOW_USE_UNSECURE_NODE_VERSION=true environment variable. For more information see: https://github.blog/changelog/2025-09-19-deprecation-of-node-20-on-github-actions-runners/
invalidation-liveness	UNKNOWN STEP	2026-09-13T02:29:22.2318573Z Post job cleanup.
invalidation-liveness	UNKNOWN STEP	2026-09-13T02:29:22.3019538Z [command]/usr/bin/git version
invalidation-liveness	UNKNOWN STEP	2026-09-13T02:29:22.3055047Z git version 2.55.0
invalidation-liveness	UNKNOWN STEP	2026-09-13T02:29:22.3084062Z Temporarily overriding HOME='/home/runner/work/_temp/a0adc1d8-d252-4a1b-a0d5-46db13e16d65' before making global git config changes
invalidation-liveness	UNKNOWN STEP	2026-09-13T02:29:22.3085241Z Adding repository directory to the temporary git global config as a safe directory
invalidation-liveness	UNKNOWN STEP	2026-09-13T02:29:22.3088657Z [command]/usr/bin/git config --global --add safe.directory /home/runner/work/vac-protocol/vac-protocol
invalidation-liveness	UNKNOWN STEP	2026-09-13T02:29:22.3121876Z [command]/usr/bin/git config --local --name-only --get-regexp core\.sshCommand
invalidation-liveness	UNKNOWN STEP	2026-09-13T02:29:22.3156644Z [command]/usr/bin/git submodule foreach --recursive sh -c "git config --local --name-only --get-regexp 'core\.sshCommand' && git config --local --unset-all 'core.sshCommand' || :"
invalidation-liveness	UNKNOWN STEP	2026-09-13T02:29:22.3366661Z [command]/usr/bin/git config --local --name-only --get-regexp http\.https\:\/\/github\.com\/\.extraheader
invalidation-liveness	UNKNOWN STEP	2026-09-13T02:29:22.3392880Z http.https://github.com/.extraheader
invalidation-liveness	UNKNOWN STEP	2026-09-13T02:29:22.3403396Z [command]/usr/bin/git config --local --unset-all http.https://github.com/.extraheader
invalidation-liveness	UNKNOWN STEP	2026-09-13T02:29:22.3433612Z [command]/usr/bin/git submodule foreach --recursive sh -c "git config --local --name-only --get-regexp 'http\.https\:\/\/github\.com\/\.extraheader' && git config --local --unset-all 'http.https://github.com/.extraheader' || :"
invalidation-liveness	UNKNOWN STEP	2026-09-13T02:29:22.3645856Z [command]/usr/bin/git config --local --name-only --get-regexp ^includeIf\.gitdir:
invalidation-liveness	UNKNOWN STEP	2026-09-13T02:29:22.3679403Z [command]/usr/bin/git submodule foreach --recursive git config --local --show-origin --name-only --get-regexp remote.origin.url
invalidation-liveness	UNKNOWN STEP	2026-09-13T02:29:22.4027265Z Cleaning up orphan processes
invalidation-liveness	UNKNOWN STEP	2026-09-13T02:29:22.4291455Z ##[warning]Node.js 20 is deprecated. The following actions target Node.js 20 but are being forced to run on Node.js 24: actions/checkout@v4, actions/setup-python@v5. For more information see: https://github.blog/changelog/2025-09-19-deprecation-of-node-20-on-github-actions-runners/
test (3.11)	UNKNOWN STEP	﻿2026-09-13T02:29:15.7797186Z Current runner version: '2.337.0'
test (3.11)	UNKNOWN STEP	2026-09-13T02:29:15.7821740Z ##[group]Runner Image Provisioner
test (3.11)	UNKNOWN STEP	2026-09-13T02:29:15.7822624Z Hosted Compute Agent
test (3.11)	UNKNOWN STEP	2026-09-13T02:29:15.7823217Z Version: 20260828.587
test (3.11)	UNKNOWN STEP	2026-09-13T02:29:15.7823892Z Commit: abac92662cab4cc7352de4f9f9d2e2419aad9c29
test (3.11)	UNKNOWN STEP	2026-09-13T02:29:15.7824610Z Build Date: 2026-08-28T16:44:25Z
test (3.11)	UNKNOWN STEP	2026-09-13T02:29:15.7825308Z Worker ID: {85b6d7a2-f89c-48b4-a824-04169edfa3a4}
test (3.11)	UNKNOWN STEP	2026-09-13T02:29:15.7826021Z Azure Region: westus2
test (3.11)	UNKNOWN STEP	2026-09-13T02:29:15.7826583Z ##[endgroup]
test (3.11)	UNKNOWN STEP	2026-09-13T02:29:15.7828382Z ##[group]Operating System
test (3.11)	UNKNOWN STEP	2026-09-13T02:29:15.7829061Z Ubuntu
test (3.11)	UNKNOWN STEP	2026-09-13T02:29:15.7829568Z 24.04.5
test (3.11)	UNKNOWN STEP	2026-09-13T02:29:15.7830118Z LTS
test (3.11)	UNKNOWN STEP	2026-09-13T02:29:15.7830642Z ##[endgroup]
test (3.11)	UNKNOWN STEP	2026-09-13T02:29:15.7831209Z ##[group]Runner Image
test (3.11)	UNKNOWN STEP	2026-09-13T02:29:15.7831795Z Image: ubuntu-24.04
test (3.11)	UNKNOWN STEP	2026-09-13T02:29:15.7832315Z Version: 20260907.300.1
test (3.11)	UNKNOWN STEP	2026-09-13T02:29:15.7833586Z Included Software: https://github.com/actions/runner-images/blob/ubuntu24/20260907.300/images/ubuntu/Ubuntu2404-Readme.md
test (3.11)	UNKNOWN STEP	2026-09-13T02:29:15.7835027Z Image Release: https://github.com/actions/runner-images/releases/tag/ubuntu24%2F20260907.300
test (3.11)	UNKNOWN STEP	2026-09-13T02:29:15.7835941Z ##[endgroup]
test (3.11)	UNKNOWN STEP	2026-09-13T02:29:15.7837258Z ##[group]GITHUB_TOKEN Permissions
test (3.11)	UNKNOWN STEP	2026-09-13T02:29:15.7839380Z Contents: read
test (3.11)	UNKNOWN STEP	2026-09-13T02:29:15.7840334Z Metadata: read
test (3.11)	UNKNOWN STEP	2026-09-13T02:29:15.7840945Z Packages: read
test (3.11)	UNKNOWN STEP	2026-09-13T02:29:15.7841510Z ##[endgroup]
test (3.11)	UNKNOWN STEP	2026-09-13T02:29:15.7843579Z Secret source: Actions
test (3.11)	UNKNOWN STEP	2026-09-13T02:29:15.7844487Z Cache mode: write
test (3.11)	UNKNOWN STEP	2026-09-13T02:29:15.7845166Z Prepare workflow directory
test (3.11)	UNKNOWN STEP	2026-09-13T02:29:15.8151224Z Prepare all required actions
test (3.11)	UNKNOWN STEP	2026-09-13T02:29:15.8199293Z Getting action download info
test (3.11)	UNKNOWN STEP	2026-09-13T02:29:16.1916698Z Download action repository 'actions/checkout@v4' (SHA:11d5960a326750d5838078e36cf38b85af677262)
test (3.11)	UNKNOWN STEP	2026-09-13T02:29:16.3123147Z Download action repository 'actions/setup-python@v5' (SHA:a26af69be951a213d495a4c3e4e4022e16d87065)
test (3.11)	UNKNOWN STEP	2026-09-13T02:29:16.5814190Z Complete job name: test (3.11)
test (3.11)	UNKNOWN STEP	2026-09-13T02:29:16.6608469Z Node 20 is being deprecated. This workflow is running with Node 24 by default. If you need to temporarily use Node 20, you can set the ACTIONS_ALLOW_USE_UNSECURE_NODE_VERSION=true environment variable. For more information see: https://github.blog/changelog/2025-09-19-deprecation-of-node-20-on-github-actions-runners/
test (3.11)	UNKNOWN STEP	2026-09-13T02:29:16.6619203Z ##[group]Run actions/checkout@v4
test (3.11)	UNKNOWN STEP	2026-09-13T02:29:16.6620035Z with:
test (3.11)	UNKNOWN STEP	2026-09-13T02:29:16.6620624Z   repository: egnaro9/vac-protocol
test (3.11)	UNKNOWN STEP	2026-09-13T02:29:16.6624429Z   token: ***
test (3.11)	UNKNOWN STEP	2026-09-13T02:29:16.6624903Z   ssh-strict: true
test (3.11)	UNKNOWN STEP	2026-09-13T02:29:16.6625450Z   ssh-user: git
test (3.11)	UNKNOWN STEP	2026-09-13T02:29:16.6625964Z   persist-credentials: true
test (3.11)	UNKNOWN STEP	2026-09-13T02:29:16.6626591Z   clean: true
test (3.11)	UNKNOWN STEP	2026-09-13T02:29:16.6627358Z   sparse-checkout-cone-mode: true
test (3.11)	UNKNOWN STEP	2026-09-13T02:29:16.6627922Z   fetch-depth: 1
test (3.11)	UNKNOWN STEP	2026-09-13T02:29:16.6628441Z   fetch-tags: false
test (3.11)	UNKNOWN STEP	2026-09-13T02:29:16.6628950Z   show-progress: true
test (3.11)	UNKNOWN STEP	2026-09-13T02:29:16.6629455Z   lfs: false
test (3.11)	UNKNOWN STEP	2026-09-13T02:29:16.6630084Z   submodules: false
test (3.11)	UNKNOWN STEP	2026-09-13T02:29:16.6630615Z   set-safe-directory: true
test (3.11)	UNKNOWN STEP	2026-09-13T02:29:16.6631183Z   allow-unsafe-pr-checkout: false
test (3.11)	UNKNOWN STEP	2026-09-13T02:29:16.6631976Z ##[endgroup]
test (3.11)	UNKNOWN STEP	2026-09-13T02:29:16.7673382Z Syncing repository: egnaro9/vac-protocol
test (3.11)	UNKNOWN STEP	2026-09-13T02:29:16.7675883Z ##[group]Getting Git version info
test (3.11)	UNKNOWN STEP	2026-09-13T02:29:16.7677087Z Working directory is '/home/runner/work/vac-protocol/vac-protocol'
test (3.11)	UNKNOWN STEP	2026-09-13T02:29:16.7678736Z [command]/usr/bin/git version
test (3.11)	UNKNOWN STEP	2026-09-13T02:29:16.7773378Z git version 2.55.0
test (3.11)	UNKNOWN STEP	2026-09-13T02:29:16.7792952Z ##[endgroup]
test (3.11)	UNKNOWN STEP	2026-09-13T02:29:16.7814494Z Temporarily overriding HOME='/home/runner/work/_temp/da4f5308-644a-4a10-99dc-e3950fc4900d' before making global git config changes
test (3.11)	UNKNOWN STEP	2026-09-13T02:29:16.7816938Z Adding repository directory to the temporary git global config as a safe directory
test (3.11)	UNKNOWN STEP	2026-09-13T02:29:16.7819640Z [command]/usr/bin/git config --global --add safe.directory /home/runner/work/vac-protocol/vac-protocol
test (3.11)	UNKNOWN STEP	2026-09-13T02:29:16.7878232Z Deleting the contents of '/home/runner/work/vac-protocol/vac-protocol'
test (3.11)	UNKNOWN STEP	2026-09-13T02:29:16.7882846Z ##[group]Initializing the repository
test (3.11)	UNKNOWN STEP	2026-09-13T02:29:16.7887938Z [command]/usr/bin/git init /home/runner/work/vac-protocol/vac-protocol
test (3.11)	UNKNOWN STEP	2026-09-13T02:29:16.8016946Z hint: Using 'master' as the name for the initial branch. This default branch name
test (3.11)	UNKNOWN STEP	2026-09-13T02:29:16.8018795Z hint: will change to "main" in Git 3.0. To configure the initial branch name
test (3.11)	UNKNOWN STEP	2026-09-13T02:29:16.8020272Z hint: to use in all of your new repositories, which will suppress this warning,
test (3.11)	UNKNOWN STEP	2026-09-13T02:29:16.8021827Z hint: call:
test (3.11)	UNKNOWN STEP	2026-09-13T02:29:16.8022468Z hint:
test (3.11)	UNKNOWN STEP	2026-09-13T02:29:16.8023209Z hint: 	git config --global init.defaultBranch <name>
test (3.11)	UNKNOWN STEP	2026-09-13T02:29:16.8023966Z hint:
test (3.11)	UNKNOWN STEP	2026-09-13T02:29:16.8024675Z hint: Names commonly chosen instead of 'master' are 'main', 'trunk' and
test (3.11)	UNKNOWN STEP	2026-09-13T02:29:16.8025688Z hint: 'development'. The just-created branch can be renamed via this command:
test (3.11)	UNKNOWN STEP	2026-09-13T02:29:16.8026559Z hint:
test (3.11)	UNKNOWN STEP	2026-09-13T02:29:16.8027531Z hint: 	git branch -m <name>
test (3.11)	UNKNOWN STEP	2026-09-13T02:29:16.8028698Z hint:
test (3.11)	UNKNOWN STEP	2026-09-13T02:29:16.8029498Z hint: Disable this message with "git config set advice.defaultBranchName false"
test (3.11)	UNKNOWN STEP	2026-09-13T02:29:16.8030786Z Initialized empty Git repository in /home/runner/work/vac-protocol/vac-protocol/.git/
test (3.11)	UNKNOWN STEP	2026-09-13T02:29:16.8032938Z [command]/usr/bin/git remote add origin https://github.com/egnaro9/vac-protocol
test (3.11)	UNKNOWN STEP	2026-09-13T02:29:16.8080617Z ##[endgroup]
test (3.11)	UNKNOWN STEP	2026-09-13T02:29:16.8081560Z ##[group]Disabling automatic garbage collection
test (3.11)	UNKNOWN STEP	2026-09-13T02:29:16.8085019Z [command]/usr/bin/git config --local gc.auto 0
test (3.11)	UNKNOWN STEP	2026-09-13T02:29:16.8116006Z ##[endgroup]
test (3.11)	UNKNOWN STEP	2026-09-13T02:29:16.8117158Z ##[group]Setting up auth
test (3.11)	UNKNOWN STEP	2026-09-13T02:29:16.8125226Z [command]/usr/bin/git config --local --name-only --get-regexp core\.sshCommand
test (3.11)	UNKNOWN STEP	2026-09-13T02:29:16.8163782Z [command]/usr/bin/git submodule foreach --recursive sh -c "git config --local --name-only --get-regexp 'core\.sshCommand' && git config --local --unset-all 'core.sshCommand' || :"
test (3.11)	UNKNOWN STEP	2026-09-13T02:29:16.8752125Z [command]/usr/bin/git config --local --name-only --get-regexp http\.https\:\/\/github\.com\/\.extraheader
test (3.11)	UNKNOWN STEP	2026-09-13T02:29:16.8788515Z [command]/usr/bin/git submodule foreach --recursive sh -c "git config --local --name-only --get-regexp 'http\.https\:\/\/github\.com\/\.extraheader' && git config --local --unset-all 'http.https://github.com/.extraheader' || :"
test (3.11)	UNKNOWN STEP	2026-09-13T02:29:16.8995903Z [command]/usr/bin/git config --local --name-only --get-regexp ^includeIf\.gitdir:
test (3.11)	UNKNOWN STEP	2026-09-13T02:29:16.9030096Z [command]/usr/bin/git submodule foreach --recursive git config --local --show-origin --name-only --get-regexp remote.origin.url
test (3.11)	UNKNOWN STEP	2026-09-13T02:29:16.9214875Z [command]/usr/bin/git config --local http.https://github.com/.extraheader AUTHORIZATION: basic ***
test (3.11)	UNKNOWN STEP	2026-09-13T02:29:16.9250559Z ##[endgroup]
test (3.11)	UNKNOWN STEP	2026-09-13T02:29:16.9251673Z ##[group]Fetching the repository
test (3.11)	UNKNOWN STEP	2026-09-13T02:29:16.9261374Z [command]/usr/bin/git -c protocol.version=2 fetch --no-tags --prune --no-recurse-submodules --depth=1 origin +0b44bf216a604a4e27926f6093898130cfe93b51:refs/remotes/origin/main
test (3.11)	UNKNOWN STEP	2026-09-13T02:29:17.6979569Z From https://github.com/egnaro9/vac-protocol
test (3.11)	UNKNOWN STEP	2026-09-13T02:29:17.6990097Z  * [new ref]         0b44bf216a604a4e27926f6093898130cfe93b51 -> origin/main
test (3.11)	UNKNOWN STEP	2026-09-13T02:29:17.6994579Z ##[endgroup]
test (3.11)	UNKNOWN STEP	2026-09-13T02:29:17.6996130Z ##[group]Determining the checkout info
test (3.11)	UNKNOWN STEP	2026-09-13T02:29:17.6997923Z ##[endgroup]
test (3.11)	UNKNOWN STEP	2026-09-13T02:29:17.6999484Z [command]/usr/bin/git sparse-checkout disable
test (3.11)	UNKNOWN STEP	2026-09-13T02:29:17.7057509Z [command]/usr/bin/git config --local --unset-all extensions.worktreeConfig
test (3.11)	UNKNOWN STEP	2026-09-13T02:29:17.7081923Z ##[group]Checking out the ref
test (3.11)	UNKNOWN STEP	2026-09-13T02:29:17.7088659Z [command]/usr/bin/git checkout --progress --force -B main refs/remotes/origin/main
test (3.11)	UNKNOWN STEP	2026-09-13T02:29:17.7329444Z Switched to a new branch 'main'
test (3.11)	UNKNOWN STEP	2026-09-13T02:29:17.7333460Z branch 'main' set up to track 'origin/main'.
test (3.11)	UNKNOWN STEP	2026-09-13T02:29:17.7341003Z ##[endgroup]
test (3.11)	UNKNOWN STEP	2026-09-13T02:29:17.7381515Z [command]/usr/bin/git log -1 --format=%H
test (3.11)	UNKNOWN STEP	2026-09-13T02:29:17.7403312Z 0b44bf216a604a4e27926f6093898130cfe93b51
test (3.11)	UNKNOWN STEP	2026-09-13T02:29:17.7781647Z Node 20 is being deprecated. This workflow is running with Node 24 by default. If you need to temporarily use Node 20, you can set the ACTIONS_ALLOW_USE_UNSECURE_NODE_VERSION=true environment variable. For more information see: https://github.blog/changelog/2025-09-19-deprecation-of-node-20-on-github-actions-runners/
test (3.11)	UNKNOWN STEP	2026-09-13T02:29:17.7788047Z ##[group]Run actions/setup-python@v5
test (3.11)	UNKNOWN STEP	2026-09-13T02:29:17.7789450Z with:
test (3.11)	UNKNOWN STEP	2026-09-13T02:29:17.7790558Z   python-version: 3.11
test (3.11)	UNKNOWN STEP	2026-09-13T02:29:17.7791775Z   check-latest: false
test (3.11)	UNKNOWN STEP	2026-09-13T02:29:17.7801770Z   token: ***
test (3.11)	UNKNOWN STEP	2026-09-13T02:29:17.7802971Z   update-environment: true
test (3.11)	UNKNOWN STEP	2026-09-13T02:29:17.7804299Z   allow-prereleases: false
test (3.11)	UNKNOWN STEP	2026-09-13T02:29:17.7805661Z   freethreaded: false
test (3.11)	UNKNOWN STEP	2026-09-13T02:29:17.7807008Z ##[endgroup]
test (3.11)	UNKNOWN STEP	2026-09-13T02:29:17.9131521Z ##[group]Installed versions
test (3.11)	UNKNOWN STEP	2026-09-13T02:29:17.9237100Z (node:2168) [DEP0040] DeprecationWarning: The `punycode` module is deprecated. Please use a userland alternative instead.
test (3.11)	UNKNOWN STEP	2026-09-13T02:29:17.9241587Z (Use `node --trace-deprecation ...` to show where the warning was created)
test (3.11)	UNKNOWN STEP	2026-09-13T02:29:17.9244146Z Successfully set up CPython (3.11.16)
test (3.11)	UNKNOWN STEP	2026-09-13T02:29:17.9247214Z ##[endgroup]
test (3.11)	UNKNOWN STEP	2026-09-13T02:29:17.9420069Z ##[group]Run pip install -e ".[test]"
test (3.11)	UNKNOWN STEP	2026-09-13T02:29:17.9421700Z ^[[36;1mpip install -e ".[test]"^[[0m
test (3.11)	UNKNOWN STEP	2026-09-13T02:29:17.9519272Z shell: /usr/bin/bash -e {0}
test (3.11)	UNKNOWN STEP	2026-09-13T02:29:17.9520752Z env:
test (3.11)	UNKNOWN STEP	2026-09-13T02:29:17.9521978Z   pythonLocation: /opt/hostedtoolcache/Python/3.11.16/x64
test (3.11)	UNKNOWN STEP	2026-09-13T02:29:17.9524019Z   PKG_CONFIG_PATH: /opt/hostedtoolcache/Python/3.11.16/x64/lib/pkgconfig
test (3.11)	UNKNOWN STEP	2026-09-13T02:29:17.9526076Z   Python_ROOT_DIR: /opt/hostedtoolcache/Python/3.11.16/x64
test (3.11)	UNKNOWN STEP	2026-09-13T02:29:17.9529796Z   Python2_ROOT_DIR: /opt/hostedtoolcache/Python/3.11.16/x64
test (3.11)	UNKNOWN STEP	2026-09-13T02:29:17.9532347Z   Python3_ROOT_DIR: /opt/hostedtoolcache/Python/3.11.16/x64
test (3.11)	UNKNOWN STEP	2026-09-13T02:29:17.9534931Z   LD_LIBRARY_PATH: /opt/hostedtoolcache/Python/3.11.16/x64/lib
test (3.11)	UNKNOWN STEP	2026-09-13T02:29:17.9537205Z ##[endgroup]
test (3.11)	UNKNOWN STEP	2026-09-13T02:29:21.0634729Z Obtaining file:///home/runner/work/vac-protocol/vac-protocol
test (3.11)	UNKNOWN STEP	2026-09-13T02:29:21.0652501Z   Installing build dependencies: started
test (3.11)	UNKNOWN STEP	2026-09-13T02:29:22.3881904Z   Installing build dependencies: finished with status 'done'
test (3.11)	UNKNOWN STEP	2026-09-13T02:29:22.3887032Z   Checking if build backend supports build_editable: started
test (3.11)	UNKNOWN STEP	2026-09-13T02:29:22.6928405Z   Checking if build backend supports build_editable: finished with status 'done'
test (3.11)	UNKNOWN STEP	2026-09-13T02:29:22.6935140Z   Getting requirements to build editable: started
test (3.11)	UNKNOWN STEP	2026-09-13T02:29:22.9720853Z   Getting requirements to build editable: finished with status 'done'
test (3.11)	UNKNOWN STEP	2026-09-13T02:29:22.9728319Z   Preparing editable metadata (pyproject.toml): started
test (3.11)	UNKNOWN STEP	2026-09-13T02:29:23.1368848Z   Preparing editable metadata (pyproject.toml): finished with status 'done'
test (3.11)	UNKNOWN STEP	2026-09-13T02:29:23.2371281Z Collecting pytest (from vac-protocol==0.1.0)
test (3.11)	UNKNOWN STEP	2026-09-13T02:29:23.2972252Z   Downloading pytest-9.1.1-py3-none-any.whl.metadata (7.6 kB)
test (3.11)	UNKNOWN STEP	2026-09-13T02:29:23.3153592Z Collecting iniconfig>=1.0.1 (from pytest->vac-protocol==0.1.0)
test (3.11)	UNKNOWN STEP	2026-09-13T02:29:23.3230667Z   Downloading iniconfig-2.3.0-py3-none-any.whl.metadata (2.5 kB)
test (3.11)	UNKNOWN STEP	2026-09-13T02:29:23.3449719Z Collecting packaging>=22 (from pytest->vac-protocol==0.1.0)
test (3.11)	UNKNOWN STEP	2026-09-13T02:29:23.3525870Z   Downloading packaging-26.3-py3-none-any.whl.metadata (3.5 kB)
test (3.11)	UNKNOWN STEP	2026-09-13T02:29:23.3823894Z Collecting pluggy<2,>=1.5 (from pytest->vac-protocol==0.1.0)
test (3.11)	UNKNOWN STEP	2026-09-13T02:29:23.3899484Z   Downloading pluggy-1.6.0-py3-none-any.whl.metadata (4.8 kB)
test (3.11)	UNKNOWN STEP	2026-09-13T02:29:23.4127422Z Collecting pygments>=2.7.2 (from pytest->vac-protocol==0.1.0)
test (3.11)	UNKNOWN STEP	2026-09-13T02:29:23.4202809Z   Downloading pygments-2.21.0-py3-none-any.whl.metadata (2.5 kB)
test (3.11)	UNKNOWN STEP	2026-09-13T02:29:23.4335221Z Downloading pytest-9.1.1-py3-none-any.whl (386 kB)
test (3.11)	UNKNOWN STEP	2026-09-13T02:29:23.4775938Z Downloading pluggy-1.6.0-py3-none-any.whl (20 kB)
test (3.11)	UNKNOWN STEP	2026-09-13T02:29:23.4874615Z Downloading iniconfig-2.3.0-py3-none-any.whl (7.5 kB)
test (3.11)	UNKNOWN STEP	2026-09-13T02:29:23.4973915Z Downloading packaging-26.3-py3-none-any.whl (129 kB)
test (3.11)	UNKNOWN STEP	2026-09-13T02:29:23.5146051Z Downloading pygments-2.21.0-py3-none-any.whl (1.3 MB)
test (3.11)	UNKNOWN STEP	2026-09-13T02:29:23.5750219Z    ━━━━━━━━━━━━━━━━━━━━━━━━━━━━━━━━━━━━━━━━ 1.3/1.3 MB 22.4 MB/s  0:00:00
test (3.11)	UNKNOWN STEP	2026-09-13T02:29:23.6008780Z Building wheels for collected packages: vac-protocol
test (3.11)	UNKNOWN STEP	2026-09-13T02:29:23.6015323Z   Building editable for vac-protocol (pyproject.toml): started
test (3.11)	UNKNOWN STEP	2026-09-13T02:29:23.7885313Z   Building editable for vac-protocol (pyproject.toml): finished with status 'done'
test (3.11)	UNKNOWN STEP	2026-09-13T02:29:23.7890039Z   Created wheel for vac-protocol: filename=vac_protocol-0.1.0-0.editable-py3-none-any.whl size=8850 sha256=e5fae32118d66620c70321c31ceda8103d94aa43101d3eb8adc440252bc4b8c1
test (3.11)	UNKNOWN STEP	2026-09-13T02:29:23.7892230Z   Stored in directory: /tmp/pip-ephem-wheel-cache-lmd94qe9/wheels/c2/b6/47/ad3fc2a6b8a0cd36ac358c99afd0e641db30df633f424b77c4
test (3.11)	UNKNOWN STEP	2026-09-13T02:29:23.7910323Z Successfully built vac-protocol
test (3.11)	UNKNOWN STEP	2026-09-13T02:29:23.8098710Z Installing collected packages: vac-protocol, pygments, pluggy, packaging, iniconfig, pytest
test (3.11)	UNKNOWN STEP	2026-09-13T02:29:24.6215840Z 
test (3.11)	UNKNOWN STEP	2026-09-13T02:29:24.6227336Z Successfully installed iniconfig-2.3.0 packaging-26.3 pluggy-1.6.0 pygments-2.21.0 pytest-9.1.1 vac-protocol-0.1.0
test (3.11)	UNKNOWN STEP	2026-09-13T02:29:24.6914620Z ##[group]Run python -m pytest tests/ -q
test (3.11)	UNKNOWN STEP	2026-09-13T02:29:24.6915063Z ^[[36;1mpython -m pytest tests/ -q^[[0m
test (3.11)	UNKNOWN STEP	2026-09-13T02:29:24.6941972Z shell: /usr/bin/bash -e {0}
test (3.11)	UNKNOWN STEP	2026-09-13T02:29:24.6942327Z env:
test (3.11)	UNKNOWN STEP	2026-09-13T02:29:24.6942674Z   pythonLocation: /opt/hostedtoolcache/Python/3.11.16/x64
test (3.11)	UNKNOWN STEP	2026-09-13T02:29:24.6943200Z   PKG_CONFIG_PATH: /opt/hostedtoolcache/Python/3.11.16/x64/lib/pkgconfig
test (3.11)	UNKNOWN STEP	2026-09-13T02:29:24.6943714Z   Python_ROOT_DIR: /opt/hostedtoolcache/Python/3.11.16/x64
test (3.11)	UNKNOWN STEP	2026-09-13T02:29:24.6944160Z   Python2_ROOT_DIR: /opt/hostedtoolcache/Python/3.11.16/x64
test (3.11)	UNKNOWN STEP	2026-09-13T02:29:24.6944602Z   Python3_ROOT_DIR: /opt/hostedtoolcache/Python/3.11.16/x64
test (3.11)	UNKNOWN STEP	2026-09-13T02:29:24.6945040Z   LD_LIBRARY_PATH: /opt/hostedtoolcache/Python/3.11.16/x64/lib
test (3.11)	UNKNOWN STEP	2026-09-13T02:29:24.6945494Z ##[endgroup]
test (3.11)	UNKNOWN STEP	2026-09-13T02:29:26.8523763Z ....................................................xxx.s...s..x....ssss [ 19%]
test (3.11)	UNKNOWN STEP	2026-09-13T02:29:27.0806235Z ........................................................................ [ 38%]
test (3.11)	UNKNOWN STEP	2026-09-13T02:29:27.3509573Z ........................................................................ [ 57%]
test (3.11)	UNKNOWN STEP	2026-09-13T02:29:28.0868767Z .................s....................................................s. [ 76%]
test (3.11)	UNKNOWN STEP	2026-09-13T02:29:28.5139104Z ss.....sssssssssss...................................................... [ 96%]
test (3.11)	UNKNOWN STEP	2026-09-13T02:29:28.6062749Z ...............                                                          [100%]
test (3.11)	UNKNOWN STEP	2026-09-13T02:29:28.6063943Z 350 passed, 21 skipped, 4 xfailed in 3.50s
test (3.11)	UNKNOWN STEP	2026-09-13T02:29:28.6502502Z Node 20 is being deprecated. This workflow is running with Node 24 by default. If you need to temporarily use Node 20, you can set the ACTIONS_ALLOW_USE_UNSECURE_NODE_VERSION=true environment variable. For more information see: https://github.blog/changelog/2025-09-19-deprecation-of-node-20-on-github-actions-runners/
test (3.11)	UNKNOWN STEP	2026-09-13T02:29:28.6503669Z Post job cleanup.
test (3.11)	UNKNOWN STEP	2026-09-13T02:29:28.7707715Z (node:2745) [DEP0040] DeprecationWarning: The `punycode` module is deprecated. Please use a userland alternative instead.
test (3.11)	UNKNOWN STEP	2026-09-13T02:29:28.7708472Z (Use `node --trace-deprecation ...` to show where the warning was created)
test (3.11)	UNKNOWN STEP	2026-09-13T02:29:28.7933280Z Node 20 is being deprecated. This workflow is running with Node 24 by default. If you need to temporarily use Node 20, you can set the ACTIONS_ALLOW_USE_UNSECURE_NODE_VERSION=true environment variable. For more information see: https://github.blog/changelog/2025-09-19-deprecation-of-node-20-on-github-actions-runners/
test (3.11)	UNKNOWN STEP	2026-09-13T02:29:28.7935249Z Post job cleanup.
test (3.11)	UNKNOWN STEP	2026-09-13T02:29:28.8801959Z [command]/usr/bin/git version
test (3.11)	UNKNOWN STEP	2026-09-13T02:29:28.8840032Z git version 2.55.0
test (3.11)	UNKNOWN STEP	2026-09-13T02:29:28.8874884Z Temporarily overriding HOME='/home/runner/work/_temp/c1c72438-382b-4f0c-b693-2365ef03e0af' before making global git config changes
test (3.11)	UNKNOWN STEP	2026-09-13T02:29:28.8876101Z Adding repository directory to the temporary git global config as a safe directory
test (3.11)	UNKNOWN STEP	2026-09-13T02:29:28.8880632Z [command]/usr/bin/git config --global --add safe.directory /home/runner/work/vac-protocol/vac-protocol
test (3.11)	UNKNOWN STEP	2026-09-13T02:29:28.8922501Z [command]/usr/bin/git config --local --name-only --get-regexp core\.sshCommand
test (3.11)	UNKNOWN STEP	2026-09-13T02:29:28.8955636Z [command]/usr/bin/git submodule foreach --recursive sh -c "git config --local --name-only --get-regexp 'core\.sshCommand' && git config --local --unset-all 'core.sshCommand' || :"
test (3.11)	UNKNOWN STEP	2026-09-13T02:29:28.9205085Z [command]/usr/bin/git config --local --name-only --get-regexp http\.https\:\/\/github\.com\/\.extraheader
test (3.11)	UNKNOWN STEP	2026-09-13T02:29:28.9230957Z http.https://github.com/.extraheader
test (3.11)	UNKNOWN STEP	2026-09-13T02:29:28.9242489Z [command]/usr/bin/git config --local --unset-all http.https://github.com/.extraheader
test (3.11)	UNKNOWN STEP	2026-09-13T02:29:28.9284806Z [command]/usr/bin/git submodule foreach --recursive sh -c "git config --local --name-only --get-regexp 'http\.https\:\/\/github\.com\/\.extraheader' && git config --local --unset-all 'http.https://github.com/.extraheader' || :"
test (3.11)	UNKNOWN STEP	2026-09-13T02:29:28.9509577Z [command]/usr/bin/git config --local --name-only --get-regexp ^includeIf\.gitdir:
test (3.11)	UNKNOWN STEP	2026-09-13T02:29:28.9543441Z [command]/usr/bin/git submodule foreach --recursive git config --local --show-origin --name-only --get-regexp remote.origin.url
test (3.11)	UNKNOWN STEP	2026-09-13T02:29:28.9940110Z Cleaning up orphan processes
test (3.11)	UNKNOWN STEP	2026-09-13T02:29:29.0222255Z ##[warning]Node.js 20 is deprecated. The following actions target Node.js 20 but are being forced to run on Node.js 24: actions/checkout@v4, actions/setup-python@v5. For more information see: https://github.blog/changelog/2025-09-19-deprecation-of-node-20-on-github-actions-runners/
test (3.12)	UNKNOWN STEP	﻿2026-09-13T02:29:15.8651109Z Current runner version: '2.337.0'
test (3.12)	UNKNOWN STEP	2026-09-13T02:29:15.8676906Z ##[group]Runner Image Provisioner
test (3.12)	UNKNOWN STEP	2026-09-13T02:29:15.8677836Z Hosted Compute Agent
test (3.12)	UNKNOWN STEP	2026-09-13T02:29:15.8678544Z Version: 20260828.587
test (3.12)	UNKNOWN STEP	2026-09-13T02:29:15.8679447Z Commit: abac92662cab4cc7352de4f9f9d2e2419aad9c29
test (3.12)	UNKNOWN STEP	2026-09-13T02:29:15.8680197Z Build Date: 2026-08-28T16:44:25Z
test (3.12)	UNKNOWN STEP	2026-09-13T02:29:15.8681030Z Worker ID: {a842c7bf-d528-401b-abb7-034c98febf69}
test (3.12)	UNKNOWN STEP	2026-09-13T02:29:15.8681780Z Azure Region: westus
test (3.12)	UNKNOWN STEP	2026-09-13T02:29:15.8682413Z ##[endgroup]
test (3.12)	UNKNOWN STEP	2026-09-13T02:29:15.8684071Z ##[group]Operating System
test (3.12)	UNKNOWN STEP	2026-09-13T02:29:15.8684787Z Ubuntu
test (3.12)	UNKNOWN STEP	2026-09-13T02:29:15.8685530Z 24.04.5
test (3.12)	UNKNOWN STEP	2026-09-13T02:29:15.8686062Z LTS
test (3.12)	UNKNOWN STEP	2026-09-13T02:29:15.8686639Z ##[endgroup]
test (3.12)	UNKNOWN STEP	2026-09-13T02:29:15.8687231Z ##[group]Runner Image
test (3.12)	UNKNOWN STEP	2026-09-13T02:29:15.8687847Z Image: ubuntu-24.04
test (3.12)	UNKNOWN STEP	2026-09-13T02:29:15.8688512Z Version: 20260907.300.1
test (3.12)	UNKNOWN STEP	2026-09-13T02:29:15.8690020Z Included Software: https://github.com/actions/runner-images/blob/ubuntu24/20260907.300/images/ubuntu/Ubuntu2404-Readme.md
test (3.12)	UNKNOWN STEP	2026-09-13T02:29:15.8691718Z Image Release: https://github.com/actions/runner-images/releases/tag/ubuntu24%2F20260907.300
test (3.12)	UNKNOWN STEP	2026-09-13T02:29:15.8692728Z ##[endgroup]
test (3.12)	UNKNOWN STEP	2026-09-13T02:29:15.8694050Z ##[group]GITHUB_TOKEN Permissions
test (3.12)	UNKNOWN STEP	2026-09-13T02:29:15.8695919Z Contents: read
test (3.12)	UNKNOWN STEP	2026-09-13T02:29:15.8697029Z Metadata: read
test (3.12)	UNKNOWN STEP	2026-09-13T02:29:15.8697619Z Packages: read
test (3.12)	UNKNOWN STEP	2026-09-13T02:29:15.8698211Z ##[endgroup]
test (3.12)	UNKNOWN STEP	2026-09-13T02:29:15.8700696Z Secret source: Actions
test (3.12)	UNKNOWN STEP	2026-09-13T02:29:15.8701643Z Cache mode: write
test (3.12)	UNKNOWN STEP	2026-09-13T02:29:15.8702588Z Prepare workflow directory
test (3.12)	UNKNOWN STEP	2026-09-13T02:29:15.9037245Z Prepare all required actions
test (3.12)	UNKNOWN STEP	2026-09-13T02:29:15.9085344Z Getting action download info
test (3.12)	UNKNOWN STEP	2026-09-13T02:29:16.2632284Z Download action repository 'actions/checkout@v4' (SHA:11d5960a326750d5838078e36cf38b85af677262)
test (3.12)	UNKNOWN STEP	2026-09-13T02:29:16.3706826Z Download action repository 'actions/setup-python@v5' (SHA:a26af69be951a213d495a4c3e4e4022e16d87065)
test (3.12)	UNKNOWN STEP	2026-09-13T02:29:16.5482816Z Complete job name: test (3.12)
test (3.12)	UNKNOWN STEP	2026-09-13T02:29:16.6227105Z Node 20 is being deprecated. This workflow is running with Node 24 by default. If you need to temporarily use Node 20, you can set the ACTIONS_ALLOW_USE_UNSECURE_NODE_VERSION=true environment variable. For more information see: https://github.blog/changelog/2025-09-19-deprecation-of-node-20-on-github-actions-runners/
test (3.12)	UNKNOWN STEP	2026-09-13T02:29:16.6235907Z ##[group]Run actions/checkout@v4
test (3.12)	UNKNOWN STEP	2026-09-13T02:29:16.6236666Z with:
test (3.12)	UNKNOWN STEP	2026-09-13T02:29:16.6237141Z   repository: egnaro9/vac-protocol
test (3.12)	UNKNOWN STEP	2026-09-13T02:29:16.6241156Z   token: ***
test (3.12)	UNKNOWN STEP	2026-09-13T02:29:16.6241622Z   ssh-strict: true
test (3.12)	UNKNOWN STEP	2026-09-13T02:29:16.6242080Z   ssh-user: git
test (3.12)	UNKNOWN STEP	2026-09-13T02:29:16.6242548Z   persist-credentials: true
test (3.12)	UNKNOWN STEP	2026-09-13T02:29:16.6243060Z   clean: true
test (3.12)	UNKNOWN STEP	2026-09-13T02:29:16.6243532Z   sparse-checkout-cone-mode: true
test (3.12)	UNKNOWN STEP	2026-09-13T02:29:16.6244073Z   fetch-depth: 1
test (3.12)	UNKNOWN STEP	2026-09-13T02:29:16.6244527Z   fetch-tags: false
test (3.12)	UNKNOWN STEP	2026-09-13T02:29:16.6245008Z   show-progress: true
test (3.12)	UNKNOWN STEP	2026-09-13T02:29:16.6245478Z   lfs: false
test (3.12)	UNKNOWN STEP	2026-09-13T02:29:16.6245936Z   submodules: false
test (3.12)	UNKNOWN STEP	2026-09-13T02:29:16.6246426Z   set-safe-directory: true
test (3.12)	UNKNOWN STEP	2026-09-13T02:29:16.6246956Z   allow-unsafe-pr-checkout: false
test (3.12)	UNKNOWN STEP	2026-09-13T02:29:16.6247753Z ##[endgroup]
test (3.12)	UNKNOWN STEP	2026-09-13T02:29:16.7281457Z Syncing repository: egnaro9/vac-protocol
test (3.12)	UNKNOWN STEP	2026-09-13T02:29:16.7283981Z ##[group]Getting Git version info
test (3.12)	UNKNOWN STEP	2026-09-13T02:29:16.7285202Z Working directory is '/home/runner/work/vac-protocol/vac-protocol'
test (3.12)	UNKNOWN STEP	2026-09-13T02:29:16.7286984Z [command]/usr/bin/git version
test (3.12)	UNKNOWN STEP	2026-09-13T02:29:16.7347486Z git version 2.55.0
test (3.12)	UNKNOWN STEP	2026-09-13T02:29:16.7369856Z ##[endgroup]
test (3.12)	UNKNOWN STEP	2026-09-13T02:29:16.7384230Z Temporarily overriding HOME='/home/runner/work/_temp/a1a5fea8-5f89-46dd-b75f-c5a3af8c06f8' before making global git config changes
test (3.12)	UNKNOWN STEP	2026-09-13T02:29:16.7386735Z Adding repository directory to the temporary git global config as a safe directory
test (3.12)	UNKNOWN STEP	2026-09-13T02:29:16.7389662Z [command]/usr/bin/git config --global --add safe.directory /home/runner/work/vac-protocol/vac-protocol
test (3.12)	UNKNOWN STEP	2026-09-13T02:29:16.7444793Z Deleting the contents of '/home/runner/work/vac-protocol/vac-protocol'
test (3.12)	UNKNOWN STEP	2026-09-13T02:29:16.7450307Z ##[group]Initializing the repository
test (3.12)	UNKNOWN STEP	2026-09-13T02:29:16.7454983Z [command]/usr/bin/git init /home/runner/work/vac-protocol/vac-protocol
test (3.12)	UNKNOWN STEP	2026-09-13T02:29:16.7582773Z hint: Using 'master' as the name for the initial branch. This default branch name
test (3.12)	UNKNOWN STEP	2026-09-13T02:29:16.7584876Z hint: will change to "main" in Git 3.0. To configure the initial branch name
test (3.12)	UNKNOWN STEP	2026-09-13T02:29:16.7586841Z hint: to use in all of your new repositories, which will suppress this warning,
test (3.12)	UNKNOWN STEP	2026-09-13T02:29:16.7588383Z hint: call:
test (3.12)	UNKNOWN STEP	2026-09-13T02:29:16.7589556Z hint:
test (3.12)	UNKNOWN STEP	2026-09-13T02:29:16.7590638Z hint: 	git config --global init.defaultBranch <name>
test (3.12)	UNKNOWN STEP	2026-09-13T02:29:16.7591888Z hint:
test (3.12)	UNKNOWN STEP	2026-09-13T02:29:16.7593098Z hint: Names commonly chosen instead of 'master' are 'main', 'trunk' and
test (3.12)	UNKNOWN STEP	2026-09-13T02:29:16.7594910Z hint: 'development'. The just-created branch can be renamed via this command:
test (3.12)	UNKNOWN STEP	2026-09-13T02:29:16.7596408Z hint:
test (3.12)	UNKNOWN STEP	2026-09-13T02:29:16.7597333Z hint: 	git branch -m <name>
test (3.12)	UNKNOWN STEP	2026-09-13T02:29:16.7598396Z hint:
test (3.12)	UNKNOWN STEP	2026-09-13T02:29:16.7599990Z hint: Disable this message with "git config set advice.defaultBranchName false"
test (3.12)	UNKNOWN STEP	2026-09-13T02:29:16.7602009Z Initialized empty Git repository in /home/runner/work/vac-protocol/vac-protocol/.git/
test (3.12)	UNKNOWN STEP	2026-09-13T02:29:16.7605785Z [command]/usr/bin/git remote add origin https://github.com/egnaro9/vac-protocol
test (3.12)	UNKNOWN STEP	2026-09-13T02:29:16.7650428Z ##[endgroup]
test (3.12)	UNKNOWN STEP	2026-09-13T02:29:16.7651770Z ##[group]Disabling automatic garbage collection
test (3.12)	UNKNOWN STEP	2026-09-13T02:29:16.7656075Z [command]/usr/bin/git config --local gc.auto 0
test (3.12)	UNKNOWN STEP	2026-09-13T02:29:16.7689459Z ##[endgroup]
test (3.12)	UNKNOWN STEP	2026-09-13T02:29:16.7690836Z ##[group]Setting up auth
test (3.12)	UNKNOWN STEP	2026-09-13T02:29:16.7696961Z [command]/usr/bin/git config --local --name-only --get-regexp core\.sshCommand
test (3.12)	UNKNOWN STEP	2026-09-13T02:29:16.7730773Z [command]/usr/bin/git submodule foreach --recursive sh -c "git config --local --name-only --get-regexp 'core\.sshCommand' && git config --local --unset-all 'core.sshCommand' || :"
test (3.12)	UNKNOWN STEP	2026-09-13T02:29:16.8143646Z [command]/usr/bin/git config --local --name-only --get-regexp http\.https\:\/\/github\.com\/\.extraheader
test (3.12)	UNKNOWN STEP	2026-09-13T02:29:16.8174947Z [command]/usr/bin/git submodule foreach --recursive sh -c "git config --local --name-only --get-regexp 'http\.https\:\/\/github\.com\/\.extraheader' && git config --local --unset-all 'http.https://github.com/.extraheader' || :"
test (3.12)	UNKNOWN STEP	2026-09-13T02:29:16.8416815Z [command]/usr/bin/git config --local --name-only --get-regexp ^includeIf\.gitdir:
test (3.12)	UNKNOWN STEP	2026-09-13T02:29:16.8462126Z [command]/usr/bin/git submodule foreach --recursive git config --local --show-origin --name-only --get-regexp remote.origin.url
test (3.12)	UNKNOWN STEP	2026-09-13T02:29:16.8693396Z [command]/usr/bin/git config --local http.https://github.com/.extraheader AUTHORIZATION: basic ***
test (3.12)	UNKNOWN STEP	2026-09-13T02:29:16.8733164Z ##[endgroup]
test (3.12)	UNKNOWN STEP	2026-09-13T02:29:16.8734005Z ##[group]Fetching the repository
test (3.12)	UNKNOWN STEP	2026-09-13T02:29:16.8743521Z [command]/usr/bin/git -c protocol.version=2 fetch --no-tags --prune --no-recurse-submodules --depth=1 origin +0b44bf216a604a4e27926f6093898130cfe93b51:refs/remotes/origin/main
test (3.12)	UNKNOWN STEP	2026-09-13T02:29:17.4228654Z From https://github.com/egnaro9/vac-protocol
test (3.12)	UNKNOWN STEP	2026-09-13T02:29:17.4230760Z  * [new ref]         0b44bf216a604a4e27926f6093898130cfe93b51 -> origin/main
test (3.12)	UNKNOWN STEP	2026-09-13T02:29:17.4234503Z ##[endgroup]
test (3.12)	UNKNOWN STEP	2026-09-13T02:29:17.4235873Z ##[group]Determining the checkout info
test (3.12)	UNKNOWN STEP	2026-09-13T02:29:17.4237474Z ##[endgroup]
test (3.12)	UNKNOWN STEP	2026-09-13T02:29:17.4243905Z [command]/usr/bin/git sparse-checkout disable
test (3.12)	UNKNOWN STEP	2026-09-13T02:29:17.4298181Z [command]/usr/bin/git config --local --unset-all extensions.worktreeConfig
test (3.12)	UNKNOWN STEP	2026-09-13T02:29:17.4329227Z ##[group]Checking out the ref
test (3.12)	UNKNOWN STEP	2026-09-13T02:29:17.4342400Z [command]/usr/bin/git checkout --progress --force -B main refs/remotes/origin/main
test (3.12)	UNKNOWN STEP	2026-09-13T02:29:17.4636812Z Switched to a new branch 'main'
test (3.12)	UNKNOWN STEP	2026-09-13T02:29:17.4643704Z branch 'main' set up to track 'origin/main'.
test (3.12)	UNKNOWN STEP	2026-09-13T02:29:17.4649638Z ##[endgroup]
test (3.12)	UNKNOWN STEP	2026-09-13T02:29:17.4691340Z [command]/usr/bin/git log -1 --format=%H
test (3.12)	UNKNOWN STEP	2026-09-13T02:29:17.4717410Z 0b44bf216a604a4e27926f6093898130cfe93b51
test (3.12)	UNKNOWN STEP	2026-09-13T02:29:17.5004359Z Node 20 is being deprecated. This workflow is running with Node 24 by default. If you need to temporarily use Node 20, you can set the ACTIONS_ALLOW_USE_UNSECURE_NODE_VERSION=true environment variable. For more information see: https://github.blog/changelog/2025-09-19-deprecation-of-node-20-on-github-actions-runners/
test (3.12)	UNKNOWN STEP	2026-09-13T02:29:17.5007548Z ##[group]Run actions/setup-python@v5
test (3.12)	UNKNOWN STEP	2026-09-13T02:29:17.5008119Z with:
test (3.12)	UNKNOWN STEP	2026-09-13T02:29:17.5008560Z   python-version: 3.12
test (3.12)	UNKNOWN STEP	2026-09-13T02:29:17.5009239Z   check-latest: false
test (3.12)	UNKNOWN STEP	2026-09-13T02:29:17.5012894Z   token: ***
test (3.12)	UNKNOWN STEP	2026-09-13T02:29:17.5013353Z   update-environment: true
test (3.12)	UNKNOWN STEP	2026-09-13T02:29:17.5013867Z   allow-prereleases: false
test (3.12)	UNKNOWN STEP	2026-09-13T02:29:17.5014371Z   freethreaded: false
test (3.12)	UNKNOWN STEP	2026-09-13T02:29:17.5014838Z ##[endgroup]
test (3.12)	UNKNOWN STEP	2026-09-13T02:29:17.6316273Z ##[group]Installed versions
test (3.12)	UNKNOWN STEP	2026-09-13T02:29:17.6491187Z (node:2222) [DEP0040] DeprecationWarning: The `punycode` module is deprecated. Please use a userland alternative instead.
test (3.12)	UNKNOWN STEP	2026-09-13T02:29:17.6493880Z (Use `node --trace-deprecation ...` to show where the warning was created)
test (3.12)	UNKNOWN STEP	2026-09-13T02:29:17.6497610Z Successfully set up CPython (3.12.14)
test (3.12)	UNKNOWN STEP	2026-09-13T02:29:17.6499386Z ##[endgroup]
test (3.12)	UNKNOWN STEP	2026-09-13T02:29:17.6633459Z ##[group]Run pip install -e ".[test]"
test (3.12)	UNKNOWN STEP	2026-09-13T02:29:17.6634483Z ^[[36;1mpip install -e ".[test]"^[[0m
test (3.12)	UNKNOWN STEP	2026-09-13T02:29:17.6699718Z shell: /usr/bin/bash -e {0}
test (3.12)	UNKNOWN STEP	2026-09-13T02:29:17.6700538Z env:
test (3.12)	UNKNOWN STEP	2026-09-13T02:29:17.6701364Z   pythonLocation: /opt/hostedtoolcache/Python/3.12.14/x64
test (3.12)	UNKNOWN STEP	2026-09-13T02:29:17.6702767Z   PKG_CONFIG_PATH: /opt/hostedtoolcache/Python/3.12.14/x64/lib/pkgconfig
test (3.12)	UNKNOWN STEP	2026-09-13T02:29:17.6704162Z   Python_ROOT_DIR: /opt/hostedtoolcache/Python/3.12.14/x64
test (3.12)	UNKNOWN STEP	2026-09-13T02:29:17.6705421Z   Python2_ROOT_DIR: /opt/hostedtoolcache/Python/3.12.14/x64
test (3.12)	UNKNOWN STEP	2026-09-13T02:29:17.6706694Z   Python3_ROOT_DIR: /opt/hostedtoolcache/Python/3.12.14/x64
test (3.12)	UNKNOWN STEP	2026-09-13T02:29:17.6707963Z   LD_LIBRARY_PATH: /opt/hostedtoolcache/Python/3.12.14/x64/lib
test (3.12)	UNKNOWN STEP	2026-09-13T02:29:17.6709193Z ##[endgroup]
test (3.12)	UNKNOWN STEP	2026-09-13T02:29:18.4560196Z Obtaining file:///home/runner/work/vac-protocol/vac-protocol
test (3.12)	UNKNOWN STEP	2026-09-13T02:29:18.4575156Z   Installing build dependencies: started
test (3.12)	UNKNOWN STEP	2026-09-13T02:29:19.1776983Z   Installing build dependencies: finished with status 'done'
test (3.12)	UNKNOWN STEP	2026-09-13T02:29:19.1783401Z   Checking if build backend supports build_editable: started
test (3.12)	UNKNOWN STEP	2026-09-13T02:29:19.4888540Z   Checking if build backend supports build_editable: finished with status 'done'
test (3.12)	UNKNOWN STEP	2026-09-13T02:29:19.4897333Z   Getting requirements to build editable: started
test (3.12)	UNKNOWN STEP	2026-09-13T02:29:19.8279447Z   Getting requirements to build editable: finished with status 'done'
test (3.12)	UNKNOWN STEP	2026-09-13T02:29:19.8289880Z   Preparing editable metadata (pyproject.toml): started
test (3.12)	UNKNOWN STEP	2026-09-13T02:29:20.0217513Z   Preparing editable metadata (pyproject.toml): finished with status 'done'
test (3.12)	UNKNOWN STEP	2026-09-13T02:29:20.1194778Z Collecting pytest (from vac-protocol==0.1.0)
test (3.12)	UNKNOWN STEP	2026-09-13T02:29:20.1675522Z   Downloading pytest-9.1.1-py3-none-any.whl.metadata (7.6 kB)
test (3.12)	UNKNOWN STEP	2026-09-13T02:29:20.1793842Z Collecting iniconfig>=1.0.1 (from pytest->vac-protocol==0.1.0)
test (3.12)	UNKNOWN STEP	2026-09-13T02:29:20.1828228Z   Downloading iniconfig-2.3.0-py3-none-any.whl.metadata (2.5 kB)
test (3.12)	UNKNOWN STEP	2026-09-13T02:29:20.1985947Z Collecting packaging>=22 (from pytest->vac-protocol==0.1.0)
test (3.12)	UNKNOWN STEP	2026-09-13T02:29:20.2028675Z   Downloading packaging-26.3-py3-none-any.whl.metadata (3.5 kB)
test (3.12)	UNKNOWN STEP	2026-09-13T02:29:20.2188367Z Collecting pluggy<2,>=1.5 (from pytest->vac-protocol==0.1.0)
test (3.12)	UNKNOWN STEP	2026-09-13T02:29:20.2218709Z   Downloading pluggy-1.6.0-py3-none-any.whl.metadata (4.8 kB)
test (3.12)	UNKNOWN STEP	2026-09-13T02:29:20.2404122Z Collecting pygments>=2.7.2 (from pytest->vac-protocol==0.1.0)
test (3.12)	UNKNOWN STEP	2026-09-13T02:29:20.2435667Z   Downloading pygments-2.21.0-py3-none-any.whl.metadata (2.5 kB)
test (3.12)	UNKNOWN STEP	2026-09-13T02:29:20.2514247Z Downloading pytest-9.1.1-py3-none-any.whl (386 kB)
test (3.12)	UNKNOWN STEP	2026-09-13T02:29:20.2710770Z Downloading pluggy-1.6.0-py3-none-any.whl (20 kB)
test (3.12)	UNKNOWN STEP	2026-09-13T02:29:20.2759223Z Downloading iniconfig-2.3.0-py3-none-any.whl (7.5 kB)
test (3.12)	UNKNOWN STEP	2026-09-13T02:29:20.2811492Z Downloading packaging-26.3-py3-none-any.whl (129 kB)
test (3.12)	UNKNOWN STEP	2026-09-13T02:29:20.2868699Z Downloading pygments-2.21.0-py3-none-any.whl (1.3 MB)
test (3.12)	UNKNOWN STEP	2026-09-13T02:29:20.2971418Z    ━━━━━━━━━━━━━━━━━━━━━━━━━━━━━━━━━━━━━━━━ 1.3/1.3 MB 156.1 MB/s  0:00:00
test (3.12)	UNKNOWN STEP	2026-09-13T02:29:20.3134092Z Building wheels for collected packages: vac-protocol
test (3.12)	UNKNOWN STEP	2026-09-13T02:29:20.3142304Z   Building editable for vac-protocol (pyproject.toml): started
test (3.12)	UNKNOWN STEP	2026-09-13T02:29:20.5353552Z   Building editable for vac-protocol (pyproject.toml): finished with status 'done'
test (3.12)	UNKNOWN STEP	2026-09-13T02:29:20.5361719Z   Created wheel for vac-protocol: filename=vac_protocol-0.1.0-0.editable-py3-none-any.whl size=8850 sha256=b4d47088c6008a44cef1b2fbc9d3e0402f465014d9c776f27f4066e7c2848e1a
test (3.12)	UNKNOWN STEP	2026-09-13T02:29:20.5363808Z   Stored in directory: /tmp/pip-ephem-wheel-cache-3qf789v_/wheels/31/93/c0/4effb33ea68d4321a176d9cb097b94ea8b1be9d534ea861dec
test (3.12)	UNKNOWN STEP	2026-09-13T02:29:20.5396690Z Successfully built vac-protocol
test (3.12)	UNKNOWN STEP	2026-09-13T02:29:20.5650350Z Installing collected packages: vac-protocol, pygments, pluggy, packaging, iniconfig, pytest
test (3.12)	UNKNOWN STEP	2026-09-13T02:29:21.6789127Z 
test (3.12)	UNKNOWN STEP	2026-09-13T02:29:21.6802006Z Successfully installed iniconfig-2.3.0 packaging-26.3 pluggy-1.6.0 pygments-2.21.0 pytest-9.1.1 vac-protocol-0.1.0
test (3.12)	UNKNOWN STEP	2026-09-13T02:29:21.7418510Z ##[group]Run python -m pytest tests/ -q
test (3.12)	UNKNOWN STEP	2026-09-13T02:29:21.7419078Z ^[[36;1mpython -m pytest tests/ -q^[[0m
test (3.12)	UNKNOWN STEP	2026-09-13T02:29:21.7456876Z shell: /usr/bin/bash -e {0}
test (3.12)	UNKNOWN STEP	2026-09-13T02:29:21.7457134Z env:
test (3.12)	UNKNOWN STEP	2026-09-13T02:29:21.7457410Z   pythonLocation: /opt/hostedtoolcache/Python/3.12.14/x64
test (3.12)	UNKNOWN STEP	2026-09-13T02:29:21.7457855Z   PKG_CONFIG_PATH: /opt/hostedtoolcache/Python/3.12.14/x64/lib/pkgconfig
test (3.12)	UNKNOWN STEP	2026-09-13T02:29:21.7458283Z   Python_ROOT_DIR: /opt/hostedtoolcache/Python/3.12.14/x64
test (3.12)	UNKNOWN STEP	2026-09-13T02:29:21.7458661Z   Python2_ROOT_DIR: /opt/hostedtoolcache/Python/3.12.14/x64
test (3.12)	UNKNOWN STEP	2026-09-13T02:29:21.7459260Z   Python3_ROOT_DIR: /opt/hostedtoolcache/Python/3.12.14/x64
test (3.12)	UNKNOWN STEP	2026-09-13T02:29:21.7459648Z   LD_LIBRARY_PATH: /opt/hostedtoolcache/Python/3.12.14/x64/lib
test (3.12)	UNKNOWN STEP	2026-09-13T02:29:21.7460012Z ##[endgroup]
test (3.12)	UNKNOWN STEP	2026-09-13T02:29:24.0970158Z ....................................................xxx.s...s..x....ssss [ 19%]
test (3.12)	UNKNOWN STEP	2026-09-13T02:29:24.5121684Z ........................................................................ [ 38%]
test (3.12)	UNKNOWN STEP	2026-09-13T02:29:24.9798463Z ........................................................................ [ 57%]
test (3.12)	UNKNOWN STEP	2026-09-13T02:29:26.0720391Z .................s....................................................s. [ 76%]
test (3.12)	UNKNOWN STEP	2026-09-13T02:29:26.7849370Z ss.....sssssssssss...................................................... [ 96%]
test (3.12)	UNKNOWN STEP	2026-09-13T02:29:26.9355091Z ...............                                                          [100%]
test (3.12)	UNKNOWN STEP	2026-09-13T02:29:26.9356239Z 350 passed, 21 skipped, 4 xfailed in 4.91s
test (3.12)	UNKNOWN STEP	2026-09-13T02:29:26.9758758Z Node 20 is being deprecated. This workflow is running with Node 24 by default. If you need to temporarily use Node 20, you can set the ACTIONS_ALLOW_USE_UNSECURE_NODE_VERSION=true environment variable. For more information see: https://github.blog/changelog/2025-09-19-deprecation-of-node-20-on-github-actions-runners/
test (3.12)	UNKNOWN STEP	2026-09-13T02:29:26.9760193Z Post job cleanup.
test (3.12)	UNKNOWN STEP	2026-09-13T02:29:27.0959940Z (node:2797) [DEP0040] DeprecationWarning: The `punycode` module is deprecated. Please use a userland alternative instead.
test (3.12)	UNKNOWN STEP	2026-09-13T02:29:27.0961372Z (Use `node --trace-deprecation ...` to show where the warning was created)
test (3.12)	UNKNOWN STEP	2026-09-13T02:29:27.1211380Z Node 20 is being deprecated. This workflow is running with Node 24 by default. If you need to temporarily use Node 20, you can set the ACTIONS_ALLOW_USE_UNSECURE_NODE_VERSION=true environment variable. For more information see: https://github.blog/changelog/2025-09-19-deprecation-of-node-20-on-github-actions-runners/
test (3.12)	UNKNOWN STEP	2026-09-13T02:29:27.1213498Z Post job cleanup.
test (3.12)	UNKNOWN STEP	2026-09-13T02:29:27.2119562Z [command]/usr/bin/git version
test (3.12)	UNKNOWN STEP	2026-09-13T02:29:27.2162586Z git version 2.55.0
test (3.12)	UNKNOWN STEP	2026-09-13T02:29:27.2204037Z Temporarily overriding HOME='/home/runner/work/_temp/b5ffa311-90b9-41d1-ac0f-2316eabcb3f3' before making global git config changes
test (3.12)	UNKNOWN STEP	2026-09-13T02:29:27.2205590Z Adding repository directory to the temporary git global config as a safe directory
test (3.12)	UNKNOWN STEP	2026-09-13T02:29:27.2210296Z [command]/usr/bin/git config --global --add safe.directory /home/runner/work/vac-protocol/vac-protocol
test (3.12)	UNKNOWN STEP	2026-09-13T02:29:27.2252420Z [command]/usr/bin/git config --local --name-only --get-regexp core\.sshCommand
test (3.12)	UNKNOWN STEP	2026-09-13T02:29:27.2290022Z [command]/usr/bin/git submodule foreach --recursive sh -c "git config --local --name-only --get-regexp 'core\.sshCommand' && git config --local --unset-all 'core.sshCommand' || :"
test (3.12)	UNKNOWN STEP	2026-09-13T02:29:27.2550082Z [command]/usr/bin/git config --local --name-only --get-regexp http\.https\:\/\/github\.com\/\.extraheader
test (3.12)	UNKNOWN STEP	2026-09-13T02:29:27.2575494Z http.https://github.com/.extraheader
test (3.12)	UNKNOWN STEP	2026-09-13T02:29:27.2591576Z [command]/usr/bin/git config --local --unset-all http.https://github.com/.extraheader
test (3.12)	UNKNOWN STEP	2026-09-13T02:29:27.2629608Z [command]/usr/bin/git submodule foreach --recursive sh -c "git config --local --name-only --get-regexp 'http\.https\:\/\/github\.com\/\.extraheader' && git config --local --unset-all 'http.https://github.com/.extraheader' || :"
test (3.12)	UNKNOWN STEP	2026-09-13T02:29:27.2968317Z [command]/usr/bin/git config --local --name-only --get-regexp ^includeIf\.gitdir:
test (3.12)	UNKNOWN STEP	2026-09-13T02:29:27.3014144Z [command]/usr/bin/git submodule foreach --recursive git config --local --show-origin --name-only --get-regexp remote.origin.url
test (3.12)	UNKNOWN STEP	2026-09-13T02:29:27.3405395Z Cleaning up orphan processes
test (3.12)	UNKNOWN STEP	2026-09-13T02:29:27.3693872Z ##[warning]Node.js 20 is deprecated. The following actions target Node.js 20 but are being forced to run on Node.js 24: actions/checkout@v4, actions/setup-python@v5. For more information see: https://github.blog/changelog/2025-09-19-deprecation-of-node-20-on-github-actions-runners/
refusal-coverage	UNKNOWN STEP	﻿2026-09-13T02:29:15.4048882Z Current runner version: '2.337.0'
refusal-coverage	UNKNOWN STEP	2026-09-13T02:29:15.4083677Z ##[group]Runner Image Provisioner
refusal-coverage	UNKNOWN STEP	2026-09-13T02:29:15.4085051Z Hosted Compute Agent
refusal-coverage	UNKNOWN STEP	2026-09-13T02:29:15.4086417Z Version: 20260828.587
refusal-coverage	UNKNOWN STEP	2026-09-13T02:29:15.4087568Z Commit: abac92662cab4cc7352de4f9f9d2e2419aad9c29
refusal-coverage	UNKNOWN STEP	2026-09-13T02:29:15.4088867Z Build Date: 2026-08-28T16:44:25Z
refusal-coverage	UNKNOWN STEP	2026-09-13T02:29:15.4089981Z Worker ID: {83017d87-9bb5-43fe-a4de-0a01ae356ce2}
refusal-coverage	UNKNOWN STEP	2026-09-13T02:29:15.4091352Z Azure Region: eastus
refusal-coverage	UNKNOWN STEP	2026-09-13T02:29:15.4092494Z ##[endgroup]
refusal-coverage	UNKNOWN STEP	2026-09-13T02:29:15.4096120Z ##[group]Operating System
refusal-coverage	UNKNOWN STEP	2026-09-13T02:29:15.4097659Z Ubuntu
refusal-coverage	UNKNOWN STEP	2026-09-13T02:29:15.4098567Z 24.04.5
refusal-coverage	UNKNOWN STEP	2026-09-13T02:29:15.4099400Z LTS
refusal-coverage	UNKNOWN STEP	2026-09-13T02:29:15.4100407Z ##[endgroup]
refusal-coverage	UNKNOWN STEP	2026-09-13T02:29:15.4101328Z ##[group]Runner Image
refusal-coverage	UNKNOWN STEP	2026-09-13T02:29:15.4102456Z Image: ubuntu-24.04
refusal-coverage	UNKNOWN STEP	2026-09-13T02:29:15.4103374Z Version: 20260907.300.1
refusal-coverage	UNKNOWN STEP	2026-09-13T02:29:15.4105784Z Included Software: https://github.com/actions/runner-images/blob/ubuntu24/20260907.300/images/ubuntu/Ubuntu2404-Readme.md
refusal-coverage	UNKNOWN STEP	2026-09-13T02:29:15.4108568Z Image Release: https://github.com/actions/runner-images/releases/tag/ubuntu24%2F20260907.300
refusal-coverage	UNKNOWN STEP	2026-09-13T02:29:15.4110323Z ##[endgroup]
refusal-coverage	UNKNOWN STEP	2026-09-13T02:29:15.4112288Z ##[group]GITHUB_TOKEN Permissions
refusal-coverage	UNKNOWN STEP	2026-09-13T02:29:15.4115298Z Contents: read
refusal-coverage	UNKNOWN STEP	2026-09-13T02:29:15.4116525Z Metadata: read
refusal-coverage	UNKNOWN STEP	2026-09-13T02:29:15.4117540Z Packages: read
refusal-coverage	UNKNOWN STEP	2026-09-13T02:29:15.4118481Z ##[endgroup]
refusal-coverage	UNKNOWN STEP	2026-09-13T02:29:15.4121370Z Secret source: Actions
refusal-coverage	UNKNOWN STEP	2026-09-13T02:29:15.4122950Z Cache mode: write
refusal-coverage	UNKNOWN STEP	2026-09-13T02:29:15.4124443Z Prepare workflow directory
refusal-coverage	UNKNOWN STEP	2026-09-13T02:29:15.4592613Z Prepare all required actions
refusal-coverage	UNKNOWN STEP	2026-09-13T02:29:15.4663608Z Getting action download info
refusal-coverage	UNKNOWN STEP	2026-09-13T02:29:15.6553953Z Download action repository 'actions/checkout@v4' (SHA:11d5960a326750d5838078e36cf38b85af677262)
refusal-coverage	UNKNOWN STEP	2026-09-13T02:29:15.7820402Z Download action repository 'actions/setup-python@v5' (SHA:a26af69be951a213d495a4c3e4e4022e16d87065)
refusal-coverage	UNKNOWN STEP	2026-09-13T02:29:15.9972716Z Complete job name: refusal-coverage
refusal-coverage	UNKNOWN STEP	2026-09-13T02:29:16.0744269Z Node 20 is being deprecated. This workflow is running with Node 24 by default. If you need to temporarily use Node 20, you can set the ACTIONS_ALLOW_USE_UNSECURE_NODE_VERSION=true environment variable. For more information see: https://github.blog/changelog/2025-09-19-deprecation-of-node-20-on-github-actions-runners/
refusal-coverage	UNKNOWN STEP	2026-09-13T02:29:16.0753536Z ##[group]Run actions/checkout@v4
refusal-coverage	UNKNOWN STEP	2026-09-13T02:29:16.0754296Z with:
refusal-coverage	UNKNOWN STEP	2026-09-13T02:29:16.0754765Z   repository: egnaro9/vac-protocol
refusal-coverage	UNKNOWN STEP	2026-09-13T02:29:16.0758778Z   token: ***
refusal-coverage	UNKNOWN STEP	2026-09-13T02:29:16.0759232Z   ssh-strict: true
refusal-coverage	UNKNOWN STEP	2026-09-13T02:29:16.0759676Z   ssh-user: git
refusal-coverage	UNKNOWN STEP	2026-09-13T02:29:16.0760135Z   persist-credentials: true
refusal-coverage	UNKNOWN STEP	2026-09-13T02:29:16.0760635Z   clean: true
refusal-coverage	UNKNOWN STEP	2026-09-13T02:29:16.0761087Z   sparse-checkout-cone-mode: true
refusal-coverage	UNKNOWN STEP	2026-09-13T02:29:16.0761609Z   fetch-depth: 1
refusal-coverage	UNKNOWN STEP	2026-09-13T02:29:16.0762048Z   fetch-tags: false
refusal-coverage	UNKNOWN STEP	2026-09-13T02:29:16.0762494Z   show-progress: true
refusal-coverage	UNKNOWN STEP	2026-09-13T02:29:16.0762936Z   lfs: false
refusal-coverage	UNKNOWN STEP	2026-09-13T02:29:16.0763388Z   submodules: false
refusal-coverage	UNKNOWN STEP	2026-09-13T02:29:16.0763846Z   set-safe-directory: true
refusal-coverage	UNKNOWN STEP	2026-09-13T02:29:16.0764346Z   allow-unsafe-pr-checkout: false
refusal-coverage	UNKNOWN STEP	2026-09-13T02:29:16.0765163Z ##[endgroup]
refusal-coverage	UNKNOWN STEP	2026-09-13T02:29:16.1786834Z Syncing repository: egnaro9/vac-protocol
refusal-coverage	UNKNOWN STEP	2026-09-13T02:29:16.1789551Z ##[group]Getting Git version info
refusal-coverage	UNKNOWN STEP	2026-09-13T02:29:16.1790765Z Working directory is '/home/runner/work/vac-protocol/vac-protocol'
refusal-coverage	UNKNOWN STEP	2026-09-13T02:29:16.1792677Z [command]/usr/bin/git version
refusal-coverage	UNKNOWN STEP	2026-09-13T02:29:16.1845962Z git version 2.55.0
refusal-coverage	UNKNOWN STEP	2026-09-13T02:29:16.1869202Z ##[endgroup]
refusal-coverage	UNKNOWN STEP	2026-09-13T02:29:16.1898505Z Temporarily overriding HOME='/home/runner/work/_temp/4b9b4867-a795-4641-a6af-c8b1f0e47676' before making global git config changes
refusal-coverage	UNKNOWN STEP	2026-09-13T02:29:16.1901440Z Adding repository directory to the temporary git global config as a safe directory
refusal-coverage	UNKNOWN STEP	2026-09-13T02:29:16.1903973Z [command]/usr/bin/git config --global --add safe.directory /home/runner/work/vac-protocol/vac-protocol
refusal-coverage	UNKNOWN STEP	2026-09-13T02:29:16.1960679Z Deleting the contents of '/home/runner/work/vac-protocol/vac-protocol'
refusal-coverage	UNKNOWN STEP	2026-09-13T02:29:16.1965234Z ##[group]Initializing the repository
refusal-coverage	UNKNOWN STEP	2026-09-13T02:29:16.1969701Z [command]/usr/bin/git init /home/runner/work/vac-protocol/vac-protocol
refusal-coverage	UNKNOWN STEP	2026-09-13T02:29:16.2083162Z hint: Using 'master' as the name for the initial branch. This default branch name
refusal-coverage	UNKNOWN STEP	2026-09-13T02:29:16.2085241Z hint: will change to "main" in Git 3.0. To configure the initial branch name
refusal-coverage	UNKNOWN STEP	2026-09-13T02:29:16.2087380Z hint: to use in all of your new repositories, which will suppress this warning,
refusal-coverage	UNKNOWN STEP	2026-09-13T02:29:16.2088921Z hint: call:
refusal-coverage	UNKNOWN STEP	2026-09-13T02:29:16.2089818Z hint:
refusal-coverage	UNKNOWN STEP	2026-09-13T02:29:16.2090919Z hint: 	git config --global init.defaultBranch <name>
refusal-coverage	UNKNOWN STEP	2026-09-13T02:29:16.2092228Z hint:
refusal-coverage	UNKNOWN STEP	2026-09-13T02:29:16.2093371Z hint: Names commonly chosen instead of 'master' are 'main', 'trunk' and
refusal-coverage	UNKNOWN STEP	2026-09-13T02:29:16.2095135Z hint: 'development'. The just-created branch can be renamed via this command:
refusal-coverage	UNKNOWN STEP	2026-09-13T02:29:16.2096996Z hint:
refusal-coverage	UNKNOWN STEP	2026-09-13T02:29:16.2098712Z hint: 	git branch -m <name>
refusal-coverage	UNKNOWN STEP	2026-09-13T02:29:16.2100012Z hint:
refusal-coverage	UNKNOWN STEP	2026-09-13T02:29:16.2101448Z hint: Disable this message with "git config set advice.defaultBranchName false"
refusal-coverage	UNKNOWN STEP	2026-09-13T02:29:16.2103432Z Initialized empty Git repository in /home/runner/work/vac-protocol/vac-protocol/.git/
refusal-coverage	UNKNOWN STEP	2026-09-13T02:29:16.2107440Z [command]/usr/bin/git remote add origin https://github.com/egnaro9/vac-protocol
refusal-coverage	UNKNOWN STEP	2026-09-13T02:29:16.2147413Z ##[endgroup]
refusal-coverage	UNKNOWN STEP	2026-09-13T02:29:16.2148743Z ##[group]Disabling automatic garbage collection
refusal-coverage	UNKNOWN STEP	2026-09-13T02:29:16.2152455Z [command]/usr/bin/git config --local gc.auto 0
refusal-coverage	UNKNOWN STEP	2026-09-13T02:29:16.2183832Z ##[endgroup]
refusal-coverage	UNKNOWN STEP	2026-09-13T02:29:16.2185234Z ##[group]Setting up auth
refusal-coverage	UNKNOWN STEP	2026-09-13T02:29:16.2191235Z [command]/usr/bin/git config --local --name-only --get-regexp core\.sshCommand
refusal-coverage	UNKNOWN STEP	2026-09-13T02:29:16.2224200Z [command]/usr/bin/git submodule foreach --recursive sh -c "git config --local --name-only --get-regexp 'core\.sshCommand' && git config --local --unset-all 'core.sshCommand' || :"
refusal-coverage	UNKNOWN STEP	2026-09-13T02:29:16.2602085Z [command]/usr/bin/git config --local --name-only --get-regexp http\.https\:\/\/github\.com\/\.extraheader
refusal-coverage	UNKNOWN STEP	2026-09-13T02:29:16.2643352Z [command]/usr/bin/git submodule foreach --recursive sh -c "git config --local --name-only --get-regexp 'http\.https\:\/\/github\.com\/\.extraheader' && git config --local --unset-all 'http.https://github.com/.extraheader' || :"
refusal-coverage	UNKNOWN STEP	2026-09-13T02:29:16.2876577Z [command]/usr/bin/git config --local --name-only --get-regexp ^includeIf\.gitdir:
refusal-coverage	UNKNOWN STEP	2026-09-13T02:29:16.2912708Z [command]/usr/bin/git submodule foreach --recursive git config --local --show-origin --name-only --get-regexp remote.origin.url
refusal-coverage	UNKNOWN STEP	2026-09-13T02:29:16.3138659Z [command]/usr/bin/git config --local http.https://github.com/.extraheader AUTHORIZATION: basic ***
refusal-coverage	UNKNOWN STEP	2026-09-13T02:29:16.3178366Z ##[endgroup]
refusal-coverage	UNKNOWN STEP	2026-09-13T02:29:16.3187867Z ##[group]Fetching the repository
refusal-coverage	UNKNOWN STEP	2026-09-13T02:29:16.3189523Z [command]/usr/bin/git -c protocol.version=2 fetch --no-tags --prune --no-recurse-submodules --depth=1 origin +0b44bf216a604a4e27926f6093898130cfe93b51:refs/remotes/origin/main
refusal-coverage	UNKNOWN STEP	2026-09-13T02:29:16.6245304Z From https://github.com/egnaro9/vac-protocol
refusal-coverage	UNKNOWN STEP	2026-09-13T02:29:16.6247349Z  * [new ref]         0b44bf216a604a4e27926f6093898130cfe93b51 -> origin/main
refusal-coverage	UNKNOWN STEP	2026-09-13T02:29:16.6251832Z ##[endgroup]
refusal-coverage	UNKNOWN STEP	2026-09-13T02:29:16.6253962Z ##[group]Determining the checkout info
refusal-coverage	UNKNOWN STEP	2026-09-13T02:29:16.6256399Z ##[endgroup]
refusal-coverage	UNKNOWN STEP	2026-09-13T02:29:16.6262667Z [command]/usr/bin/git sparse-checkout disable
refusal-coverage	UNKNOWN STEP	2026-09-13T02:29:16.6338445Z [command]/usr/bin/git config --local --unset-all extensions.worktreeConfig
refusal-coverage	UNKNOWN STEP	2026-09-13T02:29:16.6370946Z ##[group]Checking out the ref
refusal-coverage	UNKNOWN STEP	2026-09-13T02:29:16.6385783Z [command]/usr/bin/git checkout --progress --force -B main refs/remotes/origin/main
refusal-coverage	UNKNOWN STEP	2026-09-13T02:29:16.6681764Z Switched to a new branch 'main'
refusal-coverage	UNKNOWN STEP	2026-09-13T02:29:16.6689789Z branch 'main' set up to track 'origin/main'.
refusal-coverage	UNKNOWN STEP	2026-09-13T02:29:16.6694576Z ##[endgroup]
refusal-coverage	UNKNOWN STEP	2026-09-13T02:29:16.6741022Z [command]/usr/bin/git log -1 --format=%H
refusal-coverage	UNKNOWN STEP	2026-09-13T02:29:16.6769903Z 0b44bf216a604a4e27926f6093898130cfe93b51
refusal-coverage	UNKNOWN STEP	2026-09-13T02:29:16.7174491Z Node 20 is being deprecated. This workflow is running with Node 24 by default. If you need to temporarily use Node 20, you can set the ACTIONS_ALLOW_USE_UNSECURE_NODE_VERSION=true environment variable. For more information see: https://github.blog/changelog/2025-09-19-deprecation-of-node-20-on-github-actions-runners/
refusal-coverage	UNKNOWN STEP	2026-09-13T02:29:16.7180326Z ##[group]Run actions/setup-python@v5
refusal-coverage	UNKNOWN STEP	2026-09-13T02:29:16.7181104Z with:
refusal-coverage	UNKNOWN STEP	2026-09-13T02:29:16.7181600Z   python-version: 3.12
refusal-coverage	UNKNOWN STEP	2026-09-13T02:29:16.7182221Z   check-latest: false
refusal-coverage	UNKNOWN STEP	2026-09-13T02:29:16.7191033Z   token: ***
refusal-coverage	UNKNOWN STEP	2026-09-13T02:29:16.7191576Z   update-environment: true
refusal-coverage	UNKNOWN STEP	2026-09-13T02:29:16.7192262Z   allow-prereleases: false
refusal-coverage	UNKNOWN STEP	2026-09-13T02:29:16.7192921Z   freethreaded: false
refusal-coverage	UNKNOWN STEP	2026-09-13T02:29:16.7193496Z ##[endgroup]
refusal-coverage	UNKNOWN STEP	2026-09-13T02:29:16.8519951Z ##[group]Installed versions
refusal-coverage	UNKNOWN STEP	2026-09-13T02:29:16.8662328Z (node:2258) [DEP0040] DeprecationWarning: The `punycode` module is deprecated. Please use a userland alternative instead.
refusal-coverage	UNKNOWN STEP	2026-09-13T02:29:16.8665772Z (Use `node --trace-deprecation ...` to show where the warning was created)
refusal-coverage	UNKNOWN STEP	2026-09-13T02:29:16.8667234Z Successfully set up CPython (3.12.14)
refusal-coverage	UNKNOWN STEP	2026-09-13T02:29:16.8668534Z ##[endgroup]
refusal-coverage	UNKNOWN STEP	2026-09-13T02:29:16.8944535Z Node 20 is being deprecated. This workflow is running with Node 24 by default. If you need to temporarily use Node 20, you can set the ACTIONS_ALLOW_USE_UNSECURE_NODE_VERSION=true environment variable. For more information see: https://github.blog/changelog/2025-09-19-deprecation-of-node-20-on-github-actions-runners/
refusal-coverage	UNKNOWN STEP	2026-09-13T02:29:16.8951411Z ##[group]Run actions/checkout@v4
refusal-coverage	UNKNOWN STEP	2026-09-13T02:29:16.8952205Z with:
refusal-coverage	UNKNOWN STEP	2026-09-13T02:29:16.8952684Z   repository: egnaro9/crashkit
refusal-coverage	UNKNOWN STEP	2026-09-13T02:29:16.8953353Z   path: _issuers/crashkit
refusal-coverage	UNKNOWN STEP	2026-09-13T02:29:16.8966359Z   token: ***
refusal-coverage	UNKNOWN STEP	2026-09-13T02:29:16.8967214Z   ssh-strict: true
refusal-coverage	UNKNOWN STEP	2026-09-13T02:29:16.8968082Z   ssh-user: git
refusal-coverage	UNKNOWN STEP	2026-09-13T02:29:16.8969035Z   persist-credentials: true
refusal-coverage	UNKNOWN STEP	2026-09-13T02:29:16.8970105Z   clean: true
refusal-coverage	UNKNOWN STEP	2026-09-13T02:29:16.8971063Z   sparse-checkout-cone-mode: true
refusal-coverage	UNKNOWN STEP	2026-09-13T02:29:16.8972272Z   fetch-depth: 1
refusal-coverage	UNKNOWN STEP	2026-09-13T02:29:16.8973123Z   fetch-tags: false
refusal-coverage	UNKNOWN STEP	2026-09-13T02:29:16.8973708Z   show-progress: true
refusal-coverage	UNKNOWN STEP	2026-09-13T02:29:16.8974346Z   lfs: false
refusal-coverage	UNKNOWN STEP	2026-09-13T02:29:16.8975091Z   submodules: false
refusal-coverage	UNKNOWN STEP	2026-09-13T02:29:16.8976325Z   set-safe-directory: true
refusal-coverage	UNKNOWN STEP	2026-09-13T02:29:16.8977512Z   allow-unsafe-pr-checkout: false
refusal-coverage	UNKNOWN STEP	2026-09-13T02:29:16.8978634Z env:
refusal-coverage	UNKNOWN STEP	2026-09-13T02:29:16.8979697Z   pythonLocation: /opt/hostedtoolcache/Python/3.12.14/x64
refusal-coverage	UNKNOWN STEP	2026-09-13T02:29:16.8981866Z   PKG_CONFIG_PATH: /opt/hostedtoolcache/Python/3.12.14/x64/lib/pkgconfig
refusal-coverage	UNKNOWN STEP	2026-09-13T02:29:16.8984191Z   Python_ROOT_DIR: /opt/hostedtoolcache/Python/3.12.14/x64
refusal-coverage	UNKNOWN STEP	2026-09-13T02:29:16.8986275Z   Python2_ROOT_DIR: /opt/hostedtoolcache/Python/3.12.14/x64
refusal-coverage	UNKNOWN STEP	2026-09-13T02:29:16.8988169Z   Python3_ROOT_DIR: /opt/hostedtoolcache/Python/3.12.14/x64
refusal-coverage	UNKNOWN STEP	2026-09-13T02:29:16.8990128Z   LD_LIBRARY_PATH: /opt/hostedtoolcache/Python/3.12.14/x64/lib
refusal-coverage	UNKNOWN STEP	2026-09-13T02:29:16.8991748Z ##[endgroup]
refusal-coverage	UNKNOWN STEP	2026-09-13T02:29:16.9863414Z Syncing repository: egnaro9/crashkit
refusal-coverage	UNKNOWN STEP	2026-09-13T02:29:16.9866617Z ##[group]Getting Git version info
refusal-coverage	UNKNOWN STEP	2026-09-13T02:29:16.9868958Z Working directory is '/home/runner/work/vac-protocol/vac-protocol/_issuers/crashkit'
refusal-coverage	UNKNOWN STEP	2026-09-13T02:29:16.9917756Z [command]/usr/bin/git version
refusal-coverage	UNKNOWN STEP	2026-09-13T02:29:16.9959828Z git version 2.55.0
refusal-coverage	UNKNOWN STEP	2026-09-13T02:29:16.9981447Z ##[endgroup]
refusal-coverage	UNKNOWN STEP	2026-09-13T02:29:16.9996588Z Temporarily overriding HOME='/home/runner/work/_temp/645a0d59-3bbd-4cb4-b656-7ff3b87d8edc' before making global git config changes
refusal-coverage	UNKNOWN STEP	2026-09-13T02:29:17.0000814Z Adding repository directory to the temporary git global config as a safe directory
refusal-coverage	UNKNOWN STEP	2026-09-13T02:29:17.0004886Z [command]/usr/bin/git config --global --add safe.directory /home/runner/work/vac-protocol/vac-protocol/_issuers/crashkit
refusal-coverage	UNKNOWN STEP	2026-09-13T02:29:17.0043862Z ##[group]Initializing the repository
refusal-coverage	UNKNOWN STEP	2026-09-13T02:29:17.0047488Z [command]/usr/bin/git init /home/runner/work/vac-protocol/vac-protocol/_issuers/crashkit
refusal-coverage	UNKNOWN STEP	2026-09-13T02:29:17.0091239Z hint: Using 'master' as the name for the initial branch. This default branch name
refusal-coverage	UNKNOWN STEP	2026-09-13T02:29:17.0097946Z hint: will change to "main" in Git 3.0. To configure the initial branch name
refusal-coverage	UNKNOWN STEP	2026-09-13T02:29:17.0100828Z hint: to use in all of your new repositories, which will suppress this warning,
refusal-coverage	UNKNOWN STEP	2026-09-13T02:29:17.0102903Z hint: call:
refusal-coverage	UNKNOWN STEP	2026-09-13T02:29:17.0103751Z hint:
refusal-coverage	UNKNOWN STEP	2026-09-13T02:29:17.0104827Z hint: 	git config --global init.defaultBranch <name>
refusal-coverage	UNKNOWN STEP	2026-09-13T02:29:17.0106625Z hint:
refusal-coverage	UNKNOWN STEP	2026-09-13T02:29:17.0107985Z hint: Names commonly chosen instead of 'master' are 'main', 'trunk' and
refusal-coverage	UNKNOWN STEP	2026-09-13T02:29:17.0110727Z hint: 'development'. The just-created branch can be renamed via this command:
refusal-coverage	UNKNOWN STEP	2026-09-13T02:29:17.0112841Z hint:
refusal-coverage	UNKNOWN STEP	2026-09-13T02:29:17.0113666Z hint: 	git branch -m <name>
refusal-coverage	UNKNOWN STEP	2026-09-13T02:29:17.0114685Z hint:
refusal-coverage	UNKNOWN STEP	2026-09-13T02:29:17.0116475Z hint: Disable this message with "git config set advice.defaultBranchName false"
refusal-coverage	UNKNOWN STEP	2026-09-13T02:29:17.0119909Z Initialized empty Git repository in /home/runner/work/vac-protocol/vac-protocol/_issuers/crashkit/.git/
refusal-coverage	UNKNOWN STEP	2026-09-13T02:29:17.0122910Z [command]/usr/bin/git remote add origin https://github.com/egnaro9/crashkit
refusal-coverage	UNKNOWN STEP	2026-09-13T02:29:17.0151985Z ##[endgroup]
refusal-coverage	UNKNOWN STEP	2026-09-13T02:29:17.0154166Z ##[group]Disabling automatic garbage collection
refusal-coverage	UNKNOWN STEP	2026-09-13T02:29:17.0156889Z [command]/usr/bin/git config --local gc.auto 0
refusal-coverage	UNKNOWN STEP	2026-09-13T02:29:17.0190268Z ##[endgroup]
refusal-coverage	UNKNOWN STEP	2026-09-13T02:29:17.0191669Z ##[group]Setting up auth
refusal-coverage	UNKNOWN STEP	2026-09-13T02:29:17.0197520Z [command]/usr/bin/git config --local --name-only --get-regexp core\.sshCommand
refusal-coverage	UNKNOWN STEP	2026-09-13T02:29:17.0232100Z [command]/usr/bin/git submodule foreach --recursive sh -c "git config --local --name-only --get-regexp 'core\.sshCommand' && git config --local --unset-all 'core.sshCommand' || :"
refusal-coverage	UNKNOWN STEP	2026-09-13T02:29:17.0488437Z [command]/usr/bin/git config --local --name-only --get-regexp http\.https\:\/\/github\.com\/\.extraheader
refusal-coverage	UNKNOWN STEP	2026-09-13T02:29:17.0524489Z [command]/usr/bin/git submodule foreach --recursive sh -c "git config --local --name-only --get-regexp 'http\.https\:\/\/github\.com\/\.extraheader' && git config --local --unset-all 'http.https://github.com/.extraheader' || :"
refusal-coverage	UNKNOWN STEP	2026-09-13T02:29:17.0795260Z [command]/usr/bin/git config --local --name-only --get-regexp ^includeIf\.gitdir:
refusal-coverage	UNKNOWN STEP	2026-09-13T02:29:17.0838111Z [command]/usr/bin/git submodule foreach --recursive git config --local --show-origin --name-only --get-regexp remote.origin.url
refusal-coverage	UNKNOWN STEP	2026-09-13T02:29:17.1085378Z [command]/usr/bin/git config --local http.https://github.com/.extraheader AUTHORIZATION: basic ***
refusal-coverage	UNKNOWN STEP	2026-09-13T02:29:17.1124932Z ##[endgroup]
refusal-coverage	UNKNOWN STEP	2026-09-13T02:29:17.1131161Z ##[group]Determining the default branch
refusal-coverage	UNKNOWN STEP	2026-09-13T02:29:17.1132684Z Retrieving the default branch name
refusal-coverage	UNKNOWN STEP	2026-09-13T02:29:17.3111849Z Default branch 'main'
refusal-coverage	UNKNOWN STEP	2026-09-13T02:29:17.3116199Z ##[endgroup]
refusal-coverage	UNKNOWN STEP	2026-09-13T02:29:17.3118998Z ##[group]Fetching the repository
refusal-coverage	UNKNOWN STEP	2026-09-13T02:29:17.3132782Z [command]/usr/bin/git -c protocol.version=2 fetch --no-tags --prune --no-recurse-submodules --depth=1 origin +refs/heads/main:refs/remotes/origin/main
refusal-coverage	UNKNOWN STEP	2026-09-13T02:29:18.0109414Z From https://github.com/egnaro9/crashkit
refusal-coverage	UNKNOWN STEP	2026-09-13T02:29:18.0111495Z  * [new branch]      main       -> origin/main
refusal-coverage	UNKNOWN STEP	2026-09-13T02:29:18.0118051Z ##[endgroup]
refusal-coverage	UNKNOWN STEP	2026-09-13T02:29:18.0118843Z ##[group]Determining the checkout info
refusal-coverage	UNKNOWN STEP	2026-09-13T02:29:18.0119697Z ##[endgroup]
refusal-coverage	UNKNOWN STEP	2026-09-13T02:29:18.0123419Z [command]/usr/bin/git sparse-checkout disable
refusal-coverage	UNKNOWN STEP	2026-09-13T02:29:18.0168222Z [command]/usr/bin/git config --local --unset-all extensions.worktreeConfig
refusal-coverage	UNKNOWN STEP	2026-09-13T02:29:18.0201728Z ##[group]Checking out the ref
refusal-coverage	UNKNOWN STEP	2026-09-13T02:29:18.0205817Z [command]/usr/bin/git checkout --progress --force -B main refs/remotes/origin/main
refusal-coverage	UNKNOWN STEP	2026-09-13T02:29:18.0320917Z Switched to a new branch 'main'
refusal-coverage	UNKNOWN STEP	2026-09-13T02:29:18.0324066Z branch 'main' set up to track 'origin/main'.
refusal-coverage	UNKNOWN STEP	2026-09-13T02:29:18.0329868Z ##[endgroup]
refusal-coverage	UNKNOWN STEP	2026-09-13T02:29:18.0371419Z [command]/usr/bin/git log -1 --format=%H
refusal-coverage	UNKNOWN STEP	2026-09-13T02:29:18.0401633Z 8553797083b2f0032ff5ac7315b51ddda84678ba
refusal-coverage	UNKNOWN STEP	2026-09-13T02:29:18.0621100Z Node 20 is being deprecated. This workflow is running with Node 24 by default. If you need to temporarily use Node 20, you can set the ACTIONS_ALLOW_USE_UNSECURE_NODE_VERSION=true environment variable. For more information see: https://github.blog/changelog/2025-09-19-deprecation-of-node-20-on-github-actions-runners/
refusal-coverage	UNKNOWN STEP	2026-09-13T02:29:18.0622696Z ##[group]Run actions/checkout@v4
refusal-coverage	UNKNOWN STEP	2026-09-13T02:29:18.0623004Z with:
refusal-coverage	UNKNOWN STEP	2026-09-13T02:29:18.0623259Z   repository: egnaro9/evalmut
refusal-coverage	UNKNOWN STEP	2026-09-13T02:29:18.0623568Z   path: _issuers/evalmut
refusal-coverage	UNKNOWN STEP	2026-09-13T02:29:18.0626335Z   token: ***
refusal-coverage	UNKNOWN STEP	2026-09-13T02:29:18.0626613Z   ssh-strict: true
refusal-coverage	UNKNOWN STEP	2026-09-13T02:29:18.0626881Z   ssh-user: git
refusal-coverage	UNKNOWN STEP	2026-09-13T02:29:18.0627150Z   persist-credentials: true
refusal-coverage	UNKNOWN STEP	2026-09-13T02:29:18.0627443Z   clean: true
refusal-coverage	UNKNOWN STEP	2026-09-13T02:29:18.0627716Z   sparse-checkout-cone-mode: true
refusal-coverage	UNKNOWN STEP	2026-09-13T02:29:18.0628037Z   fetch-depth: 1
refusal-coverage	UNKNOWN STEP	2026-09-13T02:29:18.0628296Z   fetch-tags: false
refusal-coverage	UNKNOWN STEP	2026-09-13T02:29:18.0628570Z   show-progress: true
refusal-coverage	UNKNOWN STEP	2026-09-13T02:29:18.0628873Z   lfs: false
refusal-coverage	UNKNOWN STEP	2026-09-13T02:29:18.0629143Z   submodules: false
refusal-coverage	UNKNOWN STEP	2026-09-13T02:29:18.0629459Z   set-safe-directory: true
refusal-coverage	UNKNOWN STEP	2026-09-13T02:29:18.0629780Z   allow-unsafe-pr-checkout: false
refusal-coverage	UNKNOWN STEP	2026-09-13T02:29:18.0630095Z env:
refusal-coverage	UNKNOWN STEP	2026-09-13T02:29:18.0630427Z   pythonLocation: /opt/hostedtoolcache/Python/3.12.14/x64
refusal-coverage	UNKNOWN STEP	2026-09-13T02:29:18.0630926Z   PKG_CONFIG_PATH: /opt/hostedtoolcache/Python/3.12.14/x64/lib/pkgconfig
refusal-coverage	UNKNOWN STEP	2026-09-13T02:29:18.0631417Z   Python_ROOT_DIR: /opt/hostedtoolcache/Python/3.12.14/x64
refusal-coverage	UNKNOWN STEP	2026-09-13T02:29:18.0631863Z   Python2_ROOT_DIR: /opt/hostedtoolcache/Python/3.12.14/x64
refusal-coverage	UNKNOWN STEP	2026-09-13T02:29:18.0632307Z   Python3_ROOT_DIR: /opt/hostedtoolcache/Python/3.12.14/x64
refusal-coverage	UNKNOWN STEP	2026-09-13T02:29:18.0632761Z   LD_LIBRARY_PATH: /opt/hostedtoolcache/Python/3.12.14/x64/lib
refusal-coverage	UNKNOWN STEP	2026-09-13T02:29:18.0633151Z ##[endgroup]
refusal-coverage	UNKNOWN STEP	2026-09-13T02:29:18.1479221Z Syncing repository: egnaro9/evalmut
refusal-coverage	UNKNOWN STEP	2026-09-13T02:29:18.1488047Z ##[group]Getting Git version info
refusal-coverage	UNKNOWN STEP	2026-09-13T02:29:18.1489172Z Working directory is '/home/runner/work/vac-protocol/vac-protocol/_issuers/evalmut'
refusal-coverage	UNKNOWN STEP	2026-09-13T02:29:18.1534684Z [command]/usr/bin/git version
refusal-coverage	UNKNOWN STEP	2026-09-13T02:29:18.1577905Z git version 2.55.0
refusal-coverage	UNKNOWN STEP	2026-09-13T02:29:18.1599451Z ##[endgroup]
refusal-coverage	UNKNOWN STEP	2026-09-13T02:29:18.1613362Z Temporarily overriding HOME='/home/runner/work/_temp/2e573330-e6b0-4e13-b24d-6bb5c7c1ebb2' before making global git config changes
refusal-coverage	UNKNOWN STEP	2026-09-13T02:29:18.1614878Z Adding repository directory to the temporary git global config as a safe directory
refusal-coverage	UNKNOWN STEP	2026-09-13T02:29:18.1620833Z [command]/usr/bin/git config --global --add safe.directory /home/runner/work/vac-protocol/vac-protocol/_issuers/evalmut
refusal-coverage	UNKNOWN STEP	2026-09-13T02:29:18.1653524Z ##[group]Initializing the repository
refusal-coverage	UNKNOWN STEP	2026-09-13T02:29:18.1658725Z [command]/usr/bin/git init /home/runner/work/vac-protocol/vac-protocol/_issuers/evalmut
refusal-coverage	UNKNOWN STEP	2026-09-13T02:29:18.1699746Z hint: Using 'master' as the name for the initial branch. This default branch name
refusal-coverage	UNKNOWN STEP	2026-09-13T02:29:18.1703051Z hint: will change to "main" in Git 3.0. To configure the initial branch name
refusal-coverage	UNKNOWN STEP	2026-09-13T02:29:18.1704147Z hint: to use in all of your new repositories, which will suppress this warning,
refusal-coverage	UNKNOWN STEP	2026-09-13T02:29:18.1704965Z hint: call:
refusal-coverage	UNKNOWN STEP	2026-09-13T02:29:18.1705379Z hint:
refusal-coverage	UNKNOWN STEP	2026-09-13T02:29:18.1706178Z hint: 	git config --global init.defaultBranch <name>
refusal-coverage	UNKNOWN STEP	2026-09-13T02:29:18.1706805Z hint:
refusal-coverage	UNKNOWN STEP	2026-09-13T02:29:18.1707433Z hint: Names commonly chosen instead of 'master' are 'main', 'trunk' and
refusal-coverage	UNKNOWN STEP	2026-09-13T02:29:18.1708470Z hint: 'development'. The just-created branch can be renamed via this command:
refusal-coverage	UNKNOWN STEP	2026-09-13T02:29:18.1709255Z hint:
refusal-coverage	UNKNOWN STEP	2026-09-13T02:29:18.1709739Z hint: 	git branch -m <name>
refusal-coverage	UNKNOWN STEP	2026-09-13T02:29:18.1710249Z hint:
refusal-coverage	UNKNOWN STEP	2026-09-13T02:29:18.1711044Z hint: Disable this message with "git config set advice.defaultBranchName false"
refusal-coverage	UNKNOWN STEP	2026-09-13T02:29:18.1712338Z Initialized empty Git repository in /home/runner/work/vac-protocol/vac-protocol/_issuers/evalmut/.git/
refusal-coverage	UNKNOWN STEP	2026-09-13T02:29:18.1718002Z [command]/usr/bin/git remote add origin https://github.com/egnaro9/evalmut
refusal-coverage	UNKNOWN STEP	2026-09-13T02:29:18.1754045Z ##[endgroup]
refusal-coverage	UNKNOWN STEP	2026-09-13T02:29:18.1755273Z ##[group]Disabling automatic garbage collection
refusal-coverage	UNKNOWN STEP	2026-09-13T02:29:18.1758608Z [command]/usr/bin/git config --local gc.auto 0
refusal-coverage	UNKNOWN STEP	2026-09-13T02:29:18.1788787Z ##[endgroup]
refusal-coverage	UNKNOWN STEP	2026-09-13T02:29:18.1789897Z ##[group]Setting up auth
refusal-coverage	UNKNOWN STEP	2026-09-13T02:29:18.1795937Z [command]/usr/bin/git config --local --name-only --get-regexp core\.sshCommand
refusal-coverage	UNKNOWN STEP	2026-09-13T02:29:18.1828278Z [command]/usr/bin/git submodule foreach --recursive sh -c "git config --local --name-only --get-regexp 'core\.sshCommand' && git config --local --unset-all 'core.sshCommand' || :"
refusal-coverage	UNKNOWN STEP	2026-09-13T02:29:18.2087051Z [command]/usr/bin/git config --local --name-only --get-regexp http\.https\:\/\/github\.com\/\.extraheader
refusal-coverage	UNKNOWN STEP	2026-09-13T02:29:18.2125714Z [command]/usr/bin/git submodule foreach --recursive sh -c "git config --local --name-only --get-regexp 'http\.https\:\/\/github\.com\/\.extraheader' && git config --local --unset-all 'http.https://github.com/.extraheader' || :"
refusal-coverage	UNKNOWN STEP	2026-09-13T02:29:18.2389379Z [command]/usr/bin/git config --local --name-only --get-regexp ^includeIf\.gitdir:
refusal-coverage	UNKNOWN STEP	2026-09-13T02:29:18.2434197Z [command]/usr/bin/git submodule foreach --recursive git config --local --show-origin --name-only --get-regexp remote.origin.url
refusal-coverage	UNKNOWN STEP	2026-09-13T02:29:18.2683952Z [command]/usr/bin/git config --local http.https://github.com/.extraheader AUTHORIZATION: basic ***
refusal-coverage	UNKNOWN STEP	2026-09-13T02:29:18.2722875Z ##[endgroup]
refusal-coverage	UNKNOWN STEP	2026-09-13T02:29:18.2723658Z ##[group]Determining the default branch
refusal-coverage	UNKNOWN STEP	2026-09-13T02:29:18.2727195Z Retrieving the default branch name
refusal-coverage	UNKNOWN STEP	2026-09-13T02:29:18.5515685Z Default branch 'main'
refusal-coverage	UNKNOWN STEP	2026-09-13T02:29:18.5516676Z ##[endgroup]
refusal-coverage	UNKNOWN STEP	2026-09-13T02:29:18.5517124Z ##[group]Fetching the repository
refusal-coverage	UNKNOWN STEP	2026-09-13T02:29:18.5518776Z [command]/usr/bin/git -c protocol.version=2 fetch --no-tags --prune --no-recurse-submodules --depth=1 origin +refs/heads/main:refs/remotes/origin/main
refusal-coverage	UNKNOWN STEP	2026-09-13T02:29:19.1487206Z From https://github.com/egnaro9/evalmut
refusal-coverage	UNKNOWN STEP	2026-09-13T02:29:19.1488126Z  * [new branch]      main       -> origin/main
refusal-coverage	UNKNOWN STEP	2026-09-13T02:29:19.1511924Z ##[endgroup]
refusal-coverage	UNKNOWN STEP	2026-09-13T02:29:19.1512549Z ##[group]Determining the checkout info
refusal-coverage	UNKNOWN STEP	2026-09-13T02:29:19.1513238Z ##[endgroup]
refusal-coverage	UNKNOWN STEP	2026-09-13T02:29:19.1513666Z [command]/usr/bin/git sparse-checkout disable
refusal-coverage	UNKNOWN STEP	2026-09-13T02:29:19.1549862Z [command]/usr/bin/git config --local --unset-all extensions.worktreeConfig
refusal-coverage	UNKNOWN STEP	2026-09-13T02:29:19.1585222Z ##[group]Checking out the ref
refusal-coverage	UNKNOWN STEP	2026-09-13T02:29:19.1589628Z [command]/usr/bin/git checkout --progress --force -B main refs/remotes/origin/main
refusal-coverage	UNKNOWN STEP	2026-09-13T02:29:19.1741669Z Switched to a new branch 'main'
refusal-coverage	UNKNOWN STEP	2026-09-13T02:29:19.1744837Z branch 'main' set up to track 'origin/main'.
refusal-coverage	UNKNOWN STEP	2026-09-13T02:29:19.1751239Z ##[endgroup]
refusal-coverage	UNKNOWN STEP	2026-09-13T02:29:19.1798485Z [command]/usr/bin/git log -1 --format=%H
refusal-coverage	UNKNOWN STEP	2026-09-13T02:29:19.1829252Z 5c94fe7c6a7f80265815e61b51c7e37d8dadebc8
refusal-coverage	UNKNOWN STEP	2026-09-13T02:29:19.2015058Z Node 20 is being deprecated. This workflow is running with Node 24 by default. If you need to temporarily use Node 20, you can set the ACTIONS_ALLOW_USE_UNSECURE_NODE_VERSION=true environment variable. For more information see: https://github.blog/changelog/2025-09-19-deprecation-of-node-20-on-github-actions-runners/
refusal-coverage	UNKNOWN STEP	2026-09-13T02:29:19.2016669Z ##[group]Run actions/checkout@v4
refusal-coverage	UNKNOWN STEP	2026-09-13T02:29:19.2016918Z with:
refusal-coverage	UNKNOWN STEP	2026-09-13T02:29:19.2017231Z   repository: egnaro9/model-drift
refusal-coverage	UNKNOWN STEP	2026-09-13T02:29:19.2017721Z   path: _issuers/model-drift
refusal-coverage	UNKNOWN STEP	2026-09-13T02:29:19.2020526Z   token: ***
refusal-coverage	UNKNOWN STEP	2026-09-13T02:29:19.2020733Z   ssh-strict: true
refusal-coverage	UNKNOWN STEP	2026-09-13T02:29:19.2020936Z   ssh-user: git
refusal-coverage	UNKNOWN STEP	2026-09-13T02:29:19.2021145Z   persist-credentials: true
refusal-coverage	UNKNOWN STEP	2026-09-13T02:29:19.2021384Z   clean: true
refusal-coverage	UNKNOWN STEP	2026-09-13T02:29:19.2021599Z   sparse-checkout-cone-mode: true
refusal-coverage	UNKNOWN STEP	2026-09-13T02:29:19.2021858Z   fetch-depth: 1
refusal-coverage	UNKNOWN STEP	2026-09-13T02:29:19.2022059Z   fetch-tags: false
refusal-coverage	UNKNOWN STEP	2026-09-13T02:29:19.2022264Z   show-progress: true
refusal-coverage	UNKNOWN STEP	2026-09-13T02:29:19.2022503Z   lfs: false
refusal-coverage	UNKNOWN STEP	2026-09-13T02:29:19.2022698Z   submodules: false
refusal-coverage	UNKNOWN STEP	2026-09-13T02:29:19.2022905Z   set-safe-directory: true
refusal-coverage	UNKNOWN STEP	2026-09-13T02:29:19.2023155Z   allow-unsafe-pr-checkout: false
refusal-coverage	UNKNOWN STEP	2026-09-13T02:29:19.2023397Z env:
refusal-coverage	UNKNOWN STEP	2026-09-13T02:29:19.2023654Z   pythonLocation: /opt/hostedtoolcache/Python/3.12.14/x64
refusal-coverage	UNKNOWN STEP	2026-09-13T02:29:19.2024091Z   PKG_CONFIG_PATH: /opt/hostedtoolcache/Python/3.12.14/x64/lib/pkgconfig
refusal-coverage	UNKNOWN STEP	2026-09-13T02:29:19.2024709Z   Python_ROOT_DIR: /opt/hostedtoolcache/Python/3.12.14/x64
refusal-coverage	UNKNOWN STEP	2026-09-13T02:29:19.2025093Z   Python2_ROOT_DIR: /opt/hostedtoolcache/Python/3.12.14/x64
refusal-coverage	UNKNOWN STEP	2026-09-13T02:29:19.2025747Z   Python3_ROOT_DIR: /opt/hostedtoolcache/Python/3.12.14/x64
refusal-coverage	UNKNOWN STEP	2026-09-13T02:29:19.2026187Z   LD_LIBRARY_PATH: /opt/hostedtoolcache/Python/3.12.14/x64/lib
refusal-coverage	UNKNOWN STEP	2026-09-13T02:29:19.2026538Z ##[endgroup]
refusal-coverage	UNKNOWN STEP	2026-09-13T02:29:19.2861230Z Syncing repository: egnaro9/model-drift
refusal-coverage	UNKNOWN STEP	2026-09-13T02:29:19.2863870Z ##[group]Getting Git version info
refusal-coverage	UNKNOWN STEP	2026-09-13T02:29:19.2864798Z Working directory is '/home/runner/work/vac-protocol/vac-protocol/_issuers/model-drift'
refusal-coverage	UNKNOWN STEP	2026-09-13T02:29:19.2909557Z [command]/usr/bin/git version
refusal-coverage	UNKNOWN STEP	2026-09-13T02:29:19.2952866Z git version 2.55.0
refusal-coverage	UNKNOWN STEP	2026-09-13T02:29:19.2977135Z ##[endgroup]
refusal-coverage	UNKNOWN STEP	2026-09-13T02:29:19.2991586Z Temporarily overriding HOME='/home/runner/work/_temp/6ca5c885-4a6d-4187-a3e2-34db493e505b' before making global git config changes
refusal-coverage	UNKNOWN STEP	2026-09-13T02:29:19.2992597Z Adding repository directory to the temporary git global config as a safe directory
refusal-coverage	UNKNOWN STEP	2026-09-13T02:29:19.2998352Z [command]/usr/bin/git config --global --add safe.directory /home/runner/work/vac-protocol/vac-protocol/_issuers/model-drift
refusal-coverage	UNKNOWN STEP	2026-09-13T02:29:19.3031938Z ##[group]Initializing the repository
refusal-coverage	UNKNOWN STEP	2026-09-13T02:29:19.3037873Z [command]/usr/bin/git init /home/runner/work/vac-protocol/vac-protocol/_issuers/model-drift
refusal-coverage	UNKNOWN STEP	2026-09-13T02:29:19.3077571Z hint: Using 'master' as the name for the initial branch. This default branch name
refusal-coverage	UNKNOWN STEP	2026-09-13T02:29:19.3078751Z hint: will change to "main" in Git 3.0. To configure the initial branch name
refusal-coverage	UNKNOWN STEP	2026-09-13T02:29:19.3079950Z hint: to use in all of your new repositories, which will suppress this warning,
refusal-coverage	UNKNOWN STEP	2026-09-13T02:29:19.3080653Z hint: call:
refusal-coverage	UNKNOWN STEP	2026-09-13T02:29:19.3080958Z hint:
refusal-coverage	UNKNOWN STEP	2026-09-13T02:29:19.3081362Z hint: 	git config --global init.defaultBranch <name>
refusal-coverage	UNKNOWN STEP	2026-09-13T02:29:19.3081879Z hint:
refusal-coverage	UNKNOWN STEP	2026-09-13T02:29:19.3082364Z hint: Names commonly chosen instead of 'master' are 'main', 'trunk' and
refusal-coverage	UNKNOWN STEP	2026-09-13T02:29:19.3083234Z hint: 'development'. The just-created branch can be renamed via this command:
refusal-coverage	UNKNOWN STEP	2026-09-13T02:29:19.3083882Z hint:
refusal-coverage	UNKNOWN STEP	2026-09-13T02:29:19.3084197Z hint: 	git branch -m <name>
refusal-coverage	UNKNOWN STEP	2026-09-13T02:29:19.3084568Z hint:
refusal-coverage	UNKNOWN STEP	2026-09-13T02:29:19.3085105Z hint: Disable this message with "git config set advice.defaultBranchName false"
refusal-coverage	UNKNOWN STEP	2026-09-13T02:29:19.3086524Z Initialized empty Git repository in /home/runner/work/vac-protocol/vac-protocol/_issuers/model-drift/.git/
refusal-coverage	UNKNOWN STEP	2026-09-13T02:29:19.3096898Z [command]/usr/bin/git remote add origin https://github.com/egnaro9/model-drift
refusal-coverage	UNKNOWN STEP	2026-09-13T02:29:19.3137529Z ##[endgroup]
refusal-coverage	UNKNOWN STEP	2026-09-13T02:29:19.3137980Z ##[group]Disabling automatic garbage collection
refusal-coverage	UNKNOWN STEP	2026-09-13T02:29:19.3143860Z [command]/usr/bin/git config --local gc.auto 0
refusal-coverage	UNKNOWN STEP	2026-09-13T02:29:19.3178075Z ##[endgroup]
refusal-coverage	UNKNOWN STEP	2026-09-13T02:29:19.3178650Z ##[group]Setting up auth
refusal-coverage	UNKNOWN STEP	2026-09-13T02:29:19.3186531Z [command]/usr/bin/git config --local --name-only --get-regexp core\.sshCommand
refusal-coverage	UNKNOWN STEP	2026-09-13T02:29:19.3221122Z [command]/usr/bin/git submodule foreach --recursive sh -c "git config --local --name-only --get-regexp 'core\.sshCommand' && git config --local --unset-all 'core.sshCommand' || :"
refusal-coverage	UNKNOWN STEP	2026-09-13T02:29:19.3474745Z [command]/usr/bin/git config --local --name-only --get-regexp http\.https\:\/\/github\.com\/\.extraheader
refusal-coverage	UNKNOWN STEP	2026-09-13T02:29:19.3512222Z [command]/usr/bin/git submodule foreach --recursive sh -c "git config --local --name-only --get-regexp 'http\.https\:\/\/github\.com\/\.extraheader' && git config --local --unset-all 'http.https://github.com/.extraheader' || :"
refusal-coverage	UNKNOWN STEP	2026-09-13T02:29:19.3783172Z [command]/usr/bin/git config --local --name-only --get-regexp ^includeIf\.gitdir:
refusal-coverage	UNKNOWN STEP	2026-09-13T02:29:19.3830390Z [command]/usr/bin/git submodule foreach --recursive git config --local --show-origin --name-only --get-regexp remote.origin.url
refusal-coverage	UNKNOWN STEP	2026-09-13T02:29:19.4079200Z [command]/usr/bin/git config --local http.https://github.com/.extraheader AUTHORIZATION: basic ***
refusal-coverage	UNKNOWN STEP	2026-09-13T02:29:19.4119961Z ##[endgroup]
refusal-coverage	UNKNOWN STEP	2026-09-13T02:29:19.4120994Z ##[group]Determining the default branch
refusal-coverage	UNKNOWN STEP	2026-09-13T02:29:19.4124184Z Retrieving the default branch name
refusal-coverage	UNKNOWN STEP	2026-09-13T02:29:19.7944257Z Default branch 'main'
refusal-coverage	UNKNOWN STEP	2026-09-13T02:29:19.7945117Z ##[endgroup]
refusal-coverage	UNKNOWN STEP	2026-09-13T02:29:19.7946022Z ##[group]Fetching the repository
refusal-coverage	UNKNOWN STEP	2026-09-13T02:29:19.7962361Z [command]/usr/bin/git -c protocol.version=2 fetch --no-tags --prune --no-recurse-submodules --depth=1 origin +refs/heads/main:refs/remotes/origin/main
refusal-coverage	UNKNOWN STEP	2026-09-13T02:29:20.1285868Z From https://github.com/egnaro9/model-drift
refusal-coverage	UNKNOWN STEP	2026-09-13T02:29:20.1286651Z  * [new branch]      main       -> origin/main
refusal-coverage	UNKNOWN STEP	2026-09-13T02:29:20.1291499Z ##[endgroup]
refusal-coverage	UNKNOWN STEP	2026-09-13T02:29:20.1291978Z ##[group]Determining the checkout info
refusal-coverage	UNKNOWN STEP	2026-09-13T02:29:20.1294933Z ##[endgroup]
refusal-coverage	UNKNOWN STEP	2026-09-13T02:29:20.1301424Z [command]/usr/bin/git sparse-checkout disable
refusal-coverage	UNKNOWN STEP	2026-09-13T02:29:20.1347887Z [command]/usr/bin/git config --local --unset-all extensions.worktreeConfig
refusal-coverage	UNKNOWN STEP	2026-09-13T02:29:20.1382706Z ##[group]Checking out the ref
refusal-coverage	UNKNOWN STEP	2026-09-13T02:29:20.1387955Z [command]/usr/bin/git checkout --progress --force -B main refs/remotes/origin/main
refusal-coverage	UNKNOWN STEP	2026-09-13T02:29:20.1514660Z Switched to a new branch 'main'
refusal-coverage	UNKNOWN STEP	2026-09-13T02:29:20.1517829Z branch 'main' set up to track 'origin/main'.
refusal-coverage	UNKNOWN STEP	2026-09-13T02:29:20.1522993Z ##[endgroup]
refusal-coverage	UNKNOWN STEP	2026-09-13T02:29:20.1567850Z [command]/usr/bin/git log -1 --format=%H
refusal-coverage	UNKNOWN STEP	2026-09-13T02:29:20.1598360Z f9b34bd3e35adf6c316e0dd9c73e5b9387863666
refusal-coverage	UNKNOWN STEP	2026-09-13T02:29:20.1738627Z ##[group]Run pip install -e ".[test]"
refusal-coverage	UNKNOWN STEP	2026-09-13T02:29:20.1738984Z ^[[36;1mpip install -e ".[test]"^[[0m
refusal-coverage	UNKNOWN STEP	2026-09-13T02:29:20.1784328Z shell: /usr/bin/bash -e {0}
refusal-coverage	UNKNOWN STEP	2026-09-13T02:29:20.1784585Z env:
refusal-coverage	UNKNOWN STEP	2026-09-13T02:29:20.1784861Z   pythonLocation: /opt/hostedtoolcache/Python/3.12.14/x64
refusal-coverage	UNKNOWN STEP	2026-09-13T02:29:20.1785309Z   PKG_CONFIG_PATH: /opt/hostedtoolcache/Python/3.12.14/x64/lib/pkgconfig
refusal-coverage	UNKNOWN STEP	2026-09-13T02:29:20.1786120Z   Python_ROOT_DIR: /opt/hostedtoolcache/Python/3.12.14/x64
refusal-coverage	UNKNOWN STEP	2026-09-13T02:29:20.1786509Z   Python2_ROOT_DIR: /opt/hostedtoolcache/Python/3.12.14/x64
refusal-coverage	UNKNOWN STEP	2026-09-13T02:29:20.1786905Z   Python3_ROOT_DIR: /opt/hostedtoolcache/Python/3.12.14/x64
refusal-coverage	UNKNOWN STEP	2026-09-13T02:29:20.1787283Z   LD_LIBRARY_PATH: /opt/hostedtoolcache/Python/3.12.14/x64/lib
refusal-coverage	UNKNOWN STEP	2026-09-13T02:29:20.1787609Z ##[endgroup]
refusal-coverage	UNKNOWN STEP	2026-09-13T02:29:20.9434168Z Obtaining file:///home/runner/work/vac-protocol/vac-protocol
refusal-coverage	UNKNOWN STEP	2026-09-13T02:29:20.9449253Z   Installing build dependencies: started
refusal-coverage	UNKNOWN STEP	2026-09-13T02:29:21.6621286Z   Installing build dependencies: finished with status 'done'
refusal-coverage	UNKNOWN STEP	2026-09-13T02:29:21.6628344Z   Checking if build backend supports build_editable: started
refusal-coverage	UNKNOWN STEP	2026-09-13T02:29:22.0132438Z   Checking if build backend supports build_editable: finished with status 'done'
refusal-coverage	UNKNOWN STEP	2026-09-13T02:29:22.0140348Z   Getting requirements to build editable: started
refusal-coverage	UNKNOWN STEP	2026-09-13T02:29:22.3548462Z   Getting requirements to build editable: finished with status 'done'
refusal-coverage	UNKNOWN STEP	2026-09-13T02:29:22.3557732Z   Preparing editable metadata (pyproject.toml): started
refusal-coverage	UNKNOWN STEP	2026-09-13T02:29:22.5540986Z   Preparing editable metadata (pyproject.toml): finished with status 'done'
refusal-coverage	UNKNOWN STEP	2026-09-13T02:29:22.6504859Z Collecting pytest (from vac-protocol==0.1.0)
refusal-coverage	UNKNOWN STEP	2026-09-13T02:29:22.7025929Z   Downloading pytest-9.1.1-py3-none-any.whl.metadata (7.6 kB)
refusal-coverage	UNKNOWN STEP	2026-09-13T02:29:22.7175327Z Collecting iniconfig>=1.0.1 (from pytest->vac-protocol==0.1.0)
refusal-coverage	UNKNOWN STEP	2026-09-13T02:29:22.7213680Z   Downloading iniconfig-2.3.0-py3-none-any.whl.metadata (2.5 kB)
refusal-coverage	UNKNOWN STEP	2026-09-13T02:29:22.7374072Z Collecting packaging>=22 (from pytest->vac-protocol==0.1.0)
refusal-coverage	UNKNOWN STEP	2026-09-13T02:29:22.7406012Z   Downloading packaging-26.3-py3-none-any.whl.metadata (3.5 kB)
refusal-coverage	UNKNOWN STEP	2026-09-13T02:29:22.7524918Z Collecting pluggy<2,>=1.5 (from pytest->vac-protocol==0.1.0)
refusal-coverage	UNKNOWN STEP	2026-09-13T02:29:22.7553768Z   Downloading pluggy-1.6.0-py3-none-any.whl.metadata (4.8 kB)
refusal-coverage	UNKNOWN STEP	2026-09-13T02:29:22.7733804Z Collecting pygments>=2.7.2 (from pytest->vac-protocol==0.1.0)
refusal-coverage	UNKNOWN STEP	2026-09-13T02:29:22.7763853Z   Downloading pygments-2.21.0-py3-none-any.whl.metadata (2.5 kB)
refusal-coverage	UNKNOWN STEP	2026-09-13T02:29:22.7844757Z Downloading pytest-9.1.1-py3-none-any.whl (386 kB)
refusal-coverage	UNKNOWN STEP	2026-09-13T02:29:22.8023480Z Downloading pluggy-1.6.0-py3-none-any.whl (20 kB)
refusal-coverage	UNKNOWN STEP	2026-09-13T02:29:22.8079046Z Downloading iniconfig-2.3.0-py3-none-any.whl (7.5 kB)
refusal-coverage	UNKNOWN STEP	2026-09-13T02:29:22.8130762Z Downloading packaging-26.3-py3-none-any.whl (129 kB)
refusal-coverage	UNKNOWN STEP	2026-09-13T02:29:22.8223932Z Downloading pygments-2.21.0-py3-none-any.whl (1.3 MB)
refusal-coverage	UNKNOWN STEP	2026-09-13T02:29:22.8393959Z    ━━━━━━━━━━━━━━━━━━━━━━━━━━━━━━━━━━━━━━━━ 1.3/1.3 MB 78.8 MB/s  0:00:00
refusal-coverage	UNKNOWN STEP	2026-09-13T02:29:22.8562399Z Building wheels for collected packages: vac-protocol
refusal-coverage	UNKNOWN STEP	2026-09-13T02:29:22.8570764Z   Building editable for vac-protocol (pyproject.toml): started
refusal-coverage	UNKNOWN STEP	2026-09-13T02:29:23.0780663Z   Building editable for vac-protocol (pyproject.toml): finished with status 'done'
refusal-coverage	UNKNOWN STEP	2026-09-13T02:29:23.0786475Z   Created wheel for vac-protocol: filename=vac_protocol-0.1.0-0.editable-py3-none-any.whl size=8850 sha256=e5fae32118d66620c70321c31ceda8103d94aa43101d3eb8adc440252bc4b8c1
refusal-coverage	UNKNOWN STEP	2026-09-13T02:29:23.0788373Z   Stored in directory: /tmp/pip-ephem-wheel-cache-sryot_ji/wheels/31/93/c0/4effb33ea68d4321a176d9cb097b94ea8b1be9d534ea861dec
refusal-coverage	UNKNOWN STEP	2026-09-13T02:29:23.0808573Z Successfully built vac-protocol
refusal-coverage	UNKNOWN STEP	2026-09-13T02:29:23.1014661Z Installing collected packages: vac-protocol, pygments, pluggy, packaging, iniconfig, pytest
refusal-coverage	UNKNOWN STEP	2026-09-13T02:29:24.2169375Z 
refusal-coverage	UNKNOWN STEP	2026-09-13T02:29:24.2183082Z Successfully installed iniconfig-2.3.0 packaging-26.3 pluggy-1.6.0 pygments-2.21.0 pytest-9.1.1 vac-protocol-0.1.0
refusal-coverage	UNKNOWN STEP	2026-09-13T02:29:24.2829089Z ##[group]Run python tools/mutation_sweep.py --floor 0.99
refusal-coverage	UNKNOWN STEP	2026-09-13T02:29:24.2829535Z ^[[36;1mpython tools/mutation_sweep.py --floor 0.99^[[0m
refusal-coverage	UNKNOWN STEP	2026-09-13T02:29:24.2867692Z shell: /usr/bin/bash -e {0}
refusal-coverage	UNKNOWN STEP	2026-09-13T02:29:24.2867938Z env:
refusal-coverage	UNKNOWN STEP	2026-09-13T02:29:24.2868207Z   pythonLocation: /opt/hostedtoolcache/Python/3.12.14/x64
refusal-coverage	UNKNOWN STEP	2026-09-13T02:29:24.2868653Z   PKG_CONFIG_PATH: /opt/hostedtoolcache/Python/3.12.14/x64/lib/pkgconfig
refusal-coverage	UNKNOWN STEP	2026-09-13T02:29:24.2869105Z   Python_ROOT_DIR: /opt/hostedtoolcache/Python/3.12.14/x64
refusal-coverage	UNKNOWN STEP	2026-09-13T02:29:24.2869497Z   Python2_ROOT_DIR: /opt/hostedtoolcache/Python/3.12.14/x64
refusal-coverage	UNKNOWN STEP	2026-09-13T02:29:24.2869883Z   Python3_ROOT_DIR: /opt/hostedtoolcache/Python/3.12.14/x64
refusal-coverage	UNKNOWN STEP	2026-09-13T02:29:24.2870287Z   LD_LIBRARY_PATH: /opt/hostedtoolcache/Python/3.12.14/x64/lib
refusal-coverage	UNKNOWN STEP	2026-09-13T02:29:24.2870645Z   VAC_CRASHKIT_CHECKOUT: _issuers/crashkit/vac
refusal-coverage	UNKNOWN STEP	2026-09-13T02:29:24.2870952Z   VAC_EVALMUT_CHECKOUT: _issuers/evalmut/vac
refusal-coverage	UNKNOWN STEP	2026-09-13T02:29:24.2871290Z   VAC_MODELDRIFT_CHECKOUT: _issuers/model-drift/vac
refusal-coverage	UNKNOWN STEP	2026-09-13T02:29:24.2871585Z ##[endgroup]
refusal-coverage	UNKNOWN STEP	2026-09-13T02:29:30.8429145Z baseline clean; 166 refusal sites (4 excluded, see EXCLUDE)
refusal-coverage	UNKNOWN STEP	2026-09-13T02:29:30.8429794Z   [1/166] L113 caught: tests
refusal-coverage	UNKNOWN STEP	2026-09-13T02:29:32.9344866Z   [2/166] L126 caught: tests
refusal-coverage	UNKNOWN STEP	2026-09-13T02:29:36.6480602Z   [3/166] L132 caught: tests
refusal-coverage	UNKNOWN STEP	2026-09-13T02:29:40.4236929Z   [4/166] L142 caught: tests
refusal-coverage	UNKNOWN STEP	2026-09-13T02:29:43.8646614Z   [5/166] L154 caught: tests
refusal-coverage	UNKNOWN STEP	2026-09-13T02:29:46.0970372Z   [6/166] L159 caught: tests
refusal-coverage	UNKNOWN STEP	2026-09-13T02:29:48.3278961Z   [7/166] L163 caught: tests
refusal-coverage	UNKNOWN STEP	2026-09-13T02:29:50.5619668Z   [8/166] L173 caught: tests
refusal-coverage	UNKNOWN STEP	2026-09-13T02:29:52.8274842Z   [9/166] L178 caught: tests
refusal-coverage	UNKNOWN STEP	2026-09-13T02:29:55.1464859Z   [10/166] L183 caught: tests
refusal-coverage	UNKNOWN STEP	2026-09-13T02:29:57.4254705Z   [11/166] L187 caught: tests
refusal-coverage	UNKNOWN STEP	2026-09-13T02:29:59.7949735Z   [12/166] L190 caught: tests
refusal-coverage	UNKNOWN STEP	2026-09-13T02:30:02.1324122Z   [13/166] L196 caught: tests
refusal-coverage	UNKNOWN STEP	2026-09-13T02:30:04.4895165Z   [14/166] L199 caught: tests
refusal-coverage	UNKNOWN STEP	2026-09-13T02:30:08.6726771Z   [15/166] L204 caught: tests
refusal-coverage	UNKNOWN STEP	2026-09-13T02:30:12.6288078Z   [16/166] L209 caught: tests
refusal-coverage	UNKNOWN STEP	2026-09-13T02:30:16.3043525Z   [17/166] L215 caught: tests
refusal-coverage	UNKNOWN STEP	2026-09-13T02:30:17.0669381Z   [18/166] L217 caught: tests
refusal-coverage	UNKNOWN STEP	2026-09-13T02:30:19.4570454Z   [19/166] L222 caught: tests
refusal-coverage	UNKNOWN STEP	2026-09-13T02:30:21.8407296Z   [20/166] L225 caught: tests
refusal-coverage	UNKNOWN STEP	2026-09-13T02:30:26.3905787Z   [21/166] L248 caught: tests
refusal-coverage	UNKNOWN STEP	2026-09-13T02:30:27.0456083Z   [22/166] L251 caught: tests
refusal-coverage	UNKNOWN STEP	2026-09-13T02:30:29.8235874Z   [23/166] L257 caught: tests
refusal-coverage	UNKNOWN STEP	2026-09-13T02:30:34.5264639Z   [24/166] L272 caught: tests
refusal-coverage	UNKNOWN STEP	2026-09-13T02:30:38.3053761Z   [25/166] L276 caught: tests
refusal-coverage	UNKNOWN STEP	2026-09-13T02:30:40.7860857Z   [26/166] L291 caught: tests
refusal-coverage	UNKNOWN STEP	2026-09-13T02:30:44.9493174Z   [27/166] L298 caught: tests
refusal-coverage	UNKNOWN STEP	2026-09-13T02:30:47.4813614Z   [28/166] L313 caught: tests
refusal-coverage	UNKNOWN STEP	2026-09-13T02:30:49.7815127Z   [29/166] L323 caught: tests
refusal-coverage	UNKNOWN STEP	2026-09-13T02:30:52.2624152Z   [30/166] L328 caught: tests
refusal-coverage	UNKNOWN STEP	2026-09-13T02:30:55.8797967Z   [31/166] L331 caught: tests
refusal-coverage	UNKNOWN STEP	2026-09-13T02:30:58.2321076Z   [32/166] L342 caught: tests
refusal-coverage	UNKNOWN STEP	2026-09-13T02:31:00.6028552Z   [33/166] L345 caught: tests
refusal-coverage	UNKNOWN STEP	2026-09-13T02:31:03.0204486Z   [34/166] L350 caught: tests
refusal-coverage	UNKNOWN STEP	2026-09-13T02:31:06.8722312Z   [35/166] L353 caught: tests
refusal-coverage	UNKNOWN STEP	2026-09-13T02:31:09.3206158Z   [36/166] L402 caught: tests
refusal-coverage	UNKNOWN STEP	2026-09-13T02:31:11.7779441Z   [37/166] L408 caught: tests
refusal-coverage	UNKNOWN STEP	2026-09-13T02:31:16.3203466Z   [38/166] L412 caught: tests
refusal-coverage	UNKNOWN STEP	2026-09-13T02:31:20.8250503Z   [39/166] L418 caught: tests
refusal-coverage	UNKNOWN STEP	2026-09-13T02:31:22.5814967Z   [40/166] L425 caught: tests
refusal-coverage	UNKNOWN STEP	2026-09-13T02:31:25.0429602Z   [41/166] L432 caught: tests
refusal-coverage	UNKNOWN STEP	2026-09-13T02:31:27.5303475Z   [42/166] L435 caught: tests
refusal-coverage	UNKNOWN STEP	2026-09-13T02:31:31.9948559Z   [43/166] L440 caught: tests
refusal-coverage	UNKNOWN STEP	2026-09-13T02:31:36.1193879Z   [44/166] L445 caught: tests
refusal-coverage	UNKNOWN STEP	2026-09-13T02:31:37.8639405Z   [45/166] L451 caught: tests
refusal-coverage	UNKNOWN STEP	2026-09-13T02:31:41.4843292Z   [46/166] L456 caught: tests
refusal-coverage	UNKNOWN STEP	2026-09-13T02:31:43.3240800Z   [47/166] L460 caught: tests
refusal-coverage	UNKNOWN STEP	2026-09-13T02:31:45.6184690Z   [48/166] L465 caught: tests
refusal-coverage	UNKNOWN STEP	2026-09-13T02:31:47.9804921Z   [49/166] L469 caught: tests
refusal-coverage	UNKNOWN STEP	2026-09-13T02:31:50.2553285Z   [50/166] L478 caught: tests
refusal-coverage	UNKNOWN STEP	2026-09-13T02:31:52.5780082Z   [51/166] L481 caught: tests
refusal-coverage	UNKNOWN STEP	2026-09-13T02:31:54.6913267Z   [52/166] L550 caught: tests
refusal-coverage	UNKNOWN STEP	2026-09-13T02:31:56.7952733Z   [53/166] L555 caught: tests
refusal-coverage	UNKNOWN STEP	2026-09-13T02:31:58.8980165Z   [54/166] L559 caught: tests
refusal-coverage	UNKNOWN STEP	2026-09-13T02:32:02.5919419Z   [55/166] L575 caught: tests
refusal-coverage	UNKNOWN STEP	2026-09-13T02:32:05.0013000Z   [56/166] L580 caught: tests
refusal-coverage	UNKNOWN STEP	2026-09-13T02:32:07.4091192Z   [57/166] L584 caught: tests
refusal-coverage	UNKNOWN STEP	2026-09-13T02:32:12.0556937Z   [58/166] L592 caught: tests
refusal-coverage	UNKNOWN STEP	2026-09-13T02:32:15.7988745Z   [59/166] L598 caught: tests
refusal-coverage	UNKNOWN STEP	2026-09-13T02:32:19.3874705Z   [60/166] L605 caught: tests
refusal-coverage	UNKNOWN STEP	2026-09-13T02:32:23.0677364Z   [61/166] L614 caught: tests
refusal-coverage	UNKNOWN STEP	2026-09-13T02:32:24.8181549Z   [62/166] L620 caught: tests
refusal-coverage	UNKNOWN STEP	2026-09-13T02:32:28.4566639Z   [63/166] L635 caught: tests
refusal-coverage	UNKNOWN STEP	2026-09-13T02:32:30.1961488Z   [64/166] L662 caught: tests
refusal-coverage	UNKNOWN STEP	2026-09-13T02:32:34.7483556Z   [65/166] L668 caught: tests
refusal-coverage	UNKNOWN STEP	2026-09-13T02:32:39.3247863Z   [66/166] L673 caught: tests
refusal-coverage	UNKNOWN STEP	2026-09-13T02:32:43.7658673Z   [67/166] L676 caught: tests
refusal-coverage	UNKNOWN STEP	2026-09-13T02:32:48.3533522Z   [68/166] L685 caught: tests
refusal-coverage	UNKNOWN STEP	2026-09-13T02:32:50.8611858Z   [69/166] L697 caught: tests
refusal-coverage	UNKNOWN STEP	2026-09-13T02:32:53.3857673Z   [70/166] L703 caught: tests
refusal-coverage	UNKNOWN STEP	2026-09-13T02:32:55.9831187Z   [71/166] L710 caught: tests
refusal-coverage	UNKNOWN STEP	2026-09-13T02:32:57.7672443Z   [72/166] L717 caught: tests
refusal-coverage	UNKNOWN STEP	2026-09-13T02:33:01.5621448Z   [73/166] L724 caught: tests
refusal-coverage	UNKNOWN STEP	2026-09-13T02:33:03.8276797Z   [74/166] L743 caught: tests
refusal-coverage	UNKNOWN STEP	2026-09-13T02:33:06.1573236Z   [75/166] L748 caught: tests
refusal-coverage	UNKNOWN STEP	2026-09-13T02:33:09.7263705Z   [76/166] L751 caught: tests
refusal-coverage	UNKNOWN STEP	2026-09-13T02:33:11.8334336Z   [77/166] L786 caught: tests
refusal-coverage	UNKNOWN STEP	2026-09-13T02:33:13.9638341Z   [78/166] L796 caught: tests
refusal-coverage	UNKNOWN STEP	2026-09-13T02:33:16.1603308Z   [79/166] L802 caught: tests
refusal-coverage	UNKNOWN STEP	2026-09-13T02:33:18.6319173Z   [80/166] L816 caught: tests
refusal-coverage	UNKNOWN STEP	2026-09-13T02:33:21.1131395Z   [81/166] L820 caught: tests
refusal-coverage	UNKNOWN STEP	2026-09-13T02:33:23.6689598Z   [82/166] L824 caught: tests
refusal-coverage	UNKNOWN STEP	2026-09-13T02:33:27.3418083Z   [83/166] L833 caught: tests
refusal-coverage	UNKNOWN STEP	2026-09-13T02:33:30.7941155Z   [84/166] L840 caught: tests
refusal-coverage	UNKNOWN STEP	2026-09-13T02:33:33.2965220Z   [85/166] L872 caught: tests
refusal-coverage	UNKNOWN STEP	2026-09-13T02:33:34.9951460Z   [86/166] L894 caught: tests
refusal-coverage	UNKNOWN STEP	2026-09-13T02:33:38.5098932Z   [87/166] L899 caught: tests
refusal-coverage	UNKNOWN STEP	2026-09-13T02:33:41.9885843Z   [88/166] L908 caught: tests
refusal-coverage	UNKNOWN STEP	2026-09-13T02:33:44.2120990Z   [89/166] L917 caught: tests
refusal-coverage	UNKNOWN STEP	2026-09-13T02:33:46.6078955Z   [90/166] L921 caught: tests
refusal-coverage	UNKNOWN STEP	2026-09-13T02:33:50.3394455Z   [91/166] L924 caught: tests
refusal-coverage	UNKNOWN STEP	2026-09-13T02:33:52.5874146Z   [92/166] L928 caught: tests
refusal-coverage	UNKNOWN STEP	2026-09-13T02:33:54.9836279Z   [93/166] L933 caught: tests
refusal-coverage	UNKNOWN STEP	2026-09-13T02:33:58.5036859Z   [94/166] L936 caught: tests
refusal-coverage	UNKNOWN STEP	2026-09-13T02:34:00.5195794Z   [95/166] L1048 caught: tests
refusal-coverage	UNKNOWN STEP	2026-09-13T02:34:02.5679984Z   [96/166] L1053 caught: tests
refusal-coverage	UNKNOWN STEP	2026-09-13T02:34:04.6896736Z   [97/166] L1057 caught: tests
refusal-coverage	UNKNOWN STEP	2026-09-13T02:34:06.7884927Z   [98/166] L1064 caught: tests
refusal-coverage	UNKNOWN STEP	2026-09-13T02:34:08.8805741Z   [99/166] L1075 caught: tests
refusal-coverage	UNKNOWN STEP	2026-09-13T02:34:11.4740773Z   [100/166] L1242 caught: tests
refusal-coverage	UNKNOWN STEP	2026-09-13T02:34:14.0040009Z   [101/166] L1247 caught: tests
refusal-coverage	UNKNOWN STEP	2026-09-13T02:34:16.5032381Z   [102/166] L1251 caught: tests
refusal-coverage	UNKNOWN STEP	2026-09-13T02:34:19.0229078Z   [103/166] L1259 caught: tests
refusal-coverage	UNKNOWN STEP	2026-09-13T02:34:21.5639492Z   [104/166] L1272 caught: tests
refusal-coverage	UNKNOWN STEP	2026-09-13T02:34:24.0885003Z   [105/166] L1293 caught: tests
refusal-coverage	UNKNOWN STEP	2026-09-13T02:34:26.6338022Z   [106/166] L1297 caught: tests
refusal-coverage	UNKNOWN STEP	2026-09-13T02:34:29.1635003Z   [107/166] L1301 caught: tests
refusal-coverage	UNKNOWN STEP	2026-09-13T02:34:31.3107895Z   [108/166] L1366 caught: tests
refusal-coverage	UNKNOWN STEP	2026-09-13T02:34:33.4459424Z   [109/166] L1372 caught: tests
refusal-coverage	UNKNOWN STEP	2026-09-13T02:34:35.5907133Z   [110/166] L1378 caught: tests
refusal-coverage	UNKNOWN STEP	2026-09-13T02:34:37.7208085Z   [111/166] L1387 caught: tests
refusal-coverage	UNKNOWN STEP	2026-09-13T02:34:39.8385298Z   [112/166] L1391 caught: tests
refusal-coverage	UNKNOWN STEP	2026-09-13T02:34:41.9785893Z   [113/166] L1396 caught: tests
refusal-coverage	UNKNOWN STEP	2026-09-13T02:34:44.1284753Z   [114/166] L1401 caught: tests
refusal-coverage	UNKNOWN STEP	2026-09-13T02:34:46.2575624Z   [115/166] L1407 caught: tests
refusal-coverage	UNKNOWN STEP	2026-09-13T02:34:48.3918502Z   [116/166] L1412 caught: tests
refusal-coverage	UNKNOWN STEP	2026-09-13T02:34:50.5415399Z   [117/166] L1420 caught: tests
refusal-coverage	UNKNOWN STEP	2026-09-13T02:34:52.6776400Z   [118/166] L1425 caught: tests
refusal-coverage	UNKNOWN STEP	2026-09-13T02:34:54.8023388Z   [119/166] L1428 caught: tests
refusal-coverage	UNKNOWN STEP	2026-09-13T02:34:56.5564106Z   [120/166] L1453 caught: tests
refusal-coverage	UNKNOWN STEP	2026-09-13T02:34:58.3242712Z   [121/166] L1459 caught: tests
refusal-coverage	UNKNOWN STEP	2026-09-13T02:35:00.0912222Z   [122/166] L1467 caught: tests
refusal-coverage	UNKNOWN STEP	2026-09-13T02:35:01.8580013Z   [123/166] L1472 caught: tests
refusal-coverage	UNKNOWN STEP	2026-09-13T02:35:03.7294251Z   [124/166] L1477 caught: tests
refusal-coverage	UNKNOWN STEP	2026-09-13T02:35:05.4898685Z   [125/166] L1482 caught: tests
refusal-coverage	UNKNOWN STEP	2026-09-13T02:35:09.6388938Z   [126/166] L1497 caught: tests
refusal-coverage	UNKNOWN STEP	2026-09-13T02:35:11.3882904Z   [127/166] L1501 caught: tests
refusal-coverage	UNKNOWN STEP	2026-09-13T02:35:13.1490148Z   [128/166] L1507 caught: tests
refusal-coverage	UNKNOWN STEP	2026-09-13T02:35:15.0326615Z   [129/166] L1511 caught: tests
refusal-coverage	UNKNOWN STEP	2026-09-13T02:35:16.8030647Z   [130/166] L1515 caught: tests
refusal-coverage	UNKNOWN STEP	2026-09-13T02:35:18.5974831Z   [131/166] L1519 caught: tests
refusal-coverage	UNKNOWN STEP	2026-09-13T02:35:20.4060502Z   [132/166] L1522 caught: tests
refusal-coverage	UNKNOWN STEP	2026-09-13T02:35:24.4993136Z   [133/166] L1528 caught: tests
refusal-coverage	UNKNOWN STEP	2026-09-13T02:35:26.3207994Z   [134/166] L1533 caught: tests
refusal-coverage	UNKNOWN STEP	2026-09-13T02:35:28.1495491Z   [135/166] L1539 caught: tests
refusal-coverage	UNKNOWN STEP	2026-09-13T02:35:30.0980831Z   [136/166] L1542 caught: tests
refusal-coverage	UNKNOWN STEP	2026-09-13T02:35:31.9404965Z   [137/166] L1545 caught: tests
refusal-coverage	UNKNOWN STEP	2026-09-13T02:35:33.7996940Z   [138/166] L1553 caught: tests
refusal-coverage	UNKNOWN STEP	2026-09-13T02:35:34.4208226Z   [139/166] L1559 caught: tests
refusal-coverage	UNKNOWN STEP	2026-09-13T02:35:36.2856354Z   [140/166] L1563 caught: tests
refusal-coverage	UNKNOWN STEP	2026-09-13T02:35:39.9100082Z   [141/166] L1568 caught: tests
refusal-coverage	UNKNOWN STEP	2026-09-13T02:35:41.5140016Z   [142/166] L1589 caught: tests
refusal-coverage	UNKNOWN STEP	2026-09-13T02:35:43.3945887Z   [143/166] L1593 caught: tests
refusal-coverage	UNKNOWN STEP	2026-09-13T02:35:45.3748954Z   [144/166] L1597 caught: tests
refusal-coverage	UNKNOWN STEP	2026-09-13T02:35:47.4239330Z   [145/166] L1604 caught: tests
refusal-coverage	UNKNOWN STEP	2026-09-13T02:35:49.3261949Z   [146/166] L1609 caught: tests
refusal-coverage	UNKNOWN STEP	2026-09-13T02:35:50.9724951Z   [147/166] L1620 caught: tests
refusal-coverage	UNKNOWN STEP	2026-09-13T02:35:52.6113004Z   [148/166] L1626 caught: tests
refusal-coverage	UNKNOWN STEP	2026-09-13T02:35:54.5353822Z   [149/166] L1633 caught: tests
refusal-coverage	UNKNOWN STEP	2026-09-13T02:35:56.4565139Z   [150/166] L1638 caught: tests
refusal-coverage	UNKNOWN STEP	2026-09-13T02:35:58.3774692Z   [151/166] L1645 caught: tests
refusal-coverage	UNKNOWN STEP	2026-09-13T02:36:02.0255369Z   [152/166] L1649 caught: tests
refusal-coverage	UNKNOWN STEP	2026-09-13T02:36:03.9699065Z   [153/166] L1656 caught: tests
refusal-coverage	UNKNOWN STEP	2026-09-13T02:36:07.6084002Z   [154/166] L1662 caught: tests
refusal-coverage	UNKNOWN STEP	2026-09-13T02:36:09.9317068Z   [155/166] L1686 caught: tests
refusal-coverage	UNKNOWN STEP	2026-09-13T02:36:12.2587203Z   [156/166] L1691 caught: tests
refusal-coverage	UNKNOWN STEP	2026-09-13T02:36:15.7829877Z   [157/166] L1694 caught: tests
refusal-coverage	UNKNOWN STEP	2026-09-13T02:36:21.1726605Z   [158/166] L1777 caught: sweep:tamper-summary-string
refusal-coverage	UNKNOWN STEP	2026-09-13T02:36:24.7193943Z   [159/166] L1795 caught: tests
refusal-coverage	UNKNOWN STEP	2026-09-13T02:36:28.1900396Z   [160/166] L1798 caught: tests
refusal-coverage	UNKNOWN STEP	2026-09-13T02:36:30.6569870Z   [161/166] L1837 caught: tests
refusal-coverage	UNKNOWN STEP	2026-09-13T02:36:32.4341635Z   [162/166] L1850 caught: tests
refusal-coverage	UNKNOWN STEP	2026-09-13T02:36:36.9917522Z   [163/166] L1858 caught: tests
refusal-coverage	UNKNOWN STEP	2026-09-13T02:36:41.5437118Z   [164/166] L1864 caught: tests
refusal-coverage	UNKNOWN STEP	2026-09-13T02:36:42.1538420Z   [165/166] L1880 caught: tests
refusal-coverage	UNKNOWN STEP	2026-09-13T02:36:46.6167683Z   [166/166] L1919 caught: tests
refusal-coverage	UNKNOWN STEP	2026-09-13T02:36:46.6174418Z 
refusal-coverage	UNKNOWN STEP	2026-09-13T02:36:46.6174930Z MUTATION SCORE: 166/166 = 1.000
refusal-coverage	UNKNOWN STEP	2026-09-13T02:36:46.6331585Z Node 20 is being deprecated. This workflow is running with Node 24 by default. If you need to temporarily use Node 20, you can set the ACTIONS_ALLOW_USE_UNSECURE_NODE_VERSION=true environment variable. For more information see: https://github.blog/changelog/2025-09-19-deprecation-of-node-20-on-github-actions-runners/
refusal-coverage	UNKNOWN STEP	2026-09-13T02:36:46.6332878Z Post job cleanup.
refusal-coverage	UNKNOWN STEP	2026-09-13T02:36:46.7241893Z [command]/usr/bin/git version
refusal-coverage	UNKNOWN STEP	2026-09-13T02:36:46.7306783Z git version 2.55.0
refusal-coverage	UNKNOWN STEP	2026-09-13T02:36:46.7359008Z Temporarily overriding HOME='/home/runner/work/_temp/6bc43e63-a54d-4d7e-8d7e-068ee4229b63' before making global git config changes
refusal-coverage	UNKNOWN STEP	2026-09-13T02:36:46.7360443Z Adding repository directory to the temporary git global config as a safe directory
refusal-coverage	UNKNOWN STEP	2026-09-13T02:36:46.7361970Z [command]/usr/bin/git config --global --add safe.directory /home/runner/work/vac-protocol/vac-protocol/_issuers/model-drift
refusal-coverage	UNKNOWN STEP	2026-09-13T02:36:46.7389453Z [command]/usr/bin/git config --local --name-only --get-regexp core\.sshCommand
refusal-coverage	UNKNOWN STEP	2026-09-13T02:36:46.7428810Z [command]/usr/bin/git submodule foreach --recursive sh -c "git config --local --name-only --get-regexp 'core\.sshCommand' && git config --local --unset-all 'core.sshCommand' || :"
refusal-coverage	UNKNOWN STEP	2026-09-13T02:36:46.7701759Z [command]/usr/bin/git config --local --name-only --get-regexp http\.https\:\/\/github\.com\/\.extraheader
refusal-coverage	UNKNOWN STEP	2026-09-13T02:36:46.7727143Z http.https://github.com/.extraheader
refusal-coverage	UNKNOWN STEP	2026-09-13T02:36:46.7740692Z [command]/usr/bin/git config --local --unset-all http.https://github.com/.extraheader
refusal-coverage	UNKNOWN STEP	2026-09-13T02:36:46.7775768Z [command]/usr/bin/git submodule foreach --recursive sh -c "git config --local --name-only --get-regexp 'http\.https\:\/\/github\.com\/\.extraheader' && git config --local --unset-all 'http.https://github.com/.extraheader' || :"
refusal-coverage	UNKNOWN STEP	2026-09-13T02:36:46.8039960Z [command]/usr/bin/git config --local --name-only --get-regexp ^includeIf\.gitdir:
refusal-coverage	UNKNOWN STEP	2026-09-13T02:36:46.8088982Z [command]/usr/bin/git submodule foreach --recursive git config --local --show-origin --name-only --get-regexp remote.origin.url
refusal-coverage	UNKNOWN STEP	2026-09-13T02:36:46.8591105Z Node 20 is being deprecated. This workflow is running with Node 24 by default. If you need to temporarily use Node 20, you can set the ACTIONS_ALLOW_USE_UNSECURE_NODE_VERSION=true environment variable. For more information see: https://github.blog/changelog/2025-09-19-deprecation-of-node-20-on-github-actions-runners/
refusal-coverage	UNKNOWN STEP	2026-09-13T02:36:46.8593249Z Post job cleanup.
refusal-coverage	UNKNOWN STEP	2026-09-13T02:36:46.9636398Z [command]/usr/bin/git version
refusal-coverage	UNKNOWN STEP	2026-09-13T02:36:46.9681254Z git version 2.55.0
refusal-coverage	UNKNOWN STEP	2026-09-13T02:36:46.9724140Z Temporarily overriding HOME='/home/runner/work/_temp/c327b2f9-fce1-4b34-9e89-8a657e666bbb' before making global git config changes
refusal-coverage	UNKNOWN STEP	2026-09-13T02:36:46.9725831Z Adding repository directory to the temporary git global config as a safe directory
refusal-coverage	UNKNOWN STEP	2026-09-13T02:36:46.9730562Z [command]/usr/bin/git config --global --add safe.directory /home/runner/work/vac-protocol/vac-protocol/_issuers/evalmut
refusal-coverage	UNKNOWN STEP	2026-09-13T02:36:46.9769112Z [command]/usr/bin/git config --local --name-only --get-regexp core\.sshCommand
refusal-coverage	UNKNOWN STEP	2026-09-13T02:36:46.9806511Z [command]/usr/bin/git submodule foreach --recursive sh -c "git config --local --name-only --get-regexp 'core\.sshCommand' && git config --local --unset-all 'core.sshCommand' || :"
refusal-coverage	UNKNOWN STEP	2026-09-13T02:36:47.0062914Z [command]/usr/bin/git config --local --name-only --get-regexp http\.https\:\/\/github\.com\/\.extraheader
refusal-coverage	UNKNOWN STEP	2026-09-13T02:36:47.0089499Z http.https://github.com/.extraheader
refusal-coverage	UNKNOWN STEP	2026-09-13T02:36:47.0104884Z [command]/usr/bin/git config --local --unset-all http.https://github.com/.extraheader
refusal-coverage	UNKNOWN STEP	2026-09-13T02:36:47.0158337Z [command]/usr/bin/git submodule foreach --recursive sh -c "git config --local --name-only --get-regexp 'http\.https\:\/\/github\.com\/\.extraheader' && git config --local --unset-all 'http.https://github.com/.extraheader' || :"
refusal-coverage	UNKNOWN STEP	2026-09-13T02:36:47.0456654Z [command]/usr/bin/git config --local --name-only --get-regexp ^includeIf\.gitdir:
refusal-coverage	UNKNOWN STEP	2026-09-13T02:36:47.0496109Z [command]/usr/bin/git submodule foreach --recursive git config --local --show-origin --name-only --get-regexp remote.origin.url
refusal-coverage	UNKNOWN STEP	2026-09-13T02:36:47.0910283Z Node 20 is being deprecated. This workflow is running with Node 24 by default. If you need to temporarily use Node 20, you can set the ACTIONS_ALLOW_USE_UNSECURE_NODE_VERSION=true environment variable. For more information see: https://github.blog/changelog/2025-09-19-deprecation-of-node-20-on-github-actions-runners/
refusal-coverage	UNKNOWN STEP	2026-09-13T02:36:47.0911537Z Post job cleanup.
refusal-coverage	UNKNOWN STEP	2026-09-13T02:36:47.1770384Z [command]/usr/bin/git version
refusal-coverage	UNKNOWN STEP	2026-09-13T02:36:47.1817707Z git version 2.55.0
refusal-coverage	UNKNOWN STEP	2026-09-13T02:36:47.1863645Z Temporarily overriding HOME='/home/runner/work/_temp/ed6939c3-1434-4a2b-b5f6-a3a07ff78906' before making global git config changes
refusal-coverage	UNKNOWN STEP	2026-09-13T02:36:47.1864775Z Adding repository directory to the temporary git global config as a safe directory
refusal-coverage	UNKNOWN STEP	2026-09-13T02:36:47.1869073Z [command]/usr/bin/git config --global --add safe.directory /home/runner/work/vac-protocol/vac-protocol/_issuers/crashkit
refusal-coverage	UNKNOWN STEP	2026-09-13T02:36:47.1910535Z [command]/usr/bin/git config --local --name-only --get-regexp core\.sshCommand
refusal-coverage	UNKNOWN STEP	2026-09-13T02:36:47.1948191Z [command]/usr/bin/git submodule foreach --recursive sh -c "git config --local --name-only --get-regexp 'core\.sshCommand' && git config --local --unset-all 'core.sshCommand' || :"
refusal-coverage	UNKNOWN STEP	2026-09-13T02:36:47.2199211Z [command]/usr/bin/git config --local --name-only --get-regexp http\.https\:\/\/github\.com\/\.extraheader
refusal-coverage	UNKNOWN STEP	2026-09-13T02:36:47.2224500Z http.https://github.com/.extraheader
refusal-coverage	UNKNOWN STEP	2026-09-13T02:36:47.2237841Z [command]/usr/bin/git config --local --unset-all http.https://github.com/.extraheader
refusal-coverage	UNKNOWN STEP	2026-09-13T02:36:47.2279023Z [command]/usr/bin/git submodule foreach --recursive sh -c "git config --local --name-only --get-regexp 'http\.https\:\/\/github\.com\/\.extraheader' && git config --local --unset-all 'http.https://github.com/.extraheader' || :"
refusal-coverage	UNKNOWN STEP	2026-09-13T02:36:47.2553466Z [command]/usr/bin/git config --local --name-only --get-regexp ^includeIf\.gitdir:
refusal-coverage	UNKNOWN STEP	2026-09-13T02:36:47.2597951Z [command]/usr/bin/git submodule foreach --recursive git config --local --show-origin --name-only --get-regexp remote.origin.url
refusal-coverage	UNKNOWN STEP	2026-09-13T02:36:47.3027004Z Node 20 is being deprecated. This workflow is running with Node 24 by default. If you need to temporarily use Node 20, you can set the ACTIONS_ALLOW_USE_UNSECURE_NODE_VERSION=true environment variable. For more information see: https://github.blog/changelog/2025-09-19-deprecation-of-node-20-on-github-actions-runners/
refusal-coverage	UNKNOWN STEP	2026-09-13T02:36:47.3029153Z Post job cleanup.
refusal-coverage	UNKNOWN STEP	2026-09-13T02:36:47.4284010Z (node:38541) [DEP0040] DeprecationWarning: The `punycode` module is deprecated. Please use a userland alternative instead.
refusal-coverage	UNKNOWN STEP	2026-09-13T02:36:47.4285295Z (Use `node --trace-deprecation ...` to show where the warning was created)
refusal-coverage	UNKNOWN STEP	2026-09-13T02:36:47.4453875Z Node 20 is being deprecated. This workflow is running with Node 24 by default. If you need to temporarily use Node 20, you can set the ACTIONS_ALLOW_USE_UNSECURE_NODE_VERSION=true environment variable. For more information see: https://github.blog/changelog/2025-09-19-deprecation-of-node-20-on-github-actions-runners/
refusal-coverage	UNKNOWN STEP	2026-09-13T02:36:47.4455125Z Post job cleanup.
refusal-coverage	UNKNOWN STEP	2026-09-13T02:36:47.5354854Z [command]/usr/bin/git version
refusal-coverage	UNKNOWN STEP	2026-09-13T02:36:47.5398774Z git version 2.55.0
refusal-coverage	UNKNOWN STEP	2026-09-13T02:36:47.5445022Z Temporarily overriding HOME='/home/runner/work/_temp/fa03645e-020d-490a-8f99-06f01fafe48a' before making global git config changes
refusal-coverage	UNKNOWN STEP	2026-09-13T02:36:47.5447016Z Adding repository directory to the temporary git global config as a safe directory
refusal-coverage	UNKNOWN STEP	2026-09-13T02:36:47.5451793Z [command]/usr/bin/git config --global --add safe.directory /home/runner/work/vac-protocol/vac-protocol
refusal-coverage	UNKNOWN STEP	2026-09-13T02:36:47.5498441Z [command]/usr/bin/git config --local --name-only --get-regexp core\.sshCommand
refusal-coverage	UNKNOWN STEP	2026-09-13T02:36:47.5546838Z [command]/usr/bin/git submodule foreach --recursive sh -c "git config --local --name-only --get-regexp 'core\.sshCommand' && git config --local --unset-all 'core.sshCommand' || :"
refusal-coverage	UNKNOWN STEP	2026-09-13T02:36:47.5801825Z [command]/usr/bin/git config --local --name-only --get-regexp http\.https\:\/\/github\.com\/\.extraheader
refusal-coverage	UNKNOWN STEP	2026-09-13T02:36:47.5828232Z http.https://github.com/.extraheader
refusal-coverage	UNKNOWN STEP	2026-09-13T02:36:47.5838960Z [command]/usr/bin/git config --local --unset-all http.https://github.com/.extraheader
refusal-coverage	UNKNOWN STEP	2026-09-13T02:36:47.5878852Z [command]/usr/bin/git submodule foreach --recursive sh -c "git config --local --name-only --get-regexp 'http\.https\:\/\/github\.com\/\.extraheader' && git config --local --unset-all 'http.https://github.com/.extraheader' || :"
refusal-coverage	UNKNOWN STEP	2026-09-13T02:36:47.6160068Z [command]/usr/bin/git config --local --name-only --get-regexp ^includeIf\.gitdir:
refusal-coverage	UNKNOWN STEP	2026-09-13T02:36:47.6201798Z [command]/usr/bin/git submodule foreach --recursive git config --local --show-origin --name-only --get-regexp remote.origin.url
refusal-coverage	UNKNOWN STEP	2026-09-13T02:36:47.6614848Z Cleaning up orphan processes
refusal-coverage	UNKNOWN STEP	2026-09-13T02:36:47.6907474Z ##[warning]Node.js 20 is deprecated. The following actions target Node.js 20 but are being forced to run on Node.js 24: actions/checkout@v4, actions/setup-python@v5. For more information see: https://github.blog/changelog/2025-09-19-deprecation-of-node-20-on-github-actions-runners/
