refusal-coverage	UNKNOWN STEP	﻿2026-09-17T18:56:10.7661774Z Current runner version: '2.337.0'
refusal-coverage	UNKNOWN STEP	2026-09-17T18:56:10.7681329Z ##[group]Runner Image Provisioner
refusal-coverage	UNKNOWN STEP	2026-09-17T18:56:10.7682125Z Hosted Compute Agent
refusal-coverage	UNKNOWN STEP	2026-09-17T18:56:10.7682642Z Version: 20260828.587
refusal-coverage	UNKNOWN STEP	2026-09-17T18:56:10.7683148Z Commit: abac92662cab4cc7352de4f9f9d2e2419aad9c29
refusal-coverage	UNKNOWN STEP	2026-09-17T18:56:10.7683795Z Build Date: 2026-08-28T16:44:25Z
refusal-coverage	UNKNOWN STEP	2026-09-17T18:56:10.7684392Z Worker ID: {a76608cb-f209-44fd-9faa-b829c304b055}
refusal-coverage	UNKNOWN STEP	2026-09-17T18:56:10.7684990Z Azure Region: westus
refusal-coverage	UNKNOWN STEP	2026-09-17T18:56:10.7685490Z ##[endgroup]
refusal-coverage	UNKNOWN STEP	2026-09-17T18:56:10.7686545Z ##[group]Operating System
refusal-coverage	UNKNOWN STEP	2026-09-17T18:56:10.7687391Z Ubuntu
refusal-coverage	UNKNOWN STEP	2026-09-17T18:56:10.7687872Z 24.04.5
refusal-coverage	UNKNOWN STEP	2026-09-17T18:56:10.7688316Z LTS
refusal-coverage	UNKNOWN STEP	2026-09-17T18:56:10.7688785Z ##[endgroup]
refusal-coverage	UNKNOWN STEP	2026-09-17T18:56:10.7689236Z ##[group]Runner Image
refusal-coverage	UNKNOWN STEP	2026-09-17T18:56:10.7689877Z Image: ubuntu-24.04
refusal-coverage	UNKNOWN STEP	2026-09-17T18:56:10.7690341Z Version: 20260907.300.1
refusal-coverage	UNKNOWN STEP	2026-09-17T18:56:10.7691413Z Included Software: https://github.com/actions/runner-images/blob/ubuntu24/20260907.300/images/ubuntu/Ubuntu2404-Readme.md
refusal-coverage	UNKNOWN STEP	2026-09-17T18:56:10.7692628Z Image Release: https://github.com/actions/runner-images/releases/tag/ubuntu24%2F20260907.300
refusal-coverage	UNKNOWN STEP	2026-09-17T18:56:10.7693451Z ##[endgroup]
refusal-coverage	UNKNOWN STEP	2026-09-17T18:56:10.7694417Z ##[group]GITHUB_TOKEN Permissions
refusal-coverage	UNKNOWN STEP	2026-09-17T18:56:10.7696002Z Contents: read
refusal-coverage	UNKNOWN STEP	2026-09-17T18:56:10.7696487Z Metadata: read
refusal-coverage	UNKNOWN STEP	2026-09-17T18:56:10.7696926Z Packages: read
refusal-coverage	UNKNOWN STEP	2026-09-17T18:56:10.7697488Z ##[endgroup]
refusal-coverage	UNKNOWN STEP	2026-09-17T18:56:10.7699158Z Secret source: Actions
refusal-coverage	UNKNOWN STEP	2026-09-17T18:56:10.7700319Z Cache mode: write
refusal-coverage	UNKNOWN STEP	2026-09-17T18:56:10.7700881Z Prepare workflow directory
refusal-coverage	UNKNOWN STEP	2026-09-17T18:56:10.7959686Z Prepare all required actions
refusal-coverage	UNKNOWN STEP	2026-09-17T18:56:10.7998106Z Getting action download info
refusal-coverage	UNKNOWN STEP	2026-09-17T18:56:11.1477419Z Download action repository 'actions/checkout@v4' (SHA:11d5960a326750d5838078e36cf38b85af677262)
refusal-coverage	UNKNOWN STEP	2026-09-17T18:56:11.2692508Z Download action repository 'actions/setup-python@v5' (SHA:a26af69be951a213d495a4c3e4e4022e16d87065)
refusal-coverage	UNKNOWN STEP	2026-09-17T18:56:11.4777950Z Complete job name: refusal-coverage
refusal-coverage	UNKNOWN STEP	2026-09-17T18:56:11.5412553Z Node 20 is being deprecated. This workflow is running with Node 24 by default. If you need to temporarily use Node 20, you can set the ACTIONS_ALLOW_USE_UNSECURE_NODE_VERSION=true environment variable. For more information see: https://github.blog/changelog/2025-09-19-deprecation-of-node-20-on-github-actions-runners/
refusal-coverage	UNKNOWN STEP	2026-09-17T18:56:11.5419273Z ##[group]Run actions/checkout@v4
refusal-coverage	UNKNOWN STEP	2026-09-17T18:56:11.5420057Z with:
refusal-coverage	UNKNOWN STEP	2026-09-17T18:56:11.5420418Z   repository: egnaro9/vac-protocol
refusal-coverage	UNKNOWN STEP	2026-09-17T18:56:11.5423656Z   token: ***
refusal-coverage	UNKNOWN STEP	2026-09-17T18:56:11.5424001Z   ssh-strict: true
refusal-coverage	UNKNOWN STEP	2026-09-17T18:56:11.5424347Z   ssh-user: git
refusal-coverage	UNKNOWN STEP	2026-09-17T18:56:11.5424695Z   persist-credentials: true
refusal-coverage	UNKNOWN STEP	2026-09-17T18:56:11.5425070Z   clean: true
refusal-coverage	UNKNOWN STEP	2026-09-17T18:56:11.5425413Z   sparse-checkout-cone-mode: true
refusal-coverage	UNKNOWN STEP	2026-09-17T18:56:11.5425815Z   fetch-depth: 1
refusal-coverage	UNKNOWN STEP	2026-09-17T18:56:11.5426148Z   fetch-tags: false
refusal-coverage	UNKNOWN STEP	2026-09-17T18:56:11.5426487Z   show-progress: true
refusal-coverage	UNKNOWN STEP	2026-09-17T18:56:11.5426829Z   lfs: false
refusal-coverage	UNKNOWN STEP	2026-09-17T18:56:11.5427196Z   submodules: false
refusal-coverage	UNKNOWN STEP	2026-09-17T18:56:11.5427555Z   set-safe-directory: true
refusal-coverage	UNKNOWN STEP	2026-09-17T18:56:11.5427946Z   allow-unsafe-pr-checkout: false
refusal-coverage	UNKNOWN STEP	2026-09-17T18:56:11.5428536Z ##[endgroup]
refusal-coverage	UNKNOWN STEP	2026-09-17T18:56:11.6206664Z Syncing repository: egnaro9/vac-protocol
refusal-coverage	UNKNOWN STEP	2026-09-17T18:56:11.6209081Z ##[group]Getting Git version info
refusal-coverage	UNKNOWN STEP	2026-09-17T18:56:11.6210231Z Working directory is '/home/runner/work/vac-protocol/vac-protocol'
refusal-coverage	UNKNOWN STEP	2026-09-17T18:56:11.6211618Z [command]/usr/bin/git version
refusal-coverage	UNKNOWN STEP	2026-09-17T18:56:11.6259951Z git version 2.55.0
refusal-coverage	UNKNOWN STEP	2026-09-17T18:56:11.6276139Z ##[endgroup]
refusal-coverage	UNKNOWN STEP	2026-09-17T18:56:11.6289153Z Temporarily overriding HOME='/home/runner/work/_temp/1289af72-c289-4f74-aeb8-e5fa85a44f37' before making global git config changes
refusal-coverage	UNKNOWN STEP	2026-09-17T18:56:11.6290914Z Adding repository directory to the temporary git global config as a safe directory
refusal-coverage	UNKNOWN STEP	2026-09-17T18:56:11.6293265Z [command]/usr/bin/git config --global --add safe.directory /home/runner/work/vac-protocol/vac-protocol
refusal-coverage	UNKNOWN STEP	2026-09-17T18:56:11.6343831Z Deleting the contents of '/home/runner/work/vac-protocol/vac-protocol'
refusal-coverage	UNKNOWN STEP	2026-09-17T18:56:11.6348768Z ##[group]Initializing the repository
refusal-coverage	UNKNOWN STEP	2026-09-17T18:56:11.6351304Z [command]/usr/bin/git init /home/runner/work/vac-protocol/vac-protocol
refusal-coverage	UNKNOWN STEP	2026-09-17T18:56:11.6440518Z hint: Using 'master' as the name for the initial branch. This default branch name
refusal-coverage	UNKNOWN STEP	2026-09-17T18:56:11.6441784Z hint: will change to "main" in Git 3.0. To configure the initial branch name
refusal-coverage	UNKNOWN STEP	2026-09-17T18:56:11.6442945Z hint: to use in all of your new repositories, which will suppress this warning,
refusal-coverage	UNKNOWN STEP	2026-09-17T18:56:11.6443827Z hint: call:
refusal-coverage	UNKNOWN STEP	2026-09-17T18:56:11.6444306Z hint:
refusal-coverage	UNKNOWN STEP	2026-09-17T18:56:11.6444911Z hint: 	git config --global init.defaultBranch <name>
refusal-coverage	UNKNOWN STEP	2026-09-17T18:56:11.6445665Z hint:
refusal-coverage	UNKNOWN STEP	2026-09-17T18:56:11.6446367Z hint: Names commonly chosen instead of 'master' are 'main', 'trunk' and
refusal-coverage	UNKNOWN STEP	2026-09-17T18:56:11.6447505Z hint: 'development'. The just-created branch can be renamed via this command:
refusal-coverage	UNKNOWN STEP	2026-09-17T18:56:11.6448394Z hint:
refusal-coverage	UNKNOWN STEP	2026-09-17T18:56:11.6448872Z hint: 	git branch -m <name>
refusal-coverage	UNKNOWN STEP	2026-09-17T18:56:11.6449573Z hint:
refusal-coverage	UNKNOWN STEP	2026-09-17T18:56:11.6450354Z hint: Disable this message with "git config set advice.defaultBranchName false"
refusal-coverage	UNKNOWN STEP	2026-09-17T18:56:11.6455547Z Initialized empty Git repository in /home/runner/work/vac-protocol/vac-protocol/.git/
refusal-coverage	UNKNOWN STEP	2026-09-17T18:56:11.6462367Z [command]/usr/bin/git remote add origin https://github.com/egnaro9/vac-protocol
refusal-coverage	UNKNOWN STEP	2026-09-17T18:56:11.6505225Z ##[endgroup]
refusal-coverage	UNKNOWN STEP	2026-09-17T18:56:11.6506140Z ##[group]Disabling automatic garbage collection
refusal-coverage	UNKNOWN STEP	2026-09-17T18:56:11.6508465Z [command]/usr/bin/git config --local gc.auto 0
refusal-coverage	UNKNOWN STEP	2026-09-17T18:56:11.6534463Z ##[endgroup]
refusal-coverage	UNKNOWN STEP	2026-09-17T18:56:11.6535307Z ##[group]Setting up auth
refusal-coverage	UNKNOWN STEP	2026-09-17T18:56:11.6540163Z [command]/usr/bin/git config --local --name-only --get-regexp core\.sshCommand
refusal-coverage	UNKNOWN STEP	2026-09-17T18:56:11.6566162Z [command]/usr/bin/git submodule foreach --recursive sh -c "git config --local --name-only --get-regexp 'core\.sshCommand' && git config --local --unset-all 'core.sshCommand' || :"
refusal-coverage	UNKNOWN STEP	2026-09-17T18:56:11.6877673Z [command]/usr/bin/git config --local --name-only --get-regexp http\.https\:\/\/github\.com\/\.extraheader
refusal-coverage	UNKNOWN STEP	2026-09-17T18:56:11.6910473Z [command]/usr/bin/git submodule foreach --recursive sh -c "git config --local --name-only --get-regexp 'http\.https\:\/\/github\.com\/\.extraheader' && git config --local --unset-all 'http.https://github.com/.extraheader' || :"
refusal-coverage	UNKNOWN STEP	2026-09-17T18:56:11.7100555Z [command]/usr/bin/git config --local --name-only --get-regexp ^includeIf\.gitdir:
refusal-coverage	UNKNOWN STEP	2026-09-17T18:56:11.7130259Z [command]/usr/bin/git submodule foreach --recursive git config --local --show-origin --name-only --get-regexp remote.origin.url
refusal-coverage	UNKNOWN STEP	2026-09-17T18:56:11.7320036Z [command]/usr/bin/git config --local http.https://github.com/.extraheader AUTHORIZATION: basic ***
refusal-coverage	UNKNOWN STEP	2026-09-17T18:56:11.7491993Z ##[endgroup]
refusal-coverage	UNKNOWN STEP	2026-09-17T18:56:11.7492665Z ##[group]Fetching the repository
refusal-coverage	UNKNOWN STEP	2026-09-17T18:56:11.7499324Z [command]/usr/bin/git -c protocol.version=2 fetch --no-tags --prune --no-recurse-submodules --depth=1 origin +c4410114a470d2aca19b9f277efc3895a87a0d80:refs/remotes/origin/main
refusal-coverage	UNKNOWN STEP	2026-09-17T18:56:12.3920538Z From https://github.com/egnaro9/vac-protocol
refusal-coverage	UNKNOWN STEP	2026-09-17T18:56:12.3921605Z  * [new ref]         c4410114a470d2aca19b9f277efc3895a87a0d80 -> origin/main
refusal-coverage	UNKNOWN STEP	2026-09-17T18:56:12.3923773Z ##[endgroup]
refusal-coverage	UNKNOWN STEP	2026-09-17T18:56:12.3924644Z ##[group]Determining the checkout info
refusal-coverage	UNKNOWN STEP	2026-09-17T18:56:12.3925840Z ##[endgroup]
refusal-coverage	UNKNOWN STEP	2026-09-17T18:56:12.3931308Z [command]/usr/bin/git sparse-checkout disable
refusal-coverage	UNKNOWN STEP	2026-09-17T18:56:12.4200260Z [command]/usr/bin/git config --local --unset-all extensions.worktreeConfig
refusal-coverage	UNKNOWN STEP	2026-09-17T18:56:12.4277600Z ##[group]Checking out the ref
refusal-coverage	UNKNOWN STEP	2026-09-17T18:56:12.4278348Z [command]/usr/bin/git checkout --progress --force -B main refs/remotes/origin/main
refusal-coverage	UNKNOWN STEP	2026-09-17T18:56:12.4487460Z Switched to a new branch 'main'
refusal-coverage	UNKNOWN STEP	2026-09-17T18:56:12.4490796Z branch 'main' set up to track 'origin/main'.
refusal-coverage	UNKNOWN STEP	2026-09-17T18:56:12.4496359Z ##[endgroup]
refusal-coverage	UNKNOWN STEP	2026-09-17T18:56:12.4533208Z [command]/usr/bin/git log -1 --format=%H
refusal-coverage	UNKNOWN STEP	2026-09-17T18:56:12.4555594Z c4410114a470d2aca19b9f277efc3895a87a0d80
refusal-coverage	UNKNOWN STEP	2026-09-17T18:56:12.4914562Z Node 20 is being deprecated. This workflow is running with Node 24 by default. If you need to temporarily use Node 20, you can set the ACTIONS_ALLOW_USE_UNSECURE_NODE_VERSION=true environment variable. For more information see: https://github.blog/changelog/2025-09-19-deprecation-of-node-20-on-github-actions-runners/
refusal-coverage	UNKNOWN STEP	2026-09-17T18:56:12.4919727Z ##[group]Run actions/setup-python@v5
refusal-coverage	UNKNOWN STEP	2026-09-17T18:56:12.4920972Z with:
refusal-coverage	UNKNOWN STEP	2026-09-17T18:56:12.4921970Z   python-version: 3.12
refusal-coverage	UNKNOWN STEP	2026-09-17T18:56:12.4923092Z   check-latest: false
refusal-coverage	UNKNOWN STEP	2026-09-17T18:56:12.4932042Z   token: ***
refusal-coverage	UNKNOWN STEP	2026-09-17T18:56:12.4933099Z   update-environment: true
refusal-coverage	UNKNOWN STEP	2026-09-17T18:56:12.4934281Z   allow-prereleases: false
refusal-coverage	UNKNOWN STEP	2026-09-17T18:56:12.4935456Z   freethreaded: false
refusal-coverage	UNKNOWN STEP	2026-09-17T18:56:12.4936533Z ##[endgroup]
refusal-coverage	UNKNOWN STEP	2026-09-17T18:56:12.5992137Z ##[group]Installed versions
refusal-coverage	UNKNOWN STEP	2026-09-17T18:56:12.6078883Z (node:2032) [DEP0040] DeprecationWarning: The `punycode` module is deprecated. Please use a userland alternative instead.
refusal-coverage	UNKNOWN STEP	2026-09-17T18:56:12.6082110Z (Use `node --trace-deprecation ...` to show where the warning was created)
refusal-coverage	UNKNOWN STEP	2026-09-17T18:56:12.6083692Z Successfully set up CPython (3.12.14)
refusal-coverage	UNKNOWN STEP	2026-09-17T18:56:12.6085350Z ##[endgroup]
refusal-coverage	UNKNOWN STEP	2026-09-17T18:56:12.6426934Z Node 20 is being deprecated. This workflow is running with Node 24 by default. If you need to temporarily use Node 20, you can set the ACTIONS_ALLOW_USE_UNSECURE_NODE_VERSION=true environment variable. For more information see: https://github.blog/changelog/2025-09-19-deprecation-of-node-20-on-github-actions-runners/
refusal-coverage	UNKNOWN STEP	2026-09-17T18:56:12.6430664Z ##[group]Run actions/checkout@v4
refusal-coverage	UNKNOWN STEP	2026-09-17T18:56:12.6431450Z with:
refusal-coverage	UNKNOWN STEP	2026-09-17T18:56:12.6432080Z   repository: egnaro9/crashkit
refusal-coverage	UNKNOWN STEP	2026-09-17T18:56:12.6432870Z   path: _issuers/crashkit
refusal-coverage	UNKNOWN STEP	2026-09-17T18:56:12.6440316Z   token: ***
refusal-coverage	UNKNOWN STEP	2026-09-17T18:56:12.6440951Z   ssh-strict: true
refusal-coverage	UNKNOWN STEP	2026-09-17T18:56:12.6441651Z   ssh-user: git
refusal-coverage	UNKNOWN STEP	2026-09-17T18:56:12.6442336Z   persist-credentials: true
refusal-coverage	UNKNOWN STEP	2026-09-17T18:56:12.6443076Z   clean: true
refusal-coverage	UNKNOWN STEP	2026-09-17T18:56:12.6443739Z   sparse-checkout-cone-mode: true
refusal-coverage	UNKNOWN STEP	2026-09-17T18:56:12.6444569Z   fetch-depth: 1
refusal-coverage	UNKNOWN STEP	2026-09-17T18:56:12.6445206Z   fetch-tags: false
refusal-coverage	UNKNOWN STEP	2026-09-17T18:56:12.6445878Z   show-progress: true
refusal-coverage	UNKNOWN STEP	2026-09-17T18:56:12.6446599Z   lfs: false
refusal-coverage	UNKNOWN STEP	2026-09-17T18:56:12.6447219Z   submodules: false
refusal-coverage	UNKNOWN STEP	2026-09-17T18:56:12.6447905Z   set-safe-directory: true
refusal-coverage	UNKNOWN STEP	2026-09-17T18:56:12.6448679Z   allow-unsafe-pr-checkout: false
refusal-coverage	UNKNOWN STEP	2026-09-17T18:56:12.6449584Z env:
refusal-coverage	UNKNOWN STEP	2026-09-17T18:56:12.6450387Z   pythonLocation: /opt/hostedtoolcache/Python/3.12.14/x64
refusal-coverage	UNKNOWN STEP	2026-09-17T18:56:12.6451696Z   PKG_CONFIG_PATH: /opt/hostedtoolcache/Python/3.12.14/x64/lib/pkgconfig
refusal-coverage	UNKNOWN STEP	2026-09-17T18:56:12.6452995Z   Python_ROOT_DIR: /opt/hostedtoolcache/Python/3.12.14/x64
refusal-coverage	UNKNOWN STEP	2026-09-17T18:56:12.6454168Z   Python2_ROOT_DIR: /opt/hostedtoolcache/Python/3.12.14/x64
refusal-coverage	UNKNOWN STEP	2026-09-17T18:56:12.6455350Z   Python3_ROOT_DIR: /opt/hostedtoolcache/Python/3.12.14/x64
refusal-coverage	UNKNOWN STEP	2026-09-17T18:56:12.6456570Z   LD_LIBRARY_PATH: /opt/hostedtoolcache/Python/3.12.14/x64/lib
refusal-coverage	UNKNOWN STEP	2026-09-17T18:56:12.6457566Z ##[endgroup]
refusal-coverage	UNKNOWN STEP	2026-09-17T18:56:12.7155126Z Syncing repository: egnaro9/crashkit
refusal-coverage	UNKNOWN STEP	2026-09-17T18:56:12.7157041Z ##[group]Getting Git version info
refusal-coverage	UNKNOWN STEP	2026-09-17T18:56:12.7158698Z Working directory is '/home/runner/work/vac-protocol/vac-protocol/_issuers/crashkit'
refusal-coverage	UNKNOWN STEP	2026-09-17T18:56:12.7181392Z [command]/usr/bin/git version
refusal-coverage	UNKNOWN STEP	2026-09-17T18:56:12.7215881Z git version 2.55.0
refusal-coverage	UNKNOWN STEP	2026-09-17T18:56:12.7234074Z ##[endgroup]
refusal-coverage	UNKNOWN STEP	2026-09-17T18:56:12.7254014Z Temporarily overriding HOME='/home/runner/work/_temp/49a24d3d-adc1-481a-a7ec-e406bb372f25' before making global git config changes
refusal-coverage	UNKNOWN STEP	2026-09-17T18:56:12.7257450Z Adding repository directory to the temporary git global config as a safe directory
refusal-coverage	UNKNOWN STEP	2026-09-17T18:56:12.7260753Z [command]/usr/bin/git config --global --add safe.directory /home/runner/work/vac-protocol/vac-protocol/_issuers/crashkit
refusal-coverage	UNKNOWN STEP	2026-09-17T18:56:12.7276863Z ##[group]Initializing the repository
refusal-coverage	UNKNOWN STEP	2026-09-17T18:56:12.7280213Z [command]/usr/bin/git init /home/runner/work/vac-protocol/vac-protocol/_issuers/crashkit
refusal-coverage	UNKNOWN STEP	2026-09-17T18:56:12.7313381Z hint: Using 'master' as the name for the initial branch. This default branch name
refusal-coverage	UNKNOWN STEP	2026-09-17T18:56:12.7316262Z hint: will change to "main" in Git 3.0. To configure the initial branch name
refusal-coverage	UNKNOWN STEP	2026-09-17T18:56:12.7318762Z hint: to use in all of your new repositories, which will suppress this warning,
refusal-coverage	UNKNOWN STEP	2026-09-17T18:56:12.7320882Z hint: call:
refusal-coverage	UNKNOWN STEP	2026-09-17T18:56:12.7322575Z hint:
refusal-coverage	UNKNOWN STEP	2026-09-17T18:56:12.7323980Z hint: 	git config --global init.defaultBranch <name>
refusal-coverage	UNKNOWN STEP	2026-09-17T18:56:12.7325323Z hint:
refusal-coverage	UNKNOWN STEP	2026-09-17T18:56:12.7326812Z hint: Names commonly chosen instead of 'master' are 'main', 'trunk' and
refusal-coverage	UNKNOWN STEP	2026-09-17T18:56:12.7329200Z hint: 'development'. The just-created branch can be renamed via this command:
refusal-coverage	UNKNOWN STEP	2026-09-17T18:56:12.7331251Z hint:
refusal-coverage	UNKNOWN STEP	2026-09-17T18:56:12.7332440Z hint: 	git branch -m <name>
refusal-coverage	UNKNOWN STEP	2026-09-17T18:56:12.7333659Z hint:
refusal-coverage	UNKNOWN STEP	2026-09-17T18:56:12.7335261Z hint: Disable this message with "git config set advice.defaultBranchName false"
refusal-coverage	UNKNOWN STEP	2026-09-17T18:56:12.7338159Z Initialized empty Git repository in /home/runner/work/vac-protocol/vac-protocol/_issuers/crashkit/.git/
refusal-coverage	UNKNOWN STEP	2026-09-17T18:56:12.7343124Z [command]/usr/bin/git remote add origin https://github.com/egnaro9/crashkit
refusal-coverage	UNKNOWN STEP	2026-09-17T18:56:12.7354194Z ##[endgroup]
refusal-coverage	UNKNOWN STEP	2026-09-17T18:56:12.7357301Z ##[group]Disabling automatic garbage collection
refusal-coverage	UNKNOWN STEP	2026-09-17T18:56:12.7359002Z [command]/usr/bin/git config --local gc.auto 0
refusal-coverage	UNKNOWN STEP	2026-09-17T18:56:12.7384033Z ##[endgroup]
refusal-coverage	UNKNOWN STEP	2026-09-17T18:56:12.7385680Z ##[group]Setting up auth
refusal-coverage	UNKNOWN STEP	2026-09-17T18:56:12.7389302Z [command]/usr/bin/git config --local --name-only --get-regexp core\.sshCommand
refusal-coverage	UNKNOWN STEP	2026-09-17T18:56:12.7420543Z [command]/usr/bin/git submodule foreach --recursive sh -c "git config --local --name-only --get-regexp 'core\.sshCommand' && git config --local --unset-all 'core.sshCommand' || :"
refusal-coverage	UNKNOWN STEP	2026-09-17T18:56:12.7634280Z [command]/usr/bin/git config --local --name-only --get-regexp http\.https\:\/\/github\.com\/\.extraheader
refusal-coverage	UNKNOWN STEP	2026-09-17T18:56:12.7674170Z [command]/usr/bin/git submodule foreach --recursive sh -c "git config --local --name-only --get-regexp 'http\.https\:\/\/github\.com\/\.extraheader' && git config --local --unset-all 'http.https://github.com/.extraheader' || :"
refusal-coverage	UNKNOWN STEP	2026-09-17T18:56:12.7876803Z [command]/usr/bin/git config --local --name-only --get-regexp ^includeIf\.gitdir:
refusal-coverage	UNKNOWN STEP	2026-09-17T18:56:12.7908450Z [command]/usr/bin/git submodule foreach --recursive git config --local --show-origin --name-only --get-regexp remote.origin.url
refusal-coverage	UNKNOWN STEP	2026-09-17T18:56:12.8112277Z [command]/usr/bin/git config --local http.https://github.com/.extraheader AUTHORIZATION: basic ***
refusal-coverage	UNKNOWN STEP	2026-09-17T18:56:12.8143881Z ##[endgroup]
refusal-coverage	UNKNOWN STEP	2026-09-17T18:56:12.8145061Z ##[group]Determining the default branch
refusal-coverage	UNKNOWN STEP	2026-09-17T18:56:12.8146410Z Retrieving the default branch name
refusal-coverage	UNKNOWN STEP	2026-09-17T18:56:13.1168509Z Default branch 'main'
refusal-coverage	UNKNOWN STEP	2026-09-17T18:56:13.1170183Z ##[endgroup]
refusal-coverage	UNKNOWN STEP	2026-09-17T18:56:13.1170665Z ##[group]Fetching the repository
refusal-coverage	UNKNOWN STEP	2026-09-17T18:56:13.1174641Z [command]/usr/bin/git -c protocol.version=2 fetch --no-tags --prune --no-recurse-submodules --depth=1 origin +refs/heads/main:refs/remotes/origin/main
refusal-coverage	UNKNOWN STEP	2026-09-17T18:56:14.5321073Z From https://github.com/egnaro9/crashkit
refusal-coverage	UNKNOWN STEP	2026-09-17T18:56:14.5321689Z  * [new branch]      main       -> origin/main
refusal-coverage	UNKNOWN STEP	2026-09-17T18:56:14.5324534Z ##[endgroup]
refusal-coverage	UNKNOWN STEP	2026-09-17T18:56:14.5325063Z ##[group]Determining the checkout info
refusal-coverage	UNKNOWN STEP	2026-09-17T18:56:14.5326297Z ##[endgroup]
refusal-coverage	UNKNOWN STEP	2026-09-17T18:56:14.5330974Z [command]/usr/bin/git sparse-checkout disable
refusal-coverage	UNKNOWN STEP	2026-09-17T18:56:14.5370551Z [command]/usr/bin/git config --local --unset-all extensions.worktreeConfig
refusal-coverage	UNKNOWN STEP	2026-09-17T18:56:14.5399154Z ##[group]Checking out the ref
refusal-coverage	UNKNOWN STEP	2026-09-17T18:56:14.5402884Z [command]/usr/bin/git checkout --progress --force -B main refs/remotes/origin/main
refusal-coverage	UNKNOWN STEP	2026-09-17T18:56:14.5498042Z Switched to a new branch 'main'
refusal-coverage	UNKNOWN STEP	2026-09-17T18:56:14.5500172Z branch 'main' set up to track 'origin/main'.
refusal-coverage	UNKNOWN STEP	2026-09-17T18:56:14.5504449Z ##[endgroup]
refusal-coverage	UNKNOWN STEP	2026-09-17T18:56:14.5540637Z [command]/usr/bin/git log -1 --format=%H
refusal-coverage	UNKNOWN STEP	2026-09-17T18:56:14.5567186Z 8553797083b2f0032ff5ac7315b51ddda84678ba
refusal-coverage	UNKNOWN STEP	2026-09-17T18:56:14.5742326Z Node 20 is being deprecated. This workflow is running with Node 24 by default. If you need to temporarily use Node 20, you can set the ACTIONS_ALLOW_USE_UNSECURE_NODE_VERSION=true environment variable. For more information see: https://github.blog/changelog/2025-09-19-deprecation-of-node-20-on-github-actions-runners/
refusal-coverage	UNKNOWN STEP	2026-09-17T18:56:14.5743399Z ##[group]Run actions/checkout@v4
refusal-coverage	UNKNOWN STEP	2026-09-17T18:56:14.5743602Z with:
refusal-coverage	UNKNOWN STEP	2026-09-17T18:56:14.5743772Z   repository: egnaro9/evalmut
refusal-coverage	UNKNOWN STEP	2026-09-17T18:56:14.5743975Z   path: _issuers/evalmut
refusal-coverage	UNKNOWN STEP	2026-09-17T18:56:14.5746839Z   token: ***
refusal-coverage	UNKNOWN STEP	2026-09-17T18:56:14.5747032Z   ssh-strict: true
refusal-coverage	UNKNOWN STEP	2026-09-17T18:56:14.5747209Z   ssh-user: git
refusal-coverage	UNKNOWN STEP	2026-09-17T18:56:14.5747392Z   persist-credentials: true
refusal-coverage	UNKNOWN STEP	2026-09-17T18:56:14.5747588Z   clean: true
refusal-coverage	UNKNOWN STEP	2026-09-17T18:56:14.5747771Z   sparse-checkout-cone-mode: true
refusal-coverage	UNKNOWN STEP	2026-09-17T18:56:14.5747988Z   fetch-depth: 1
refusal-coverage	UNKNOWN STEP	2026-09-17T18:56:14.5748158Z   fetch-tags: false
refusal-coverage	UNKNOWN STEP	2026-09-17T18:56:14.5748333Z   show-progress: true
refusal-coverage	UNKNOWN STEP	2026-09-17T18:56:14.5748554Z   lfs: false
refusal-coverage	UNKNOWN STEP	2026-09-17T18:56:14.5748745Z   submodules: false
refusal-coverage	UNKNOWN STEP	2026-09-17T18:56:14.5748946Z   set-safe-directory: true
refusal-coverage	UNKNOWN STEP	2026-09-17T18:56:14.5749156Z   allow-unsafe-pr-checkout: false
refusal-coverage	UNKNOWN STEP	2026-09-17T18:56:14.5749362Z env:
refusal-coverage	UNKNOWN STEP	2026-09-17T18:56:14.5749782Z   pythonLocation: /opt/hostedtoolcache/Python/3.12.14/x64
refusal-coverage	UNKNOWN STEP	2026-09-17T18:56:14.5750124Z   PKG_CONFIG_PATH: /opt/hostedtoolcache/Python/3.12.14/x64/lib/pkgconfig
refusal-coverage	UNKNOWN STEP	2026-09-17T18:56:14.5750460Z   Python_ROOT_DIR: /opt/hostedtoolcache/Python/3.12.14/x64
refusal-coverage	UNKNOWN STEP	2026-09-17T18:56:14.5750773Z   Python2_ROOT_DIR: /opt/hostedtoolcache/Python/3.12.14/x64
refusal-coverage	UNKNOWN STEP	2026-09-17T18:56:14.5751070Z   Python3_ROOT_DIR: /opt/hostedtoolcache/Python/3.12.14/x64
refusal-coverage	UNKNOWN STEP	2026-09-17T18:56:14.5751368Z   LD_LIBRARY_PATH: /opt/hostedtoolcache/Python/3.12.14/x64/lib
refusal-coverage	UNKNOWN STEP	2026-09-17T18:56:14.5751630Z ##[endgroup]
refusal-coverage	UNKNOWN STEP	2026-09-17T18:56:14.6444585Z Syncing repository: egnaro9/evalmut
refusal-coverage	UNKNOWN STEP	2026-09-17T18:56:14.6445252Z ##[group]Getting Git version info
refusal-coverage	UNKNOWN STEP	2026-09-17T18:56:14.6445859Z Working directory is '/home/runner/work/vac-protocol/vac-protocol/_issuers/evalmut'
refusal-coverage	UNKNOWN STEP	2026-09-17T18:56:14.6473992Z [command]/usr/bin/git version
refusal-coverage	UNKNOWN STEP	2026-09-17T18:56:14.6509594Z git version 2.55.0
refusal-coverage	UNKNOWN STEP	2026-09-17T18:56:14.6525175Z ##[endgroup]
refusal-coverage	UNKNOWN STEP	2026-09-17T18:56:14.6536250Z Temporarily overriding HOME='/home/runner/work/_temp/cbc0a6f9-9db3-46b5-9e55-86476911e193' before making global git config changes
refusal-coverage	UNKNOWN STEP	2026-09-17T18:56:14.6537290Z Adding repository directory to the temporary git global config as a safe directory
refusal-coverage	UNKNOWN STEP	2026-09-17T18:56:14.6540851Z [command]/usr/bin/git config --global --add safe.directory /home/runner/work/vac-protocol/vac-protocol/_issuers/evalmut
refusal-coverage	UNKNOWN STEP	2026-09-17T18:56:14.6570722Z ##[group]Initializing the repository
refusal-coverage	UNKNOWN STEP	2026-09-17T18:56:14.6574761Z [command]/usr/bin/git init /home/runner/work/vac-protocol/vac-protocol/_issuers/evalmut
refusal-coverage	UNKNOWN STEP	2026-09-17T18:56:14.6607982Z hint: Using 'master' as the name for the initial branch. This default branch name
refusal-coverage	UNKNOWN STEP	2026-09-17T18:56:14.6608953Z hint: will change to "main" in Git 3.0. To configure the initial branch name
refusal-coverage	UNKNOWN STEP	2026-09-17T18:56:14.6610026Z hint: to use in all of your new repositories, which will suppress this warning,
refusal-coverage	UNKNOWN STEP	2026-09-17T18:56:14.6610754Z hint: call:
refusal-coverage	UNKNOWN STEP	2026-09-17T18:56:14.6611210Z hint:
refusal-coverage	UNKNOWN STEP	2026-09-17T18:56:14.6611668Z hint: 	git config --global init.defaultBranch <name>
refusal-coverage	UNKNOWN STEP	2026-09-17T18:56:14.6612340Z hint:
refusal-coverage	UNKNOWN STEP	2026-09-17T18:56:14.6612805Z hint: Names commonly chosen instead of 'master' are 'main', 'trunk' and
refusal-coverage	UNKNOWN STEP	2026-09-17T18:56:14.6613503Z hint: 'development'. The just-created branch can be renamed via this command:
refusal-coverage	UNKNOWN STEP	2026-09-17T18:56:14.6614007Z hint:
refusal-coverage	UNKNOWN STEP	2026-09-17T18:56:14.6614277Z hint: 	git branch -m <name>
refusal-coverage	UNKNOWN STEP	2026-09-17T18:56:14.6614603Z hint:
refusal-coverage	UNKNOWN STEP	2026-09-17T18:56:14.6615053Z hint: Disable this message with "git config set advice.defaultBranchName false"
refusal-coverage	UNKNOWN STEP	2026-09-17T18:56:14.6615897Z Initialized empty Git repository in /home/runner/work/vac-protocol/vac-protocol/_issuers/evalmut/.git/
refusal-coverage	UNKNOWN STEP	2026-09-17T18:56:14.6622296Z [command]/usr/bin/git remote add origin https://github.com/egnaro9/evalmut
refusal-coverage	UNKNOWN STEP	2026-09-17T18:56:14.6649156Z ##[endgroup]
refusal-coverage	UNKNOWN STEP	2026-09-17T18:56:14.6650021Z ##[group]Disabling automatic garbage collection
refusal-coverage	UNKNOWN STEP	2026-09-17T18:56:14.6652253Z [command]/usr/bin/git config --local gc.auto 0
refusal-coverage	UNKNOWN STEP	2026-09-17T18:56:14.6677652Z ##[endgroup]
refusal-coverage	UNKNOWN STEP	2026-09-17T18:56:14.6678116Z ##[group]Setting up auth
refusal-coverage	UNKNOWN STEP	2026-09-17T18:56:14.6682981Z [command]/usr/bin/git config --local --name-only --get-regexp core\.sshCommand
refusal-coverage	UNKNOWN STEP	2026-09-17T18:56:14.6708986Z [command]/usr/bin/git submodule foreach --recursive sh -c "git config --local --name-only --get-regexp 'core\.sshCommand' && git config --local --unset-all 'core.sshCommand' || :"
refusal-coverage	UNKNOWN STEP	2026-09-17T18:56:14.6919620Z [command]/usr/bin/git config --local --name-only --get-regexp http\.https\:\/\/github\.com\/\.extraheader
refusal-coverage	UNKNOWN STEP	2026-09-17T18:56:14.6947837Z [command]/usr/bin/git submodule foreach --recursive sh -c "git config --local --name-only --get-regexp 'http\.https\:\/\/github\.com\/\.extraheader' && git config --local --unset-all 'http.https://github.com/.extraheader' || :"
refusal-coverage	UNKNOWN STEP	2026-09-17T18:56:14.7163498Z [command]/usr/bin/git config --local --name-only --get-regexp ^includeIf\.gitdir:
refusal-coverage	UNKNOWN STEP	2026-09-17T18:56:14.7199107Z [command]/usr/bin/git submodule foreach --recursive git config --local --show-origin --name-only --get-regexp remote.origin.url
refusal-coverage	UNKNOWN STEP	2026-09-17T18:56:14.7403671Z [command]/usr/bin/git config --local http.https://github.com/.extraheader AUTHORIZATION: basic ***
refusal-coverage	UNKNOWN STEP	2026-09-17T18:56:14.7438473Z ##[endgroup]
refusal-coverage	UNKNOWN STEP	2026-09-17T18:56:14.7438928Z ##[group]Determining the default branch
refusal-coverage	UNKNOWN STEP	2026-09-17T18:56:14.7442505Z Retrieving the default branch name
refusal-coverage	UNKNOWN STEP	2026-09-17T18:56:15.0397183Z Default branch 'main'
refusal-coverage	UNKNOWN STEP	2026-09-17T18:56:15.0398453Z ##[endgroup]
refusal-coverage	UNKNOWN STEP	2026-09-17T18:56:15.0399611Z ##[group]Fetching the repository
refusal-coverage	UNKNOWN STEP	2026-09-17T18:56:15.0403910Z [command]/usr/bin/git -c protocol.version=2 fetch --no-tags --prune --no-recurse-submodules --depth=1 origin +refs/heads/main:refs/remotes/origin/main
refusal-coverage	UNKNOWN STEP	2026-09-17T18:56:16.3115702Z From https://github.com/egnaro9/evalmut
refusal-coverage	UNKNOWN STEP	2026-09-17T18:56:16.3116191Z  * [new branch]      main       -> origin/main
refusal-coverage	UNKNOWN STEP	2026-09-17T18:56:16.3120223Z ##[endgroup]
refusal-coverage	UNKNOWN STEP	2026-09-17T18:56:16.3120724Z ##[group]Determining the checkout info
refusal-coverage	UNKNOWN STEP	2026-09-17T18:56:16.3122423Z ##[endgroup]
refusal-coverage	UNKNOWN STEP	2026-09-17T18:56:16.3126979Z [command]/usr/bin/git sparse-checkout disable
refusal-coverage	UNKNOWN STEP	2026-09-17T18:56:16.3165816Z [command]/usr/bin/git config --local --unset-all extensions.worktreeConfig
refusal-coverage	UNKNOWN STEP	2026-09-17T18:56:16.3193237Z ##[group]Checking out the ref
refusal-coverage	UNKNOWN STEP	2026-09-17T18:56:16.3196257Z [command]/usr/bin/git checkout --progress --force -B main refs/remotes/origin/main
refusal-coverage	UNKNOWN STEP	2026-09-17T18:56:16.3322678Z Switched to a new branch 'main'
refusal-coverage	UNKNOWN STEP	2026-09-17T18:56:16.3323830Z branch 'main' set up to track 'origin/main'.
refusal-coverage	UNKNOWN STEP	2026-09-17T18:56:16.3329799Z ##[endgroup]
refusal-coverage	UNKNOWN STEP	2026-09-17T18:56:16.3370463Z [command]/usr/bin/git log -1 --format=%H
refusal-coverage	UNKNOWN STEP	2026-09-17T18:56:16.3396291Z 5c94fe7c6a7f80265815e61b51c7e37d8dadebc8
refusal-coverage	UNKNOWN STEP	2026-09-17T18:56:16.3542419Z Node 20 is being deprecated. This workflow is running with Node 24 by default. If you need to temporarily use Node 20, you can set the ACTIONS_ALLOW_USE_UNSECURE_NODE_VERSION=true environment variable. For more information see: https://github.blog/changelog/2025-09-19-deprecation-of-node-20-on-github-actions-runners/
refusal-coverage	UNKNOWN STEP	2026-09-17T18:56:16.3543359Z ##[group]Run actions/checkout@v4
refusal-coverage	UNKNOWN STEP	2026-09-17T18:56:16.3543556Z with:
refusal-coverage	UNKNOWN STEP	2026-09-17T18:56:16.3543729Z   repository: egnaro9/model-drift
refusal-coverage	UNKNOWN STEP	2026-09-17T18:56:16.3543941Z   path: _issuers/model-drift
refusal-coverage	UNKNOWN STEP	2026-09-17T18:56:16.3545998Z   token: ***
refusal-coverage	UNKNOWN STEP	2026-09-17T18:56:16.3546167Z   ssh-strict: true
refusal-coverage	UNKNOWN STEP	2026-09-17T18:56:16.3546337Z   ssh-user: git
refusal-coverage	UNKNOWN STEP	2026-09-17T18:56:16.3546514Z   persist-credentials: true
refusal-coverage	UNKNOWN STEP	2026-09-17T18:56:16.3546705Z   clean: true
refusal-coverage	UNKNOWN STEP	2026-09-17T18:56:16.3546887Z   sparse-checkout-cone-mode: true
refusal-coverage	UNKNOWN STEP	2026-09-17T18:56:16.3547091Z   fetch-depth: 1
refusal-coverage	UNKNOWN STEP	2026-09-17T18:56:16.3547256Z   fetch-tags: false
refusal-coverage	UNKNOWN STEP	2026-09-17T18:56:16.3547430Z   show-progress: true
refusal-coverage	UNKNOWN STEP	2026-09-17T18:56:16.3547638Z   lfs: false
refusal-coverage	UNKNOWN STEP	2026-09-17T18:56:16.3547797Z   submodules: false
refusal-coverage	UNKNOWN STEP	2026-09-17T18:56:16.3547969Z   set-safe-directory: true
refusal-coverage	UNKNOWN STEP	2026-09-17T18:56:16.3548177Z   allow-unsafe-pr-checkout: false
refusal-coverage	UNKNOWN STEP	2026-09-17T18:56:16.3548372Z env:
refusal-coverage	UNKNOWN STEP	2026-09-17T18:56:16.3548580Z   pythonLocation: /opt/hostedtoolcache/Python/3.12.14/x64
refusal-coverage	UNKNOWN STEP	2026-09-17T18:56:16.3548916Z   PKG_CONFIG_PATH: /opt/hostedtoolcache/Python/3.12.14/x64/lib/pkgconfig
refusal-coverage	UNKNOWN STEP	2026-09-17T18:56:16.3549392Z   Python_ROOT_DIR: /opt/hostedtoolcache/Python/3.12.14/x64
refusal-coverage	UNKNOWN STEP	2026-09-17T18:56:16.3549907Z   Python2_ROOT_DIR: /opt/hostedtoolcache/Python/3.12.14/x64
refusal-coverage	UNKNOWN STEP	2026-09-17T18:56:16.3550203Z   Python3_ROOT_DIR: /opt/hostedtoolcache/Python/3.12.14/x64
refusal-coverage	UNKNOWN STEP	2026-09-17T18:56:16.3550495Z   LD_LIBRARY_PATH: /opt/hostedtoolcache/Python/3.12.14/x64/lib
refusal-coverage	UNKNOWN STEP	2026-09-17T18:56:16.3550755Z ##[endgroup]
refusal-coverage	UNKNOWN STEP	2026-09-17T18:56:16.4239720Z Syncing repository: egnaro9/model-drift
refusal-coverage	UNKNOWN STEP	2026-09-17T18:56:16.4246864Z ##[group]Getting Git version info
refusal-coverage	UNKNOWN STEP	2026-09-17T18:56:16.4247577Z Working directory is '/home/runner/work/vac-protocol/vac-protocol/_issuers/model-drift'
refusal-coverage	UNKNOWN STEP	2026-09-17T18:56:16.4279944Z [command]/usr/bin/git version
refusal-coverage	UNKNOWN STEP	2026-09-17T18:56:16.4315788Z git version 2.55.0
refusal-coverage	UNKNOWN STEP	2026-09-17T18:56:16.4331025Z ##[endgroup]
refusal-coverage	UNKNOWN STEP	2026-09-17T18:56:16.4343170Z Temporarily overriding HOME='/home/runner/work/_temp/aae5a52e-f301-4558-84d3-96cf44cd7e44' before making global git config changes
refusal-coverage	UNKNOWN STEP	2026-09-17T18:56:16.4344217Z Adding repository directory to the temporary git global config as a safe directory
refusal-coverage	UNKNOWN STEP	2026-09-17T18:56:16.4348218Z [command]/usr/bin/git config --global --add safe.directory /home/runner/work/vac-protocol/vac-protocol/_issuers/model-drift
refusal-coverage	UNKNOWN STEP	2026-09-17T18:56:16.4381300Z ##[group]Initializing the repository
refusal-coverage	UNKNOWN STEP	2026-09-17T18:56:16.4385675Z [command]/usr/bin/git init /home/runner/work/vac-protocol/vac-protocol/_issuers/model-drift
refusal-coverage	UNKNOWN STEP	2026-09-17T18:56:16.4626438Z hint: Using 'master' as the name for the initial branch. This default branch name
refusal-coverage	UNKNOWN STEP	2026-09-17T18:56:16.4627270Z hint: will change to "main" in Git 3.0. To configure the initial branch name
refusal-coverage	UNKNOWN STEP	2026-09-17T18:56:16.4628112Z hint: to use in all of your new repositories, which will suppress this warning,
refusal-coverage	UNKNOWN STEP	2026-09-17T18:56:16.4628733Z hint: call:
refusal-coverage	UNKNOWN STEP	2026-09-17T18:56:16.4629110Z hint:
refusal-coverage	UNKNOWN STEP	2026-09-17T18:56:16.4629672Z hint: 	git config --global init.defaultBranch <name>
refusal-coverage	UNKNOWN STEP	2026-09-17T18:56:16.4630147Z hint:
refusal-coverage	UNKNOWN STEP	2026-09-17T18:56:16.4630648Z hint: Names commonly chosen instead of 'master' are 'main', 'trunk' and
refusal-coverage	UNKNOWN STEP	2026-09-17T18:56:16.4631436Z hint: 'development'. The just-created branch can be renamed via this command:
refusal-coverage	UNKNOWN STEP	2026-09-17T18:56:16.4632076Z hint:
refusal-coverage	UNKNOWN STEP	2026-09-17T18:56:16.4632442Z hint: 	git branch -m <name>
refusal-coverage	UNKNOWN STEP	2026-09-17T18:56:16.4632847Z hint:
refusal-coverage	UNKNOWN STEP	2026-09-17T18:56:16.4633379Z hint: Disable this message with "git config set advice.defaultBranchName false"
refusal-coverage	UNKNOWN STEP	2026-09-17T18:56:16.4634389Z Initialized empty Git repository in /home/runner/work/vac-protocol/vac-protocol/_issuers/model-drift/.git/
refusal-coverage	UNKNOWN STEP	2026-09-17T18:56:16.4636222Z [command]/usr/bin/git remote add origin https://github.com/egnaro9/model-drift
refusal-coverage	UNKNOWN STEP	2026-09-17T18:56:16.4670613Z ##[endgroup]
refusal-coverage	UNKNOWN STEP	2026-09-17T18:56:16.4671130Z ##[group]Disabling automatic garbage collection
refusal-coverage	UNKNOWN STEP	2026-09-17T18:56:16.4673061Z [command]/usr/bin/git config --local gc.auto 0
refusal-coverage	UNKNOWN STEP	2026-09-17T18:56:16.4703525Z ##[endgroup]
refusal-coverage	UNKNOWN STEP	2026-09-17T18:56:16.4703981Z ##[group]Setting up auth
refusal-coverage	UNKNOWN STEP	2026-09-17T18:56:16.4709304Z [command]/usr/bin/git config --local --name-only --get-regexp core\.sshCommand
refusal-coverage	UNKNOWN STEP	2026-09-17T18:56:16.4738226Z [command]/usr/bin/git submodule foreach --recursive sh -c "git config --local --name-only --get-regexp 'core\.sshCommand' && git config --local --unset-all 'core.sshCommand' || :"
refusal-coverage	UNKNOWN STEP	2026-09-17T18:56:16.4955591Z [command]/usr/bin/git config --local --name-only --get-regexp http\.https\:\/\/github\.com\/\.extraheader
refusal-coverage	UNKNOWN STEP	2026-09-17T18:56:16.4989197Z [command]/usr/bin/git submodule foreach --recursive sh -c "git config --local --name-only --get-regexp 'http\.https\:\/\/github\.com\/\.extraheader' && git config --local --unset-all 'http.https://github.com/.extraheader' || :"
refusal-coverage	UNKNOWN STEP	2026-09-17T18:56:16.5198370Z [command]/usr/bin/git config --local --name-only --get-regexp ^includeIf\.gitdir:
refusal-coverage	UNKNOWN STEP	2026-09-17T18:56:16.5230233Z [command]/usr/bin/git submodule foreach --recursive git config --local --show-origin --name-only --get-regexp remote.origin.url
refusal-coverage	UNKNOWN STEP	2026-09-17T18:56:16.5422221Z [command]/usr/bin/git config --local http.https://github.com/.extraheader AUTHORIZATION: basic ***
refusal-coverage	UNKNOWN STEP	2026-09-17T18:56:16.5496374Z ##[endgroup]
refusal-coverage	UNKNOWN STEP	2026-09-17T18:56:16.5497016Z ##[group]Determining the default branch
refusal-coverage	UNKNOWN STEP	2026-09-17T18:56:16.5499199Z Retrieving the default branch name
refusal-coverage	UNKNOWN STEP	2026-09-17T18:56:16.8528717Z Default branch 'main'
refusal-coverage	UNKNOWN STEP	2026-09-17T18:56:16.8529375Z ##[endgroup]
refusal-coverage	UNKNOWN STEP	2026-09-17T18:56:16.8530043Z ##[group]Fetching the repository
refusal-coverage	UNKNOWN STEP	2026-09-17T18:56:16.8535850Z [command]/usr/bin/git -c protocol.version=2 fetch --no-tags --prune --no-recurse-submodules --depth=1 origin +refs/heads/main:refs/remotes/origin/main
refusal-coverage	UNKNOWN STEP	2026-09-17T18:56:17.5947527Z From https://github.com/egnaro9/model-drift
refusal-coverage	UNKNOWN STEP	2026-09-17T18:56:17.5947967Z  * [new branch]      main       -> origin/main
refusal-coverage	UNKNOWN STEP	2026-09-17T18:56:17.5952413Z ##[endgroup]
refusal-coverage	UNKNOWN STEP	2026-09-17T18:56:17.5952749Z ##[group]Determining the checkout info
refusal-coverage	UNKNOWN STEP	2026-09-17T18:56:17.5954616Z ##[endgroup]
refusal-coverage	UNKNOWN STEP	2026-09-17T18:56:17.5958862Z [command]/usr/bin/git sparse-checkout disable
refusal-coverage	UNKNOWN STEP	2026-09-17T18:56:17.5997389Z [command]/usr/bin/git config --local --unset-all extensions.worktreeConfig
refusal-coverage	UNKNOWN STEP	2026-09-17T18:56:17.6317074Z ##[group]Checking out the ref
refusal-coverage	UNKNOWN STEP	2026-09-17T18:56:17.6321098Z [command]/usr/bin/git checkout --progress --force -B main refs/remotes/origin/main
refusal-coverage	UNKNOWN STEP	2026-09-17T18:56:17.6422708Z Switched to a new branch 'main'
refusal-coverage	UNKNOWN STEP	2026-09-17T18:56:17.6425209Z branch 'main' set up to track 'origin/main'.
refusal-coverage	UNKNOWN STEP	2026-09-17T18:56:17.6429071Z ##[endgroup]
refusal-coverage	UNKNOWN STEP	2026-09-17T18:56:17.6464543Z [command]/usr/bin/git log -1 --format=%H
refusal-coverage	UNKNOWN STEP	2026-09-17T18:56:17.6489663Z 5451f392d462fade35e6329e4b9e654b5db3bffd
refusal-coverage	UNKNOWN STEP	2026-09-17T18:56:17.6610318Z ##[group]Run pip install -e ".[test]"
refusal-coverage	UNKNOWN STEP	2026-09-17T18:56:17.6610618Z ^[[36;1mpip install -e ".[test]"^[[0m
refusal-coverage	UNKNOWN STEP	2026-09-17T18:56:17.7350667Z shell: /usr/bin/bash -e {0}
refusal-coverage	UNKNOWN STEP	2026-09-17T18:56:17.7350916Z env:
refusal-coverage	UNKNOWN STEP	2026-09-17T18:56:17.7351149Z   pythonLocation: /opt/hostedtoolcache/Python/3.12.14/x64
refusal-coverage	UNKNOWN STEP	2026-09-17T18:56:17.7351507Z   PKG_CONFIG_PATH: /opt/hostedtoolcache/Python/3.12.14/x64/lib/pkgconfig
refusal-coverage	UNKNOWN STEP	2026-09-17T18:56:17.7351836Z   Python_ROOT_DIR: /opt/hostedtoolcache/Python/3.12.14/x64
refusal-coverage	UNKNOWN STEP	2026-09-17T18:56:17.7352130Z   Python2_ROOT_DIR: /opt/hostedtoolcache/Python/3.12.14/x64
refusal-coverage	UNKNOWN STEP	2026-09-17T18:56:17.7352452Z   Python3_ROOT_DIR: /opt/hostedtoolcache/Python/3.12.14/x64
refusal-coverage	UNKNOWN STEP	2026-09-17T18:56:17.7352748Z   LD_LIBRARY_PATH: /opt/hostedtoolcache/Python/3.12.14/x64/lib
refusal-coverage	UNKNOWN STEP	2026-09-17T18:56:17.7352997Z ##[endgroup]
refusal-coverage	UNKNOWN STEP	2026-09-17T18:56:18.8565933Z Obtaining file:///home/runner/work/vac-protocol/vac-protocol
refusal-coverage	UNKNOWN STEP	2026-09-17T18:56:18.8578569Z   Installing build dependencies: started
refusal-coverage	UNKNOWN STEP	2026-09-17T18:56:19.6107812Z   Installing build dependencies: finished with status 'done'
refusal-coverage	UNKNOWN STEP	2026-09-17T18:56:19.6112645Z   Checking if build backend supports build_editable: started
refusal-coverage	UNKNOWN STEP	2026-09-17T18:56:19.9554353Z   Checking if build backend supports build_editable: finished with status 'done'
refusal-coverage	UNKNOWN STEP	2026-09-17T18:56:19.9560566Z   Getting requirements to build editable: started
refusal-coverage	UNKNOWN STEP	2026-09-17T18:56:20.2346350Z   Getting requirements to build editable: finished with status 'done'
refusal-coverage	UNKNOWN STEP	2026-09-17T18:56:20.2353458Z   Preparing editable metadata (pyproject.toml): started
refusal-coverage	UNKNOWN STEP	2026-09-17T18:56:20.3861004Z   Preparing editable metadata (pyproject.toml): finished with status 'done'
refusal-coverage	UNKNOWN STEP	2026-09-17T18:56:20.4844439Z Collecting pytest (from vac-protocol==0.1.0)
refusal-coverage	UNKNOWN STEP	2026-09-17T18:56:20.5175917Z   Downloading pytest-9.1.1-py3-none-any.whl.metadata (7.6 kB)
refusal-coverage	UNKNOWN STEP	2026-09-17T18:56:20.5303186Z Collecting iniconfig>=1.0.1 (from pytest->vac-protocol==0.1.0)
refusal-coverage	UNKNOWN STEP	2026-09-17T18:56:20.5327075Z   Downloading iniconfig-2.3.0-py3-none-any.whl.metadata (2.5 kB)
refusal-coverage	UNKNOWN STEP	2026-09-17T18:56:20.5443035Z Collecting packaging>=22 (from pytest->vac-protocol==0.1.0)
refusal-coverage	UNKNOWN STEP	2026-09-17T18:56:20.5465052Z   Downloading packaging-26.3-py3-none-any.whl.metadata (3.5 kB)
refusal-coverage	UNKNOWN STEP	2026-09-17T18:56:20.6098640Z Collecting pluggy<2,>=1.5 (from pytest->vac-protocol==0.1.0)
refusal-coverage	UNKNOWN STEP	2026-09-17T18:56:20.6119614Z   Downloading pluggy-1.6.0-py3-none-any.whl.metadata (4.8 kB)
refusal-coverage	UNKNOWN STEP	2026-09-17T18:56:20.6473536Z Collecting pygments>=2.7.2 (from pytest->vac-protocol==0.1.0)
refusal-coverage	UNKNOWN STEP	2026-09-17T18:56:20.6504422Z   Downloading pygments-2.21.0-py3-none-any.whl.metadata (2.5 kB)
refusal-coverage	UNKNOWN STEP	2026-09-17T18:56:20.6565754Z Downloading pytest-9.1.1-py3-none-any.whl (386 kB)
refusal-coverage	UNKNOWN STEP	2026-09-17T18:56:20.6845260Z Downloading pluggy-1.6.0-py3-none-any.whl (20 kB)
refusal-coverage	UNKNOWN STEP	2026-09-17T18:56:20.6892342Z Downloading iniconfig-2.3.0-py3-none-any.whl (7.5 kB)
refusal-coverage	UNKNOWN STEP	2026-09-17T18:56:20.6934186Z Downloading packaging-26.3-py3-none-any.whl (129 kB)
refusal-coverage	UNKNOWN STEP	2026-09-17T18:56:20.6982972Z Downloading pygments-2.21.0-py3-none-any.whl (1.3 MB)
refusal-coverage	UNKNOWN STEP	2026-09-17T18:56:20.7341715Z    ━━━━━━━━━━━━━━━━━━━━━━━━━━━━━━━━━━━━━━━━ 1.3/1.3 MB 30.7 MB/s  0:00:00
refusal-coverage	UNKNOWN STEP	2026-09-17T18:56:20.7470870Z Building wheels for collected packages: vac-protocol
refusal-coverage	UNKNOWN STEP	2026-09-17T18:56:20.7476814Z   Building editable for vac-protocol (pyproject.toml): started
refusal-coverage	UNKNOWN STEP	2026-09-17T18:56:20.9268368Z   Building editable for vac-protocol (pyproject.toml): finished with status 'done'
refusal-coverage	UNKNOWN STEP	2026-09-17T18:56:20.9272695Z   Created wheel for vac-protocol: filename=vac_protocol-0.1.0-0.editable-py3-none-any.whl size=8850 sha256=cbdcb5f803a798a682fb15f58245866d3c478dfe1ecbd0dc512c3fe2138847d3
refusal-coverage	UNKNOWN STEP	2026-09-17T18:56:20.9273913Z   Stored in directory: /tmp/pip-ephem-wheel-cache-q7stv4d2/wheels/31/93/c0/4effb33ea68d4321a176d9cb097b94ea8b1be9d534ea861dec
refusal-coverage	UNKNOWN STEP	2026-09-17T18:56:20.9290597Z Successfully built vac-protocol
refusal-coverage	UNKNOWN STEP	2026-09-17T18:56:20.9446825Z Installing collected packages: vac-protocol, pygments, pluggy, packaging, iniconfig, pytest
refusal-coverage	UNKNOWN STEP	2026-09-17T18:56:21.9843846Z 
refusal-coverage	UNKNOWN STEP	2026-09-17T18:56:21.9850674Z Successfully installed iniconfig-2.3.0 packaging-26.3 pluggy-1.6.0 pygments-2.21.0 pytest-9.1.1 vac-protocol-0.1.0
refusal-coverage	UNKNOWN STEP	2026-09-17T18:56:22.0386626Z ##[group]Run python tools/mutation_sweep.py --floor 0.99
refusal-coverage	UNKNOWN STEP	2026-09-17T18:56:22.0386967Z ^[[36;1mpython tools/mutation_sweep.py --floor 0.99^[[0m
refusal-coverage	UNKNOWN STEP	2026-09-17T18:56:22.0420541Z shell: /usr/bin/bash -e {0}
refusal-coverage	UNKNOWN STEP	2026-09-17T18:56:22.0420750Z env:
refusal-coverage	UNKNOWN STEP	2026-09-17T18:56:22.0420983Z   pythonLocation: /opt/hostedtoolcache/Python/3.12.14/x64
refusal-coverage	UNKNOWN STEP	2026-09-17T18:56:22.0421329Z   PKG_CONFIG_PATH: /opt/hostedtoolcache/Python/3.12.14/x64/lib/pkgconfig
refusal-coverage	UNKNOWN STEP	2026-09-17T18:56:22.0421670Z   Python_ROOT_DIR: /opt/hostedtoolcache/Python/3.12.14/x64
refusal-coverage	UNKNOWN STEP	2026-09-17T18:56:22.0422001Z   Python2_ROOT_DIR: /opt/hostedtoolcache/Python/3.12.14/x64
refusal-coverage	UNKNOWN STEP	2026-09-17T18:56:22.0422302Z   Python3_ROOT_DIR: /opt/hostedtoolcache/Python/3.12.14/x64
refusal-coverage	UNKNOWN STEP	2026-09-17T18:56:22.0422616Z   LD_LIBRARY_PATH: /opt/hostedtoolcache/Python/3.12.14/x64/lib
refusal-coverage	UNKNOWN STEP	2026-09-17T18:56:22.0422895Z   VAC_CRASHKIT_CHECKOUT: _issuers/crashkit/vac
refusal-coverage	UNKNOWN STEP	2026-09-17T18:56:22.0423143Z   VAC_EVALMUT_CHECKOUT: _issuers/evalmut/vac
refusal-coverage	UNKNOWN STEP	2026-09-17T18:56:22.0423430Z   VAC_MODELDRIFT_CHECKOUT: _issuers/model-drift/vac
refusal-coverage	UNKNOWN STEP	2026-09-17T18:56:22.0423675Z ##[endgroup]
refusal-coverage	UNKNOWN STEP	2026-09-17T18:56:27.0034483Z baseline clean; 168 refusal sites (4 excluded, see EXCLUDE)
refusal-coverage	UNKNOWN STEP	2026-09-17T18:56:27.0034924Z   [1/168] L196 caught: tests
refusal-coverage	UNKNOWN STEP	2026-09-17T18:56:28.2402820Z   [2/168] L209 caught: tests
refusal-coverage	UNKNOWN STEP	2026-09-17T18:56:31.0873044Z   [3/168] L215 caught: tests
refusal-coverage	UNKNOWN STEP	2026-09-17T18:56:33.9673486Z   [4/168] L225 caught: tests
refusal-coverage	UNKNOWN STEP	2026-09-17T18:56:40.5103815Z   [5/168] L237 caught: tests
refusal-coverage	UNKNOWN STEP	2026-09-17T18:56:41.8381508Z   [6/168] L242 caught: tests
refusal-coverage	UNKNOWN STEP	2026-09-17T18:56:43.4738046Z   [7/168] L246 caught: tests
refusal-coverage	UNKNOWN STEP	2026-09-17T18:56:44.7646603Z   [8/168] L256 caught: tests
refusal-coverage	UNKNOWN STEP	2026-09-17T18:56:46.0360299Z   [9/168] L261 caught: tests
refusal-coverage	UNKNOWN STEP	2026-09-17T18:56:47.4705871Z   [10/168] L266 caught: tests
refusal-coverage	UNKNOWN STEP	2026-09-17T18:56:48.9189689Z   [11/168] L270 caught: tests
refusal-coverage	UNKNOWN STEP	2026-09-17T18:56:50.2929783Z   [12/168] L273 caught: tests
refusal-coverage	UNKNOWN STEP	2026-09-17T18:56:51.7667970Z   [13/168] L279 caught: tests
refusal-coverage	UNKNOWN STEP	2026-09-17T18:56:53.2233681Z   [14/168] L282 caught: tests
refusal-coverage	UNKNOWN STEP	2026-09-17T18:56:56.1960273Z   [15/168] L287 caught: tests
refusal-coverage	UNKNOWN STEP	2026-09-17T18:56:58.7625907Z   [16/168] L292 caught: tests
refusal-coverage	UNKNOWN STEP	2026-09-17T18:57:01.2355479Z   [17/168] L298 caught: tests
refusal-coverage	UNKNOWN STEP	2026-09-17T18:57:02.7586192Z   [18/168] L300 caught: tests
refusal-coverage	UNKNOWN STEP	2026-09-17T18:57:04.1009619Z   [19/168] L305 caught: tests
refusal-coverage	UNKNOWN STEP	2026-09-17T18:57:05.4892618Z   [20/168] L308 caught: tests
refusal-coverage	UNKNOWN STEP	2026-09-17T18:57:08.8410894Z   [21/168] L331 caught: tests
refusal-coverage	UNKNOWN STEP	2026-09-17T18:57:11.4890227Z   [22/168] L334 caught: tests
refusal-coverage	UNKNOWN STEP	2026-09-17T18:57:13.2691127Z   [23/168] L340 caught: tests
refusal-coverage	UNKNOWN STEP	2026-09-17T18:57:16.5268543Z   [24/168] L355 caught: tests
refusal-coverage	UNKNOWN STEP	2026-09-17T18:57:19.4915836Z   [25/168] L359 caught: tests
refusal-coverage	UNKNOWN STEP	2026-09-17T18:57:20.3060316Z   [26/168] L373 caught: tests
refusal-coverage	UNKNOWN STEP	2026-09-17T18:57:21.1752427Z   [27/168] L377 caught: tests
refusal-coverage	UNKNOWN STEP	2026-09-17T18:57:24.1242206Z   [28/168] L384 caught: tests
refusal-coverage	UNKNOWN STEP	2026-09-17T18:57:25.8389669Z   [29/168] L399 caught: tests
refusal-coverage	UNKNOWN STEP	2026-09-17T18:57:27.1529802Z   [30/168] L409 caught: tests
refusal-coverage	UNKNOWN STEP	2026-09-17T18:57:28.7026055Z   [31/168] L414 caught: tests
refusal-coverage	UNKNOWN STEP	2026-09-17T18:57:31.2497391Z   [32/168] L417 caught: tests
refusal-coverage	UNKNOWN STEP	2026-09-17T18:57:32.5949380Z   [33/168] L428 caught: tests
refusal-coverage	UNKNOWN STEP	2026-09-17T18:57:34.0424486Z   [34/168] L431 caught: tests
refusal-coverage	UNKNOWN STEP	2026-09-17T18:57:35.8633633Z   [35/168] L436 caught: tests
refusal-coverage	UNKNOWN STEP	2026-09-17T18:57:38.8788313Z   [36/168] L439 caught: tests
refusal-coverage	UNKNOWN STEP	2026-09-17T18:57:39.6424358Z   [37/168] L486 caught: tests
refusal-coverage	UNKNOWN STEP	2026-09-17T18:57:40.4338925Z   [38/168] L490 caught: tests
refusal-coverage	UNKNOWN STEP	2026-09-17T18:57:42.0038573Z   [39/168] L496 caught: tests
refusal-coverage	UNKNOWN STEP	2026-09-17T18:57:45.6177176Z   [40/168] L500 caught: tests
refusal-coverage	UNKNOWN STEP	2026-09-17T18:57:49.2432871Z   [41/168] L506 caught: tests
refusal-coverage	UNKNOWN STEP	2026-09-17T18:57:50.3423817Z   [42/168] L513 caught: tests
refusal-coverage	UNKNOWN STEP	2026-09-17T18:57:52.0954252Z   [43/168] L520 caught: tests
refusal-coverage	UNKNOWN STEP	2026-09-17T18:57:53.8456283Z   [44/168] L523 caught: tests
refusal-coverage	UNKNOWN STEP	2026-09-17T18:57:57.1009132Z   [45/168] L528 caught: tests
refusal-coverage	UNKNOWN STEP	2026-09-17T18:58:00.6033017Z   [46/168] L533 caught: tests
refusal-coverage	UNKNOWN STEP	2026-09-17T18:58:01.4877627Z   [47/168] L539 caught: tests
refusal-coverage	UNKNOWN STEP	2026-09-17T18:58:03.9467469Z   [48/168] L544 caught: tests
refusal-coverage	UNKNOWN STEP	2026-09-17T18:58:04.9808686Z   [49/168] L548 caught: tests
refusal-coverage	UNKNOWN STEP	2026-09-17T18:58:06.3238708Z   [50/168] L553 caught: tests
refusal-coverage	UNKNOWN STEP	2026-09-17T18:58:07.7515313Z   [51/168] L557 caught: tests
refusal-coverage	UNKNOWN STEP	2026-09-17T18:58:09.1002078Z   [52/168] L566 caught: tests
refusal-coverage	UNKNOWN STEP	2026-09-17T18:58:10.6689668Z   [53/168] L569 caught: tests
refusal-coverage	UNKNOWN STEP	2026-09-17T18:58:12.1235442Z   [54/168] L638 caught: tests
refusal-coverage	UNKNOWN STEP	2026-09-17T18:58:13.6463212Z   [55/168] L643 caught: tests
refusal-coverage	UNKNOWN STEP	2026-09-17T18:58:14.8721638Z   [56/168] L647 caught: tests
refusal-coverage	UNKNOWN STEP	2026-09-17T18:58:17.8034763Z   [57/168] L663 caught: tests
refusal-coverage	UNKNOWN STEP	2026-09-17T18:58:19.7623226Z   [58/168] L668 caught: tests
refusal-coverage	UNKNOWN STEP	2026-09-17T18:58:21.6533255Z   [59/168] L672 caught: tests
refusal-coverage	UNKNOWN STEP	2026-09-17T18:58:25.3960110Z   [60/168] L680 caught: tests
refusal-coverage	UNKNOWN STEP	2026-09-17T18:58:28.7548183Z   [61/168] L686 caught: tests
refusal-coverage	UNKNOWN STEP	2026-09-17T18:58:31.2650170Z   [62/168] L693 caught: tests
refusal-coverage	UNKNOWN STEP	2026-09-17T18:58:33.6797425Z   [63/168] L702 caught: tests
refusal-coverage	UNKNOWN STEP	2026-09-17T18:58:34.5225568Z   [64/168] L708 caught: tests
refusal-coverage	UNKNOWN STEP	2026-09-17T18:58:37.6595590Z   [65/168] L723 caught: tests
refusal-coverage	UNKNOWN STEP	2026-09-17T18:58:38.4402197Z   [66/168] L750 caught: tests
refusal-coverage	UNKNOWN STEP	2026-09-17T18:58:41.5152649Z   [67/168] L756 caught: tests
refusal-coverage	UNKNOWN STEP	2026-09-17T18:58:44.9688764Z   [68/168] L761 caught: tests
refusal-coverage	UNKNOWN STEP	2026-09-17T18:58:48.2171009Z   [69/168] L764 caught: tests
refusal-coverage	UNKNOWN STEP	2026-09-17T18:58:51.8242676Z   [70/168] L773 caught: tests
refusal-coverage	UNKNOWN STEP	2026-09-17T18:58:53.8234332Z   [71/168] L785 caught: tests
refusal-coverage	UNKNOWN STEP	2026-09-17T18:58:55.7331207Z   [72/168] L791 caught: tests
refusal-coverage	UNKNOWN STEP	2026-09-17T18:58:57.3839034Z   [73/168] L798 caught: tests
refusal-coverage	UNKNOWN STEP	2026-09-17T18:58:58.3228223Z   [74/168] L805 caught: tests
refusal-coverage	UNKNOWN STEP	2026-09-17T18:59:00.8693117Z   [75/168] L812 caught: tests
refusal-coverage	UNKNOWN STEP	2026-09-17T18:59:02.6090155Z   [76/168] L831 caught: tests
refusal-coverage	UNKNOWN STEP	2026-09-17T18:59:03.9847590Z   [77/168] L836 caught: tests
refusal-coverage	UNKNOWN STEP	2026-09-17T18:59:06.4413197Z   [78/168] L839 caught: tests
refusal-coverage	UNKNOWN STEP	2026-09-17T18:59:07.6665364Z   [79/168] L874 caught: tests
refusal-coverage	UNKNOWN STEP	2026-09-17T18:59:08.9732315Z   [80/168] L884 caught: tests
refusal-coverage	UNKNOWN STEP	2026-09-17T18:59:10.3366401Z   [81/168] L890 caught: tests
refusal-coverage	UNKNOWN STEP	2026-09-17T18:59:11.8506345Z   [82/168] L904 caught: tests
refusal-coverage	UNKNOWN STEP	2026-09-17T18:59:13.4298379Z   [83/168] L908 caught: tests
refusal-coverage	UNKNOWN STEP	2026-09-17T18:59:15.1094761Z   [84/168] L912 caught: tests
refusal-coverage	UNKNOWN STEP	2026-09-17T18:59:17.7278474Z   [85/168] L921 caught: tests
refusal-coverage	UNKNOWN STEP	2026-09-17T18:59:20.1499293Z   [86/168] L928 caught: tests
refusal-coverage	UNKNOWN STEP	2026-09-17T18:59:21.6773923Z   [87/168] L960 caught: tests
refusal-coverage	UNKNOWN STEP	2026-09-17T18:59:22.2876076Z   [88/168] L982 caught: tests
refusal-coverage	UNKNOWN STEP	2026-09-17T18:59:24.7133115Z   [89/168] L987 caught: tests
refusal-coverage	UNKNOWN STEP	2026-09-17T18:59:27.2348600Z   [90/168] L996 caught: tests
refusal-coverage	UNKNOWN STEP	2026-09-17T18:59:28.5378763Z   [91/168] L1005 caught: tests
refusal-coverage	UNKNOWN STEP	2026-09-17T18:59:30.1764349Z   [92/168] L1009 caught: tests
refusal-coverage	UNKNOWN STEP	2026-09-17T18:59:32.9884575Z   [93/168] L1012 caught: tests
refusal-coverage	UNKNOWN STEP	2026-09-17T18:59:34.3105873Z   [94/168] L1016 caught: tests
refusal-coverage	UNKNOWN STEP	2026-09-17T18:59:35.8209187Z   [95/168] L1021 caught: tests
refusal-coverage	UNKNOWN STEP	2026-09-17T18:59:38.3990800Z   [96/168] L1024 caught: tests
refusal-coverage	UNKNOWN STEP	2026-09-17T18:59:39.7016695Z   [97/168] L1136 caught: tests
refusal-coverage	UNKNOWN STEP	2026-09-17T18:59:40.8353394Z   [98/168] L1141 caught: tests
refusal-coverage	UNKNOWN STEP	2026-09-17T18:59:42.1199632Z   [99/168] L1145 caught: tests
refusal-coverage	UNKNOWN STEP	2026-09-17T18:59:43.3409292Z   [100/168] L1152 caught: tests
refusal-coverage	UNKNOWN STEP	2026-09-17T18:59:44.4950511Z   [101/168] L1163 caught: tests
refusal-coverage	UNKNOWN STEP	2026-09-17T18:59:46.1350382Z   [102/168] L1330 caught: tests
refusal-coverage	UNKNOWN STEP	2026-09-17T18:59:47.6731224Z   [103/168] L1335 caught: tests
refusal-coverage	UNKNOWN STEP	2026-09-17T18:59:49.4563531Z   [104/168] L1339 caught: tests
refusal-coverage	UNKNOWN STEP	2026-09-17T18:59:51.1822542Z   [105/168] L1347 caught: tests
refusal-coverage	UNKNOWN STEP	2026-09-17T18:59:52.8707200Z   [106/168] L1360 caught: tests
refusal-coverage	UNKNOWN STEP	2026-09-17T18:59:54.4220554Z   [107/168] L1381 caught: tests
refusal-coverage	UNKNOWN STEP	2026-09-17T18:59:56.0350951Z   [108/168] L1385 caught: tests
refusal-coverage	UNKNOWN STEP	2026-09-17T18:59:58.1726542Z   [109/168] L1389 caught: tests
refusal-coverage	UNKNOWN STEP	2026-09-17T18:59:59.9175586Z   [110/168] L1454 caught: tests
refusal-coverage	UNKNOWN STEP	2026-09-17T19:00:01.9654014Z   [111/168] L1460 caught: tests
refusal-coverage	UNKNOWN STEP	2026-09-17T19:00:03.3377758Z   [112/168] L1466 caught: tests
refusal-coverage	UNKNOWN STEP	2026-09-17T19:00:04.6155347Z   [113/168] L1475 caught: tests
refusal-coverage	UNKNOWN STEP	2026-09-17T19:00:05.9672544Z   [114/168] L1479 caught: tests
refusal-coverage	UNKNOWN STEP	2026-09-17T19:00:07.2070031Z   [115/168] L1484 caught: tests
refusal-coverage	UNKNOWN STEP	2026-09-17T19:00:08.5881076Z   [116/168] L1489 caught: tests
refusal-coverage	UNKNOWN STEP	2026-09-17T19:00:09.8023082Z   [117/168] L1495 caught: tests
refusal-coverage	UNKNOWN STEP	2026-09-17T19:00:11.1055462Z   [118/168] L1500 caught: tests
refusal-coverage	UNKNOWN STEP	2026-09-17T19:00:12.3199885Z   [119/168] L1508 caught: tests
refusal-coverage	UNKNOWN STEP	2026-09-17T19:00:13.5427639Z   [120/168] L1513 caught: tests
refusal-coverage	UNKNOWN STEP	2026-09-17T19:00:14.7761245Z   [121/168] L1516 caught: tests
refusal-coverage	UNKNOWN STEP	2026-09-17T19:00:15.6952054Z   [122/168] L1541 caught: tests
refusal-coverage	UNKNOWN STEP	2026-09-17T19:00:16.6501768Z   [123/168] L1547 caught: tests
refusal-coverage	UNKNOWN STEP	2026-09-17T19:00:17.7287200Z   [124/168] L1555 caught: tests
refusal-coverage	UNKNOWN STEP	2026-09-17T19:00:18.7862922Z   [125/168] L1560 caught: tests
refusal-coverage	UNKNOWN STEP	2026-09-17T19:00:19.7033858Z   [126/168] L1565 caught: tests
refusal-coverage	UNKNOWN STEP	2026-09-17T19:00:20.6368727Z   [127/168] L1570 caught: tests
refusal-coverage	UNKNOWN STEP	2026-09-17T19:00:23.6672843Z   [128/168] L1585 caught: tests
refusal-coverage	UNKNOWN STEP	2026-09-17T19:00:24.7700038Z   [129/168] L1589 caught: tests
refusal-coverage	UNKNOWN STEP	2026-09-17T19:00:25.7132275Z   [130/168] L1595 caught: tests
refusal-coverage	UNKNOWN STEP	2026-09-17T19:00:26.8734216Z   [131/168] L1599 caught: tests
refusal-coverage	UNKNOWN STEP	2026-09-17T19:00:27.8125521Z   [132/168] L1603 caught: tests
refusal-coverage	UNKNOWN STEP	2026-09-17T19:00:28.7700864Z   [133/168] L1607 caught: tests
refusal-coverage	UNKNOWN STEP	2026-09-17T19:00:29.7534634Z   [134/168] L1610 caught: tests
refusal-coverage	UNKNOWN STEP	2026-09-17T19:00:32.6486854Z   [135/168] L1616 caught: tests
refusal-coverage	UNKNOWN STEP	2026-09-17T19:00:33.7504647Z   [136/168] L1621 caught: tests
refusal-coverage	UNKNOWN STEP	2026-09-17T19:00:34.7349376Z   [137/168] L1627 caught: tests
refusal-coverage	UNKNOWN STEP	2026-09-17T19:00:36.1076904Z   [138/168] L1630 caught: tests
refusal-coverage	UNKNOWN STEP	2026-09-17T19:00:37.1096074Z   [139/168] L1633 caught: tests
refusal-coverage	UNKNOWN STEP	2026-09-17T19:00:38.1830361Z   [140/168] L1641 caught: tests
refusal-coverage	UNKNOWN STEP	2026-09-17T19:00:39.2079587Z   [141/168] L1647 caught: tests
refusal-coverage	UNKNOWN STEP	2026-09-17T19:00:40.2249814Z   [142/168] L1651 caught: tests
refusal-coverage	UNKNOWN STEP	2026-09-17T19:00:42.7299961Z   [143/168] L1656 caught: tests
refusal-coverage	UNKNOWN STEP	2026-09-17T19:00:43.2799902Z   [144/168] L1677 caught: tests
refusal-coverage	UNKNOWN STEP	2026-09-17T19:00:44.3554752Z   [145/168] L1681 caught: tests
refusal-coverage	UNKNOWN STEP	2026-09-17T19:00:45.4890211Z   [146/168] L1685 caught: tests
refusal-coverage	UNKNOWN STEP	2026-09-17T19:00:46.6634870Z   [147/168] L1692 caught: tests
refusal-coverage	UNKNOWN STEP	2026-09-17T19:00:47.7157532Z   [148/168] L1697 caught: tests
refusal-coverage	UNKNOWN STEP	2026-09-17T19:00:48.4537584Z   [149/168] L1708 caught: tests
refusal-coverage	UNKNOWN STEP	2026-09-17T19:00:49.0334172Z   [150/168] L1714 caught: tests
refusal-coverage	UNKNOWN STEP	2026-09-17T19:00:50.0935444Z   [151/168] L1721 caught: tests
refusal-coverage	UNKNOWN STEP	2026-09-17T19:00:51.4112516Z   [152/168] L1726 caught: tests
refusal-coverage	UNKNOWN STEP	2026-09-17T19:00:52.5596245Z   [153/168] L1733 caught: tests
refusal-coverage	UNKNOWN STEP	2026-09-17T19:00:55.3381874Z   [154/168] L1737 caught: tests
refusal-coverage	UNKNOWN STEP	2026-09-17T19:00:56.5110852Z   [155/168] L1744 caught: tests
refusal-coverage	UNKNOWN STEP	2026-09-17T19:00:59.2552896Z   [156/168] L1750 caught: tests
refusal-coverage	UNKNOWN STEP	2026-09-17T19:01:00.6931510Z   [157/168] L1774 caught: tests
refusal-coverage	UNKNOWN STEP	2026-09-17T19:01:02.1442359Z   [158/168] L1779 caught: tests
refusal-coverage	UNKNOWN STEP	2026-09-17T19:01:04.6671948Z   [159/168] L1782 caught: tests
refusal-coverage	UNKNOWN STEP	2026-09-17T19:01:08.6621573Z   [160/168] L1865 caught: sweep:tamper-summary-string
refusal-coverage	UNKNOWN STEP	2026-09-17T19:01:11.2187376Z   [161/168] L1883 caught: tests
refusal-coverage	UNKNOWN STEP	2026-09-17T19:01:13.6484007Z   [162/168] L1886 caught: tests
refusal-coverage	UNKNOWN STEP	2026-09-17T19:01:15.1475132Z   [163/168] L1925 caught: tests
refusal-coverage	UNKNOWN STEP	2026-09-17T19:01:16.0992987Z   [164/168] L1938 caught: tests
refusal-coverage	UNKNOWN STEP	2026-09-17T19:01:19.3153410Z   [165/168] L1946 caught: tests
refusal-coverage	UNKNOWN STEP	2026-09-17T19:01:22.5137488Z   [166/168] L1952 caught: tests
refusal-coverage	UNKNOWN STEP	2026-09-17T19:01:23.7739602Z   [167/168] L1968 caught: tests
refusal-coverage	UNKNOWN STEP	2026-09-17T19:01:26.9772561Z   [168/168] L2008 caught: tests
refusal-coverage	UNKNOWN STEP	2026-09-17T19:01:26.9776517Z 
refusal-coverage	UNKNOWN STEP	2026-09-17T19:01:26.9776637Z MUTATION SCORE: 168/168 = 1.000
refusal-coverage	UNKNOWN STEP	2026-09-17T19:01:26.9910370Z Node 20 is being deprecated. This workflow is running with Node 24 by default. If you need to temporarily use Node 20, you can set the ACTIONS_ALLOW_USE_UNSECURE_NODE_VERSION=true environment variable. For more information see: https://github.blog/changelog/2025-09-19-deprecation-of-node-20-on-github-actions-runners/
refusal-coverage	UNKNOWN STEP	2026-09-17T19:01:26.9911282Z Post job cleanup.
refusal-coverage	UNKNOWN STEP	2026-09-17T19:01:27.0629950Z [command]/usr/bin/git version
refusal-coverage	UNKNOWN STEP	2026-09-17T19:01:27.0671396Z git version 2.55.0
refusal-coverage	UNKNOWN STEP	2026-09-17T19:01:27.0705793Z Temporarily overriding HOME='/home/runner/work/_temp/e0da091c-5421-43db-b0a0-d7f912abdabf' before making global git config changes
refusal-coverage	UNKNOWN STEP	2026-09-17T19:01:27.0707038Z Adding repository directory to the temporary git global config as a safe directory
refusal-coverage	UNKNOWN STEP	2026-09-17T19:01:27.0711524Z [command]/usr/bin/git config --global --add safe.directory /home/runner/work/vac-protocol/vac-protocol/_issuers/model-drift
refusal-coverage	UNKNOWN STEP	2026-09-17T19:01:27.0754117Z [command]/usr/bin/git config --local --name-only --get-regexp core\.sshCommand
refusal-coverage	UNKNOWN STEP	2026-09-17T19:01:27.0792269Z [command]/usr/bin/git submodule foreach --recursive sh -c "git config --local --name-only --get-regexp 'core\.sshCommand' && git config --local --unset-all 'core.sshCommand' || :"
refusal-coverage	UNKNOWN STEP	2026-09-17T19:01:27.1021137Z [command]/usr/bin/git config --local --name-only --get-regexp http\.https\:\/\/github\.com\/\.extraheader
refusal-coverage	UNKNOWN STEP	2026-09-17T19:01:27.1044494Z http.https://github.com/.extraheader
refusal-coverage	UNKNOWN STEP	2026-09-17T19:01:27.1053791Z [command]/usr/bin/git config --local --unset-all http.https://github.com/.extraheader
refusal-coverage	UNKNOWN STEP	2026-09-17T19:01:27.1083964Z [command]/usr/bin/git submodule foreach --recursive sh -c "git config --local --name-only --get-regexp 'http\.https\:\/\/github\.com\/\.extraheader' && git config --local --unset-all 'http.https://github.com/.extraheader' || :"
refusal-coverage	UNKNOWN STEP	2026-09-17T19:01:27.1306247Z [command]/usr/bin/git config --local --name-only --get-regexp ^includeIf\.gitdir:
refusal-coverage	UNKNOWN STEP	2026-09-17T19:01:27.1347617Z [command]/usr/bin/git submodule foreach --recursive git config --local --show-origin --name-only --get-regexp remote.origin.url
refusal-coverage	UNKNOWN STEP	2026-09-17T19:01:27.1696485Z Node 20 is being deprecated. This workflow is running with Node 24 by default. If you need to temporarily use Node 20, you can set the ACTIONS_ALLOW_USE_UNSECURE_NODE_VERSION=true environment variable. For more information see: https://github.blog/changelog/2025-09-19-deprecation-of-node-20-on-github-actions-runners/
refusal-coverage	UNKNOWN STEP	2026-09-17T19:01:27.1697403Z Post job cleanup.
refusal-coverage	UNKNOWN STEP	2026-09-17T19:01:27.2424266Z [command]/usr/bin/git version
refusal-coverage	UNKNOWN STEP	2026-09-17T19:01:27.2464600Z git version 2.55.0
refusal-coverage	UNKNOWN STEP	2026-09-17T19:01:27.2499942Z Temporarily overriding HOME='/home/runner/work/_temp/a16c9de7-d606-40a5-a5ee-6f73d968e915' before making global git config changes
refusal-coverage	UNKNOWN STEP	2026-09-17T19:01:27.2500830Z Adding repository directory to the temporary git global config as a safe directory
refusal-coverage	UNKNOWN STEP	2026-09-17T19:01:27.2505822Z [command]/usr/bin/git config --global --add safe.directory /home/runner/work/vac-protocol/vac-protocol/_issuers/evalmut
refusal-coverage	UNKNOWN STEP	2026-09-17T19:01:27.2544022Z [command]/usr/bin/git config --local --name-only --get-regexp core\.sshCommand
refusal-coverage	UNKNOWN STEP	2026-09-17T19:01:27.2610561Z [command]/usr/bin/git submodule foreach --recursive sh -c "git config --local --name-only --get-regexp 'core\.sshCommand' && git config --local --unset-all 'core.sshCommand' || :"
refusal-coverage	UNKNOWN STEP	2026-09-17T19:01:27.2819733Z [command]/usr/bin/git config --local --name-only --get-regexp http\.https\:\/\/github\.com\/\.extraheader
refusal-coverage	UNKNOWN STEP	2026-09-17T19:01:27.2851537Z http.https://github.com/.extraheader
refusal-coverage	UNKNOWN STEP	2026-09-17T19:01:27.2853806Z [command]/usr/bin/git config --local --unset-all http.https://github.com/.extraheader
refusal-coverage	UNKNOWN STEP	2026-09-17T19:01:27.2882312Z [command]/usr/bin/git submodule foreach --recursive sh -c "git config --local --name-only --get-regexp 'http\.https\:\/\/github\.com\/\.extraheader' && git config --local --unset-all 'http.https://github.com/.extraheader' || :"
refusal-coverage	UNKNOWN STEP	2026-09-17T19:01:27.3089073Z [command]/usr/bin/git config --local --name-only --get-regexp ^includeIf\.gitdir:
refusal-coverage	UNKNOWN STEP	2026-09-17T19:01:27.3122706Z [command]/usr/bin/git submodule foreach --recursive git config --local --show-origin --name-only --get-regexp remote.origin.url
refusal-coverage	UNKNOWN STEP	2026-09-17T19:01:27.3476433Z Node 20 is being deprecated. This workflow is running with Node 24 by default. If you need to temporarily use Node 20, you can set the ACTIONS_ALLOW_USE_UNSECURE_NODE_VERSION=true environment variable. For more information see: https://github.blog/changelog/2025-09-19-deprecation-of-node-20-on-github-actions-runners/
refusal-coverage	UNKNOWN STEP	2026-09-17T19:01:27.3477350Z Post job cleanup.
refusal-coverage	UNKNOWN STEP	2026-09-17T19:01:27.4175177Z [command]/usr/bin/git version
refusal-coverage	UNKNOWN STEP	2026-09-17T19:01:27.4213165Z git version 2.55.0
refusal-coverage	UNKNOWN STEP	2026-09-17T19:01:27.4245273Z Temporarily overriding HOME='/home/runner/work/_temp/9214d93e-b3ee-4db1-b393-1d2c66738fe3' before making global git config changes
refusal-coverage	UNKNOWN STEP	2026-09-17T19:01:27.4246484Z Adding repository directory to the temporary git global config as a safe directory
refusal-coverage	UNKNOWN STEP	2026-09-17T19:01:27.4257153Z [command]/usr/bin/git config --global --add safe.directory /home/runner/work/vac-protocol/vac-protocol/_issuers/crashkit
refusal-coverage	UNKNOWN STEP	2026-09-17T19:01:27.4284161Z [command]/usr/bin/git config --local --name-only --get-regexp core\.sshCommand
refusal-coverage	UNKNOWN STEP	2026-09-17T19:01:27.4314482Z [command]/usr/bin/git submodule foreach --recursive sh -c "git config --local --name-only --get-regexp 'core\.sshCommand' && git config --local --unset-all 'core.sshCommand' || :"
refusal-coverage	UNKNOWN STEP	2026-09-17T19:01:27.4571738Z [command]/usr/bin/git config --local --name-only --get-regexp http\.https\:\/\/github\.com\/\.extraheader
refusal-coverage	UNKNOWN STEP	2026-09-17T19:01:27.4594892Z http.https://github.com/.extraheader
refusal-coverage	UNKNOWN STEP	2026-09-17T19:01:27.4610072Z [command]/usr/bin/git config --local --unset-all http.https://github.com/.extraheader
refusal-coverage	UNKNOWN STEP	2026-09-17T19:01:27.4633432Z [command]/usr/bin/git submodule foreach --recursive sh -c "git config --local --name-only --get-regexp 'http\.https\:\/\/github\.com\/\.extraheader' && git config --local --unset-all 'http.https://github.com/.extraheader' || :"
refusal-coverage	UNKNOWN STEP	2026-09-17T19:01:27.4991942Z [command]/usr/bin/git config --local --name-only --get-regexp ^includeIf\.gitdir:
refusal-coverage	UNKNOWN STEP	2026-09-17T19:01:27.5059001Z [command]/usr/bin/git submodule foreach --recursive git config --local --show-origin --name-only --get-regexp remote.origin.url
refusal-coverage	UNKNOWN STEP	2026-09-17T19:01:27.5541677Z Node 20 is being deprecated. This workflow is running with Node 24 by default. If you need to temporarily use Node 20, you can set the ACTIONS_ALLOW_USE_UNSECURE_NODE_VERSION=true environment variable. For more information see: https://github.blog/changelog/2025-09-19-deprecation-of-node-20-on-github-actions-runners/
refusal-coverage	UNKNOWN STEP	2026-09-17T19:01:27.5543276Z Post job cleanup.
refusal-coverage	UNKNOWN STEP	2026-09-17T19:01:27.6510290Z (node:34823) [DEP0040] DeprecationWarning: The `punycode` module is deprecated. Please use a userland alternative instead.
refusal-coverage	UNKNOWN STEP	2026-09-17T19:01:27.6510916Z (Use `node --trace-deprecation ...` to show where the warning was created)
refusal-coverage	UNKNOWN STEP	2026-09-17T19:01:27.6654065Z Node 20 is being deprecated. This workflow is running with Node 24 by default. If you need to temporarily use Node 20, you can set the ACTIONS_ALLOW_USE_UNSECURE_NODE_VERSION=true environment variable. For more information see: https://github.blog/changelog/2025-09-19-deprecation-of-node-20-on-github-actions-runners/
refusal-coverage	UNKNOWN STEP	2026-09-17T19:01:27.6654976Z Post job cleanup.
refusal-coverage	UNKNOWN STEP	2026-09-17T19:01:27.7380363Z [command]/usr/bin/git version
refusal-coverage	UNKNOWN STEP	2026-09-17T19:01:27.7417566Z git version 2.55.0
refusal-coverage	UNKNOWN STEP	2026-09-17T19:01:27.7447054Z Temporarily overriding HOME='/home/runner/work/_temp/4d8b6516-64b8-476f-975f-5a7b5228aca2' before making global git config changes
refusal-coverage	UNKNOWN STEP	2026-09-17T19:01:27.7448049Z Adding repository directory to the temporary git global config as a safe directory
refusal-coverage	UNKNOWN STEP	2026-09-17T19:01:27.7452089Z [command]/usr/bin/git config --global --add safe.directory /home/runner/work/vac-protocol/vac-protocol
refusal-coverage	UNKNOWN STEP	2026-09-17T19:01:27.7482895Z [command]/usr/bin/git config --local --name-only --get-regexp core\.sshCommand
refusal-coverage	UNKNOWN STEP	2026-09-17T19:01:27.7517130Z [command]/usr/bin/git submodule foreach --recursive sh -c "git config --local --name-only --get-regexp 'core\.sshCommand' && git config --local --unset-all 'core.sshCommand' || :"
refusal-coverage	UNKNOWN STEP	2026-09-17T19:01:27.7776495Z [command]/usr/bin/git config --local --name-only --get-regexp http\.https\:\/\/github\.com\/\.extraheader
refusal-coverage	UNKNOWN STEP	2026-09-17T19:01:27.7781945Z http.https://github.com/.extraheader
refusal-coverage	UNKNOWN STEP	2026-09-17T19:01:27.7791556Z [command]/usr/bin/git config --local --unset-all http.https://github.com/.extraheader
refusal-coverage	UNKNOWN STEP	2026-09-17T19:01:27.7823904Z [command]/usr/bin/git submodule foreach --recursive sh -c "git config --local --name-only --get-regexp 'http\.https\:\/\/github\.com\/\.extraheader' && git config --local --unset-all 'http.https://github.com/.extraheader' || :"
refusal-coverage	UNKNOWN STEP	2026-09-17T19:01:27.8043623Z [command]/usr/bin/git config --local --name-only --get-regexp ^includeIf\.gitdir:
refusal-coverage	UNKNOWN STEP	2026-09-17T19:01:27.8076294Z [command]/usr/bin/git submodule foreach --recursive git config --local --show-origin --name-only --get-regexp remote.origin.url
refusal-coverage	UNKNOWN STEP	2026-09-17T19:01:27.8417205Z Cleaning up orphan processes
refusal-coverage	UNKNOWN STEP	2026-09-17T19:01:27.8656071Z ##[warning]Node.js 20 is deprecated. The following actions target Node.js 20 but are being forced to run on Node.js 24: actions/checkout@v4, actions/setup-python@v5. For more information see: https://github.blog/changelog/2025-09-19-deprecation-of-node-20-on-github-actions-runners/
test (3.12)	UNKNOWN STEP	﻿2026-09-17T18:56:10.6205965Z Current runner version: '2.337.0'
test (3.12)	UNKNOWN STEP	2026-09-17T18:56:10.6230717Z ##[group]Runner Image Provisioner
test (3.12)	UNKNOWN STEP	2026-09-17T18:56:10.6231496Z Hosted Compute Agent
test (3.12)	UNKNOWN STEP	2026-09-17T18:56:10.6232041Z Version: 20260828.587
test (3.12)	UNKNOWN STEP	2026-09-17T18:56:10.6232662Z Commit: abac92662cab4cc7352de4f9f9d2e2419aad9c29
test (3.12)	UNKNOWN STEP	2026-09-17T18:56:10.6233308Z Build Date: 2026-08-28T16:44:25Z
test (3.12)	UNKNOWN STEP	2026-09-17T18:56:10.6233929Z Worker ID: {3fa9ebf5-e7a2-400a-a88d-36f5eb5db405}
test (3.12)	UNKNOWN STEP	2026-09-17T18:56:10.6234583Z Azure Region: westcentralus
test (3.12)	UNKNOWN STEP	2026-09-17T18:56:10.6235161Z ##[endgroup]
test (3.12)	UNKNOWN STEP	2026-09-17T18:56:10.6236476Z ##[group]Operating System
test (3.12)	UNKNOWN STEP	2026-09-17T18:56:10.6237033Z Ubuntu
test (3.12)	UNKNOWN STEP	2026-09-17T18:56:10.6237526Z 24.04.5
test (3.12)	UNKNOWN STEP	2026-09-17T18:56:10.6237992Z LTS
test (3.12)	UNKNOWN STEP	2026-09-17T18:56:10.6238462Z ##[endgroup]
test (3.12)	UNKNOWN STEP	2026-09-17T18:56:10.6238968Z ##[group]Runner Image
test (3.12)	UNKNOWN STEP	2026-09-17T18:56:10.6239496Z Image: ubuntu-24.04
test (3.12)	UNKNOWN STEP	2026-09-17T18:56:10.6240488Z Version: 20260907.300.1
test (3.12)	UNKNOWN STEP	2026-09-17T18:56:10.6241691Z Included Software: https://github.com/actions/runner-images/blob/ubuntu24/20260907.300/images/ubuntu/Ubuntu2404-Readme.md
test (3.12)	UNKNOWN STEP	2026-09-17T18:56:10.6243085Z Image Release: https://github.com/actions/runner-images/releases/tag/ubuntu24%2F20260907.300
test (3.12)	UNKNOWN STEP	2026-09-17T18:56:10.6243933Z ##[endgroup]
test (3.12)	UNKNOWN STEP	2026-09-17T18:56:10.6245025Z ##[group]GITHUB_TOKEN Permissions
test (3.12)	UNKNOWN STEP	2026-09-17T18:56:10.6246957Z Contents: read
test (3.12)	UNKNOWN STEP	2026-09-17T18:56:10.6247560Z Metadata: read
test (3.12)	UNKNOWN STEP	2026-09-17T18:56:10.6248055Z Packages: read
test (3.12)	UNKNOWN STEP	2026-09-17T18:56:10.6248536Z ##[endgroup]
test (3.12)	UNKNOWN STEP	2026-09-17T18:56:10.6250888Z Secret source: Actions
test (3.12)	UNKNOWN STEP	2026-09-17T18:56:10.6251738Z Cache mode: write
test (3.12)	UNKNOWN STEP	2026-09-17T18:56:10.6252469Z Prepare workflow directory
test (3.12)	UNKNOWN STEP	2026-09-17T18:56:10.6623626Z Prepare all required actions
test (3.12)	UNKNOWN STEP	2026-09-17T18:56:10.6672407Z Getting action download info
test (3.12)	UNKNOWN STEP	2026-09-17T18:56:10.9804494Z Download action repository 'actions/checkout@v4' (SHA:11d5960a326750d5838078e36cf38b85af677262)
test (3.12)	UNKNOWN STEP	2026-09-17T18:56:11.0798228Z Download action repository 'actions/setup-python@v5' (SHA:a26af69be951a213d495a4c3e4e4022e16d87065)
test (3.12)	UNKNOWN STEP	2026-09-17T18:56:11.2347871Z Complete job name: test (3.12)
test (3.12)	UNKNOWN STEP	2026-09-17T18:56:11.3081430Z Node 20 is being deprecated. This workflow is running with Node 24 by default. If you need to temporarily use Node 20, you can set the ACTIONS_ALLOW_USE_UNSECURE_NODE_VERSION=true environment variable. For more information see: https://github.blog/changelog/2025-09-19-deprecation-of-node-20-on-github-actions-runners/
test (3.12)	UNKNOWN STEP	2026-09-17T18:56:11.3090206Z ##[group]Run actions/checkout@v4
test (3.12)	UNKNOWN STEP	2026-09-17T18:56:11.3090977Z with:
test (3.12)	UNKNOWN STEP	2026-09-17T18:56:11.3091581Z   repository: egnaro9/vac-protocol
test (3.12)	UNKNOWN STEP	2026-09-17T18:56:11.3095306Z   token: ***
test (3.12)	UNKNOWN STEP	2026-09-17T18:56:11.3095775Z   ssh-strict: true
test (3.12)	UNKNOWN STEP	2026-09-17T18:56:11.3096260Z   ssh-user: git
test (3.12)	UNKNOWN STEP	2026-09-17T18:56:11.3096734Z   persist-credentials: true
test (3.12)	UNKNOWN STEP	2026-09-17T18:56:11.3097293Z   clean: true
test (3.12)	UNKNOWN STEP	2026-09-17T18:56:11.3097797Z   sparse-checkout-cone-mode: true
test (3.12)	UNKNOWN STEP	2026-09-17T18:56:11.3098336Z   fetch-depth: 1
test (3.12)	UNKNOWN STEP	2026-09-17T18:56:11.3098811Z   fetch-tags: false
test (3.12)	UNKNOWN STEP	2026-09-17T18:56:11.3099282Z   show-progress: true
test (3.12)	UNKNOWN STEP	2026-09-17T18:56:11.3099913Z   lfs: false
test (3.12)	UNKNOWN STEP	2026-09-17T18:56:11.3100460Z   submodules: false
test (3.12)	UNKNOWN STEP	2026-09-17T18:56:11.3100954Z   set-safe-directory: true
test (3.12)	UNKNOWN STEP	2026-09-17T18:56:11.3101484Z   allow-unsafe-pr-checkout: false
test (3.12)	UNKNOWN STEP	2026-09-17T18:56:11.3102285Z ##[endgroup]
test (3.12)	UNKNOWN STEP	2026-09-17T18:56:11.4289714Z Syncing repository: egnaro9/vac-protocol
test (3.12)	UNKNOWN STEP	2026-09-17T18:56:11.4291715Z ##[group]Getting Git version info
test (3.12)	UNKNOWN STEP	2026-09-17T18:56:11.4292424Z Working directory is '/home/runner/work/vac-protocol/vac-protocol'
test (3.12)	UNKNOWN STEP	2026-09-17T18:56:11.4294092Z [command]/usr/bin/git version
test (3.12)	UNKNOWN STEP	2026-09-17T18:56:11.4294884Z git version 2.55.0
test (3.12)	UNKNOWN STEP	2026-09-17T18:56:11.4297405Z ##[endgroup]
test (3.12)	UNKNOWN STEP	2026-09-17T18:56:11.4301870Z Temporarily overriding HOME='/home/runner/work/_temp/e4cb085c-b7e5-4791-92b5-017b27cac2f8' before making global git config changes
test (3.12)	UNKNOWN STEP	2026-09-17T18:56:11.4303065Z Adding repository directory to the temporary git global config as a safe directory
test (3.12)	UNKNOWN STEP	2026-09-17T18:56:11.4304098Z [command]/usr/bin/git config --global --add safe.directory /home/runner/work/vac-protocol/vac-protocol
test (3.12)	UNKNOWN STEP	2026-09-17T18:56:11.4305609Z Deleting the contents of '/home/runner/work/vac-protocol/vac-protocol'
test (3.12)	UNKNOWN STEP	2026-09-17T18:56:11.4306778Z ##[group]Initializing the repository
test (3.12)	UNKNOWN STEP	2026-09-17T18:56:11.4307428Z [command]/usr/bin/git init /home/runner/work/vac-protocol/vac-protocol
test (3.12)	UNKNOWN STEP	2026-09-17T18:56:11.4379914Z hint: Using 'master' as the name for the initial branch. This default branch name
test (3.12)	UNKNOWN STEP	2026-09-17T18:56:11.4381729Z hint: will change to "main" in Git 3.0. To configure the initial branch name
test (3.12)	UNKNOWN STEP	2026-09-17T18:56:11.4383359Z hint: to use in all of your new repositories, which will suppress this warning,
test (3.12)	UNKNOWN STEP	2026-09-17T18:56:11.4385120Z hint: call:
test (3.12)	UNKNOWN STEP	2026-09-17T18:56:11.4385943Z hint:
test (3.12)	UNKNOWN STEP	2026-09-17T18:56:11.4386797Z hint: 	git config --global init.defaultBranch <name>
test (3.12)	UNKNOWN STEP	2026-09-17T18:56:11.4387875Z hint:
test (3.12)	UNKNOWN STEP	2026-09-17T18:56:11.4388891Z hint: Names commonly chosen instead of 'master' are 'main', 'trunk' and
test (3.12)	UNKNOWN STEP	2026-09-17T18:56:11.4390704Z hint: 'development'. The just-created branch can be renamed via this command:
test (3.12)	UNKNOWN STEP	2026-09-17T18:56:11.4391940Z hint:
test (3.12)	UNKNOWN STEP	2026-09-17T18:56:11.4392674Z hint: 	git branch -m <name>
test (3.12)	UNKNOWN STEP	2026-09-17T18:56:11.4393561Z hint:
test (3.12)	UNKNOWN STEP	2026-09-17T18:56:11.4394685Z hint: Disable this message with "git config set advice.defaultBranchName false"
test (3.12)	UNKNOWN STEP	2026-09-17T18:56:11.4396574Z Initialized empty Git repository in /home/runner/work/vac-protocol/vac-protocol/.git/
test (3.12)	UNKNOWN STEP	2026-09-17T18:56:11.4399650Z [command]/usr/bin/git remote add origin https://github.com/egnaro9/vac-protocol
test (3.12)	UNKNOWN STEP	2026-09-17T18:56:11.4436786Z ##[endgroup]
test (3.12)	UNKNOWN STEP	2026-09-17T18:56:11.4438151Z ##[group]Disabling automatic garbage collection
test (3.12)	UNKNOWN STEP	2026-09-17T18:56:11.4441522Z [command]/usr/bin/git config --local gc.auto 0
test (3.12)	UNKNOWN STEP	2026-09-17T18:56:11.4468947Z ##[endgroup]
test (3.12)	UNKNOWN STEP	2026-09-17T18:56:11.4470408Z ##[group]Setting up auth
test (3.12)	UNKNOWN STEP	2026-09-17T18:56:11.4475483Z [command]/usr/bin/git config --local --name-only --get-regexp core\.sshCommand
test (3.12)	UNKNOWN STEP	2026-09-17T18:56:11.4503153Z [command]/usr/bin/git submodule foreach --recursive sh -c "git config --local --name-only --get-regexp 'core\.sshCommand' && git config --local --unset-all 'core.sshCommand' || :"
test (3.12)	UNKNOWN STEP	2026-09-17T18:56:11.4834142Z [command]/usr/bin/git config --local --name-only --get-regexp http\.https\:\/\/github\.com\/\.extraheader
test (3.12)	UNKNOWN STEP	2026-09-17T18:56:11.4871785Z [command]/usr/bin/git submodule foreach --recursive sh -c "git config --local --name-only --get-regexp 'http\.https\:\/\/github\.com\/\.extraheader' && git config --local --unset-all 'http.https://github.com/.extraheader' || :"
test (3.12)	UNKNOWN STEP	2026-09-17T18:56:11.5031421Z [command]/usr/bin/git config --local --name-only --get-regexp ^includeIf\.gitdir:
test (3.12)	UNKNOWN STEP	2026-09-17T18:56:11.5063364Z [command]/usr/bin/git submodule foreach --recursive git config --local --show-origin --name-only --get-regexp remote.origin.url
test (3.12)	UNKNOWN STEP	2026-09-17T18:56:11.5256839Z [command]/usr/bin/git config --local http.https://github.com/.extraheader AUTHORIZATION: basic ***
test (3.12)	UNKNOWN STEP	2026-09-17T18:56:11.5288544Z ##[endgroup]
test (3.12)	UNKNOWN STEP	2026-09-17T18:56:11.5290057Z ##[group]Fetching the repository
test (3.12)	UNKNOWN STEP	2026-09-17T18:56:11.5299797Z [command]/usr/bin/git -c protocol.version=2 fetch --no-tags --prune --no-recurse-submodules --depth=1 origin +c4410114a470d2aca19b9f277efc3895a87a0d80:refs/remotes/origin/main
test (3.12)	UNKNOWN STEP	2026-09-17T18:56:12.3208564Z From https://github.com/egnaro9/vac-protocol
test (3.12)	UNKNOWN STEP	2026-09-17T18:56:12.3211521Z  * [new ref]         c4410114a470d2aca19b9f277efc3895a87a0d80 -> origin/main
test (3.12)	UNKNOWN STEP	2026-09-17T18:56:12.3216440Z ##[endgroup]
test (3.12)	UNKNOWN STEP	2026-09-17T18:56:12.3218008Z ##[group]Determining the checkout info
test (3.12)	UNKNOWN STEP	2026-09-17T18:56:12.3219987Z ##[endgroup]
test (3.12)	UNKNOWN STEP	2026-09-17T18:56:12.3223694Z [command]/usr/bin/git sparse-checkout disable
test (3.12)	UNKNOWN STEP	2026-09-17T18:56:12.3269514Z [command]/usr/bin/git config --local --unset-all extensions.worktreeConfig
test (3.12)	UNKNOWN STEP	2026-09-17T18:56:12.3298370Z ##[group]Checking out the ref
test (3.12)	UNKNOWN STEP	2026-09-17T18:56:12.3312532Z [command]/usr/bin/git checkout --progress --force -B main refs/remotes/origin/main
test (3.12)	UNKNOWN STEP	2026-09-17T18:56:12.3575448Z Switched to a new branch 'main'
test (3.12)	UNKNOWN STEP	2026-09-17T18:56:12.3582634Z branch 'main' set up to track 'origin/main'.
test (3.12)	UNKNOWN STEP	2026-09-17T18:56:12.3587386Z ##[endgroup]
test (3.12)	UNKNOWN STEP	2026-09-17T18:56:12.3623395Z [command]/usr/bin/git log -1 --format=%H
test (3.12)	UNKNOWN STEP	2026-09-17T18:56:12.3645482Z c4410114a470d2aca19b9f277efc3895a87a0d80
test (3.12)	UNKNOWN STEP	2026-09-17T18:56:12.4015414Z Node 20 is being deprecated. This workflow is running with Node 24 by default. If you need to temporarily use Node 20, you can set the ACTIONS_ALLOW_USE_UNSECURE_NODE_VERSION=true environment variable. For more information see: https://github.blog/changelog/2025-09-19-deprecation-of-node-20-on-github-actions-runners/
test (3.12)	UNKNOWN STEP	2026-09-17T18:56:12.4021291Z ##[group]Run actions/setup-python@v5
test (3.12)	UNKNOWN STEP	2026-09-17T18:56:12.4022505Z with:
test (3.12)	UNKNOWN STEP	2026-09-17T18:56:12.4023427Z   python-version: 3.12
test (3.12)	UNKNOWN STEP	2026-09-17T18:56:12.4024483Z   check-latest: false
test (3.12)	UNKNOWN STEP	2026-09-17T18:56:12.4034396Z   token: ***
test (3.12)	UNKNOWN STEP	2026-09-17T18:56:12.4035389Z   update-environment: true
test (3.12)	UNKNOWN STEP	2026-09-17T18:56:12.4036513Z   allow-prereleases: false
test (3.12)	UNKNOWN STEP	2026-09-17T18:56:12.4037597Z   freethreaded: false
test (3.12)	UNKNOWN STEP	2026-09-17T18:56:12.4038583Z ##[endgroup]
test (3.12)	UNKNOWN STEP	2026-09-17T18:56:12.5336257Z ##[group]Installed versions
test (3.12)	UNKNOWN STEP	2026-09-17T18:56:12.5416524Z (node:2243) [DEP0040] DeprecationWarning: The `punycode` module is deprecated. Please use a userland alternative instead.
test (3.12)	UNKNOWN STEP	2026-09-17T18:56:12.5421984Z (Use `node --trace-deprecation ...` to show where the warning was created)
test (3.12)	UNKNOWN STEP	2026-09-17T18:56:12.5425307Z Successfully set up CPython (3.12.14)
test (3.12)	UNKNOWN STEP	2026-09-17T18:56:12.5428158Z ##[endgroup]
test (3.12)	UNKNOWN STEP	2026-09-17T18:56:12.5637078Z ##[group]Run pip install -e ".[test]"
test (3.12)	UNKNOWN STEP	2026-09-17T18:56:12.5639367Z ^[[36;1mpip install -e ".[test]"^[[0m
test (3.12)	UNKNOWN STEP	2026-09-17T18:56:12.5694033Z shell: /usr/bin/bash -e {0}
test (3.12)	UNKNOWN STEP	2026-09-17T18:56:12.5695878Z env:
test (3.12)	UNKNOWN STEP	2026-09-17T18:56:12.5697762Z   pythonLocation: /opt/hostedtoolcache/Python/3.12.14/x64
test (3.12)	UNKNOWN STEP	2026-09-17T18:56:12.5701072Z   PKG_CONFIG_PATH: /opt/hostedtoolcache/Python/3.12.14/x64/lib/pkgconfig
test (3.12)	UNKNOWN STEP	2026-09-17T18:56:12.5704234Z   Python_ROOT_DIR: /opt/hostedtoolcache/Python/3.12.14/x64
test (3.12)	UNKNOWN STEP	2026-09-17T18:56:12.5707054Z   Python2_ROOT_DIR: /opt/hostedtoolcache/Python/3.12.14/x64
test (3.12)	UNKNOWN STEP	2026-09-17T18:56:12.5710020Z   Python3_ROOT_DIR: /opt/hostedtoolcache/Python/3.12.14/x64
test (3.12)	UNKNOWN STEP	2026-09-17T18:56:12.5712905Z   LD_LIBRARY_PATH: /opt/hostedtoolcache/Python/3.12.14/x64/lib
test (3.12)	UNKNOWN STEP	2026-09-17T18:56:12.5715354Z ##[endgroup]
test (3.12)	UNKNOWN STEP	2026-09-17T18:56:13.2791023Z Obtaining file:///home/runner/work/vac-protocol/vac-protocol
test (3.12)	UNKNOWN STEP	2026-09-17T18:56:13.2806455Z   Installing build dependencies: started
test (3.12)	UNKNOWN STEP	2026-09-17T18:56:14.1635275Z   Installing build dependencies: finished with status 'done'
test (3.12)	UNKNOWN STEP	2026-09-17T18:56:14.1641786Z   Checking if build backend supports build_editable: started
test (3.12)	UNKNOWN STEP	2026-09-17T18:56:14.4438789Z   Checking if build backend supports build_editable: finished with status 'done'
test (3.12)	UNKNOWN STEP	2026-09-17T18:56:14.4448853Z   Getting requirements to build editable: started
test (3.12)	UNKNOWN STEP	2026-09-17T18:56:14.7428442Z   Getting requirements to build editable: finished with status 'done'
test (3.12)	UNKNOWN STEP	2026-09-17T18:56:14.7437613Z   Preparing editable metadata (pyproject.toml): started
test (3.12)	UNKNOWN STEP	2026-09-17T18:56:14.9233907Z   Preparing editable metadata (pyproject.toml): finished with status 'done'
test (3.12)	UNKNOWN STEP	2026-09-17T18:56:15.0773087Z Collecting pytest (from vac-protocol==0.1.0)
test (3.12)	UNKNOWN STEP	2026-09-17T18:56:15.1715905Z   Downloading pytest-9.1.1-py3-none-any.whl.metadata (7.6 kB)
test (3.12)	UNKNOWN STEP	2026-09-17T18:56:15.1996833Z Collecting iniconfig>=1.0.1 (from pytest->vac-protocol==0.1.0)
test (3.12)	UNKNOWN STEP	2026-09-17T18:56:15.2215974Z   Downloading iniconfig-2.3.0-py3-none-any.whl.metadata (2.5 kB)
test (3.12)	UNKNOWN STEP	2026-09-17T18:56:15.2523828Z Collecting packaging>=22 (from pytest->vac-protocol==0.1.0)
test (3.12)	UNKNOWN STEP	2026-09-17T18:56:15.2721646Z   Downloading packaging-26.3-py3-none-any.whl.metadata (3.5 kB)
test (3.12)	UNKNOWN STEP	2026-09-17T18:56:15.3000772Z Collecting pluggy<2,>=1.5 (from pytest->vac-protocol==0.1.0)
test (3.12)	UNKNOWN STEP	2026-09-17T18:56:15.3197866Z   Downloading pluggy-1.6.0-py3-none-any.whl.metadata (4.8 kB)
test (3.12)	UNKNOWN STEP	2026-09-17T18:56:15.3542626Z Collecting pygments>=2.7.2 (from pytest->vac-protocol==0.1.0)
test (3.12)	UNKNOWN STEP	2026-09-17T18:56:15.3743074Z   Downloading pygments-2.21.0-py3-none-any.whl.metadata (2.5 kB)
test (3.12)	UNKNOWN STEP	2026-09-17T18:56:15.3987995Z Downloading pytest-9.1.1-py3-none-any.whl (386 kB)
test (3.12)	UNKNOWN STEP	2026-09-17T18:56:15.4843550Z Downloading pluggy-1.6.0-py3-none-any.whl (20 kB)
test (3.12)	UNKNOWN STEP	2026-09-17T18:56:15.5053622Z Downloading iniconfig-2.3.0-py3-none-any.whl (7.5 kB)
test (3.12)	UNKNOWN STEP	2026-09-17T18:56:15.5261235Z Downloading packaging-26.3-py3-none-any.whl (129 kB)
test (3.12)	UNKNOWN STEP	2026-09-17T18:56:15.5493253Z Downloading pygments-2.21.0-py3-none-any.whl (1.3 MB)
test (3.12)	UNKNOWN STEP	2026-09-17T18:56:15.6073728Z    ━━━━━━━━━━━━━━━━━━━━━━━━━━━━━━━━━━━━━━━━ 1.3/1.3 MB 19.1 MB/s  0:00:00
test (3.12)	UNKNOWN STEP	2026-09-17T18:56:15.6235158Z Building wheels for collected packages: vac-protocol
test (3.12)	UNKNOWN STEP	2026-09-17T18:56:15.6241596Z   Building editable for vac-protocol (pyproject.toml): started
test (3.12)	UNKNOWN STEP	2026-09-17T18:56:15.8219314Z   Building editable for vac-protocol (pyproject.toml): finished with status 'done'
test (3.12)	UNKNOWN STEP	2026-09-17T18:56:15.8225143Z   Created wheel for vac-protocol: filename=vac_protocol-0.1.0-0.editable-py3-none-any.whl size=8850 sha256=3379ad844f68e3af8643e0b27d6737f39e56cb1aa7a6ddc7b7425c301929765e
test (3.12)	UNKNOWN STEP	2026-09-17T18:56:15.8227032Z   Stored in directory: /tmp/pip-ephem-wheel-cache-en6ubrg3/wheels/31/93/c0/4effb33ea68d4321a176d9cb097b94ea8b1be9d534ea861dec
test (3.12)	UNKNOWN STEP	2026-09-17T18:56:15.8246704Z Successfully built vac-protocol
test (3.12)	UNKNOWN STEP	2026-09-17T18:56:15.8434094Z Installing collected packages: vac-protocol, pygments, pluggy, packaging, iniconfig, pytest
test (3.12)	UNKNOWN STEP	2026-09-17T18:56:16.8521625Z 
test (3.12)	UNKNOWN STEP	2026-09-17T18:56:16.8539726Z Successfully installed iniconfig-2.3.0 packaging-26.3 pluggy-1.6.0 pygments-2.21.0 pytest-9.1.1 vac-protocol-0.1.0
test (3.12)	UNKNOWN STEP	2026-09-17T18:56:16.9225687Z ##[group]Run python -m pytest tests/ -q
test (3.12)	UNKNOWN STEP	2026-09-17T18:56:16.9226047Z ^[[36;1mpython -m pytest tests/ -q^[[0m
test (3.12)	UNKNOWN STEP	2026-09-17T18:56:16.9251849Z shell: /usr/bin/bash -e {0}
test (3.12)	UNKNOWN STEP	2026-09-17T18:56:16.9252116Z env:
test (3.12)	UNKNOWN STEP	2026-09-17T18:56:16.9252390Z   pythonLocation: /opt/hostedtoolcache/Python/3.12.14/x64
test (3.12)	UNKNOWN STEP	2026-09-17T18:56:16.9252800Z   PKG_CONFIG_PATH: /opt/hostedtoolcache/Python/3.12.14/x64/lib/pkgconfig
test (3.12)	UNKNOWN STEP	2026-09-17T18:56:16.9253197Z   Python_ROOT_DIR: /opt/hostedtoolcache/Python/3.12.14/x64
test (3.12)	UNKNOWN STEP	2026-09-17T18:56:16.9253549Z   Python2_ROOT_DIR: /opt/hostedtoolcache/Python/3.12.14/x64
test (3.12)	UNKNOWN STEP	2026-09-17T18:56:16.9253903Z   Python3_ROOT_DIR: /opt/hostedtoolcache/Python/3.12.14/x64
test (3.12)	UNKNOWN STEP	2026-09-17T18:56:16.9254261Z   LD_LIBRARY_PATH: /opt/hostedtoolcache/Python/3.12.14/x64/lib
test (3.12)	UNKNOWN STEP	2026-09-17T18:56:16.9254604Z ##[endgroup]
test (3.12)	UNKNOWN STEP	2026-09-17T18:56:22.5608223Z ........................................................................ [ 15%]
test (3.12)	UNKNOWN STEP	2026-09-17T18:56:24.7010826Z ......................xxx.s...s..x....ssss.............................. [ 30%]
test (3.12)	UNKNOWN STEP	2026-09-17T18:56:25.1351382Z ........................................................................ [ 45%]
test (3.12)	UNKNOWN STEP	2026-09-17T18:56:25.4437458Z ........................................................................ [ 61%]
test (3.12)	UNKNOWN STEP	2026-09-17T18:56:26.9747879Z ........................................s............................... [ 76%]
test (3.12)	UNKNOWN STEP	2026-09-17T18:56:27.4911077Z .....................s.ss.....sssssssssss............................... [ 91%]
test (3.12)	UNKNOWN STEP	2026-09-17T18:56:27.8898062Z ......................................                                   [100%]
test (3.12)	UNKNOWN STEP	2026-09-17T18:56:27.8899193Z 445 passed, 21 skipped, 4 xfailed in 10.71s
test (3.12)	UNKNOWN STEP	2026-09-17T18:56:27.9352116Z Node 20 is being deprecated. This workflow is running with Node 24 by default. If you need to temporarily use Node 20, you can set the ACTIONS_ALLOW_USE_UNSECURE_NODE_VERSION=true environment variable. For more information see: https://github.blog/changelog/2025-09-19-deprecation-of-node-20-on-github-actions-runners/
test (3.12)	UNKNOWN STEP	2026-09-17T18:56:27.9353259Z Post job cleanup.
test (3.12)	UNKNOWN STEP	2026-09-17T18:56:28.0500607Z (node:2839) [DEP0040] DeprecationWarning: The `punycode` module is deprecated. Please use a userland alternative instead.
test (3.12)	UNKNOWN STEP	2026-09-17T18:56:28.0501311Z (Use `node --trace-deprecation ...` to show where the warning was created)
test (3.12)	UNKNOWN STEP	2026-09-17T18:56:28.0635874Z Node 20 is being deprecated. This workflow is running with Node 24 by default. If you need to temporarily use Node 20, you can set the ACTIONS_ALLOW_USE_UNSECURE_NODE_VERSION=true environment variable. For more information see: https://github.blog/changelog/2025-09-19-deprecation-of-node-20-on-github-actions-runners/
test (3.12)	UNKNOWN STEP	2026-09-17T18:56:28.0636988Z Post job cleanup.
test (3.12)	UNKNOWN STEP	2026-09-17T18:56:28.1487673Z [command]/usr/bin/git version
test (3.12)	UNKNOWN STEP	2026-09-17T18:56:28.1525679Z git version 2.55.0
test (3.12)	UNKNOWN STEP	2026-09-17T18:56:28.1560648Z Temporarily overriding HOME='/home/runner/work/_temp/434ab064-946c-4355-b280-cbf1e945cb01' before making global git config changes
test (3.12)	UNKNOWN STEP	2026-09-17T18:56:28.1562347Z Adding repository directory to the temporary git global config as a safe directory
test (3.12)	UNKNOWN STEP	2026-09-17T18:56:28.1565372Z [command]/usr/bin/git config --global --add safe.directory /home/runner/work/vac-protocol/vac-protocol
test (3.12)	UNKNOWN STEP	2026-09-17T18:56:28.1601779Z [command]/usr/bin/git config --local --name-only --get-regexp core\.sshCommand
test (3.12)	UNKNOWN STEP	2026-09-17T18:56:28.1633884Z [command]/usr/bin/git submodule foreach --recursive sh -c "git config --local --name-only --get-regexp 'core\.sshCommand' && git config --local --unset-all 'core.sshCommand' || :"
test (3.12)	UNKNOWN STEP	2026-09-17T18:56:28.1845456Z [command]/usr/bin/git config --local --name-only --get-regexp http\.https\:\/\/github\.com\/\.extraheader
test (3.12)	UNKNOWN STEP	2026-09-17T18:56:28.1865934Z http.https://github.com/.extraheader
test (3.12)	UNKNOWN STEP	2026-09-17T18:56:28.1875688Z [command]/usr/bin/git config --local --unset-all http.https://github.com/.extraheader
test (3.12)	UNKNOWN STEP	2026-09-17T18:56:28.1905261Z [command]/usr/bin/git submodule foreach --recursive sh -c "git config --local --name-only --get-regexp 'http\.https\:\/\/github\.com\/\.extraheader' && git config --local --unset-all 'http.https://github.com/.extraheader' || :"
test (3.12)	UNKNOWN STEP	2026-09-17T18:56:28.2121563Z [command]/usr/bin/git config --local --name-only --get-regexp ^includeIf\.gitdir:
test (3.12)	UNKNOWN STEP	2026-09-17T18:56:28.2164067Z [command]/usr/bin/git submodule foreach --recursive git config --local --show-origin --name-only --get-regexp remote.origin.url
test (3.12)	UNKNOWN STEP	2026-09-17T18:56:28.2516924Z Cleaning up orphan processes
test (3.12)	UNKNOWN STEP	2026-09-17T18:56:28.2752177Z ##[warning]Node.js 20 is deprecated. The following actions target Node.js 20 but are being forced to run on Node.js 24: actions/checkout@v4, actions/setup-python@v5. For more information see: https://github.blog/changelog/2025-09-19-deprecation-of-node-20-on-github-actions-runners/
invalidation-liveness	UNKNOWN STEP	﻿2026-09-17T18:56:09.7978347Z Current runner version: '2.337.0'
invalidation-liveness	UNKNOWN STEP	2026-09-17T18:56:09.8004915Z ##[group]Runner Image Provisioner
invalidation-liveness	UNKNOWN STEP	2026-09-17T18:56:09.8005808Z Hosted Compute Agent
invalidation-liveness	UNKNOWN STEP	2026-09-17T18:56:09.8006494Z Version: 20260828.587
invalidation-liveness	UNKNOWN STEP	2026-09-17T18:56:09.8007217Z Commit: abac92662cab4cc7352de4f9f9d2e2419aad9c29
invalidation-liveness	UNKNOWN STEP	2026-09-17T18:56:09.8008214Z Build Date: 2026-08-28T16:44:25Z
invalidation-liveness	UNKNOWN STEP	2026-09-17T18:56:09.8009047Z Worker ID: {ed71daf3-e2d1-4fa7-b71a-92209a3164f7}
invalidation-liveness	UNKNOWN STEP	2026-09-17T18:56:09.8009797Z Azure Region: northcentralus
invalidation-liveness	UNKNOWN STEP	2026-09-17T18:56:09.8010413Z ##[endgroup]
invalidation-liveness	UNKNOWN STEP	2026-09-17T18:56:09.8011989Z ##[group]Operating System
invalidation-liveness	UNKNOWN STEP	2026-09-17T18:56:09.8012780Z Ubuntu
invalidation-liveness	UNKNOWN STEP	2026-09-17T18:56:09.8013408Z 24.04.5
invalidation-liveness	UNKNOWN STEP	2026-09-17T18:56:09.8013947Z LTS
invalidation-liveness	UNKNOWN STEP	2026-09-17T18:56:09.8014477Z ##[endgroup]
invalidation-liveness	UNKNOWN STEP	2026-09-17T18:56:09.8015162Z ##[group]Runner Image
invalidation-liveness	UNKNOWN STEP	2026-09-17T18:56:09.8015759Z Image: ubuntu-24.04
invalidation-liveness	UNKNOWN STEP	2026-09-17T18:56:09.8016838Z Version: 20260907.300.1
invalidation-liveness	UNKNOWN STEP	2026-09-17T18:56:09.8018326Z Included Software: https://github.com/actions/runner-images/blob/ubuntu24/20260907.300/images/ubuntu/Ubuntu2404-Readme.md
invalidation-liveness	UNKNOWN STEP	2026-09-17T18:56:09.8020022Z Image Release: https://github.com/actions/runner-images/releases/tag/ubuntu24%2F20260907.300
invalidation-liveness	UNKNOWN STEP	2026-09-17T18:56:09.8021005Z ##[endgroup]
invalidation-liveness	UNKNOWN STEP	2026-09-17T18:56:09.8022301Z ##[group]GITHUB_TOKEN Permissions
invalidation-liveness	UNKNOWN STEP	2026-09-17T18:56:09.8024620Z Contents: read
invalidation-liveness	UNKNOWN STEP	2026-09-17T18:56:09.8025373Z Metadata: read
invalidation-liveness	UNKNOWN STEP	2026-09-17T18:56:09.8025983Z Packages: read
invalidation-liveness	UNKNOWN STEP	2026-09-17T18:56:09.8026590Z ##[endgroup]
invalidation-liveness	UNKNOWN STEP	2026-09-17T18:56:09.8029558Z Secret source: Actions
invalidation-liveness	UNKNOWN STEP	2026-09-17T18:56:09.8030652Z Cache mode: write
invalidation-liveness	UNKNOWN STEP	2026-09-17T18:56:09.8031690Z Prepare workflow directory
invalidation-liveness	UNKNOWN STEP	2026-09-17T18:56:09.8372764Z Prepare all required actions
invalidation-liveness	UNKNOWN STEP	2026-09-17T18:56:09.8422537Z Getting action download info
invalidation-liveness	UNKNOWN STEP	2026-09-17T18:56:10.1088117Z Download action repository 'actions/checkout@v4' (SHA:11d5960a326750d5838078e36cf38b85af677262)
invalidation-liveness	UNKNOWN STEP	2026-09-17T18:56:10.1966088Z Download action repository 'actions/setup-python@v5' (SHA:a26af69be951a213d495a4c3e4e4022e16d87065)
invalidation-liveness	UNKNOWN STEP	2026-09-17T18:56:10.3907820Z Complete job name: invalidation-liveness
invalidation-liveness	UNKNOWN STEP	2026-09-17T18:56:10.4814086Z Node 20 is being deprecated. This workflow is running with Node 24 by default. If you need to temporarily use Node 20, you can set the ACTIONS_ALLOW_USE_UNSECURE_NODE_VERSION=true environment variable. For more information see: https://github.blog/changelog/2025-09-19-deprecation-of-node-20-on-github-actions-runners/
invalidation-liveness	UNKNOWN STEP	2026-09-17T18:56:10.4823021Z ##[group]Run actions/checkout@v4
invalidation-liveness	UNKNOWN STEP	2026-09-17T18:56:10.4823723Z with:
invalidation-liveness	UNKNOWN STEP	2026-09-17T18:56:10.4824182Z   repository: egnaro9/vac-protocol
invalidation-liveness	UNKNOWN STEP	2026-09-17T18:56:10.4828386Z   token: ***
invalidation-liveness	UNKNOWN STEP	2026-09-17T18:56:10.4828841Z   ssh-strict: true
invalidation-liveness	UNKNOWN STEP	2026-09-17T18:56:10.4829288Z   ssh-user: git
invalidation-liveness	UNKNOWN STEP	2026-09-17T18:56:10.4829743Z   persist-credentials: true
invalidation-liveness	UNKNOWN STEP	2026-09-17T18:56:10.4830233Z   clean: true
invalidation-liveness	UNKNOWN STEP	2026-09-17T18:56:10.4830681Z   sparse-checkout-cone-mode: true
invalidation-liveness	UNKNOWN STEP	2026-09-17T18:56:10.4831206Z   fetch-depth: 1
invalidation-liveness	UNKNOWN STEP	2026-09-17T18:56:10.4831641Z   fetch-tags: false
invalidation-liveness	UNKNOWN STEP	2026-09-17T18:56:10.4832098Z   show-progress: true
invalidation-liveness	UNKNOWN STEP	2026-09-17T18:56:10.4832550Z   lfs: false
invalidation-liveness	UNKNOWN STEP	2026-09-17T18:56:10.4833017Z   submodules: false
invalidation-liveness	UNKNOWN STEP	2026-09-17T18:56:10.4833478Z   set-safe-directory: true
invalidation-liveness	UNKNOWN STEP	2026-09-17T18:56:10.4833985Z   allow-unsafe-pr-checkout: false
invalidation-liveness	UNKNOWN STEP	2026-09-17T18:56:10.4834733Z ##[endgroup]
invalidation-liveness	UNKNOWN STEP	2026-09-17T18:56:10.5966241Z Syncing repository: egnaro9/vac-protocol
invalidation-liveness	UNKNOWN STEP	2026-09-17T18:56:10.5968627Z ##[group]Getting Git version info
invalidation-liveness	UNKNOWN STEP	2026-09-17T18:56:10.5969476Z Working directory is '/home/runner/work/vac-protocol/vac-protocol'
invalidation-liveness	UNKNOWN STEP	2026-09-17T18:56:10.5970632Z [command]/usr/bin/git version
invalidation-liveness	UNKNOWN STEP	2026-09-17T18:56:10.6011234Z git version 2.55.0
invalidation-liveness	UNKNOWN STEP	2026-09-17T18:56:10.6031803Z ##[endgroup]
invalidation-liveness	UNKNOWN STEP	2026-09-17T18:56:10.6049195Z Temporarily overriding HOME='/home/runner/work/_temp/fedb7ec3-2005-456d-a7ff-73612a06217a' before making global git config changes
invalidation-liveness	UNKNOWN STEP	2026-09-17T18:56:10.6051478Z Adding repository directory to the temporary git global config as a safe directory
invalidation-liveness	UNKNOWN STEP	2026-09-17T18:56:10.6055214Z [command]/usr/bin/git config --global --add safe.directory /home/runner/work/vac-protocol/vac-protocol
invalidation-liveness	UNKNOWN STEP	2026-09-17T18:56:10.6111296Z Deleting the contents of '/home/runner/work/vac-protocol/vac-protocol'
invalidation-liveness	UNKNOWN STEP	2026-09-17T18:56:10.6116358Z ##[group]Initializing the repository
invalidation-liveness	UNKNOWN STEP	2026-09-17T18:56:10.6122074Z [command]/usr/bin/git init /home/runner/work/vac-protocol/vac-protocol
invalidation-liveness	UNKNOWN STEP	2026-09-17T18:56:10.6208929Z hint: Using 'master' as the name for the initial branch. This default branch name
invalidation-liveness	UNKNOWN STEP	2026-09-17T18:56:10.6210891Z hint: will change to "main" in Git 3.0. To configure the initial branch name
invalidation-liveness	UNKNOWN STEP	2026-09-17T18:56:10.6212571Z hint: to use in all of your new repositories, which will suppress this warning,
invalidation-liveness	UNKNOWN STEP	2026-09-17T18:56:10.6213873Z hint: call:
invalidation-liveness	UNKNOWN STEP	2026-09-17T18:56:10.6214708Z hint:
invalidation-liveness	UNKNOWN STEP	2026-09-17T18:56:10.6215582Z hint: 	git config --global init.defaultBranch <name>
invalidation-liveness	UNKNOWN STEP	2026-09-17T18:56:10.6216382Z hint:
invalidation-liveness	UNKNOWN STEP	2026-09-17T18:56:10.6217114Z hint: Names commonly chosen instead of 'master' are 'main', 'trunk' and
invalidation-liveness	UNKNOWN STEP	2026-09-17T18:56:10.6218762Z hint: 'development'. The just-created branch can be renamed via this command:
invalidation-liveness	UNKNOWN STEP	2026-09-17T18:56:10.6220086Z hint:
invalidation-liveness	UNKNOWN STEP	2026-09-17T18:56:10.6221066Z hint: 	git branch -m <name>
invalidation-liveness	UNKNOWN STEP	2026-09-17T18:56:10.6221911Z hint:
invalidation-liveness	UNKNOWN STEP	2026-09-17T18:56:10.6222651Z hint: Disable this message with "git config set advice.defaultBranchName false"
invalidation-liveness	UNKNOWN STEP	2026-09-17T18:56:10.6224355Z Initialized empty Git repository in /home/runner/work/vac-protocol/vac-protocol/.git/
invalidation-liveness	UNKNOWN STEP	2026-09-17T18:56:10.6226439Z [command]/usr/bin/git remote add origin https://github.com/egnaro9/vac-protocol
invalidation-liveness	UNKNOWN STEP	2026-09-17T18:56:10.6272828Z ##[endgroup]
invalidation-liveness	UNKNOWN STEP	2026-09-17T18:56:10.6273731Z ##[group]Disabling automatic garbage collection
invalidation-liveness	UNKNOWN STEP	2026-09-17T18:56:10.6277180Z [command]/usr/bin/git config --local gc.auto 0
invalidation-liveness	UNKNOWN STEP	2026-09-17T18:56:10.6312884Z ##[endgroup]
invalidation-liveness	UNKNOWN STEP	2026-09-17T18:56:10.6313719Z ##[group]Setting up auth
invalidation-liveness	UNKNOWN STEP	2026-09-17T18:56:10.6321274Z [command]/usr/bin/git config --local --name-only --get-regexp core\.sshCommand
invalidation-liveness	UNKNOWN STEP	2026-09-17T18:56:10.6357132Z [command]/usr/bin/git submodule foreach --recursive sh -c "git config --local --name-only --get-regexp 'core\.sshCommand' && git config --local --unset-all 'core.sshCommand' || :"
invalidation-liveness	UNKNOWN STEP	2026-09-17T18:56:10.6712091Z [command]/usr/bin/git config --local --name-only --get-regexp http\.https\:\/\/github\.com\/\.extraheader
invalidation-liveness	UNKNOWN STEP	2026-09-17T18:56:10.6760004Z [command]/usr/bin/git submodule foreach --recursive sh -c "git config --local --name-only --get-regexp 'http\.https\:\/\/github\.com\/\.extraheader' && git config --local --unset-all 'http.https://github.com/.extraheader' || :"
invalidation-liveness	UNKNOWN STEP	2026-09-17T18:56:10.7022000Z [command]/usr/bin/git config --local --name-only --get-regexp ^includeIf\.gitdir:
invalidation-liveness	UNKNOWN STEP	2026-09-17T18:56:10.7064776Z [command]/usr/bin/git submodule foreach --recursive git config --local --show-origin --name-only --get-regexp remote.origin.url
invalidation-liveness	UNKNOWN STEP	2026-09-17T18:56:10.7320569Z [command]/usr/bin/git config --local http.https://github.com/.extraheader AUTHORIZATION: basic ***
invalidation-liveness	UNKNOWN STEP	2026-09-17T18:56:10.7363284Z ##[endgroup]
invalidation-liveness	UNKNOWN STEP	2026-09-17T18:56:10.7364250Z ##[group]Fetching the repository
invalidation-liveness	UNKNOWN STEP	2026-09-17T18:56:10.7373547Z [command]/usr/bin/git -c protocol.version=2 fetch --no-tags --prune --no-recurse-submodules --depth=1 origin +c4410114a470d2aca19b9f277efc3895a87a0d80:refs/remotes/origin/main
invalidation-liveness	UNKNOWN STEP	2026-09-17T18:56:11.2085644Z From https://github.com/egnaro9/vac-protocol
invalidation-liveness	UNKNOWN STEP	2026-09-17T18:56:11.2087085Z  * [new ref]         c4410114a470d2aca19b9f277efc3895a87a0d80 -> origin/main
invalidation-liveness	UNKNOWN STEP	2026-09-17T18:56:11.2091349Z ##[endgroup]
invalidation-liveness	UNKNOWN STEP	2026-09-17T18:56:11.2093111Z ##[group]Determining the checkout info
invalidation-liveness	UNKNOWN STEP	2026-09-17T18:56:11.2094806Z ##[endgroup]
invalidation-liveness	UNKNOWN STEP	2026-09-17T18:56:11.2098381Z [command]/usr/bin/git sparse-checkout disable
invalidation-liveness	UNKNOWN STEP	2026-09-17T18:56:11.2151579Z [command]/usr/bin/git config --local --unset-all extensions.worktreeConfig
invalidation-liveness	UNKNOWN STEP	2026-09-17T18:56:11.2195571Z ##[group]Checking out the ref
invalidation-liveness	UNKNOWN STEP	2026-09-17T18:56:11.2199728Z [command]/usr/bin/git checkout --progress --force -B main refs/remotes/origin/main
invalidation-liveness	UNKNOWN STEP	2026-09-17T18:56:11.2499524Z Switched to a new branch 'main'
invalidation-liveness	UNKNOWN STEP	2026-09-17T18:56:11.2506861Z branch 'main' set up to track 'origin/main'.
invalidation-liveness	UNKNOWN STEP	2026-09-17T18:56:11.2514644Z ##[endgroup]
invalidation-liveness	UNKNOWN STEP	2026-09-17T18:56:11.2562470Z [command]/usr/bin/git log -1 --format=%H
invalidation-liveness	UNKNOWN STEP	2026-09-17T18:56:11.2593327Z c4410114a470d2aca19b9f277efc3895a87a0d80
invalidation-liveness	UNKNOWN STEP	2026-09-17T18:56:11.2983157Z Node 20 is being deprecated. This workflow is running with Node 24 by default. If you need to temporarily use Node 20, you can set the ACTIONS_ALLOW_USE_UNSECURE_NODE_VERSION=true environment variable. For more information see: https://github.blog/changelog/2025-09-19-deprecation-of-node-20-on-github-actions-runners/
invalidation-liveness	UNKNOWN STEP	2026-09-17T18:56:11.2989445Z ##[group]Run actions/setup-python@v5
invalidation-liveness	UNKNOWN STEP	2026-09-17T18:56:11.2990647Z with:
invalidation-liveness	UNKNOWN STEP	2026-09-17T18:56:11.2991555Z   python-version: 3.12
invalidation-liveness	UNKNOWN STEP	2026-09-17T18:56:11.2992630Z   check-latest: false
invalidation-liveness	UNKNOWN STEP	2026-09-17T18:56:11.3002139Z   token: ***
invalidation-liveness	UNKNOWN STEP	2026-09-17T18:56:11.3003089Z   update-environment: true
invalidation-liveness	UNKNOWN STEP	2026-09-17T18:56:11.3004194Z   allow-prereleases: false
invalidation-liveness	UNKNOWN STEP	2026-09-17T18:56:11.3005283Z   freethreaded: false
invalidation-liveness	UNKNOWN STEP	2026-09-17T18:56:11.3006248Z ##[endgroup]
invalidation-liveness	UNKNOWN STEP	2026-09-17T18:56:11.4451135Z ##[group]Installed versions
invalidation-liveness	UNKNOWN STEP	2026-09-17T18:56:11.4533152Z (node:2231) [DEP0040] DeprecationWarning: The `punycode` module is deprecated. Please use a userland alternative instead.
invalidation-liveness	UNKNOWN STEP	2026-09-17T18:56:11.4537333Z (Use `node --trace-deprecation ...` to show where the warning was created)
invalidation-liveness	UNKNOWN STEP	2026-09-17T18:56:11.4539947Z Successfully set up CPython (3.12.14)
invalidation-liveness	UNKNOWN STEP	2026-09-17T18:56:11.4542619Z ##[endgroup]
invalidation-liveness	UNKNOWN STEP	2026-09-17T18:56:11.4864444Z ##[group]Run pip install -e .
invalidation-liveness	UNKNOWN STEP	2026-09-17T18:56:11.4866211Z ^[[36;1mpip install -e .^[[0m
invalidation-liveness	UNKNOWN STEP	2026-09-17T18:56:11.4933300Z shell: /usr/bin/bash -e {0}
invalidation-liveness	UNKNOWN STEP	2026-09-17T18:56:11.4934389Z env:
invalidation-liveness	UNKNOWN STEP	2026-09-17T18:56:11.4935496Z   pythonLocation: /opt/hostedtoolcache/Python/3.12.14/x64
invalidation-liveness	UNKNOWN STEP	2026-09-17T18:56:11.4937297Z   PKG_CONFIG_PATH: /opt/hostedtoolcache/Python/3.12.14/x64/lib/pkgconfig
invalidation-liveness	UNKNOWN STEP	2026-09-17T18:56:11.4939278Z   Python_ROOT_DIR: /opt/hostedtoolcache/Python/3.12.14/x64
invalidation-liveness	UNKNOWN STEP	2026-09-17T18:56:11.4940882Z   Python2_ROOT_DIR: /opt/hostedtoolcache/Python/3.12.14/x64
invalidation-liveness	UNKNOWN STEP	2026-09-17T18:56:11.4942515Z   Python3_ROOT_DIR: /opt/hostedtoolcache/Python/3.12.14/x64
invalidation-liveness	UNKNOWN STEP	2026-09-17T18:56:11.4944144Z   LD_LIBRARY_PATH: /opt/hostedtoolcache/Python/3.12.14/x64/lib
invalidation-liveness	UNKNOWN STEP	2026-09-17T18:56:11.4945548Z ##[endgroup]
invalidation-liveness	UNKNOWN STEP	2026-09-17T18:56:12.1412619Z Obtaining file:///home/runner/work/vac-protocol/vac-protocol
invalidation-liveness	UNKNOWN STEP	2026-09-17T18:56:12.1429880Z   Installing build dependencies: started
invalidation-liveness	UNKNOWN STEP	2026-09-17T18:56:12.9022551Z   Installing build dependencies: finished with status 'done'
invalidation-liveness	UNKNOWN STEP	2026-09-17T18:56:12.9028725Z   Checking if build backend supports build_editable: started
invalidation-liveness	UNKNOWN STEP	2026-09-17T18:56:13.2820508Z   Checking if build backend supports build_editable: finished with status 'done'
invalidation-liveness	UNKNOWN STEP	2026-09-17T18:56:13.2828289Z   Getting requirements to build editable: started
invalidation-liveness	UNKNOWN STEP	2026-09-17T18:56:13.6374126Z   Getting requirements to build editable: finished with status 'done'
invalidation-liveness	UNKNOWN STEP	2026-09-17T18:56:13.6382958Z   Preparing editable metadata (pyproject.toml): started
invalidation-liveness	UNKNOWN STEP	2026-09-17T18:56:13.8417155Z   Preparing editable metadata (pyproject.toml): finished with status 'done'
invalidation-liveness	UNKNOWN STEP	2026-09-17T18:56:13.8456031Z Building wheels for collected packages: vac-protocol
invalidation-liveness	UNKNOWN STEP	2026-09-17T18:56:13.8464103Z   Building editable for vac-protocol (pyproject.toml): started
invalidation-liveness	UNKNOWN STEP	2026-09-17T18:56:14.0651407Z   Building editable for vac-protocol (pyproject.toml): finished with status 'done'
invalidation-liveness	UNKNOWN STEP	2026-09-17T18:56:14.0660154Z   Created wheel for vac-protocol: filename=vac_protocol-0.1.0-0.editable-py3-none-any.whl size=8850 sha256=3379ad844f68e3af8643e0b27d6737f39e56cb1aa7a6ddc7b7425c301929765e
invalidation-liveness	UNKNOWN STEP	2026-09-17T18:56:14.0662323Z   Stored in directory: /tmp/pip-ephem-wheel-cache-dsrgw4b_/wheels/31/93/c0/4effb33ea68d4321a176d9cb097b94ea8b1be9d534ea861dec
invalidation-liveness	UNKNOWN STEP	2026-09-17T18:56:14.0700681Z Successfully built vac-protocol
invalidation-liveness	UNKNOWN STEP	2026-09-17T18:56:14.0864942Z Installing collected packages: vac-protocol
invalidation-liveness	UNKNOWN STEP	2026-09-17T18:56:14.0951283Z Successfully installed vac-protocol-0.1.0
invalidation-liveness	UNKNOWN STEP	2026-09-17T18:56:14.1603891Z ##[group]Run python -m vac.verify fixtures/valid
invalidation-liveness	UNKNOWN STEP	2026-09-17T18:56:14.1604369Z ^[[36;1mpython -m vac.verify fixtures/valid^[[0m
invalidation-liveness	UNKNOWN STEP	2026-09-17T18:56:14.1646774Z shell: /usr/bin/bash -e {0}
invalidation-liveness	UNKNOWN STEP	2026-09-17T18:56:14.1647056Z env:
invalidation-liveness	UNKNOWN STEP	2026-09-17T18:56:14.1647344Z   pythonLocation: /opt/hostedtoolcache/Python/3.12.14/x64
invalidation-liveness	UNKNOWN STEP	2026-09-17T18:56:14.1647802Z   PKG_CONFIG_PATH: /opt/hostedtoolcache/Python/3.12.14/x64/lib/pkgconfig
invalidation-liveness	UNKNOWN STEP	2026-09-17T18:56:14.1648618Z   Python_ROOT_DIR: /opt/hostedtoolcache/Python/3.12.14/x64
invalidation-liveness	UNKNOWN STEP	2026-09-17T18:56:14.1649005Z   Python2_ROOT_DIR: /opt/hostedtoolcache/Python/3.12.14/x64
invalidation-liveness	UNKNOWN STEP	2026-09-17T18:56:14.1649405Z   Python3_ROOT_DIR: /opt/hostedtoolcache/Python/3.12.14/x64
invalidation-liveness	UNKNOWN STEP	2026-09-17T18:56:14.1649817Z   LD_LIBRARY_PATH: /opt/hostedtoolcache/Python/3.12.14/x64/lib
invalidation-liveness	UNKNOWN STEP	2026-09-17T18:56:14.1650168Z ##[endgroup]
invalidation-liveness	UNKNOWN STEP	2026-09-17T18:56:14.2407045Z structural verification: PASS (valid)
invalidation-liveness	UNKNOWN STEP	2026-09-17T18:56:14.2408261Z   proved offline: manifest schema, artifact presence + sha256, bundle closure,
invalidation-liveness	UNKNOWN STEP	2026-09-17T18:56:14.2409187Z   stated limitations, stamp agreement, declared results recomputed from artifacts.
invalidation-liveness	UNKNOWN STEP	2026-09-17T18:56:14.2409797Z semantic replay: NOT run by this tool. A structural PASS means the bundle is
invalidation-liveness	UNKNOWN STEP	2026-09-17T18:56:14.2410336Z   internally honest, not that the issuer's grader agrees. To re-earn the
invalidation-liveness	UNKNOWN STEP	2026-09-17T18:56:14.2410813Z   verdicts, run the bundle's replay block at the pinned issuer_commit:
invalidation-liveness	UNKNOWN STEP	2026-09-17T18:56:14.2411276Z     $ git clone https://github.com/example/toy-issuer issuer
invalidation-liveness	UNKNOWN STEP	2026-09-17T18:56:14.2411645Z     $ git -C issuer checkout f1e2d3c
invalidation-liveness	UNKNOWN STEP	2026-09-17T18:56:14.2411956Z     $ python -m pip install -e ./issuer
invalidation-liveness	UNKNOWN STEP	2026-09-17T18:56:14.2412289Z     $ python -m toy_issuer.regrade evidence/bundle.json
invalidation-liveness	UNKNOWN STEP	2026-09-17T18:56:14.2412698Z     $ python issuer/audit/run_audit.py --check evidence/results.json
invalidation-liveness	UNKNOWN STEP	2026-09-17T18:56:14.2413141Z     $ python -m toy_issuer.mutrun --check evidence/evalmut_run.json
invalidation-liveness	UNKNOWN STEP	2026-09-17T18:56:14.2413560Z     $ python -m toy_issuer.crashrun --check evidence/eval_run.json
invalidation-liveness	UNKNOWN STEP	2026-09-17T18:56:14.2414006Z     $ python -m toy_issuer.driftboard --check evidence/standings.json
invalidation-liveness	UNKNOWN STEP	2026-09-17T18:56:14.2415140Z     expected: regrade exits 0 reporting 'consistent'; audit, mutrun, crashrun, and driftboard reproduce results.json, evalmut_run.json, eval_run.json, and the drift board artifacts byte-identically at the stamped commit (mutrun exits 1 by design: the toy suite has holes)
invalidation-liveness	UNKNOWN STEP	2026-09-17T18:56:14.2511993Z ##[group]Run set -e
invalidation-liveness	UNKNOWN STEP	2026-09-17T18:56:14.2512291Z ^[[36;1mset -e^[[0m
invalidation-liveness	UNKNOWN STEP	2026-09-17T18:56:14.2512534Z ^[[36;1mfor d in fixtures/tamper-*; do^[[0m
invalidation-liveness	UNKNOWN STEP	2026-09-17T18:56:14.2512851Z ^[[36;1m  if python -m vac.verify "$d"; then^[[0m
invalidation-liveness	UNKNOWN STEP	2026-09-17T18:56:14.2513282Z ^[[36;1m    echo "LIVENESS FAILURE: $d verified clean — the gate cannot block"^[[0m
invalidation-liveness	UNKNOWN STEP	2026-09-17T18:56:14.2513668Z ^[[36;1m    exit 1^[[0m
invalidation-liveness	UNKNOWN STEP	2026-09-17T18:56:14.2513883Z ^[[36;1m  fi^[[0m
invalidation-liveness	UNKNOWN STEP	2026-09-17T18:56:14.2514083Z ^[[36;1mdone^[[0m
invalidation-liveness	UNKNOWN STEP	2026-09-17T18:56:14.2556099Z shell: /usr/bin/bash -e {0}
invalidation-liveness	UNKNOWN STEP	2026-09-17T18:56:14.2556372Z env:
invalidation-liveness	UNKNOWN STEP	2026-09-17T18:56:14.2556658Z   pythonLocation: /opt/hostedtoolcache/Python/3.12.14/x64
invalidation-liveness	UNKNOWN STEP	2026-09-17T18:56:14.2557099Z   PKG_CONFIG_PATH: /opt/hostedtoolcache/Python/3.12.14/x64/lib/pkgconfig
invalidation-liveness	UNKNOWN STEP	2026-09-17T18:56:14.2557522Z   Python_ROOT_DIR: /opt/hostedtoolcache/Python/3.12.14/x64
invalidation-liveness	UNKNOWN STEP	2026-09-17T18:56:14.2557900Z   Python2_ROOT_DIR: /opt/hostedtoolcache/Python/3.12.14/x64
invalidation-liveness	UNKNOWN STEP	2026-09-17T18:56:14.2558472Z   Python3_ROOT_DIR: /opt/hostedtoolcache/Python/3.12.14/x64
invalidation-liveness	UNKNOWN STEP	2026-09-17T18:56:14.2558855Z   LD_LIBRARY_PATH: /opt/hostedtoolcache/Python/3.12.14/x64/lib
invalidation-liveness	UNKNOWN STEP	2026-09-17T18:56:14.2559192Z ##[endgroup]
invalidation-liveness	UNKNOWN STEP	2026-09-17T18:56:14.3035282Z FAIL evidence-unchecked: evidence/bundle.json: listed in evidence but read by no check
invalidation-liveness	UNKNOWN STEP	2026-09-17T18:56:14.3036327Z structural verification: FAIL — 1 named reason(s) (tamper-check-deleted)
invalidation-liveness	UNKNOWN STEP	2026-09-17T18:56:14.3036883Z   proved offline: manifest schema, artifact presence + sha256, bundle closure,
invalidation-liveness	UNKNOWN STEP	2026-09-17T18:56:14.3037422Z   stated limitations, stamp agreement, declared results recomputed from artifacts.
invalidation-liveness	UNKNOWN STEP	2026-09-17T18:56:14.3038146Z semantic replay: NOT run by this tool. A structural PASS means the bundle is
invalidation-liveness	UNKNOWN STEP	2026-09-17T18:56:14.3038801Z   internally honest, not that the issuer's grader agrees. To re-earn the
invalidation-liveness	UNKNOWN STEP	2026-09-17T18:56:14.3039290Z   verdicts, run the bundle's replay block at the pinned issuer_commit:
invalidation-liveness	UNKNOWN STEP	2026-09-17T18:56:14.3039773Z     $ git clone https://github.com/example/toy-issuer issuer
invalidation-liveness	UNKNOWN STEP	2026-09-17T18:56:14.3040203Z     $ git -C issuer checkout f1e2d3c
invalidation-liveness	UNKNOWN STEP	2026-09-17T18:56:14.3040504Z     $ python -m pip install -e ./issuer
invalidation-liveness	UNKNOWN STEP	2026-09-17T18:56:14.3041139Z     $ python -m toy_issuer.regrade evidence/bundle.json
invalidation-liveness	UNKNOWN STEP	2026-09-17T18:56:14.3041569Z     $ python issuer/audit/run_audit.py --check evidence/results.json
invalidation-liveness	UNKNOWN STEP	2026-09-17T18:56:14.3042027Z     $ python -m toy_issuer.mutrun --check evidence/evalmut_run.json
invalidation-liveness	UNKNOWN STEP	2026-09-17T18:56:14.3042459Z     $ python -m toy_issuer.crashrun --check evidence/eval_run.json
invalidation-liveness	UNKNOWN STEP	2026-09-17T18:56:14.3042889Z     $ python -m toy_issuer.driftboard --check evidence/standings.json
invalidation-liveness	UNKNOWN STEP	2026-09-17T18:56:14.3043975Z     expected: regrade exits 0 reporting 'consistent'; audit, mutrun, crashrun, and driftboard reproduce results.json, evalmut_run.json, eval_run.json, and the drift board artifacts byte-identically at the stamped commit (mutrun exits 1 by design: the toy suite has holes)
invalidation-liveness	UNKNOWN STEP	2026-09-17T18:56:14.3509542Z FAIL raw-aggregate-mismatch: evidence/eval_run.json: case 2 flagged flag contradicts its own passed/truncated pair
invalidation-liveness	UNKNOWN STEP	2026-09-17T18:56:14.3510936Z FAIL raw-aggregate-mismatch: evidence/eval_run.json: metrics.faithfulness declared 0.5, recomputed 0.75
invalidation-liveness	UNKNOWN STEP	2026-09-17T18:56:14.3512096Z FAIL raw-aggregate-mismatch: evidence/eval_run.json: metrics.precision@k declared 0.5, recomputed 0.75
invalidation-liveness	UNKNOWN STEP	2026-09-17T18:56:14.3512877Z FAIL raw-aggregate-mismatch: evidence/eval_run.json: metrics.recall@k declared 0.5, recomputed 0.75
invalidation-liveness	UNKNOWN STEP	2026-09-17T18:56:14.3513573Z FAIL raw-aggregate-mismatch: evidence/eval_run.json: metrics.citation_rate declared 0.5, recomputed 0.75
invalidation-liveness	UNKNOWN STEP	2026-09-17T18:56:14.3514299Z FAIL raw-aggregate-mismatch: evidence/eval_run.json: metrics.vulnerability_score declared 0.4545, recomputed 0.0909
invalidation-liveness	UNKNOWN STEP	2026-09-17T18:56:14.3515063Z FAIL raw-aggregate-mismatch: evidence/eval_run.json: per_kind['prompt-injection'] declared 0.5, recomputed 1.0
invalidation-liveness	UNKNOWN STEP	2026-09-17T18:56:14.3515641Z FAIL summary-mismatch: accuracy: declared 0.5, recomputed 0.75
invalidation-liveness	UNKNOWN STEP	2026-09-17T18:56:14.3516119Z FAIL summary-mismatch: vulnerability_score: declared 0.4545, recomputed 0.0909
invalidation-liveness	UNKNOWN STEP	2026-09-17T18:56:14.3517059Z FAIL summary-outruns-checks: summary.crash_vulnerability: declares 0.4545, no check recomputes it
invalidation-liveness	UNKNOWN STEP	2026-09-17T18:56:14.3517919Z structural verification: FAIL — 10 named reason(s) (tamper-crashkit-case)
invalidation-liveness	UNKNOWN STEP	2026-09-17T18:56:14.3518695Z   proved offline: manifest schema, artifact presence + sha256, bundle closure,
invalidation-liveness	UNKNOWN STEP	2026-09-17T18:56:14.3519228Z   stated limitations, stamp agreement, declared results recomputed from artifacts.
invalidation-liveness	UNKNOWN STEP	2026-09-17T18:56:14.3519747Z semantic replay: NOT run by this tool. A structural PASS means the bundle is
invalidation-liveness	UNKNOWN STEP	2026-09-17T18:56:14.3520230Z   internally honest, not that the issuer's grader agrees. To re-earn the
invalidation-liveness	UNKNOWN STEP	2026-09-17T18:56:14.3520692Z   verdicts, run the bundle's replay block at the pinned issuer_commit:
invalidation-liveness	UNKNOWN STEP	2026-09-17T18:56:14.3521160Z     $ git clone https://github.com/example/toy-issuer issuer
invalidation-liveness	UNKNOWN STEP	2026-09-17T18:56:14.3521506Z     $ git -C issuer checkout f1e2d3c
invalidation-liveness	UNKNOWN STEP	2026-09-17T18:56:14.3521793Z     $ python -m pip install -e ./issuer
invalidation-liveness	UNKNOWN STEP	2026-09-17T18:56:14.3522137Z     $ python -m toy_issuer.regrade evidence/bundle.json
invalidation-liveness	UNKNOWN STEP	2026-09-17T18:56:14.3522553Z     $ python issuer/audit/run_audit.py --check evidence/results.json
invalidation-liveness	UNKNOWN STEP	2026-09-17T18:56:14.3523004Z     $ python -m toy_issuer.mutrun --check evidence/evalmut_run.json
invalidation-liveness	UNKNOWN STEP	2026-09-17T18:56:14.3523417Z     $ python -m toy_issuer.crashrun --check evidence/eval_run.json
invalidation-liveness	UNKNOWN STEP	2026-09-17T18:56:14.3523834Z     $ python -m toy_issuer.driftboard --check evidence/standings.json
invalidation-liveness	UNKNOWN STEP	2026-09-17T18:56:14.3524919Z     expected: regrade exits 0 reporting 'consistent'; audit, mutrun, crashrun, and driftboard reproduce results.json, evalmut_run.json, eval_run.json, and the drift board artifacts byte-identically at the stamped commit (mutrun exits 1 by design: the toy suite has holes)
invalidation-liveness	UNKNOWN STEP	2026-09-17T18:56:14.4000131Z FAIL raw-aggregate-mismatch: evidence/eval_run.json: metrics.vulnerability_score declared 0.0909, recomputed 0.4545
invalidation-liveness	UNKNOWN STEP	2026-09-17T18:56:14.4001350Z structural verification: FAIL — 1 named reason(s) (tamper-crashkit-metrics)
invalidation-liveness	UNKNOWN STEP	2026-09-17T18:56:14.4001977Z   proved offline: manifest schema, artifact presence + sha256, bundle closure,
invalidation-liveness	UNKNOWN STEP	2026-09-17T18:56:14.4002853Z   stated limitations, stamp agreement, declared results recomputed from artifacts.
invalidation-liveness	UNKNOWN STEP	2026-09-17T18:56:14.4003400Z semantic replay: NOT run by this tool. A structural PASS means the bundle is
invalidation-liveness	UNKNOWN STEP	2026-09-17T18:56:14.4003909Z   internally honest, not that the issuer's grader agrees. To re-earn the
invalidation-liveness	UNKNOWN STEP	2026-09-17T18:56:14.4004390Z   verdicts, run the bundle's replay block at the pinned issuer_commit:
invalidation-liveness	UNKNOWN STEP	2026-09-17T18:56:14.4004846Z     $ git clone https://github.com/example/toy-issuer issuer
invalidation-liveness	UNKNOWN STEP	2026-09-17T18:56:14.4005195Z     $ git -C issuer checkout f1e2d3c
invalidation-liveness	UNKNOWN STEP	2026-09-17T18:56:14.4005485Z     $ python -m pip install -e ./issuer
invalidation-liveness	UNKNOWN STEP	2026-09-17T18:56:14.4005819Z     $ python -m toy_issuer.regrade evidence/bundle.json
invalidation-liveness	UNKNOWN STEP	2026-09-17T18:56:14.4006230Z     $ python issuer/audit/run_audit.py --check evidence/results.json
invalidation-liveness	UNKNOWN STEP	2026-09-17T18:56:14.4006667Z     $ python -m toy_issuer.mutrun --check evidence/evalmut_run.json
invalidation-liveness	UNKNOWN STEP	2026-09-17T18:56:14.4007092Z     $ python -m toy_issuer.crashrun --check evidence/eval_run.json
invalidation-liveness	UNKNOWN STEP	2026-09-17T18:56:14.4007527Z     $ python -m toy_issuer.driftboard --check evidence/standings.json
invalidation-liveness	UNKNOWN STEP	2026-09-17T18:56:14.4008813Z     expected: regrade exits 0 reporting 'consistent'; audit, mutrun, crashrun, and driftboard reproduce results.json, evalmut_run.json, eval_run.json, and the drift board artifacts byte-identically at the stamped commit (mutrun exits 1 by design: the toy suite has holes)
invalidation-liveness	UNKNOWN STEP	2026-09-17T18:56:14.4481707Z FAIL artifact-unparsable: evidence/eval_run.json: severity 'Critical', 'Med' outside the profile's frozen table (none/low/med/high/critical)
invalidation-liveness	UNKNOWN STEP	2026-09-17T18:56:14.4483343Z structural verification: FAIL — 1 named reason(s) (tamper-crashkit-severity)
invalidation-liveness	UNKNOWN STEP	2026-09-17T18:56:14.4484222Z   proved offline: manifest schema, artifact presence + sha256, bundle closure,
invalidation-liveness	UNKNOWN STEP	2026-09-17T18:56:14.4484951Z   stated limitations, stamp agreement, declared results recomputed from artifacts.
invalidation-liveness	UNKNOWN STEP	2026-09-17T18:56:14.4485861Z semantic replay: NOT run by this tool. A structural PASS means the bundle is
invalidation-liveness	UNKNOWN STEP	2026-09-17T18:56:14.4486360Z   internally honest, not that the issuer's grader agrees. To re-earn the
invalidation-liveness	UNKNOWN STEP	2026-09-17T18:56:14.4486840Z   verdicts, run the bundle's replay block at the pinned issuer_commit:
invalidation-liveness	UNKNOWN STEP	2026-09-17T18:56:14.4487299Z     $ git clone https://github.com/example/toy-issuer issuer
invalidation-liveness	UNKNOWN STEP	2026-09-17T18:56:14.4487684Z     $ git -C issuer checkout f1e2d3c
invalidation-liveness	UNKNOWN STEP	2026-09-17T18:56:14.4488411Z     $ python -m pip install -e ./issuer
invalidation-liveness	UNKNOWN STEP	2026-09-17T18:56:14.4488747Z     $ python -m toy_issuer.regrade evidence/bundle.json
invalidation-liveness	UNKNOWN STEP	2026-09-17T18:56:14.4489155Z     $ python issuer/audit/run_audit.py --check evidence/results.json
invalidation-liveness	UNKNOWN STEP	2026-09-17T18:56:14.4489583Z     $ python -m toy_issuer.mutrun --check evidence/evalmut_run.json
invalidation-liveness	UNKNOWN STEP	2026-09-17T18:56:14.4489997Z     $ python -m toy_issuer.crashrun --check evidence/eval_run.json
invalidation-liveness	UNKNOWN STEP	2026-09-17T18:56:14.4490413Z     $ python -m toy_issuer.driftboard --check evidence/standings.json
invalidation-liveness	UNKNOWN STEP	2026-09-17T18:56:14.4491504Z     expected: regrade exits 0 reporting 'consistent'; audit, mutrun, crashrun, and driftboard reproduce results.json, evalmut_run.json, eval_run.json, and the drift board artifacts byte-identically at the stamped commit (mutrun exits 1 by design: the toy suite has holes)
invalidation-liveness	UNKNOWN STEP	2026-09-17T18:56:14.4914543Z FAIL draft-incomplete: claim.capability is an unauthored TODO
invalidation-liveness	UNKNOWN STEP	2026-09-17T18:56:14.4915337Z FAIL draft-incomplete: claim.limitations[0] is an unauthored TODO
invalidation-liveness	UNKNOWN STEP	2026-09-17T18:56:14.4915878Z FAIL draft-incomplete: claim.scope is an unauthored TODO
invalidation-liveness	UNKNOWN STEP	2026-09-17T18:56:14.4916330Z FAIL draft-incomplete: protocol.control_policy is an unauthored TODO
invalidation-liveness	UNKNOWN STEP	2026-09-17T18:56:14.4916783Z FAIL draft-incomplete: protocol.grading is an unauthored TODO
invalidation-liveness	UNKNOWN STEP	2026-09-17T18:56:14.4917210Z FAIL draft-incomplete: protocol.hashes.TODO is an unauthored TODO
invalidation-liveness	UNKNOWN STEP	2026-09-17T18:56:14.4917631Z FAIL draft-incomplete: protocol.task is an unauthored TODO
invalidation-liveness	UNKNOWN STEP	2026-09-17T18:56:14.4918338Z FAIL draft-incomplete: replay.commands[2] is an unauthored TODO
invalidation-liveness	UNKNOWN STEP	2026-09-17T18:56:14.4918823Z FAIL draft-incomplete: replay.commands[3] is an unauthored TODO
invalidation-liveness	UNKNOWN STEP	2026-09-17T18:56:14.4919230Z FAIL draft-incomplete: replay.expected is an unauthored TODO
invalidation-liveness	UNKNOWN STEP	2026-09-17T18:56:14.4919968Z FAIL draft-incomplete: results.checks[0].TODO is an unauthored TODO
invalidation-liveness	UNKNOWN STEP	2026-09-17T18:56:14.4920442Z FAIL draft-incomplete: results.checks[0].profile is an unauthored TODO
invalidation-liveness	UNKNOWN STEP	2026-09-17T18:56:14.4920897Z FAIL draft-incomplete: results.summary.TODO is an unauthored TODO
invalidation-liveness	UNKNOWN STEP	2026-09-17T18:56:14.4921294Z FAIL draft-incomplete: subject.id is an unauthored TODO
invalidation-liveness	UNKNOWN STEP	2026-09-17T18:56:14.4921667Z FAIL draft-incomplete: subject.kind is an unauthored TODO
invalidation-liveness	UNKNOWN STEP	2026-09-17T18:56:14.4922066Z FAIL draft-incomplete: subject.version.TODO is an unauthored TODO
invalidation-liveness	UNKNOWN STEP	2026-09-17T18:56:14.4922823Z structural verification: FAIL — 16 named reason(s) (tamper-draft-incomplete)
invalidation-liveness	UNKNOWN STEP	2026-09-17T18:56:14.4923383Z   proved offline: manifest schema, artifact presence + sha256, bundle closure,
invalidation-liveness	UNKNOWN STEP	2026-09-17T18:56:14.4923918Z   stated limitations, stamp agreement, declared results recomputed from artifacts.
invalidation-liveness	UNKNOWN STEP	2026-09-17T18:56:14.4924446Z semantic replay: NOT run by this tool. A structural PASS means the bundle is
invalidation-liveness	UNKNOWN STEP	2026-09-17T18:56:14.4924946Z   internally honest, not that the issuer's grader agrees. To re-earn the
invalidation-liveness	UNKNOWN STEP	2026-09-17T18:56:14.4925409Z   verdicts, run the bundle's replay block at the pinned issuer_commit:
invalidation-liveness	UNKNOWN STEP	2026-09-17T18:56:14.4925866Z     $ git clone https://github.com/example/toy-issuer issuer
invalidation-liveness	UNKNOWN STEP	2026-09-17T18:56:14.4926218Z     $ git -C issuer checkout f1e2d3c
invalidation-liveness	UNKNOWN STEP	2026-09-17T18:56:14.4926730Z     $ TODO(replay.commands): install, then run the issuer's deterministic regrader/audit over this bundle's artifacts
invalidation-liveness	UNKNOWN STEP	2026-09-17T18:56:14.4927508Z     $ TODO(replay.commands): byte-compare the regraded output against the committed artifacts; nonzero on any difference
invalidation-liveness	UNKNOWN STEP	2026-09-17T18:56:14.4928503Z     expected: TODO(replay.expected): the exact outcome — exit code and report text
invalidation-liveness	UNKNOWN STEP	2026-09-17T18:56:14.5395127Z FAIL empty-limitations
invalidation-liveness	UNKNOWN STEP	2026-09-17T18:56:14.5396110Z structural verification: FAIL — 1 named reason(s) (tamper-empty-limitations)
invalidation-liveness	UNKNOWN STEP	2026-09-17T18:56:14.5397300Z   proved offline: manifest schema, artifact presence + sha256, bundle closure,
invalidation-liveness	UNKNOWN STEP	2026-09-17T18:56:14.5398386Z   stated limitations, stamp agreement, declared results recomputed from artifacts.
invalidation-liveness	UNKNOWN STEP	2026-09-17T18:56:14.5399186Z semantic replay: NOT run by this tool. A structural PASS means the bundle is
invalidation-liveness	UNKNOWN STEP	2026-09-17T18:56:14.5399909Z   internally honest, not that the issuer's grader agrees. To re-earn the
invalidation-liveness	UNKNOWN STEP	2026-09-17T18:56:14.5400600Z   verdicts, run the bundle's replay block at the pinned issuer_commit:
invalidation-liveness	UNKNOWN STEP	2026-09-17T18:56:14.5401244Z     $ git clone https://github.com/example/toy-issuer issuer
invalidation-liveness	UNKNOWN STEP	2026-09-17T18:56:14.5401754Z     $ git -C issuer checkout f1e2d3c
invalidation-liveness	UNKNOWN STEP	2026-09-17T18:56:14.5402158Z     $ python -m pip install -e ./issuer
invalidation-liveness	UNKNOWN STEP	2026-09-17T18:56:14.5402628Z     $ python -m toy_issuer.regrade evidence/bundle.json
invalidation-liveness	UNKNOWN STEP	2026-09-17T18:56:14.5403195Z     $ python issuer/audit/run_audit.py --check evidence/results.json
invalidation-liveness	UNKNOWN STEP	2026-09-17T18:56:14.5403821Z     $ python -m toy_issuer.mutrun --check evidence/evalmut_run.json
invalidation-liveness	UNKNOWN STEP	2026-09-17T18:56:14.5404444Z     $ python -m toy_issuer.crashrun --check evidence/eval_run.json
invalidation-liveness	UNKNOWN STEP	2026-09-17T18:56:14.5405106Z     $ python -m toy_issuer.driftboard --check evidence/standings.json
invalidation-liveness	UNKNOWN STEP	2026-09-17T18:56:14.5406852Z     expected: regrade exits 0 reporting 'consistent'; audit, mutrun, crashrun, and driftboard reproduce results.json, evalmut_run.json, eval_run.json, and the drift board artifacts byte-identically at the stamped commit (mutrun exits 1 by design: the toy suite has holes)
invalidation-liveness	UNKNOWN STEP	2026-09-17T18:56:14.5927395Z FAIL artifact-unparsable: evidence/evalmut_run.json: applied == 0, so this run has no score. A payload that applied no mutation has measured nothing; it does not score 1.0 by default
invalidation-liveness	UNKNOWN STEP	2026-09-17T18:56:14.5929431Z structural verification: FAIL — 1 named reason(s) (tamper-evalmut-all-error)
invalidation-liveness	UNKNOWN STEP	2026-09-17T18:56:14.5930264Z   proved offline: manifest schema, artifact presence + sha256, bundle closure,
invalidation-liveness	UNKNOWN STEP	2026-09-17T18:56:14.5931073Z   stated limitations, stamp agreement, declared results recomputed from artifacts.
invalidation-liveness	UNKNOWN STEP	2026-09-17T18:56:14.5931929Z semantic replay: NOT run by this tool. A structural PASS means the bundle is
invalidation-liveness	UNKNOWN STEP	2026-09-17T18:56:14.5933102Z   internally honest, not that the issuer's grader agrees. To re-earn the
invalidation-liveness	UNKNOWN STEP	2026-09-17T18:56:14.5933863Z   verdicts, run the bundle's replay block at the pinned issuer_commit:
invalidation-liveness	UNKNOWN STEP	2026-09-17T18:56:14.5934563Z     $ git clone https://github.com/example/toy-issuer issuer
invalidation-liveness	UNKNOWN STEP	2026-09-17T18:56:14.5935110Z     $ git -C issuer checkout f1e2d3c
invalidation-liveness	UNKNOWN STEP	2026-09-17T18:56:14.5935541Z     $ python -m pip install -e ./issuer
invalidation-liveness	UNKNOWN STEP	2026-09-17T18:56:14.5936047Z     $ python -m toy_issuer.regrade evidence/bundle.json
invalidation-liveness	UNKNOWN STEP	2026-09-17T18:56:14.5936655Z     $ python issuer/audit/run_audit.py --check evidence/results.json
invalidation-liveness	UNKNOWN STEP	2026-09-17T18:56:14.5937347Z     $ python -m toy_issuer.mutrun --check evidence/evalmut_run.json
invalidation-liveness	UNKNOWN STEP	2026-09-17T18:56:14.5938222Z     $ python -m toy_issuer.crashrun --check evidence/eval_run.json
invalidation-liveness	UNKNOWN STEP	2026-09-17T18:56:14.5938885Z     $ python -m toy_issuer.driftboard --check evidence/standings.json
invalidation-liveness	UNKNOWN STEP	2026-09-17T18:56:14.5940656Z     expected: regrade exits 0 reporting 'consistent'; audit, mutrun, crashrun, and driftboard reproduce results.json, evalmut_run.json, eval_run.json, and the drift board artifacts byte-identically at the stamped commit (mutrun exits 1 by design: the toy suite has holes)
invalidation-liveness	UNKNOWN STEP	2026-09-17T18:56:14.6408664Z FAIL artifact-unparsable: evidence/evalmut_run.json: applied == 0, so this run has no score. A payload that applied no mutation has measured nothing; it does not score 1.0 by default
invalidation-liveness	UNKNOWN STEP	2026-09-17T18:56:14.6410454Z structural verification: FAIL — 1 named reason(s) (tamper-evalmut-empty-rows)
invalidation-liveness	UNKNOWN STEP	2026-09-17T18:56:14.6411613Z   proved offline: manifest schema, artifact presence + sha256, bundle closure,
invalidation-liveness	UNKNOWN STEP	2026-09-17T18:56:14.6412425Z   stated limitations, stamp agreement, declared results recomputed from artifacts.
invalidation-liveness	UNKNOWN STEP	2026-09-17T18:56:14.6413223Z semantic replay: NOT run by this tool. A structural PASS means the bundle is
invalidation-liveness	UNKNOWN STEP	2026-09-17T18:56:14.6413972Z   internally honest, not that the issuer's grader agrees. To re-earn the
invalidation-liveness	UNKNOWN STEP	2026-09-17T18:56:14.6415082Z   verdicts, run the bundle's replay block at the pinned issuer_commit:
invalidation-liveness	UNKNOWN STEP	2026-09-17T18:56:14.6416027Z     $ git clone https://github.com/example/toy-issuer issuer
invalidation-liveness	UNKNOWN STEP	2026-09-17T18:56:14.6416657Z     $ git -C issuer checkout f1e2d3c
invalidation-liveness	UNKNOWN STEP	2026-09-17T18:56:14.6417145Z     $ python -m pip install -e ./issuer
invalidation-liveness	UNKNOWN STEP	2026-09-17T18:56:14.6417656Z     $ python -m toy_issuer.regrade evidence/bundle.json
invalidation-liveness	UNKNOWN STEP	2026-09-17T18:56:14.6418552Z     $ python issuer/audit/run_audit.py --check evidence/results.json
invalidation-liveness	UNKNOWN STEP	2026-09-17T18:56:14.6419311Z     $ python -m toy_issuer.mutrun --check evidence/evalmut_run.json
invalidation-liveness	UNKNOWN STEP	2026-09-17T18:56:14.6420074Z     $ python -m toy_issuer.crashrun --check evidence/eval_run.json
invalidation-liveness	UNKNOWN STEP	2026-09-17T18:56:14.6420827Z     $ python -m toy_issuer.driftboard --check evidence/standings.json
invalidation-liveness	UNKNOWN STEP	2026-09-17T18:56:14.6422700Z     expected: regrade exits 0 reporting 'consistent'; audit, mutrun, crashrun, and driftboard reproduce results.json, evalmut_run.json, eval_run.json, and the drift board artifacts byte-identically at the stamped commit (mutrun exits 1 by design: the toy suite has holes)
invalidation-liveness	UNKNOWN STEP	2026-09-17T18:56:14.6894324Z FAIL raw-aggregate-mismatch: evidence/evalmut_run.json: tally.caught declared 4, recomputed 5
invalidation-liveness	UNKNOWN STEP	2026-09-17T18:56:14.6895476Z FAIL raw-aggregate-mismatch: evidence/evalmut_run.json: tally.missed declared 2, recomputed 1
invalidation-liveness	UNKNOWN STEP	2026-09-17T18:56:14.6896614Z FAIL raw-aggregate-mismatch: evidence/evalmut_run.json: score declared 0.5714285714285714, recomputed 0.7142857142857143
invalidation-liveness	UNKNOWN STEP	2026-09-17T18:56:14.6897824Z FAIL raw-aggregate-mismatch: evidence/evalmut_run.json: holes.blind does not recompute from the rows (declared 1, recomputed 0)
invalidation-liveness	UNKNOWN STEP	2026-09-17T18:56:14.6898915Z FAIL summary-mismatch: blind: declared 1, recomputed 0
invalidation-liveness	UNKNOWN STEP	2026-09-17T18:56:14.6899454Z FAIL summary-mismatch: caught: declared 4, recomputed 5
invalidation-liveness	UNKNOWN STEP	2026-09-17T18:56:14.6899986Z FAIL summary-mismatch: missed: declared 2, recomputed 1
invalidation-liveness	UNKNOWN STEP	2026-09-17T18:56:14.6900551Z FAIL summary-mismatch: score_3: declared 0.571, recomputed 0.714
invalidation-liveness	UNKNOWN STEP	2026-09-17T18:56:14.6901376Z FAIL summary-outruns-checks: summary.mutation_score_3: declares 0.571, no check recomputes it
invalidation-liveness	UNKNOWN STEP	2026-09-17T18:56:14.6902964Z structural verification: FAIL — 9 named reason(s) (tamper-evalmut-rows)
invalidation-liveness	UNKNOWN STEP	2026-09-17T18:56:14.6903751Z   proved offline: manifest schema, artifact presence + sha256, bundle closure,
invalidation-liveness	UNKNOWN STEP	2026-09-17T18:56:14.6904835Z   stated limitations, stamp agreement, declared results recomputed from artifacts.
invalidation-liveness	UNKNOWN STEP	2026-09-17T18:56:14.6905651Z semantic replay: NOT run by this tool. A structural PASS means the bundle is
invalidation-liveness	UNKNOWN STEP	2026-09-17T18:56:14.6906404Z   internally honest, not that the issuer's grader agrees. To re-earn the
invalidation-liveness	UNKNOWN STEP	2026-09-17T18:56:14.6907138Z   verdicts, run the bundle's replay block at the pinned issuer_commit:
invalidation-liveness	UNKNOWN STEP	2026-09-17T18:56:14.6907818Z     $ git clone https://github.com/example/toy-issuer issuer
invalidation-liveness	UNKNOWN STEP	2026-09-17T18:56:14.6908555Z     $ git -C issuer checkout f1e2d3c
invalidation-liveness	UNKNOWN STEP	2026-09-17T18:56:14.6908986Z     $ python -m pip install -e ./issuer
invalidation-liveness	UNKNOWN STEP	2026-09-17T18:56:14.6909469Z     $ python -m toy_issuer.regrade evidence/bundle.json
invalidation-liveness	UNKNOWN STEP	2026-09-17T18:56:14.6910101Z     $ python issuer/audit/run_audit.py --check evidence/results.json
invalidation-liveness	UNKNOWN STEP	2026-09-17T18:56:14.6910735Z     $ python -m toy_issuer.mutrun --check evidence/evalmut_run.json
invalidation-liveness	UNKNOWN STEP	2026-09-17T18:56:14.6911388Z     $ python -m toy_issuer.crashrun --check evidence/eval_run.json
invalidation-liveness	UNKNOWN STEP	2026-09-17T18:56:14.6912063Z     $ python -m toy_issuer.driftboard --check evidence/standings.json
invalidation-liveness	UNKNOWN STEP	2026-09-17T18:56:14.6913931Z     expected: regrade exits 0 reporting 'consistent'; audit, mutrun, crashrun, and driftboard reproduce results.json, evalmut_run.json, eval_run.json, and the drift board artifacts byte-identically at the stamped commit (mutrun exits 1 by design: the toy suite has holes)
invalidation-liveness	UNKNOWN STEP	2026-09-17T18:56:14.7386803Z FAIL raw-aggregate-mismatch: evidence/evalmut_run.json: tally.caught declared 5, recomputed 4
invalidation-liveness	UNKNOWN STEP	2026-09-17T18:56:14.7388790Z structural verification: FAIL — 1 named reason(s) (tamper-evalmut-summary)
invalidation-liveness	UNKNOWN STEP	2026-09-17T18:56:14.7389870Z   proved offline: manifest schema, artifact presence + sha256, bundle closure,
invalidation-liveness	UNKNOWN STEP	2026-09-17T18:56:14.7391654Z   stated limitations, stamp agreement, declared results recomputed from artifacts.
invalidation-liveness	UNKNOWN STEP	2026-09-17T18:56:14.7392686Z semantic replay: NOT run by this tool. A structural PASS means the bundle is
invalidation-liveness	UNKNOWN STEP	2026-09-17T18:56:14.7393558Z   internally honest, not that the issuer's grader agrees. To re-earn the
invalidation-liveness	UNKNOWN STEP	2026-09-17T18:56:14.7394306Z   verdicts, run the bundle's replay block at the pinned issuer_commit:
invalidation-liveness	UNKNOWN STEP	2026-09-17T18:56:14.7395023Z     $ git clone https://github.com/example/toy-issuer issuer
invalidation-liveness	UNKNOWN STEP	2026-09-17T18:56:14.7395579Z     $ git -C issuer checkout f1e2d3c
invalidation-liveness	UNKNOWN STEP	2026-09-17T18:56:14.7396055Z     $ python -m pip install -e ./issuer
invalidation-liveness	UNKNOWN STEP	2026-09-17T18:56:14.7396572Z     $ python -m toy_issuer.regrade evidence/bundle.json
invalidation-liveness	UNKNOWN STEP	2026-09-17T18:56:14.7397186Z     $ python issuer/audit/run_audit.py --check evidence/results.json
invalidation-liveness	UNKNOWN STEP	2026-09-17T18:56:14.7397875Z     $ python -m toy_issuer.mutrun --check evidence/evalmut_run.json
invalidation-liveness	UNKNOWN STEP	2026-09-17T18:56:14.7398799Z     $ python -m toy_issuer.crashrun --check evidence/eval_run.json
invalidation-liveness	UNKNOWN STEP	2026-09-17T18:56:14.7399516Z     $ python -m toy_issuer.driftboard --check evidence/standings.json
invalidation-liveness	UNKNOWN STEP	2026-09-17T18:56:14.7401393Z     expected: regrade exits 0 reporting 'consistent'; audit, mutrun, crashrun, and driftboard reproduce results.json, evalmut_run.json, eval_run.json, and the drift board artifacts byte-identically at the stamped commit (mutrun exits 1 by design: the toy suite has holes)
invalidation-liveness	UNKNOWN STEP	2026-09-17T18:56:14.7880965Z FAIL missing-artifact: evidence/bundle.json
invalidation-liveness	UNKNOWN STEP	2026-09-17T18:56:14.7882234Z structural verification: FAIL — 1 named reason(s) (tamper-missing-artifact)
invalidation-liveness	UNKNOWN STEP	2026-09-17T18:56:14.7883392Z   proved offline: manifest schema, artifact presence + sha256, bundle closure,
invalidation-liveness	UNKNOWN STEP	2026-09-17T18:56:14.7884562Z   stated limitations, stamp agreement, declared results recomputed from artifacts.
invalidation-liveness	UNKNOWN STEP	2026-09-17T18:56:14.7885516Z semantic replay: NOT run by this tool. A structural PASS means the bundle is
invalidation-liveness	UNKNOWN STEP	2026-09-17T18:56:14.7886305Z   internally honest, not that the issuer's grader agrees. To re-earn the
invalidation-liveness	UNKNOWN STEP	2026-09-17T18:56:14.7887041Z   verdicts, run the bundle's replay block at the pinned issuer_commit:
invalidation-liveness	UNKNOWN STEP	2026-09-17T18:56:14.7888163Z     $ git clone https://github.com/example/toy-issuer issuer
invalidation-liveness	UNKNOWN STEP	2026-09-17T18:56:14.7888674Z     $ git -C issuer checkout f1e2d3c
invalidation-liveness	UNKNOWN STEP	2026-09-17T18:56:14.7889083Z     $ python -m pip install -e ./issuer
invalidation-liveness	UNKNOWN STEP	2026-09-17T18:56:14.7889539Z     $ python -m toy_issuer.regrade evidence/bundle.json
invalidation-liveness	UNKNOWN STEP	2026-09-17T18:56:14.7890102Z     $ python issuer/audit/run_audit.py --check evidence/results.json
invalidation-liveness	UNKNOWN STEP	2026-09-17T18:56:14.7890716Z     $ python -m toy_issuer.mutrun --check evidence/evalmut_run.json
invalidation-liveness	UNKNOWN STEP	2026-09-17T18:56:14.7891312Z     $ python -m toy_issuer.crashrun --check evidence/eval_run.json
invalidation-liveness	UNKNOWN STEP	2026-09-17T18:56:14.7891925Z     $ python -m toy_issuer.driftboard --check evidence/standings.json
invalidation-liveness	UNKNOWN STEP	2026-09-17T18:56:14.7893525Z     expected: regrade exits 0 reporting 'consistent'; audit, mutrun, crashrun, and driftboard reproduce results.json, evalmut_run.json, eval_run.json, and the drift board artifacts byte-identically at the stamped commit (mutrun exits 1 by design: the toy suite has holes)
invalidation-liveness	UNKNOWN STEP	2026-09-17T18:56:14.8379159Z FAIL missing-issuer-commit
invalidation-liveness	UNKNOWN STEP	2026-09-17T18:56:14.8380070Z structural verification: FAIL — 1 named reason(s) (tamper-missing-issuer-commit)
invalidation-liveness	UNKNOWN STEP	2026-09-17T18:56:14.8380662Z   proved offline: manifest schema, artifact presence + sha256, bundle closure,
invalidation-liveness	UNKNOWN STEP	2026-09-17T18:56:14.8381202Z   stated limitations, stamp agreement, declared results recomputed from artifacts.
invalidation-liveness	UNKNOWN STEP	2026-09-17T18:56:14.8381731Z semantic replay: NOT run by this tool. A structural PASS means the bundle is
invalidation-liveness	UNKNOWN STEP	2026-09-17T18:56:14.8382221Z   internally honest, not that the issuer's grader agrees. To re-earn the
invalidation-liveness	UNKNOWN STEP	2026-09-17T18:56:14.8382688Z   verdicts, run the bundle's replay block at the pinned issuer_commit:
invalidation-liveness	UNKNOWN STEP	2026-09-17T18:56:14.8383154Z     $ git clone https://github.com/example/toy-issuer issuer
invalidation-liveness	UNKNOWN STEP	2026-09-17T18:56:14.8383516Z     $ git -C issuer checkout f1e2d3c
invalidation-liveness	UNKNOWN STEP	2026-09-17T18:56:14.8383809Z     $ python -m pip install -e ./issuer
invalidation-liveness	UNKNOWN STEP	2026-09-17T18:56:14.8384495Z     $ python -m toy_issuer.regrade evidence/bundle.json
invalidation-liveness	UNKNOWN STEP	2026-09-17T18:56:14.8384899Z     $ python issuer/audit/run_audit.py --check evidence/results.json
invalidation-liveness	UNKNOWN STEP	2026-09-17T18:56:14.8385340Z     $ python -m toy_issuer.mutrun --check evidence/evalmut_run.json
invalidation-liveness	UNKNOWN STEP	2026-09-17T18:56:14.8385752Z     $ python -m toy_issuer.crashrun --check evidence/eval_run.json
invalidation-liveness	UNKNOWN STEP	2026-09-17T18:56:14.8386173Z     $ python -m toy_issuer.driftboard --check evidence/standings.json
invalidation-liveness	UNKNOWN STEP	2026-09-17T18:56:14.8387269Z     expected: regrade exits 0 reporting 'consistent'; audit, mutrun, crashrun, and driftboard reproduce results.json, evalmut_run.json, eval_run.json, and the drift board artifacts byte-identically at the stamped commit (mutrun exits 1 by design: the toy suite has holes)
invalidation-liveness	UNKNOWN STEP	2026-09-17T18:56:14.8866203Z FAIL raw-aggregate-mismatch: evidence/standings.json: alpha:a1: acc declared 0.5, recomputed 0.75
invalidation-liveness	UNKNOWN STEP	2026-09-17T18:56:14.8867095Z FAIL raw-aggregate-mismatch: evidence/standings.json: alpha:a1: delta declared -0.25, recomputed 0.0
invalidation-liveness	UNKNOWN STEP	2026-09-17T18:56:14.8867866Z FAIL raw-aggregate-mismatch: evidence/standings.json: alpha:a1: verdict declared 'regressed', recomputed 'unchanged'
invalidation-liveness	UNKNOWN STEP	2026-09-17T18:56:14.8868930Z FAIL raw-aggregate-mismatch: evidence/RESULTS.md: does not re-render byte-identically from the recomputed standings rows
invalidation-liveness	UNKNOWN STEP	2026-09-17T18:56:14.8869537Z FAIL summary-mismatch: regressed: declared 1, recomputed 0
invalidation-liveness	UNKNOWN STEP	2026-09-17T18:56:14.8869927Z FAIL summary-mismatch: unchanged: declared 1, recomputed 2
invalidation-liveness	UNKNOWN STEP	2026-09-17T18:56:14.8870416Z FAIL summary-outruns-checks: summary.drift.regressed: declares 1, recomputation gives 0
invalidation-liveness	UNKNOWN STEP	2026-09-17T18:56:14.8871232Z structural verification: FAIL — 7 named reason(s) (tamper-modeldrift-rows)
invalidation-liveness	UNKNOWN STEP	2026-09-17T18:56:14.8871796Z   proved offline: manifest schema, artifact presence + sha256, bundle closure,
invalidation-liveness	UNKNOWN STEP	2026-09-17T18:56:14.8872336Z   stated limitations, stamp agreement, declared results recomputed from artifacts.
invalidation-liveness	UNKNOWN STEP	2026-09-17T18:56:14.8872863Z semantic replay: NOT run by this tool. A structural PASS means the bundle is
invalidation-liveness	UNKNOWN STEP	2026-09-17T18:56:14.8873353Z   internally honest, not that the issuer's grader agrees. To re-earn the
invalidation-liveness	UNKNOWN STEP	2026-09-17T18:56:14.8874109Z   verdicts, run the bundle's replay block at the pinned issuer_commit:
invalidation-liveness	UNKNOWN STEP	2026-09-17T18:56:14.8874556Z     $ git clone https://github.com/example/toy-issuer issuer
invalidation-liveness	UNKNOWN STEP	2026-09-17T18:56:14.8874972Z     $ git -C issuer checkout f1e2d3c
invalidation-liveness	UNKNOWN STEP	2026-09-17T18:56:14.8875261Z     $ python -m pip install -e ./issuer
invalidation-liveness	UNKNOWN STEP	2026-09-17T18:56:14.8875594Z     $ python -m toy_issuer.regrade evidence/bundle.json
invalidation-liveness	UNKNOWN STEP	2026-09-17T18:56:14.8875980Z     $ python issuer/audit/run_audit.py --check evidence/results.json
invalidation-liveness	UNKNOWN STEP	2026-09-17T18:56:14.8876403Z     $ python -m toy_issuer.mutrun --check evidence/evalmut_run.json
invalidation-liveness	UNKNOWN STEP	2026-09-17T18:56:14.8876812Z     $ python -m toy_issuer.crashrun --check evidence/eval_run.json
invalidation-liveness	UNKNOWN STEP	2026-09-17T18:56:14.8877223Z     $ python -m toy_issuer.driftboard --check evidence/standings.json
invalidation-liveness	UNKNOWN STEP	2026-09-17T18:56:14.8878417Z     expected: regrade exits 0 reporting 'consistent'; audit, mutrun, crashrun, and driftboard reproduce results.json, evalmut_run.json, eval_run.json, and the drift board artifacts byte-identically at the stamped commit (mutrun exits 1 by design: the toy suite has holes)
invalidation-liveness	UNKNOWN STEP	2026-09-17T18:56:14.9351719Z FAIL raw-aggregate-mismatch: evidence/standings.json: alpha:a1: delta declared 0.0, recomputed -0.25
invalidation-liveness	UNKNOWN STEP	2026-09-17T18:56:14.9352587Z FAIL raw-aggregate-mismatch: evidence/standings.json: alpha:a1: verdict declared 'unchanged', recomputed 'regressed'
invalidation-liveness	UNKNOWN STEP	2026-09-17T18:56:14.9353524Z structural verification: FAIL — 2 named reason(s) (tamper-modeldrift-standings)
invalidation-liveness	UNKNOWN STEP	2026-09-17T18:56:14.9354069Z   proved offline: manifest schema, artifact presence + sha256, bundle closure,
invalidation-liveness	UNKNOWN STEP	2026-09-17T18:56:14.9354599Z   stated limitations, stamp agreement, declared results recomputed from artifacts.
invalidation-liveness	UNKNOWN STEP	2026-09-17T18:56:14.9355124Z semantic replay: NOT run by this tool. A structural PASS means the bundle is
invalidation-liveness	UNKNOWN STEP	2026-09-17T18:56:14.9355607Z   internally honest, not that the issuer's grader agrees. To re-earn the
invalidation-liveness	UNKNOWN STEP	2026-09-17T18:56:14.9356404Z   verdicts, run the bundle's replay block at the pinned issuer_commit:
invalidation-liveness	UNKNOWN STEP	2026-09-17T18:56:14.9356863Z     $ git clone https://github.com/example/toy-issuer issuer
invalidation-liveness	UNKNOWN STEP	2026-09-17T18:56:14.9357225Z     $ git -C issuer checkout f1e2d3c
invalidation-liveness	UNKNOWN STEP	2026-09-17T18:56:14.9357513Z     $ python -m pip install -e ./issuer
invalidation-liveness	UNKNOWN STEP	2026-09-17T18:56:14.9357852Z     $ python -m toy_issuer.regrade evidence/bundle.json
invalidation-liveness	UNKNOWN STEP	2026-09-17T18:56:14.9358616Z     $ python issuer/audit/run_audit.py --check evidence/results.json
invalidation-liveness	UNKNOWN STEP	2026-09-17T18:56:14.9359049Z     $ python -m toy_issuer.mutrun --check evidence/evalmut_run.json
invalidation-liveness	UNKNOWN STEP	2026-09-17T18:56:14.9359474Z     $ python -m toy_issuer.crashrun --check evidence/eval_run.json
invalidation-liveness	UNKNOWN STEP	2026-09-17T18:56:14.9359889Z     $ python -m toy_issuer.driftboard --check evidence/standings.json
invalidation-liveness	UNKNOWN STEP	2026-09-17T18:56:14.9360965Z     expected: regrade exits 0 reporting 'consistent'; audit, mutrun, crashrun, and driftboard reproduce results.json, evalmut_run.json, eval_run.json, and the drift board artifacts byte-identically at the stamped commit (mutrun exits 1 by design: the toy suite has holes)
invalidation-liveness	UNKNOWN STEP	2026-09-17T18:56:14.9834071Z FAIL raw-aggregate-mismatch: toy-suite/toy-defect-b: detected declared 3, recomputed 2
invalidation-liveness	UNKNOWN STEP	2026-09-17T18:56:14.9834853Z FAIL raw-aggregate-mismatch: toy-suite/toy-defect-b: detection_rate declared 0.75, recomputed 0.5
invalidation-liveness	UNKNOWN STEP	2026-09-17T18:56:14.9835689Z structural verification: FAIL — 2 named reason(s) (tamper-raw-aggregate)
invalidation-liveness	UNKNOWN STEP	2026-09-17T18:56:14.9836206Z   proved offline: manifest schema, artifact presence + sha256, bundle closure,
invalidation-liveness	UNKNOWN STEP	2026-09-17T18:56:14.9836741Z   stated limitations, stamp agreement, declared results recomputed from artifacts.
invalidation-liveness	UNKNOWN STEP	2026-09-17T18:56:14.9837272Z semantic replay: NOT run by this tool. A structural PASS means the bundle is
invalidation-liveness	UNKNOWN STEP	2026-09-17T18:56:14.9837766Z   internally honest, not that the issuer's grader agrees. To re-earn the
invalidation-liveness	UNKNOWN STEP	2026-09-17T18:56:14.9838491Z   verdicts, run the bundle's replay block at the pinned issuer_commit:
invalidation-liveness	UNKNOWN STEP	2026-09-17T18:56:14.9838937Z     $ git clone https://github.com/example/toy-issuer issuer
invalidation-liveness	UNKNOWN STEP	2026-09-17T18:56:14.9839283Z     $ git -C issuer checkout f1e2d3c
invalidation-liveness	UNKNOWN STEP	2026-09-17T18:56:14.9839581Z     $ python -m pip install -e ./issuer
invalidation-liveness	UNKNOWN STEP	2026-09-17T18:56:14.9840188Z     $ python -m toy_issuer.regrade evidence/bundle.json
invalidation-liveness	UNKNOWN STEP	2026-09-17T18:56:14.9840580Z     $ python issuer/audit/run_audit.py --check evidence/results.json
invalidation-liveness	UNKNOWN STEP	2026-09-17T18:56:14.9841006Z     $ python -m toy_issuer.mutrun --check evidence/evalmut_run.json
invalidation-liveness	UNKNOWN STEP	2026-09-17T18:56:14.9841421Z     $ python -m toy_issuer.crashrun --check evidence/eval_run.json
invalidation-liveness	UNKNOWN STEP	2026-09-17T18:56:14.9841831Z     $ python -m toy_issuer.driftboard --check evidence/standings.json
invalidation-liveness	UNKNOWN STEP	2026-09-17T18:56:14.9842892Z     expected: regrade exits 0 reporting 'consistent'; audit, mutrun, crashrun, and driftboard reproduce results.json, evalmut_run.json, eval_run.json, and the drift board artifacts byte-identically at the stamped commit (mutrun exits 1 by design: the toy suite has holes)
invalidation-liveness	UNKNOWN STEP	2026-09-17T18:56:15.0319370Z FAIL stamp-mismatch: taskset_hash: named by protocol.hashes but absent from evidence/bundle.json
invalidation-liveness	UNKNOWN STEP	2026-09-17T18:56:15.0320661Z FAIL stamp-mismatch: prompt_hash: named by protocol.hashes but absent from evidence/bundle.json
invalidation-liveness	UNKNOWN STEP	2026-09-17T18:56:15.0321865Z FAIL stamp-mismatch: harness_commit: protocol declares issuer_commit but evidence/bundle.json carries no harness_commit
invalidation-liveness	UNKNOWN STEP	2026-09-17T18:56:15.0323313Z structural verification: FAIL — 3 named reason(s) (tamper-stamp-deleted)
invalidation-liveness	UNKNOWN STEP	2026-09-17T18:56:15.0324162Z   proved offline: manifest schema, artifact presence + sha256, bundle closure,
invalidation-liveness	UNKNOWN STEP	2026-09-17T18:56:15.0325016Z   stated limitations, stamp agreement, declared results recomputed from artifacts.
invalidation-liveness	UNKNOWN STEP	2026-09-17T18:56:15.0325829Z semantic replay: NOT run by this tool. A structural PASS means the bundle is
invalidation-liveness	UNKNOWN STEP	2026-09-17T18:56:15.0326652Z   internally honest, not that the issuer's grader agrees. To re-earn the
invalidation-liveness	UNKNOWN STEP	2026-09-17T18:56:15.0327397Z   verdicts, run the bundle's replay block at the pinned issuer_commit:
invalidation-liveness	UNKNOWN STEP	2026-09-17T18:56:15.0328318Z     $ git clone https://github.com/example/toy-issuer issuer
invalidation-liveness	UNKNOWN STEP	2026-09-17T18:56:15.0328873Z     $ git -C issuer checkout f1e2d3c
invalidation-liveness	UNKNOWN STEP	2026-09-17T18:56:15.0329720Z     $ python -m pip install -e ./issuer
invalidation-liveness	UNKNOWN STEP	2026-09-17T18:56:15.0330270Z     $ python -m toy_issuer.regrade evidence/bundle.json
invalidation-liveness	UNKNOWN STEP	2026-09-17T18:56:15.0330916Z     $ python issuer/audit/run_audit.py --check evidence/results.json
invalidation-liveness	UNKNOWN STEP	2026-09-17T18:56:15.0331626Z     $ python -m toy_issuer.mutrun --check evidence/evalmut_run.json
invalidation-liveness	UNKNOWN STEP	2026-09-17T18:56:15.0332384Z     $ python -m toy_issuer.crashrun --check evidence/eval_run.json
invalidation-liveness	UNKNOWN STEP	2026-09-17T18:56:15.0333065Z     $ python -m toy_issuer.driftboard --check evidence/standings.json
invalidation-liveness	UNKNOWN STEP	2026-09-17T18:56:15.0334943Z     expected: regrade exits 0 reporting 'consistent'; audit, mutrun, crashrun, and driftboard reproduce results.json, evalmut_run.json, eval_run.json, and the drift board artifacts byte-identically at the stamped commit (mutrun exits 1 by design: the toy suite has holes)
invalidation-liveness	UNKNOWN STEP	2026-09-17T18:56:15.0816761Z FAIL summary-outruns-checks: summary.fixed: declares 3, recomputation gives 2
invalidation-liveness	UNKNOWN STEP	2026-09-17T18:56:15.0818323Z structural verification: FAIL — 1 named reason(s) (tamper-summary-fixed)
invalidation-liveness	UNKNOWN STEP	2026-09-17T18:56:15.0819207Z   proved offline: manifest schema, artifact presence + sha256, bundle closure,
invalidation-liveness	UNKNOWN STEP	2026-09-17T18:56:15.0820091Z   stated limitations, stamp agreement, declared results recomputed from artifacts.
invalidation-liveness	UNKNOWN STEP	2026-09-17T18:56:15.0820969Z semantic replay: NOT run by this tool. A structural PASS means the bundle is
invalidation-liveness	UNKNOWN STEP	2026-09-17T18:56:15.0821765Z   internally honest, not that the issuer's grader agrees. To re-earn the
invalidation-liveness	UNKNOWN STEP	2026-09-17T18:56:15.0822508Z   verdicts, run the bundle's replay block at the pinned issuer_commit:
invalidation-liveness	UNKNOWN STEP	2026-09-17T18:56:15.0823217Z     $ git clone https://github.com/example/toy-issuer issuer
invalidation-liveness	UNKNOWN STEP	2026-09-17T18:56:15.0823799Z     $ git -C issuer checkout f1e2d3c
invalidation-liveness	UNKNOWN STEP	2026-09-17T18:56:15.0824262Z     $ python -m pip install -e ./issuer
invalidation-liveness	UNKNOWN STEP	2026-09-17T18:56:15.0824788Z     $ python -m toy_issuer.regrade evidence/bundle.json
invalidation-liveness	UNKNOWN STEP	2026-09-17T18:56:15.0825434Z     $ python issuer/audit/run_audit.py --check evidence/results.json
invalidation-liveness	UNKNOWN STEP	2026-09-17T18:56:15.0826177Z     $ python -m toy_issuer.mutrun --check evidence/evalmut_run.json
invalidation-liveness	UNKNOWN STEP	2026-09-17T18:56:15.0826831Z     $ python -m toy_issuer.crashrun --check evidence/eval_run.json
invalidation-liveness	UNKNOWN STEP	2026-09-17T18:56:15.0828224Z     $ python -m toy_issuer.driftboard --check evidence/standings.json
invalidation-liveness	UNKNOWN STEP	2026-09-17T18:56:15.0830095Z     expected: regrade exits 0 reporting 'consistent'; audit, mutrun, crashrun, and driftboard reproduce results.json, evalmut_run.json, eval_run.json, and the drift board artifacts byte-identically at the stamped commit (mutrun exits 1 by design: the toy suite has holes)
invalidation-liveness	UNKNOWN STEP	2026-09-17T18:56:15.1306610Z FAIL summary-outruns-checks: summary.detection_rate_min: declares 0.9, no check recomputes it
invalidation-liveness	UNKNOWN STEP	2026-09-17T18:56:15.1308177Z structural verification: FAIL — 1 named reason(s) (tamper-summary-rate)
invalidation-liveness	UNKNOWN STEP	2026-09-17T18:56:15.1309051Z   proved offline: manifest schema, artifact presence + sha256, bundle closure,
invalidation-liveness	UNKNOWN STEP	2026-09-17T18:56:15.1309954Z   stated limitations, stamp agreement, declared results recomputed from artifacts.
invalidation-liveness	UNKNOWN STEP	2026-09-17T18:56:15.1310861Z semantic replay: NOT run by this tool. A structural PASS means the bundle is
invalidation-liveness	UNKNOWN STEP	2026-09-17T18:56:15.1311688Z   internally honest, not that the issuer's grader agrees. To re-earn the
invalidation-liveness	UNKNOWN STEP	2026-09-17T18:56:15.1312409Z   verdicts, run the bundle's replay block at the pinned issuer_commit:
invalidation-liveness	UNKNOWN STEP	2026-09-17T18:56:15.1313121Z     $ git clone https://github.com/example/toy-issuer issuer
invalidation-liveness	UNKNOWN STEP	2026-09-17T18:56:15.1313672Z     $ git -C issuer checkout f1e2d3c
invalidation-liveness	UNKNOWN STEP	2026-09-17T18:56:15.1314117Z     $ python -m pip install -e ./issuer
invalidation-liveness	UNKNOWN STEP	2026-09-17T18:56:15.1314629Z     $ python -m toy_issuer.regrade evidence/bundle.json
invalidation-liveness	UNKNOWN STEP	2026-09-17T18:56:15.1315301Z     $ python issuer/audit/run_audit.py --check evidence/results.json
invalidation-liveness	UNKNOWN STEP	2026-09-17T18:56:15.1316003Z     $ python -m toy_issuer.mutrun --check evidence/evalmut_run.json
invalidation-liveness	UNKNOWN STEP	2026-09-17T18:56:15.1316677Z     $ python -m toy_issuer.crashrun --check evidence/eval_run.json
invalidation-liveness	UNKNOWN STEP	2026-09-17T18:56:15.1317377Z     $ python -m toy_issuer.driftboard --check evidence/standings.json
invalidation-liveness	UNKNOWN STEP	2026-09-17T18:56:15.1319401Z     expected: regrade exits 0 reporting 'consistent'; audit, mutrun, crashrun, and driftboard reproduce results.json, evalmut_run.json, eval_run.json, and the drift board artifacts byte-identically at the stamped commit (mutrun exits 1 by design: the toy suite has holes)
invalidation-liveness	UNKNOWN STEP	2026-09-17T18:56:15.1805020Z FAIL summary-outruns-checks: summary.mutation_score_3: declares 0.714, no check recomputes it
invalidation-liveness	UNKNOWN STEP	2026-09-17T18:56:15.1806287Z structural verification: FAIL — 1 named reason(s) (tamper-summary-score)
invalidation-liveness	UNKNOWN STEP	2026-09-17T18:56:15.1806838Z   proved offline: manifest schema, artifact presence + sha256, bundle closure,
invalidation-liveness	UNKNOWN STEP	2026-09-17T18:56:15.1807375Z   stated limitations, stamp agreement, declared results recomputed from artifacts.
invalidation-liveness	UNKNOWN STEP	2026-09-17T18:56:15.1807901Z semantic replay: NOT run by this tool. A structural PASS means the bundle is
invalidation-liveness	UNKNOWN STEP	2026-09-17T18:56:15.1808677Z   internally honest, not that the issuer's grader agrees. To re-earn the
invalidation-liveness	UNKNOWN STEP	2026-09-17T18:56:15.1809141Z   verdicts, run the bundle's replay block at the pinned issuer_commit:
invalidation-liveness	UNKNOWN STEP	2026-09-17T18:56:15.1809614Z     $ git clone https://github.com/example/toy-issuer issuer
invalidation-liveness	UNKNOWN STEP	2026-09-17T18:56:15.1809975Z     $ git -C issuer checkout f1e2d3c
invalidation-liveness	UNKNOWN STEP	2026-09-17T18:56:15.1810256Z     $ python -m pip install -e ./issuer
invalidation-liveness	UNKNOWN STEP	2026-09-17T18:56:15.1810576Z     $ python -m toy_issuer.regrade evidence/bundle.json
invalidation-liveness	UNKNOWN STEP	2026-09-17T18:56:15.1810961Z     $ python issuer/audit/run_audit.py --check evidence/results.json
invalidation-liveness	UNKNOWN STEP	2026-09-17T18:56:15.1811383Z     $ python -m toy_issuer.mutrun --check evidence/evalmut_run.json
invalidation-liveness	UNKNOWN STEP	2026-09-17T18:56:15.1811791Z     $ python -m toy_issuer.crashrun --check evidence/eval_run.json
invalidation-liveness	UNKNOWN STEP	2026-09-17T18:56:15.1812199Z     $ python -m toy_issuer.driftboard --check evidence/standings.json
invalidation-liveness	UNKNOWN STEP	2026-09-17T18:56:15.1813259Z     expected: regrade exits 0 reporting 'consistent'; audit, mutrun, crashrun, and driftboard reproduce results.json, evalmut_run.json, eval_run.json, and the drift board artifacts byte-identically at the stamped commit (mutrun exits 1 by design: the toy suite has holes)
invalidation-liveness	UNKNOWN STEP	2026-09-17T18:56:15.2303789Z FAIL summary-outruns-checks: summary.fixed: declares '9999' as a string; a numeric headline must be a JSON number so it can be recomputed
invalidation-liveness	UNKNOWN STEP	2026-09-17T18:56:15.2305251Z structural verification: FAIL — 1 named reason(s) (tamper-summary-string)
invalidation-liveness	UNKNOWN STEP	2026-09-17T18:56:15.2305785Z   proved offline: manifest schema, artifact presence + sha256, bundle closure,
invalidation-liveness	UNKNOWN STEP	2026-09-17T18:56:15.2306314Z   stated limitations, stamp agreement, declared results recomputed from artifacts.
invalidation-liveness	UNKNOWN STEP	2026-09-17T18:56:15.2306833Z semantic replay: NOT run by this tool. A structural PASS means the bundle is
invalidation-liveness	UNKNOWN STEP	2026-09-17T18:56:15.2307307Z   internally honest, not that the issuer's grader agrees. To re-earn the
invalidation-liveness	UNKNOWN STEP	2026-09-17T18:56:15.2307761Z   verdicts, run the bundle's replay block at the pinned issuer_commit:
invalidation-liveness	UNKNOWN STEP	2026-09-17T18:56:15.2308353Z     $ git clone https://github.com/example/toy-issuer issuer
invalidation-liveness	UNKNOWN STEP	2026-09-17T18:56:15.2308698Z     $ git -C issuer checkout f1e2d3c
invalidation-liveness	UNKNOWN STEP	2026-09-17T18:56:15.2308981Z     $ python -m pip install -e ./issuer
invalidation-liveness	UNKNOWN STEP	2026-09-17T18:56:15.2309314Z     $ python -m toy_issuer.regrade evidence/bundle.json
invalidation-liveness	UNKNOWN STEP	2026-09-17T18:56:15.2309698Z     $ python issuer/audit/run_audit.py --check evidence/results.json
invalidation-liveness	UNKNOWN STEP	2026-09-17T18:56:15.2310151Z     $ python -m toy_issuer.mutrun --check evidence/evalmut_run.json
invalidation-liveness	UNKNOWN STEP	2026-09-17T18:56:15.2310552Z     $ python -m toy_issuer.crashrun --check evidence/eval_run.json
invalidation-liveness	UNKNOWN STEP	2026-09-17T18:56:15.2310961Z     $ python -m toy_issuer.driftboard --check evidence/standings.json
invalidation-liveness	UNKNOWN STEP	2026-09-17T18:56:15.2312044Z     expected: regrade exits 0 reporting 'consistent'; audit, mutrun, crashrun, and driftboard reproduce results.json, evalmut_run.json, eval_run.json, and the drift board artifacts byte-identically at the stamped commit (mutrun exits 1 by design: the toy suite has holes)
invalidation-liveness	UNKNOWN STEP	2026-09-17T18:56:15.2763923Z FAIL summary-outruns-checks: summary.eval_run.vulnerability_score: declares 0.0, recomputation gives 0.4545
invalidation-liveness	UNKNOWN STEP	2026-09-17T18:56:15.2764756Z FAIL summary-outruns-checks: summary.eval_run_safe.vulnerability_score: declares 0.4545, recomputation gives 0.0
invalidation-liveness	UNKNOWN STEP	2026-09-17T18:56:15.2766054Z structural verification: FAIL — 2 named reason(s) (tamper-v02-swapped-arms)
invalidation-liveness	UNKNOWN STEP	2026-09-17T18:56:15.2766621Z   proved offline: manifest schema, artifact presence + sha256, bundle closure,
invalidation-liveness	UNKNOWN STEP	2026-09-17T18:56:15.2767161Z   stated limitations, stamp agreement, declared results recomputed from artifacts.
invalidation-liveness	UNKNOWN STEP	2026-09-17T18:56:15.2767676Z semantic replay: NOT run by this tool. A structural PASS means the bundle is
invalidation-liveness	UNKNOWN STEP	2026-09-17T18:56:15.2768478Z   internally honest, not that the issuer's grader agrees. To re-earn the
invalidation-liveness	UNKNOWN STEP	2026-09-17T18:56:15.2768941Z   verdicts, run the bundle's replay block at the pinned issuer_commit:
invalidation-liveness	UNKNOWN STEP	2026-09-17T18:56:15.2769376Z     $ git clone https://github.com/example/toy-issuer issuer
invalidation-liveness	UNKNOWN STEP	2026-09-17T18:56:15.2769725Z     $ git -C issuer checkout f1e2d3c
invalidation-liveness	UNKNOWN STEP	2026-09-17T18:56:15.2770013Z     $ python -m pip install -e ./issuer
invalidation-liveness	UNKNOWN STEP	2026-09-17T18:56:15.2770331Z     $ python -m toy_issuer.regrade evidence/bundle.json
invalidation-liveness	UNKNOWN STEP	2026-09-17T18:56:15.2770717Z     $ python issuer/audit/run_audit.py --check evidence/results.json
invalidation-liveness	UNKNOWN STEP	2026-09-17T18:56:15.2771145Z     $ python -m toy_issuer.mutrun --check evidence/evalmut_run.json
invalidation-liveness	UNKNOWN STEP	2026-09-17T18:56:15.2771556Z     $ python -m toy_issuer.crashrun --check evidence/eval_run.json
invalidation-liveness	UNKNOWN STEP	2026-09-17T18:56:15.2771969Z     $ python -m toy_issuer.driftboard --check evidence/standings.json
invalidation-liveness	UNKNOWN STEP	2026-09-17T18:56:15.2773037Z     expected: regrade exits 0 reporting 'consistent'; audit, mutrun, crashrun, and driftboard reproduce results.json, evalmut_run.json, eval_run.json, and the drift board artifacts byte-identically at the stamped commit (mutrun exits 1 by design: the toy suite has holes)
invalidation-liveness	UNKNOWN STEP	2026-09-17T18:56:15.3238509Z FAIL summary-mismatch: fixed: declared 3, recomputed 2
invalidation-liveness	UNKNOWN STEP	2026-09-17T18:56:15.3239308Z FAIL summary-outruns-checks: summary.fixed: declares 3, recomputation gives 2
invalidation-liveness	UNKNOWN STEP	2026-09-17T18:56:15.3240129Z structural verification: FAIL — 2 named reason(s) (tamper-verdict-count)
invalidation-liveness	UNKNOWN STEP	2026-09-17T18:56:15.3240665Z   proved offline: manifest schema, artifact presence + sha256, bundle closure,
invalidation-liveness	UNKNOWN STEP	2026-09-17T18:56:15.3241234Z   stated limitations, stamp agreement, declared results recomputed from artifacts.
invalidation-liveness	UNKNOWN STEP	2026-09-17T18:56:15.3242457Z semantic replay: NOT run by this tool. A structural PASS means the bundle is
invalidation-liveness	UNKNOWN STEP	2026-09-17T18:56:15.3243129Z   internally honest, not that the issuer's grader agrees. To re-earn the
invalidation-liveness	UNKNOWN STEP	2026-09-17T18:56:15.3243810Z   verdicts, run the bundle's replay block at the pinned issuer_commit:
invalidation-liveness	UNKNOWN STEP	2026-09-17T18:56:15.3244414Z     $ git clone https://github.com/example/toy-issuer issuer
invalidation-liveness	UNKNOWN STEP	2026-09-17T18:56:15.3244909Z     $ git -C issuer checkout f1e2d3c
invalidation-liveness	UNKNOWN STEP	2026-09-17T18:56:15.3245202Z     $ python -m pip install -e ./issuer
invalidation-liveness	UNKNOWN STEP	2026-09-17T18:56:15.3245529Z     $ python -m toy_issuer.regrade evidence/bundle.json
invalidation-liveness	UNKNOWN STEP	2026-09-17T18:56:15.3245918Z     $ python issuer/audit/run_audit.py --check evidence/results.json
invalidation-liveness	UNKNOWN STEP	2026-09-17T18:56:15.3246347Z     $ python -m toy_issuer.mutrun --check evidence/evalmut_run.json
invalidation-liveness	UNKNOWN STEP	2026-09-17T18:56:15.3246756Z     $ python -m toy_issuer.crashrun --check evidence/eval_run.json
invalidation-liveness	UNKNOWN STEP	2026-09-17T18:56:15.3247175Z     $ python -m toy_issuer.driftboard --check evidence/standings.json
invalidation-liveness	UNKNOWN STEP	2026-09-17T18:56:15.3248455Z     expected: regrade exits 0 reporting 'consistent'; audit, mutrun, crashrun, and driftboard reproduce results.json, evalmut_run.json, eval_run.json, and the drift board artifacts byte-identically at the stamped commit (mutrun exits 1 by design: the toy suite has holes)
invalidation-liveness	UNKNOWN STEP	2026-09-17T18:56:15.3711619Z FAIL sha256-mismatch: evidence/bundle.json: manifest 0000000000000000000000000000000000000000000000000000000000000000, file 64931fe8d466c2cfdbf3c15013d8aa013bc54a2e340fb89737972ef3612550d4
invalidation-liveness	UNKNOWN STEP	2026-09-17T18:56:15.3712815Z structural verification: FAIL — 1 named reason(s) (tamper-wrong-sha256)
invalidation-liveness	UNKNOWN STEP	2026-09-17T18:56:15.3713341Z   proved offline: manifest schema, artifact presence + sha256, bundle closure,
invalidation-liveness	UNKNOWN STEP	2026-09-17T18:56:15.3713875Z   stated limitations, stamp agreement, declared results recomputed from artifacts.
invalidation-liveness	UNKNOWN STEP	2026-09-17T18:56:15.3714402Z semantic replay: NOT run by this tool. A structural PASS means the bundle is
invalidation-liveness	UNKNOWN STEP	2026-09-17T18:56:15.3715507Z   internally honest, not that the issuer's grader agrees. To re-earn the
invalidation-liveness	UNKNOWN STEP	2026-09-17T18:56:15.3716015Z   verdicts, run the bundle's replay block at the pinned issuer_commit:
invalidation-liveness	UNKNOWN STEP	2026-09-17T18:56:15.3716453Z     $ git clone https://github.com/example/toy-issuer issuer
invalidation-liveness	UNKNOWN STEP	2026-09-17T18:56:15.3716796Z     $ git -C issuer checkout f1e2d3c
invalidation-liveness	UNKNOWN STEP	2026-09-17T18:56:15.3717076Z     $ python -m pip install -e ./issuer
invalidation-liveness	UNKNOWN STEP	2026-09-17T18:56:15.3717394Z     $ python -m toy_issuer.regrade evidence/bundle.json
invalidation-liveness	UNKNOWN STEP	2026-09-17T18:56:15.3717786Z     $ python issuer/audit/run_audit.py --check evidence/results.json
invalidation-liveness	UNKNOWN STEP	2026-09-17T18:56:15.3718413Z     $ python -m toy_issuer.mutrun --check evidence/evalmut_run.json
invalidation-liveness	UNKNOWN STEP	2026-09-17T18:56:15.3718840Z     $ python -m toy_issuer.crashrun --check evidence/eval_run.json
invalidation-liveness	UNKNOWN STEP	2026-09-17T18:56:15.3719251Z     $ python -m toy_issuer.driftboard --check evidence/standings.json
invalidation-liveness	UNKNOWN STEP	2026-09-17T18:56:15.3720324Z     expected: regrade exits 0 reporting 'consistent'; audit, mutrun, crashrun, and driftboard reproduce results.json, evalmut_run.json, eval_run.json, and the drift board artifacts byte-identically at the stamped commit (mutrun exits 1 by design: the toy suite has holes)
invalidation-liveness	UNKNOWN STEP	2026-09-17T18:56:15.3799801Z ##[group]Run python fixtures/make_fixtures.py
invalidation-liveness	UNKNOWN STEP	2026-09-17T18:56:15.3800191Z ^[[36;1mpython fixtures/make_fixtures.py^[[0m
invalidation-liveness	UNKNOWN STEP	2026-09-17T18:56:15.3800507Z ^[[36;1mgit diff --exit-code fixtures/^[[0m
invalidation-liveness	UNKNOWN STEP	2026-09-17T18:56:15.3839746Z shell: /usr/bin/bash -e {0}
invalidation-liveness	UNKNOWN STEP	2026-09-17T18:56:15.3840008Z env:
invalidation-liveness	UNKNOWN STEP	2026-09-17T18:56:15.3840288Z   pythonLocation: /opt/hostedtoolcache/Python/3.12.14/x64
invalidation-liveness	UNKNOWN STEP	2026-09-17T18:56:15.3840720Z   PKG_CONFIG_PATH: /opt/hostedtoolcache/Python/3.12.14/x64/lib/pkgconfig
invalidation-liveness	UNKNOWN STEP	2026-09-17T18:56:15.3841136Z   Python_ROOT_DIR: /opt/hostedtoolcache/Python/3.12.14/x64
invalidation-liveness	UNKNOWN STEP	2026-09-17T18:56:15.3841509Z   Python2_ROOT_DIR: /opt/hostedtoolcache/Python/3.12.14/x64
invalidation-liveness	UNKNOWN STEP	2026-09-17T18:56:15.3841885Z   Python3_ROOT_DIR: /opt/hostedtoolcache/Python/3.12.14/x64
invalidation-liveness	UNKNOWN STEP	2026-09-17T18:56:15.3842255Z   LD_LIBRARY_PATH: /opt/hostedtoolcache/Python/3.12.14/x64/lib
invalidation-liveness	UNKNOWN STEP	2026-09-17T18:56:15.3842577Z ##[endgroup]
invalidation-liveness	UNKNOWN STEP	2026-09-17T18:56:15.4921089Z attack-crashkit-severity: 15 file(s)
invalidation-liveness	UNKNOWN STEP	2026-09-17T18:56:15.4921992Z tamper-check-deleted: 15 file(s)
invalidation-liveness	UNKNOWN STEP	2026-09-17T18:56:15.4922391Z tamper-crashkit-case: 15 file(s)
invalidation-liveness	UNKNOWN STEP	2026-09-17T18:56:15.4922764Z tamper-crashkit-metrics: 15 file(s)
invalidation-liveness	UNKNOWN STEP	2026-09-17T18:56:15.4923156Z tamper-crashkit-severity: 15 file(s)
invalidation-liveness	UNKNOWN STEP	2026-09-17T18:56:15.4923548Z tamper-draft-incomplete: 15 file(s)
invalidation-liveness	UNKNOWN STEP	2026-09-17T18:56:15.4923950Z tamper-empty-limitations: 15 file(s)
invalidation-liveness	UNKNOWN STEP	2026-09-17T18:56:15.4924336Z tamper-evalmut-all-error: 15 file(s)
invalidation-liveness	UNKNOWN STEP	2026-09-17T18:56:15.4924727Z tamper-evalmut-empty-rows: 15 file(s)
invalidation-liveness	UNKNOWN STEP	2026-09-17T18:56:15.4925134Z tamper-evalmut-rows: 15 file(s)
invalidation-liveness	UNKNOWN STEP	2026-09-17T18:56:15.4925527Z tamper-evalmut-summary: 15 file(s)
invalidation-liveness	UNKNOWN STEP	2026-09-17T18:56:15.4925931Z tamper-missing-artifact: 14 file(s)
invalidation-liveness	UNKNOWN STEP	2026-09-17T18:56:15.4926357Z tamper-missing-issuer-commit: 15 file(s)
invalidation-liveness	UNKNOWN STEP	2026-09-17T18:56:15.4926782Z tamper-modeldrift-rows: 15 file(s)
invalidation-liveness	UNKNOWN STEP	2026-09-17T18:56:15.4927197Z tamper-modeldrift-standings: 15 file(s)
invalidation-liveness	UNKNOWN STEP	2026-09-17T18:56:15.4927594Z tamper-raw-aggregate: 15 file(s)
invalidation-liveness	UNKNOWN STEP	2026-09-17T18:56:15.4928174Z tamper-stamp-deleted: 15 file(s)
invalidation-liveness	UNKNOWN STEP	2026-09-17T18:56:15.4928557Z tamper-summary-fixed: 15 file(s)
invalidation-liveness	UNKNOWN STEP	2026-09-17T18:56:15.4928927Z tamper-summary-rate: 15 file(s)
invalidation-liveness	UNKNOWN STEP	2026-09-17T18:56:15.4929272Z tamper-summary-score: 15 file(s)
invalidation-liveness	UNKNOWN STEP	2026-09-17T18:56:15.4929652Z tamper-summary-string: 15 file(s)
invalidation-liveness	UNKNOWN STEP	2026-09-17T18:56:15.4930022Z tamper-v02-swapped-arms: 16 file(s)
invalidation-liveness	UNKNOWN STEP	2026-09-17T18:56:15.4930398Z tamper-verdict-count: 15 file(s)
invalidation-liveness	UNKNOWN STEP	2026-09-17T18:56:15.4930756Z tamper-wrong-sha256: 15 file(s)
invalidation-liveness	UNKNOWN STEP	2026-09-17T18:56:15.4931102Z v02-twin-arms: 16 file(s)
invalidation-liveness	UNKNOWN STEP	2026-09-17T18:56:15.4931416Z valid: 15 file(s)
invalidation-liveness	UNKNOWN STEP	2026-09-17T18:56:15.5371901Z Node 20 is being deprecated. This workflow is running with Node 24 by default. If you need to temporarily use Node 20, you can set the ACTIONS_ALLOW_USE_UNSECURE_NODE_VERSION=true environment variable. For more information see: https://github.blog/changelog/2025-09-19-deprecation-of-node-20-on-github-actions-runners/
invalidation-liveness	UNKNOWN STEP	2026-09-17T18:56:15.5373080Z Post job cleanup.
invalidation-liveness	UNKNOWN STEP	2026-09-17T18:56:15.6644070Z (node:2324) [DEP0040] DeprecationWarning: The `punycode` module is deprecated. Please use a userland alternative instead.
invalidation-liveness	UNKNOWN STEP	2026-09-17T18:56:15.6644823Z (Use `node --trace-deprecation ...` to show where the warning was created)
invalidation-liveness	UNKNOWN STEP	2026-09-17T18:56:15.6883190Z Node 20 is being deprecated. This workflow is running with Node 24 by default. If you need to temporarily use Node 20, you can set the ACTIONS_ALLOW_USE_UNSECURE_NODE_VERSION=true environment variable. For more information see: https://github.blog/changelog/2025-09-19-deprecation-of-node-20-on-github-actions-runners/
invalidation-liveness	UNKNOWN STEP	2026-09-17T18:56:15.6884340Z Post job cleanup.
invalidation-liveness	UNKNOWN STEP	2026-09-17T18:56:15.7798499Z [command]/usr/bin/git version
invalidation-liveness	UNKNOWN STEP	2026-09-17T18:56:15.7844155Z git version 2.55.0
invalidation-liveness	UNKNOWN STEP	2026-09-17T18:56:15.7885973Z Temporarily overriding HOME='/home/runner/work/_temp/2ed5e8e6-82d5-4e8a-a05e-1526a5ec5f8b' before making global git config changes
invalidation-liveness	UNKNOWN STEP	2026-09-17T18:56:15.7886910Z Adding repository directory to the temporary git global config as a safe directory
invalidation-liveness	UNKNOWN STEP	2026-09-17T18:56:15.7893230Z [command]/usr/bin/git config --global --add safe.directory /home/runner/work/vac-protocol/vac-protocol
invalidation-liveness	UNKNOWN STEP	2026-09-17T18:56:15.7937831Z [command]/usr/bin/git config --local --name-only --get-regexp core\.sshCommand
invalidation-liveness	UNKNOWN STEP	2026-09-17T18:56:15.7977199Z [command]/usr/bin/git submodule foreach --recursive sh -c "git config --local --name-only --get-regexp 'core\.sshCommand' && git config --local --unset-all 'core.sshCommand' || :"
invalidation-liveness	UNKNOWN STEP	2026-09-17T18:56:15.8251443Z [command]/usr/bin/git config --local --name-only --get-regexp http\.https\:\/\/github\.com\/\.extraheader
invalidation-liveness	UNKNOWN STEP	2026-09-17T18:56:15.8283411Z http.https://github.com/.extraheader
invalidation-liveness	UNKNOWN STEP	2026-09-17T18:56:15.8299001Z [command]/usr/bin/git config --local --unset-all http.https://github.com/.extraheader
invalidation-liveness	UNKNOWN STEP	2026-09-17T18:56:15.8336289Z [command]/usr/bin/git submodule foreach --recursive sh -c "git config --local --name-only --get-regexp 'http\.https\:\/\/github\.com\/\.extraheader' && git config --local --unset-all 'http.https://github.com/.extraheader' || :"
invalidation-liveness	UNKNOWN STEP	2026-09-17T18:56:15.8608502Z [command]/usr/bin/git config --local --name-only --get-regexp ^includeIf\.gitdir:
invalidation-liveness	UNKNOWN STEP	2026-09-17T18:56:15.8651430Z [command]/usr/bin/git submodule foreach --recursive git config --local --show-origin --name-only --get-regexp remote.origin.url
invalidation-liveness	UNKNOWN STEP	2026-09-17T18:56:15.9113047Z Cleaning up orphan processes
invalidation-liveness	UNKNOWN STEP	2026-09-17T18:56:15.9427678Z ##[warning]Node.js 20 is deprecated. The following actions target Node.js 20 but are being forced to run on Node.js 24: actions/checkout@v4, actions/setup-python@v5. For more information see: https://github.blog/changelog/2025-09-19-deprecation-of-node-20-on-github-actions-runners/
test (3.11)	UNKNOWN STEP	﻿2026-09-17T18:56:11.1020167Z Current runner version: '2.337.0'
test (3.11)	UNKNOWN STEP	2026-09-17T18:56:11.1045086Z ##[group]Runner Image Provisioner
test (3.11)	UNKNOWN STEP	2026-09-17T18:56:11.1045991Z Hosted Compute Agent
test (3.11)	UNKNOWN STEP	2026-09-17T18:56:11.1046721Z Version: 20260828.587
test (3.11)	UNKNOWN STEP	2026-09-17T18:56:11.1047626Z Commit: abac92662cab4cc7352de4f9f9d2e2419aad9c29
test (3.11)	UNKNOWN STEP	2026-09-17T18:56:11.1048448Z Build Date: 2026-08-28T16:44:25Z
test (3.11)	UNKNOWN STEP	2026-09-17T18:56:11.1049143Z Worker ID: {048cdbd2-f61f-45d7-b6d7-023298e44a3f}
test (3.11)	UNKNOWN STEP	2026-09-17T18:56:11.1049847Z Azure Region: westus2
test (3.11)	UNKNOWN STEP	2026-09-17T18:56:11.1050455Z ##[endgroup]
test (3.11)	UNKNOWN STEP	2026-09-17T18:56:11.1051957Z ##[group]Operating System
test (3.11)	UNKNOWN STEP	2026-09-17T18:56:11.1052681Z Ubuntu
test (3.11)	UNKNOWN STEP	2026-09-17T18:56:11.1053213Z 24.04.5
test (3.11)	UNKNOWN STEP	2026-09-17T18:56:11.1053714Z LTS
test (3.11)	UNKNOWN STEP	2026-09-17T18:56:11.1054261Z ##[endgroup]
test (3.11)	UNKNOWN STEP	2026-09-17T18:56:11.1054802Z ##[group]Runner Image
test (3.11)	UNKNOWN STEP	2026-09-17T18:56:11.1055772Z Image: ubuntu-24.04
test (3.11)	UNKNOWN STEP	2026-09-17T18:56:11.1056440Z Version: 20260907.300.1
test (3.11)	UNKNOWN STEP	2026-09-17T18:56:11.1057961Z Included Software: https://github.com/actions/runner-images/blob/ubuntu24/20260907.300/images/ubuntu/Ubuntu2404-Readme.md
test (3.11)	UNKNOWN STEP	2026-09-17T18:56:11.1059633Z Image Release: https://github.com/actions/runner-images/releases/tag/ubuntu24%2F20260907.300
test (3.11)	UNKNOWN STEP	2026-09-17T18:56:11.1060633Z ##[endgroup]
test (3.11)	UNKNOWN STEP	2026-09-17T18:56:11.1061890Z ##[group]GITHUB_TOKEN Permissions
test (3.11)	UNKNOWN STEP	2026-09-17T18:56:11.1063750Z Contents: read
test (3.11)	UNKNOWN STEP	2026-09-17T18:56:11.1064473Z Metadata: read
test (3.11)	UNKNOWN STEP	2026-09-17T18:56:11.1065108Z Packages: read
test (3.11)	UNKNOWN STEP	2026-09-17T18:56:11.1065704Z ##[endgroup]
test (3.11)	UNKNOWN STEP	2026-09-17T18:56:11.1068288Z Secret source: Actions
test (3.11)	UNKNOWN STEP	2026-09-17T18:56:11.1069321Z Cache mode: write
test (3.11)	UNKNOWN STEP	2026-09-17T18:56:11.1070033Z Prepare workflow directory
test (3.11)	UNKNOWN STEP	2026-09-17T18:56:11.1412816Z Prepare all required actions
test (3.11)	UNKNOWN STEP	2026-09-17T18:56:11.1462820Z Getting action download info
test (3.11)	UNKNOWN STEP	2026-09-17T18:56:11.5197507Z Download action repository 'actions/checkout@v4' (SHA:11d5960a326750d5838078e36cf38b85af677262)
test (3.11)	UNKNOWN STEP	2026-09-17T18:56:11.6271231Z Download action repository 'actions/setup-python@v5' (SHA:a26af69be951a213d495a4c3e4e4022e16d87065)
test (3.11)	UNKNOWN STEP	2026-09-17T18:56:11.8131508Z Complete job name: test (3.11)
test (3.11)	UNKNOWN STEP	2026-09-17T18:56:11.8934865Z Node 20 is being deprecated. This workflow is running with Node 24 by default. If you need to temporarily use Node 20, you can set the ACTIONS_ALLOW_USE_UNSECURE_NODE_VERSION=true environment variable. For more information see: https://github.blog/changelog/2025-09-19-deprecation-of-node-20-on-github-actions-runners/
test (3.11)	UNKNOWN STEP	2026-09-17T18:56:11.8943806Z ##[group]Run actions/checkout@v4
test (3.11)	UNKNOWN STEP	2026-09-17T18:56:11.8944547Z with:
test (3.11)	UNKNOWN STEP	2026-09-17T18:56:11.8945001Z   repository: egnaro9/vac-protocol
test (3.11)	UNKNOWN STEP	2026-09-17T18:56:11.8949249Z   token: ***
test (3.11)	UNKNOWN STEP	2026-09-17T18:56:11.8949686Z   ssh-strict: true
test (3.11)	UNKNOWN STEP	2026-09-17T18:56:11.8950123Z   ssh-user: git
test (3.11)	UNKNOWN STEP	2026-09-17T18:56:11.8950571Z   persist-credentials: true
test (3.11)	UNKNOWN STEP	2026-09-17T18:56:11.8951052Z   clean: true
test (3.11)	UNKNOWN STEP	2026-09-17T18:56:11.8951491Z   sparse-checkout-cone-mode: true
test (3.11)	UNKNOWN STEP	2026-09-17T18:56:11.8952002Z   fetch-depth: 1
test (3.11)	UNKNOWN STEP	2026-09-17T18:56:11.8952430Z   fetch-tags: false
test (3.11)	UNKNOWN STEP	2026-09-17T18:56:11.8952869Z   show-progress: true
test (3.11)	UNKNOWN STEP	2026-09-17T18:56:11.8953306Z   lfs: false
test (3.11)	UNKNOWN STEP	2026-09-17T18:56:11.8953758Z   submodules: false
test (3.11)	UNKNOWN STEP	2026-09-17T18:56:11.8954204Z   set-safe-directory: true
test (3.11)	UNKNOWN STEP	2026-09-17T18:56:11.8954714Z   allow-unsafe-pr-checkout: false
test (3.11)	UNKNOWN STEP	2026-09-17T18:56:11.8955536Z ##[endgroup]
test (3.11)	UNKNOWN STEP	2026-09-17T18:56:11.9985571Z Syncing repository: egnaro9/vac-protocol
test (3.11)	UNKNOWN STEP	2026-09-17T18:56:11.9988113Z ##[group]Getting Git version info
test (3.11)	UNKNOWN STEP	2026-09-17T18:56:11.9989319Z Working directory is '/home/runner/work/vac-protocol/vac-protocol'
test (3.11)	UNKNOWN STEP	2026-09-17T18:56:11.9990879Z [command]/usr/bin/git version
test (3.11)	UNKNOWN STEP	2026-09-17T18:56:12.0088833Z git version 2.55.0
test (3.11)	UNKNOWN STEP	2026-09-17T18:56:12.0114244Z ##[endgroup]
test (3.11)	UNKNOWN STEP	2026-09-17T18:56:12.0130044Z Temporarily overriding HOME='/home/runner/work/_temp/c44a8cc7-417d-4c46-b063-fb191fa82d87' before making global git config changes
test (3.11)	UNKNOWN STEP	2026-09-17T18:56:12.0132464Z Adding repository directory to the temporary git global config as a safe directory
test (3.11)	UNKNOWN STEP	2026-09-17T18:56:12.0135920Z [command]/usr/bin/git config --global --add safe.directory /home/runner/work/vac-protocol/vac-protocol
test (3.11)	UNKNOWN STEP	2026-09-17T18:56:12.0194316Z Deleting the contents of '/home/runner/work/vac-protocol/vac-protocol'
test (3.11)	UNKNOWN STEP	2026-09-17T18:56:12.0213324Z ##[group]Initializing the repository
test (3.11)	UNKNOWN STEP	2026-09-17T18:56:12.0214603Z [command]/usr/bin/git init /home/runner/work/vac-protocol/vac-protocol
test (3.11)	UNKNOWN STEP	2026-09-17T18:56:12.0323470Z hint: Using 'master' as the name for the initial branch. This default branch name
test (3.11)	UNKNOWN STEP	2026-09-17T18:56:12.0325274Z hint: will change to "main" in Git 3.0. To configure the initial branch name
test (3.11)	UNKNOWN STEP	2026-09-17T18:56:12.0326654Z hint: to use in all of your new repositories, which will suppress this warning,
test (3.11)	UNKNOWN STEP	2026-09-17T18:56:12.0327891Z hint: call:
test (3.11)	UNKNOWN STEP	2026-09-17T18:56:12.0328358Z hint:
test (3.11)	UNKNOWN STEP	2026-09-17T18:56:12.0329063Z hint: 	git config --global init.defaultBranch <name>
test (3.11)	UNKNOWN STEP	2026-09-17T18:56:12.0330238Z hint:
test (3.11)	UNKNOWN STEP	2026-09-17T18:56:12.0331339Z hint: Names commonly chosen instead of 'master' are 'main', 'trunk' and
test (3.11)	UNKNOWN STEP	2026-09-17T18:56:12.0333121Z hint: 'development'. The just-created branch can be renamed via this command:
test (3.11)	UNKNOWN STEP	2026-09-17T18:56:12.0334517Z hint:
test (3.11)	UNKNOWN STEP	2026-09-17T18:56:12.0335312Z hint: 	git branch -m <name>
test (3.11)	UNKNOWN STEP	2026-09-17T18:56:12.0336254Z hint:
test (3.11)	UNKNOWN STEP	2026-09-17T18:56:12.0337667Z hint: Disable this message with "git config set advice.defaultBranchName false"
test (3.11)	UNKNOWN STEP	2026-09-17T18:56:12.0339527Z Initialized empty Git repository in /home/runner/work/vac-protocol/vac-protocol/.git/
test (3.11)	UNKNOWN STEP	2026-09-17T18:56:12.0342995Z [command]/usr/bin/git remote add origin https://github.com/egnaro9/vac-protocol
test (3.11)	UNKNOWN STEP	2026-09-17T18:56:12.0394015Z ##[endgroup]
test (3.11)	UNKNOWN STEP	2026-09-17T18:56:12.0395010Z ##[group]Disabling automatic garbage collection
test (3.11)	UNKNOWN STEP	2026-09-17T18:56:12.0398965Z [command]/usr/bin/git config --local gc.auto 0
test (3.11)	UNKNOWN STEP	2026-09-17T18:56:12.0430869Z ##[endgroup]
test (3.11)	UNKNOWN STEP	2026-09-17T18:56:12.0431783Z ##[group]Setting up auth
test (3.11)	UNKNOWN STEP	2026-09-17T18:56:12.0458121Z [command]/usr/bin/git config --local --name-only --get-regexp core\.sshCommand
test (3.11)	UNKNOWN STEP	2026-09-17T18:56:12.0474810Z [command]/usr/bin/git submodule foreach --recursive sh -c "git config --local --name-only --get-regexp 'core\.sshCommand' && git config --local --unset-all 'core.sshCommand' || :"
test (3.11)	UNKNOWN STEP	2026-09-17T18:56:12.0919151Z [command]/usr/bin/git config --local --name-only --get-regexp http\.https\:\/\/github\.com\/\.extraheader
test (3.11)	UNKNOWN STEP	2026-09-17T18:56:12.0959222Z [command]/usr/bin/git submodule foreach --recursive sh -c "git config --local --name-only --get-regexp 'http\.https\:\/\/github\.com\/\.extraheader' && git config --local --unset-all 'http.https://github.com/.extraheader' || :"
test (3.11)	UNKNOWN STEP	2026-09-17T18:56:12.1190924Z [command]/usr/bin/git config --local --name-only --get-regexp ^includeIf\.gitdir:
test (3.11)	UNKNOWN STEP	2026-09-17T18:56:12.1229657Z [command]/usr/bin/git submodule foreach --recursive git config --local --show-origin --name-only --get-regexp remote.origin.url
test (3.11)	UNKNOWN STEP	2026-09-17T18:56:12.1461498Z [command]/usr/bin/git config --local http.https://github.com/.extraheader AUTHORIZATION: basic ***
test (3.11)	UNKNOWN STEP	2026-09-17T18:56:12.1500607Z ##[endgroup]
test (3.11)	UNKNOWN STEP	2026-09-17T18:56:12.1501531Z ##[group]Fetching the repository
test (3.11)	UNKNOWN STEP	2026-09-17T18:56:12.1510733Z [command]/usr/bin/git -c protocol.version=2 fetch --no-tags --prune --no-recurse-submodules --depth=1 origin +c4410114a470d2aca19b9f277efc3895a87a0d80:refs/remotes/origin/main
test (3.11)	UNKNOWN STEP	2026-09-17T18:56:12.6127559Z From https://github.com/egnaro9/vac-protocol
test (3.11)	UNKNOWN STEP	2026-09-17T18:56:12.6128690Z  * [new ref]         c4410114a470d2aca19b9f277efc3895a87a0d80 -> origin/main
test (3.11)	UNKNOWN STEP	2026-09-17T18:56:12.6132173Z ##[endgroup]
test (3.11)	UNKNOWN STEP	2026-09-17T18:56:12.6133541Z ##[group]Determining the checkout info
test (3.11)	UNKNOWN STEP	2026-09-17T18:56:12.6135064Z ##[endgroup]
test (3.11)	UNKNOWN STEP	2026-09-17T18:56:12.6140964Z [command]/usr/bin/git sparse-checkout disable
test (3.11)	UNKNOWN STEP	2026-09-17T18:56:12.6192006Z [command]/usr/bin/git config --local --unset-all extensions.worktreeConfig
test (3.11)	UNKNOWN STEP	2026-09-17T18:56:12.6224110Z ##[group]Checking out the ref
test (3.11)	UNKNOWN STEP	2026-09-17T18:56:12.6228013Z [command]/usr/bin/git checkout --progress --force -B main refs/remotes/origin/main
test (3.11)	UNKNOWN STEP	2026-09-17T18:56:12.6544901Z Switched to a new branch 'main'
test (3.11)	UNKNOWN STEP	2026-09-17T18:56:12.6550204Z branch 'main' set up to track 'origin/main'.
test (3.11)	UNKNOWN STEP	2026-09-17T18:56:12.6557240Z ##[endgroup]
test (3.11)	UNKNOWN STEP	2026-09-17T18:56:12.6605367Z [command]/usr/bin/git log -1 --format=%H
test (3.11)	UNKNOWN STEP	2026-09-17T18:56:12.6632335Z c4410114a470d2aca19b9f277efc3895a87a0d80
test (3.11)	UNKNOWN STEP	2026-09-17T18:56:12.6921814Z Node 20 is being deprecated. This workflow is running with Node 24 by default. If you need to temporarily use Node 20, you can set the ACTIONS_ALLOW_USE_UNSECURE_NODE_VERSION=true environment variable. For more information see: https://github.blog/changelog/2025-09-19-deprecation-of-node-20-on-github-actions-runners/
test (3.11)	UNKNOWN STEP	2026-09-17T18:56:12.6924529Z ##[group]Run actions/setup-python@v5
test (3.11)	UNKNOWN STEP	2026-09-17T18:56:12.6925048Z with:
test (3.11)	UNKNOWN STEP	2026-09-17T18:56:12.6925457Z   python-version: 3.11
test (3.11)	UNKNOWN STEP	2026-09-17T18:56:12.6925921Z   check-latest: false
test (3.11)	UNKNOWN STEP	2026-09-17T18:56:12.6929859Z   token: ***
test (3.11)	UNKNOWN STEP	2026-09-17T18:56:12.6930293Z   update-environment: true
test (3.11)	UNKNOWN STEP	2026-09-17T18:56:12.6930789Z   allow-prereleases: false
test (3.11)	UNKNOWN STEP	2026-09-17T18:56:12.6931271Z   freethreaded: false
test (3.11)	UNKNOWN STEP	2026-09-17T18:56:12.6931707Z ##[endgroup]
test (3.11)	UNKNOWN STEP	2026-09-17T18:56:12.8244620Z ##[group]Installed versions
test (3.11)	UNKNOWN STEP	2026-09-17T18:56:12.8344331Z (node:2229) [DEP0040] DeprecationWarning: The `punycode` module is deprecated. Please use a userland alternative instead.
test (3.11)	UNKNOWN STEP	2026-09-17T18:56:12.8346600Z (Use `node --trace-deprecation ...` to show where the warning was created)
test (3.11)	UNKNOWN STEP	2026-09-17T18:56:12.8348557Z Successfully set up CPython (3.11.16)
test (3.11)	UNKNOWN STEP	2026-09-17T18:56:12.8350410Z ##[endgroup]
test (3.11)	UNKNOWN STEP	2026-09-17T18:56:12.8561738Z ##[group]Run pip install -e ".[test]"
test (3.11)	UNKNOWN STEP	2026-09-17T18:56:12.8562727Z ^[[36;1mpip install -e ".[test]"^[[0m
test (3.11)	UNKNOWN STEP	2026-09-17T18:56:12.8629635Z shell: /usr/bin/bash -e {0}
test (3.11)	UNKNOWN STEP	2026-09-17T18:56:12.8630425Z env:
test (3.11)	UNKNOWN STEP	2026-09-17T18:56:12.8631217Z   pythonLocation: /opt/hostedtoolcache/Python/3.11.16/x64
test (3.11)	UNKNOWN STEP	2026-09-17T18:56:12.8632545Z   PKG_CONFIG_PATH: /opt/hostedtoolcache/Python/3.11.16/x64/lib/pkgconfig
test (3.11)	UNKNOWN STEP	2026-09-17T18:56:12.8633866Z   Python_ROOT_DIR: /opt/hostedtoolcache/Python/3.11.16/x64
test (3.11)	UNKNOWN STEP	2026-09-17T18:56:12.8635057Z   Python2_ROOT_DIR: /opt/hostedtoolcache/Python/3.11.16/x64
test (3.11)	UNKNOWN STEP	2026-09-17T18:56:12.8636256Z   Python3_ROOT_DIR: /opt/hostedtoolcache/Python/3.11.16/x64
test (3.11)	UNKNOWN STEP	2026-09-17T18:56:12.8637687Z   LD_LIBRARY_PATH: /opt/hostedtoolcache/Python/3.11.16/x64/lib
test (3.11)	UNKNOWN STEP	2026-09-17T18:56:12.8638722Z ##[endgroup]
test (3.11)	UNKNOWN STEP	2026-09-17T18:56:15.4894651Z Obtaining file:///home/runner/work/vac-protocol/vac-protocol
test (3.11)	UNKNOWN STEP	2026-09-17T18:56:15.4912044Z   Installing build dependencies: started
test (3.11)	UNKNOWN STEP	2026-09-17T18:56:16.3494387Z   Installing build dependencies: finished with status 'done'
test (3.11)	UNKNOWN STEP	2026-09-17T18:56:16.3500130Z   Checking if build backend supports build_editable: started
test (3.11)	UNKNOWN STEP	2026-09-17T18:56:16.6892838Z   Checking if build backend supports build_editable: finished with status 'done'
test (3.11)	UNKNOWN STEP	2026-09-17T18:56:16.6900652Z   Getting requirements to build editable: started
test (3.11)	UNKNOWN STEP	2026-09-17T18:56:17.0058728Z   Getting requirements to build editable: finished with status 'done'
test (3.11)	UNKNOWN STEP	2026-09-17T18:56:17.0067247Z   Preparing editable metadata (pyproject.toml): started
test (3.11)	UNKNOWN STEP	2026-09-17T18:56:17.1895670Z   Preparing editable metadata (pyproject.toml): finished with status 'done'
test (3.11)	UNKNOWN STEP	2026-09-17T18:56:17.2881915Z Collecting pytest (from vac-protocol==0.1.0)
test (3.11)	UNKNOWN STEP	2026-09-17T18:56:17.3522378Z   Downloading pytest-9.1.1-py3-none-any.whl.metadata (7.6 kB)
test (3.11)	UNKNOWN STEP	2026-09-17T18:56:17.3711722Z Collecting iniconfig>=1.0.1 (from pytest->vac-protocol==0.1.0)
test (3.11)	UNKNOWN STEP	2026-09-17T18:56:17.3788531Z   Downloading iniconfig-2.3.0-py3-none-any.whl.metadata (2.5 kB)
test (3.11)	UNKNOWN STEP	2026-09-17T18:56:17.4013349Z Collecting packaging>=22 (from pytest->vac-protocol==0.1.0)
test (3.11)	UNKNOWN STEP	2026-09-17T18:56:17.4100835Z   Downloading packaging-26.3-py3-none-any.whl.metadata (3.5 kB)
test (3.11)	UNKNOWN STEP	2026-09-17T18:56:17.4297996Z Collecting pluggy<2,>=1.5 (from pytest->vac-protocol==0.1.0)
test (3.11)	UNKNOWN STEP	2026-09-17T18:56:17.4373675Z   Downloading pluggy-1.6.0-py3-none-any.whl.metadata (4.8 kB)
test (3.11)	UNKNOWN STEP	2026-09-17T18:56:17.4603298Z Collecting pygments>=2.7.2 (from pytest->vac-protocol==0.1.0)
test (3.11)	UNKNOWN STEP	2026-09-17T18:56:17.4673682Z   Downloading pygments-2.21.0-py3-none-any.whl.metadata (2.5 kB)
test (3.11)	UNKNOWN STEP	2026-09-17T18:56:17.4789724Z Downloading pytest-9.1.1-py3-none-any.whl (386 kB)
test (3.11)	UNKNOWN STEP	2026-09-17T18:56:17.5171527Z Downloading pluggy-1.6.0-py3-none-any.whl (20 kB)
test (3.11)	UNKNOWN STEP	2026-09-17T18:56:17.5266180Z Downloading iniconfig-2.3.0-py3-none-any.whl (7.5 kB)
test (3.11)	UNKNOWN STEP	2026-09-17T18:56:17.5358826Z Downloading packaging-26.3-py3-none-any.whl (129 kB)
test (3.11)	UNKNOWN STEP	2026-09-17T18:56:17.5523651Z Downloading pygments-2.21.0-py3-none-any.whl (1.3 MB)
test (3.11)	UNKNOWN STEP	2026-09-17T18:56:17.6096272Z    ━━━━━━━━━━━━━━━━━━━━━━━━━━━━━━━━━━━━━━━━ 1.3/1.3 MB 24.7 MB/s  0:00:00
test (3.11)	UNKNOWN STEP	2026-09-17T18:56:17.6342545Z Building wheels for collected packages: vac-protocol
test (3.11)	UNKNOWN STEP	2026-09-17T18:56:17.6349327Z   Building editable for vac-protocol (pyproject.toml): started
test (3.11)	UNKNOWN STEP	2026-09-17T18:56:17.8661463Z   Building editable for vac-protocol (pyproject.toml): finished with status 'done'
test (3.11)	UNKNOWN STEP	2026-09-17T18:56:17.8668405Z   Created wheel for vac-protocol: filename=vac_protocol-0.1.0-0.editable-py3-none-any.whl size=8850 sha256=6922e6acd51b85300e9fb5e26c962b6eacd3fbffcb0b9e7b7fdbc2caeaadb816
test (3.11)	UNKNOWN STEP	2026-09-17T18:56:17.8670645Z   Stored in directory: /tmp/pip-ephem-wheel-cache-p_80y8g_/wheels/c2/b6/47/ad3fc2a6b8a0cd36ac358c99afd0e641db30df633f424b77c4
test (3.11)	UNKNOWN STEP	2026-09-17T18:56:17.8697462Z Successfully built vac-protocol
test (3.11)	UNKNOWN STEP	2026-09-17T18:56:17.9053180Z Installing collected packages: vac-protocol, pygments, pluggy, packaging, iniconfig, pytest
test (3.11)	UNKNOWN STEP	2026-09-17T18:56:18.9159805Z 
test (3.11)	UNKNOWN STEP	2026-09-17T18:56:18.9170574Z Successfully installed iniconfig-2.3.0 packaging-26.3 pluggy-1.6.0 pygments-2.21.0 pytest-9.1.1 vac-protocol-0.1.0
test (3.11)	UNKNOWN STEP	2026-09-17T18:56:18.9838192Z ##[group]Run python -m pytest tests/ -q
test (3.11)	UNKNOWN STEP	2026-09-17T18:56:18.9838584Z ^[[36;1mpython -m pytest tests/ -q^[[0m
test (3.11)	UNKNOWN STEP	2026-09-17T18:56:18.9876198Z shell: /usr/bin/bash -e {0}
test (3.11)	UNKNOWN STEP	2026-09-17T18:56:18.9876466Z env:
test (3.11)	UNKNOWN STEP	2026-09-17T18:56:18.9876746Z   pythonLocation: /opt/hostedtoolcache/Python/3.11.16/x64
test (3.11)	UNKNOWN STEP	2026-09-17T18:56:18.9877367Z   PKG_CONFIG_PATH: /opt/hostedtoolcache/Python/3.11.16/x64/lib/pkgconfig
test (3.11)	UNKNOWN STEP	2026-09-17T18:56:18.9877866Z   Python_ROOT_DIR: /opt/hostedtoolcache/Python/3.11.16/x64
test (3.11)	UNKNOWN STEP	2026-09-17T18:56:18.9878293Z   Python2_ROOT_DIR: /opt/hostedtoolcache/Python/3.11.16/x64
test (3.11)	UNKNOWN STEP	2026-09-17T18:56:18.9878713Z   Python3_ROOT_DIR: /opt/hostedtoolcache/Python/3.11.16/x64
test (3.11)	UNKNOWN STEP	2026-09-17T18:56:18.9879127Z   LD_LIBRARY_PATH: /opt/hostedtoolcache/Python/3.11.16/x64/lib
test (3.11)	UNKNOWN STEP	2026-09-17T18:56:18.9879475Z ##[endgroup]
test (3.11)	UNKNOWN STEP	2026-09-17T18:56:24.5658910Z ........................................................................ [ 15%]
test (3.11)	UNKNOWN STEP	2026-09-17T18:56:27.0515329Z ......................xxx.s...s..x....ssss.............................. [ 30%]
test (3.11)	UNKNOWN STEP	2026-09-17T18:56:27.4964294Z ........................................................................ [ 45%]
test (3.11)	UNKNOWN STEP	2026-09-17T18:56:27.8132796Z ........................................................................ [ 61%]
test (3.11)	UNKNOWN STEP	2026-09-17T18:56:28.8546209Z ........................................s............................... [ 76%]
test (3.11)	UNKNOWN STEP	2026-09-17T18:56:29.3118504Z .....................s.ss.....sssssssssss............................... [ 91%]
test (3.11)	UNKNOWN STEP	2026-09-17T18:56:29.7178457Z ......................................                                   [100%]
test (3.11)	UNKNOWN STEP	2026-09-17T18:56:29.7179355Z 445 passed, 21 skipped, 4 xfailed in 10.31s
test (3.11)	UNKNOWN STEP	2026-09-17T18:56:29.7575408Z Node 20 is being deprecated. This workflow is running with Node 24 by default. If you need to temporarily use Node 20, you can set the ACTIONS_ALLOW_USE_UNSECURE_NODE_VERSION=true environment variable. For more information see: https://github.blog/changelog/2025-09-19-deprecation-of-node-20-on-github-actions-runners/
test (3.11)	UNKNOWN STEP	2026-09-17T18:56:29.7576709Z Post job cleanup.
test (3.11)	UNKNOWN STEP	2026-09-17T18:56:29.8770680Z (node:2854) [DEP0040] DeprecationWarning: The `punycode` module is deprecated. Please use a userland alternative instead.
test (3.11)	UNKNOWN STEP	2026-09-17T18:56:29.8771779Z (Use `node --trace-deprecation ...` to show where the warning was created)
test (3.11)	UNKNOWN STEP	2026-09-17T18:56:29.8977555Z Node 20 is being deprecated. This workflow is running with Node 24 by default. If you need to temporarily use Node 20, you can set the ACTIONS_ALLOW_USE_UNSECURE_NODE_VERSION=true environment variable. For more information see: https://github.blog/changelog/2025-09-19-deprecation-of-node-20-on-github-actions-runners/
test (3.11)	UNKNOWN STEP	2026-09-17T18:56:29.8978889Z Post job cleanup.
test (3.11)	UNKNOWN STEP	2026-09-17T18:56:29.9870535Z [command]/usr/bin/git version
test (3.11)	UNKNOWN STEP	2026-09-17T18:56:29.9918860Z git version 2.55.0
test (3.11)	UNKNOWN STEP	2026-09-17T18:56:29.9962722Z Temporarily overriding HOME='/home/runner/work/_temp/e6862440-6092-4d4e-8f95-b226892989db' before making global git config changes
test (3.11)	UNKNOWN STEP	2026-09-17T18:56:29.9963990Z Adding repository directory to the temporary git global config as a safe directory
test (3.11)	UNKNOWN STEP	2026-09-17T18:56:29.9969194Z [command]/usr/bin/git config --global --add safe.directory /home/runner/work/vac-protocol/vac-protocol
test (3.11)	UNKNOWN STEP	2026-09-17T18:56:30.0010351Z [command]/usr/bin/git config --local --name-only --get-regexp core\.sshCommand
test (3.11)	UNKNOWN STEP	2026-09-17T18:56:30.0045744Z [command]/usr/bin/git submodule foreach --recursive sh -c "git config --local --name-only --get-regexp 'core\.sshCommand' && git config --local --unset-all 'core.sshCommand' || :"
test (3.11)	UNKNOWN STEP	2026-09-17T18:56:30.0298846Z [command]/usr/bin/git config --local --name-only --get-regexp http\.https\:\/\/github\.com\/\.extraheader
test (3.11)	UNKNOWN STEP	2026-09-17T18:56:30.0321925Z http.https://github.com/.extraheader
test (3.11)	UNKNOWN STEP	2026-09-17T18:56:30.0334963Z [command]/usr/bin/git config --local --unset-all http.https://github.com/.extraheader
test (3.11)	UNKNOWN STEP	2026-09-17T18:56:30.0371886Z [command]/usr/bin/git submodule foreach --recursive sh -c "git config --local --name-only --get-regexp 'http\.https\:\/\/github\.com\/\.extraheader' && git config --local --unset-all 'http.https://github.com/.extraheader' || :"
test (3.11)	UNKNOWN STEP	2026-09-17T18:56:30.0636693Z [command]/usr/bin/git config --local --name-only --get-regexp ^includeIf\.gitdir:
test (3.11)	UNKNOWN STEP	2026-09-17T18:56:30.0678943Z [command]/usr/bin/git submodule foreach --recursive git config --local --show-origin --name-only --get-regexp remote.origin.url
test (3.11)	UNKNOWN STEP	2026-09-17T18:56:30.1138371Z Cleaning up orphan processes
test (3.11)	UNKNOWN STEP	2026-09-17T18:56:30.1535251Z ##[warning]Node.js 20 is deprecated. The following actions target Node.js 20 but are being forced to run on Node.js 24: actions/checkout@v4, actions/setup-python@v5. For more information see: https://github.blog/changelog/2025-09-19-deprecation-of-node-20-on-github-actions-runners/
