refusal-coverage	UNKNOWN STEP	﻿2026-08-28T09:32:54.3887451Z Current runner version: '2.336.0'
refusal-coverage	UNKNOWN STEP	2026-08-28T09:32:54.3912481Z ##[group]Runner Image Provisioner
refusal-coverage	UNKNOWN STEP	2026-08-28T09:32:54.3913451Z Hosted Compute Agent
refusal-coverage	UNKNOWN STEP	2026-08-28T09:32:54.3914058Z Version: 20260819.586
refusal-coverage	UNKNOWN STEP	2026-08-28T09:32:54.3914793Z Commit: 3cc4a88dfa507ef76119ad1bb3eccc6378bb2b76
refusal-coverage	UNKNOWN STEP	2026-08-28T09:32:54.3915549Z Build Date: 2026-08-18T23:20:18Z
refusal-coverage	UNKNOWN STEP	2026-08-28T09:32:54.3916272Z Worker ID: {c089594b-8c1b-4c36-a2e6-3d5403b83348}
refusal-coverage	UNKNOWN STEP	2026-08-28T09:32:54.3917040Z Azure Region: westus2
refusal-coverage	UNKNOWN STEP	2026-08-28T09:32:54.3917623Z ##[endgroup]
refusal-coverage	UNKNOWN STEP	2026-08-28T09:32:54.3919369Z ##[group]Operating System
refusal-coverage	UNKNOWN STEP	2026-08-28T09:32:54.3920142Z Ubuntu
refusal-coverage	UNKNOWN STEP	2026-08-28T09:32:54.3920715Z 24.04.4
refusal-coverage	UNKNOWN STEP	2026-08-28T09:32:54.3921274Z LTS
refusal-coverage	UNKNOWN STEP	2026-08-28T09:32:54.3921825Z ##[endgroup]
refusal-coverage	UNKNOWN STEP	2026-08-28T09:32:54.3922400Z ##[group]Runner Image
refusal-coverage	UNKNOWN STEP	2026-08-28T09:32:54.3923080Z Image: ubuntu-24.04
refusal-coverage	UNKNOWN STEP	2026-08-28T09:32:54.3923687Z Version: 20260823.283.1
refusal-coverage	UNKNOWN STEP	2026-08-28T09:32:54.3924975Z Included Software: https://github.com/actions/runner-images/blob/ubuntu24/20260823.283/images/ubuntu/Ubuntu2404-Readme.md
refusal-coverage	UNKNOWN STEP	2026-08-28T09:32:54.3926631Z Image Release: https://github.com/actions/runner-images/releases/tag/ubuntu24%2F20260823.283
refusal-coverage	UNKNOWN STEP	2026-08-28T09:32:54.3928384Z ##[endgroup]
refusal-coverage	UNKNOWN STEP	2026-08-28T09:32:54.3929606Z ##[group]GITHUB_TOKEN Permissions
refusal-coverage	UNKNOWN STEP	2026-08-28T09:32:54.3931606Z Contents: read
refusal-coverage	UNKNOWN STEP	2026-08-28T09:32:54.3932232Z Metadata: read
refusal-coverage	UNKNOWN STEP	2026-08-28T09:32:54.3932888Z Packages: read
refusal-coverage	UNKNOWN STEP	2026-08-28T09:32:54.3933504Z ##[endgroup]
refusal-coverage	UNKNOWN STEP	2026-08-28T09:32:54.3935652Z Secret source: Actions
refusal-coverage	UNKNOWN STEP	2026-08-28T09:32:54.3936852Z Prepare workflow directory
refusal-coverage	UNKNOWN STEP	2026-08-28T09:32:54.4293956Z Prepare all required actions
refusal-coverage	UNKNOWN STEP	2026-08-28T09:32:54.4369029Z Getting action download info
refusal-coverage	UNKNOWN STEP	2026-08-28T09:32:54.7852311Z Download action repository 'actions/checkout@v4' (SHA:11d5960a326750d5838078e36cf38b85af677262)
refusal-coverage	UNKNOWN STEP	2026-08-28T09:32:54.9316777Z Download action repository 'actions/setup-python@v5' (SHA:a26af69be951a213d495a4c3e4e4022e16d87065)
refusal-coverage	UNKNOWN STEP	2026-08-28T09:32:55.1459952Z Complete job name: refusal-coverage
refusal-coverage	UNKNOWN STEP	2026-08-28T09:32:55.2229331Z Node 20 is being deprecated. This workflow is running with Node 24 by default. If you need to temporarily use Node 20, you can set the ACTIONS_ALLOW_USE_UNSECURE_NODE_VERSION=true environment variable. For more information see: https://github.blog/changelog/2025-09-19-deprecation-of-node-20-on-github-actions-runners/
refusal-coverage	UNKNOWN STEP	2026-08-28T09:32:55.2238755Z ##[group]Run actions/checkout@v4
refusal-coverage	UNKNOWN STEP	2026-08-28T09:32:55.2239531Z with:
refusal-coverage	UNKNOWN STEP	2026-08-28T09:32:55.2239995Z   repository: egnaro9/vac-protocol
refusal-coverage	UNKNOWN STEP	2026-08-28T09:32:55.2243762Z   token: ***
refusal-coverage	UNKNOWN STEP	2026-08-28T09:32:55.2244196Z   ssh-strict: true
refusal-coverage	UNKNOWN STEP	2026-08-28T09:32:55.2244638Z   ssh-user: git
refusal-coverage	UNKNOWN STEP	2026-08-28T09:32:55.2245086Z   persist-credentials: true
refusal-coverage	UNKNOWN STEP	2026-08-28T09:32:55.2245575Z   clean: true
refusal-coverage	UNKNOWN STEP	2026-08-28T09:32:55.2246034Z   sparse-checkout-cone-mode: true
refusal-coverage	UNKNOWN STEP	2026-08-28T09:32:55.2246562Z   fetch-depth: 1
refusal-coverage	UNKNOWN STEP	2026-08-28T09:32:55.2247004Z   fetch-tags: false
refusal-coverage	UNKNOWN STEP	2026-08-28T09:32:55.2247474Z   show-progress: true
refusal-coverage	UNKNOWN STEP	2026-08-28T09:32:55.2248171Z   lfs: false
refusal-coverage	UNKNOWN STEP	2026-08-28T09:32:55.2248648Z   submodules: false
refusal-coverage	UNKNOWN STEP	2026-08-28T09:32:55.2249103Z   set-safe-directory: true
refusal-coverage	UNKNOWN STEP	2026-08-28T09:32:55.2249628Z   allow-unsafe-pr-checkout: false
refusal-coverage	UNKNOWN STEP	2026-08-28T09:32:55.2250429Z ##[endgroup]
refusal-coverage	UNKNOWN STEP	2026-08-28T09:32:55.3319019Z Syncing repository: egnaro9/vac-protocol
refusal-coverage	UNKNOWN STEP	2026-08-28T09:32:55.3321990Z ##[group]Getting Git version info
refusal-coverage	UNKNOWN STEP	2026-08-28T09:32:55.3323335Z Working directory is '/home/runner/work/vac-protocol/vac-protocol'
refusal-coverage	UNKNOWN STEP	2026-08-28T09:32:55.3325315Z [command]/usr/bin/git version
refusal-coverage	UNKNOWN STEP	2026-08-28T09:32:55.3402913Z git version 2.55.0
refusal-coverage	UNKNOWN STEP	2026-08-28T09:32:55.3462185Z ##[endgroup]
refusal-coverage	UNKNOWN STEP	2026-08-28T09:32:55.3484262Z Temporarily overriding HOME='/home/runner/work/_temp/8528ba90-504f-4cd7-a1fb-00a8373b437f' before making global git config changes
refusal-coverage	UNKNOWN STEP	2026-08-28T09:32:55.3487119Z Adding repository directory to the temporary git global config as a safe directory
refusal-coverage	UNKNOWN STEP	2026-08-28T09:32:55.3492908Z [command]/usr/bin/git config --global --add safe.directory /home/runner/work/vac-protocol/vac-protocol
refusal-coverage	UNKNOWN STEP	2026-08-28T09:32:55.3560172Z Deleting the contents of '/home/runner/work/vac-protocol/vac-protocol'
refusal-coverage	UNKNOWN STEP	2026-08-28T09:32:55.3574011Z ##[group]Initializing the repository
refusal-coverage	UNKNOWN STEP	2026-08-28T09:32:55.3582022Z [command]/usr/bin/git init /home/runner/work/vac-protocol/vac-protocol
refusal-coverage	UNKNOWN STEP	2026-08-28T09:32:55.3714429Z hint: Using 'master' as the name for the initial branch. This default branch name
refusal-coverage	UNKNOWN STEP	2026-08-28T09:32:55.3716132Z hint: will change to "main" in Git 3.0. To configure the initial branch name
refusal-coverage	UNKNOWN STEP	2026-08-28T09:32:55.3720084Z hint: to use in all of your new repositories, which will suppress this warning,
refusal-coverage	UNKNOWN STEP	2026-08-28T09:32:55.3721495Z hint: call:
refusal-coverage	UNKNOWN STEP	2026-08-28T09:32:55.3722121Z hint:
refusal-coverage	UNKNOWN STEP	2026-08-28T09:32:55.3722936Z hint: 	git config --global init.defaultBranch <name>
refusal-coverage	UNKNOWN STEP	2026-08-28T09:32:55.3724025Z hint:
refusal-coverage	UNKNOWN STEP	2026-08-28T09:32:55.3724985Z hint: Names commonly chosen instead of 'master' are 'main', 'trunk' and
refusal-coverage	UNKNOWN STEP	2026-08-28T09:32:55.3726506Z hint: 'development'. The just-created branch can be renamed via this command:
refusal-coverage	UNKNOWN STEP	2026-08-28T09:32:55.3727695Z hint:
refusal-coverage	UNKNOWN STEP	2026-08-28T09:32:55.3728733Z hint: 	git branch -m <name>
refusal-coverage	UNKNOWN STEP	2026-08-28T09:32:55.3729575Z hint:
refusal-coverage	UNKNOWN STEP	2026-08-28T09:32:55.3730573Z hint: Disable this message with "git config set advice.defaultBranchName false"
refusal-coverage	UNKNOWN STEP	2026-08-28T09:32:55.3732298Z Initialized empty Git repository in /home/runner/work/vac-protocol/vac-protocol/.git/
refusal-coverage	UNKNOWN STEP	2026-08-28T09:32:55.3735937Z [command]/usr/bin/git remote add origin https://github.com/egnaro9/vac-protocol
refusal-coverage	UNKNOWN STEP	2026-08-28T09:32:55.3810580Z ##[endgroup]
refusal-coverage	UNKNOWN STEP	2026-08-28T09:32:55.3812242Z ##[group]Disabling automatic garbage collection
refusal-coverage	UNKNOWN STEP	2026-08-28T09:32:55.3814160Z [command]/usr/bin/git config --local gc.auto 0
refusal-coverage	UNKNOWN STEP	2026-08-28T09:32:55.3855025Z ##[endgroup]
refusal-coverage	UNKNOWN STEP	2026-08-28T09:32:55.3856431Z ##[group]Setting up auth
refusal-coverage	UNKNOWN STEP	2026-08-28T09:32:55.3864548Z [command]/usr/bin/git config --local --name-only --get-regexp core\.sshCommand
refusal-coverage	UNKNOWN STEP	2026-08-28T09:32:55.3903786Z [command]/usr/bin/git submodule foreach --recursive sh -c "git config --local --name-only --get-regexp 'core\.sshCommand' && git config --local --unset-all 'core.sshCommand' || :"
refusal-coverage	UNKNOWN STEP	2026-08-28T09:32:55.4286908Z [command]/usr/bin/git config --local --name-only --get-regexp http\.https\:\/\/github\.com\/\.extraheader
refusal-coverage	UNKNOWN STEP	2026-08-28T09:32:55.4323443Z [command]/usr/bin/git submodule foreach --recursive sh -c "git config --local --name-only --get-regexp 'http\.https\:\/\/github\.com\/\.extraheader' && git config --local --unset-all 'http.https://github.com/.extraheader' || :"
refusal-coverage	UNKNOWN STEP	2026-08-28T09:32:55.4565171Z [command]/usr/bin/git config --local --name-only --get-regexp ^includeIf\.gitdir:
refusal-coverage	UNKNOWN STEP	2026-08-28T09:32:55.4607485Z [command]/usr/bin/git submodule foreach --recursive git config --local --show-origin --name-only --get-regexp remote.origin.url
refusal-coverage	UNKNOWN STEP	2026-08-28T09:32:55.4865631Z [command]/usr/bin/git config --local http.https://github.com/.extraheader AUTHORIZATION: basic ***
refusal-coverage	UNKNOWN STEP	2026-08-28T09:32:55.4911538Z ##[endgroup]
refusal-coverage	UNKNOWN STEP	2026-08-28T09:32:55.4912923Z ##[group]Fetching the repository
refusal-coverage	UNKNOWN STEP	2026-08-28T09:32:55.4923636Z [command]/usr/bin/git -c protocol.version=2 fetch --no-tags --prune --no-recurse-submodules --depth=1 origin +3f49c148dca7683885021e2c2c58fffe22cd6422:refs/remotes/origin/main
refusal-coverage	UNKNOWN STEP	2026-08-28T09:32:55.9459893Z From https://github.com/egnaro9/vac-protocol
refusal-coverage	UNKNOWN STEP	2026-08-28T09:32:55.9461146Z  * [new ref]         3f49c148dca7683885021e2c2c58fffe22cd6422 -> origin/main
refusal-coverage	UNKNOWN STEP	2026-08-28T09:32:55.9465380Z ##[endgroup]
refusal-coverage	UNKNOWN STEP	2026-08-28T09:32:55.9466183Z ##[group]Determining the checkout info
refusal-coverage	UNKNOWN STEP	2026-08-28T09:32:55.9468166Z ##[endgroup]
refusal-coverage	UNKNOWN STEP	2026-08-28T09:32:55.9474275Z [command]/usr/bin/git sparse-checkout disable
refusal-coverage	UNKNOWN STEP	2026-08-28T09:32:55.9525840Z [command]/usr/bin/git config --local --unset-all extensions.worktreeConfig
refusal-coverage	UNKNOWN STEP	2026-08-28T09:32:55.9558830Z ##[group]Checking out the ref
refusal-coverage	UNKNOWN STEP	2026-08-28T09:32:55.9565255Z [command]/usr/bin/git checkout --progress --force -B main refs/remotes/origin/main
refusal-coverage	UNKNOWN STEP	2026-08-28T09:32:55.9823417Z Switched to a new branch 'main'
refusal-coverage	UNKNOWN STEP	2026-08-28T09:32:55.9828493Z branch 'main' set up to track 'origin/main'.
refusal-coverage	UNKNOWN STEP	2026-08-28T09:32:55.9834949Z ##[endgroup]
refusal-coverage	UNKNOWN STEP	2026-08-28T09:32:55.9878860Z [command]/usr/bin/git log -1 --format=%H
refusal-coverage	UNKNOWN STEP	2026-08-28T09:32:55.9905712Z 3f49c148dca7683885021e2c2c58fffe22cd6422
refusal-coverage	UNKNOWN STEP	2026-08-28T09:32:56.0257700Z Node 20 is being deprecated. This workflow is running with Node 24 by default. If you need to temporarily use Node 20, you can set the ACTIONS_ALLOW_USE_UNSECURE_NODE_VERSION=true environment variable. For more information see: https://github.blog/changelog/2025-09-19-deprecation-of-node-20-on-github-actions-runners/
refusal-coverage	UNKNOWN STEP	2026-08-28T09:32:56.0261289Z ##[group]Run actions/setup-python@v5
refusal-coverage	UNKNOWN STEP	2026-08-28T09:32:56.0261843Z with:
refusal-coverage	UNKNOWN STEP	2026-08-28T09:32:56.0262263Z   python-version: 3.12
refusal-coverage	UNKNOWN STEP	2026-08-28T09:32:56.0262746Z   check-latest: false
refusal-coverage	UNKNOWN STEP	2026-08-28T09:32:56.0266402Z   token: ***
refusal-coverage	UNKNOWN STEP	2026-08-28T09:32:56.0266845Z   update-environment: true
refusal-coverage	UNKNOWN STEP	2026-08-28T09:32:56.0267350Z   allow-prereleases: false
refusal-coverage	UNKNOWN STEP	2026-08-28T09:32:56.0268139Z   freethreaded: false
refusal-coverage	UNKNOWN STEP	2026-08-28T09:32:56.0268608Z ##[endgroup]
refusal-coverage	UNKNOWN STEP	2026-08-28T09:32:56.1608864Z ##[group]Installed versions
refusal-coverage	UNKNOWN STEP	2026-08-28T09:32:56.1695501Z (node:2199) [DEP0040] DeprecationWarning: The `punycode` module is deprecated. Please use a userland alternative instead.
refusal-coverage	UNKNOWN STEP	2026-08-28T09:32:56.1698275Z (Use `node --trace-deprecation ...` to show where the warning was created)
refusal-coverage	UNKNOWN STEP	2026-08-28T09:32:56.1699869Z Successfully set up CPython (3.12.14)
refusal-coverage	UNKNOWN STEP	2026-08-28T09:32:56.1701497Z ##[endgroup]
refusal-coverage	UNKNOWN STEP	2026-08-28T09:32:56.2056253Z Node 20 is being deprecated. This workflow is running with Node 24 by default. If you need to temporarily use Node 20, you can set the ACTIONS_ALLOW_USE_UNSECURE_NODE_VERSION=true environment variable. For more information see: https://github.blog/changelog/2025-09-19-deprecation-of-node-20-on-github-actions-runners/
refusal-coverage	UNKNOWN STEP	2026-08-28T09:32:56.2062842Z ##[group]Run actions/checkout@v4
refusal-coverage	UNKNOWN STEP	2026-08-28T09:32:56.2063967Z with:
refusal-coverage	UNKNOWN STEP	2026-08-28T09:32:56.2064825Z   repository: egnaro9/crashkit
refusal-coverage	UNKNOWN STEP	2026-08-28T09:32:56.2065930Z   path: _issuers/crashkit
refusal-coverage	UNKNOWN STEP	2026-08-28T09:32:56.2076151Z   token: ***
refusal-coverage	UNKNOWN STEP	2026-08-28T09:32:56.2077174Z   ssh-strict: true
refusal-coverage	UNKNOWN STEP	2026-08-28T09:32:56.2078329Z   ssh-user: git
refusal-coverage	UNKNOWN STEP	2026-08-28T09:32:56.2079196Z   persist-credentials: true
refusal-coverage	UNKNOWN STEP	2026-08-28T09:32:56.2080156Z   clean: true
refusal-coverage	UNKNOWN STEP	2026-08-28T09:32:56.2081005Z   sparse-checkout-cone-mode: true
refusal-coverage	UNKNOWN STEP	2026-08-28T09:32:56.2081784Z   fetch-depth: 1
refusal-coverage	UNKNOWN STEP	2026-08-28T09:32:56.2082317Z   fetch-tags: false
refusal-coverage	UNKNOWN STEP	2026-08-28T09:32:56.2082830Z   show-progress: true
refusal-coverage	UNKNOWN STEP	2026-08-28T09:32:56.2083380Z   lfs: false
refusal-coverage	UNKNOWN STEP	2026-08-28T09:32:56.2083857Z   submodules: false
refusal-coverage	UNKNOWN STEP	2026-08-28T09:32:56.2084391Z   set-safe-directory: true
refusal-coverage	UNKNOWN STEP	2026-08-28T09:32:56.2084989Z   allow-unsafe-pr-checkout: false
refusal-coverage	UNKNOWN STEP	2026-08-28T09:32:56.2085618Z env:
refusal-coverage	UNKNOWN STEP	2026-08-28T09:32:56.2086229Z   pythonLocation: /opt/hostedtoolcache/Python/3.12.14/x64
refusal-coverage	UNKNOWN STEP	2026-08-28T09:32:56.2087956Z   PKG_CONFIG_PATH: /opt/hostedtoolcache/Python/3.12.14/x64/lib/pkgconfig
refusal-coverage	UNKNOWN STEP	2026-08-28T09:32:56.2090473Z   Python_ROOT_DIR: /opt/hostedtoolcache/Python/3.12.14/x64
refusal-coverage	UNKNOWN STEP	2026-08-28T09:32:56.2092095Z   Python2_ROOT_DIR: /opt/hostedtoolcache/Python/3.12.14/x64
refusal-coverage	UNKNOWN STEP	2026-08-28T09:32:56.2093705Z   Python3_ROOT_DIR: /opt/hostedtoolcache/Python/3.12.14/x64
refusal-coverage	UNKNOWN STEP	2026-08-28T09:32:56.2095382Z   LD_LIBRARY_PATH: /opt/hostedtoolcache/Python/3.12.14/x64/lib
refusal-coverage	UNKNOWN STEP	2026-08-28T09:32:56.2096630Z ##[endgroup]
refusal-coverage	UNKNOWN STEP	2026-08-28T09:32:56.2999150Z Syncing repository: egnaro9/crashkit
refusal-coverage	UNKNOWN STEP	2026-08-28T09:32:56.3001506Z ##[group]Getting Git version info
refusal-coverage	UNKNOWN STEP	2026-08-28T09:32:56.3007214Z Working directory is '/home/runner/work/vac-protocol/vac-protocol/_issuers/crashkit'
refusal-coverage	UNKNOWN STEP	2026-08-28T09:32:56.3053429Z [command]/usr/bin/git version
refusal-coverage	UNKNOWN STEP	2026-08-28T09:32:56.3097543Z git version 2.55.0
refusal-coverage	UNKNOWN STEP	2026-08-28T09:32:56.3129051Z ##[endgroup]
refusal-coverage	UNKNOWN STEP	2026-08-28T09:32:56.3138974Z Temporarily overriding HOME='/home/runner/work/_temp/91f94c75-a616-4d92-8bed-23e0fa3e4b91' before making global git config changes
refusal-coverage	UNKNOWN STEP	2026-08-28T09:32:56.3142417Z Adding repository directory to the temporary git global config as a safe directory
refusal-coverage	UNKNOWN STEP	2026-08-28T09:32:56.3146222Z [command]/usr/bin/git config --global --add safe.directory /home/runner/work/vac-protocol/vac-protocol/_issuers/crashkit
refusal-coverage	UNKNOWN STEP	2026-08-28T09:32:56.3183174Z ##[group]Initializing the repository
refusal-coverage	UNKNOWN STEP	2026-08-28T09:32:56.3189457Z [command]/usr/bin/git init /home/runner/work/vac-protocol/vac-protocol/_issuers/crashkit
refusal-coverage	UNKNOWN STEP	2026-08-28T09:32:56.3234682Z hint: Using 'master' as the name for the initial branch. This default branch name
refusal-coverage	UNKNOWN STEP	2026-08-28T09:32:56.3237086Z hint: will change to "main" in Git 3.0. To configure the initial branch name
refusal-coverage	UNKNOWN STEP	2026-08-28T09:32:56.3238925Z hint: to use in all of your new repositories, which will suppress this warning,
refusal-coverage	UNKNOWN STEP	2026-08-28T09:32:56.3240977Z hint: call:
refusal-coverage	UNKNOWN STEP	2026-08-28T09:32:56.3241866Z hint:
refusal-coverage	UNKNOWN STEP	2026-08-28T09:32:56.3243044Z hint: 	git config --global init.defaultBranch <name>
refusal-coverage	UNKNOWN STEP	2026-08-28T09:32:56.3244672Z hint:
refusal-coverage	UNKNOWN STEP	2026-08-28T09:32:56.3246112Z hint: Names commonly chosen instead of 'master' are 'main', 'trunk' and
refusal-coverage	UNKNOWN STEP	2026-08-28T09:32:56.3248682Z hint: 'development'. The just-created branch can be renamed via this command:
refusal-coverage	UNKNOWN STEP	2026-08-28T09:32:56.3250462Z hint:
refusal-coverage	UNKNOWN STEP	2026-08-28T09:32:56.3251323Z hint: 	git branch -m <name>
refusal-coverage	UNKNOWN STEP	2026-08-28T09:32:56.3252329Z hint:
refusal-coverage	UNKNOWN STEP	2026-08-28T09:32:56.3253727Z hint: Disable this message with "git config set advice.defaultBranchName false"
refusal-coverage	UNKNOWN STEP	2026-08-28T09:32:56.3256637Z Initialized empty Git repository in /home/runner/work/vac-protocol/vac-protocol/_issuers/crashkit/.git/
refusal-coverage	UNKNOWN STEP	2026-08-28T09:32:56.3261188Z [command]/usr/bin/git remote add origin https://github.com/egnaro9/crashkit
refusal-coverage	UNKNOWN STEP	2026-08-28T09:32:56.3297237Z ##[endgroup]
refusal-coverage	UNKNOWN STEP	2026-08-28T09:32:56.3300487Z ##[group]Disabling automatic garbage collection
refusal-coverage	UNKNOWN STEP	2026-08-28T09:32:56.3302196Z [command]/usr/bin/git config --local gc.auto 0
refusal-coverage	UNKNOWN STEP	2026-08-28T09:32:56.3334354Z ##[endgroup]
refusal-coverage	UNKNOWN STEP	2026-08-28T09:32:56.3336092Z ##[group]Setting up auth
refusal-coverage	UNKNOWN STEP	2026-08-28T09:32:56.3342957Z [command]/usr/bin/git config --local --name-only --get-regexp core\.sshCommand
refusal-coverage	UNKNOWN STEP	2026-08-28T09:32:56.3380590Z [command]/usr/bin/git submodule foreach --recursive sh -c "git config --local --name-only --get-regexp 'core\.sshCommand' && git config --local --unset-all 'core.sshCommand' || :"
refusal-coverage	UNKNOWN STEP	2026-08-28T09:32:56.3640290Z [command]/usr/bin/git config --local --name-only --get-regexp http\.https\:\/\/github\.com\/\.extraheader
refusal-coverage	UNKNOWN STEP	2026-08-28T09:32:56.3690841Z [command]/usr/bin/git submodule foreach --recursive sh -c "git config --local --name-only --get-regexp 'http\.https\:\/\/github\.com\/\.extraheader' && git config --local --unset-all 'http.https://github.com/.extraheader' || :"
refusal-coverage	UNKNOWN STEP	2026-08-28T09:32:56.3939868Z [command]/usr/bin/git config --local --name-only --get-regexp ^includeIf\.gitdir:
refusal-coverage	UNKNOWN STEP	2026-08-28T09:32:56.3982958Z [command]/usr/bin/git submodule foreach --recursive git config --local --show-origin --name-only --get-regexp remote.origin.url
refusal-coverage	UNKNOWN STEP	2026-08-28T09:32:56.4235068Z [command]/usr/bin/git config --local http.https://github.com/.extraheader AUTHORIZATION: basic ***
refusal-coverage	UNKNOWN STEP	2026-08-28T09:32:56.4276533Z ##[endgroup]
refusal-coverage	UNKNOWN STEP	2026-08-28T09:32:56.4278838Z ##[group]Determining the default branch
refusal-coverage	UNKNOWN STEP	2026-08-28T09:32:56.4281275Z Retrieving the default branch name
refusal-coverage	UNKNOWN STEP	2026-08-28T09:32:56.7325552Z Default branch 'main'
refusal-coverage	UNKNOWN STEP	2026-08-28T09:32:56.7329989Z ##[endgroup]
refusal-coverage	UNKNOWN STEP	2026-08-28T09:32:56.7332542Z ##[group]Fetching the repository
refusal-coverage	UNKNOWN STEP	2026-08-28T09:32:56.7342710Z [command]/usr/bin/git -c protocol.version=2 fetch --no-tags --prune --no-recurse-submodules --depth=1 origin +refs/heads/main:refs/remotes/origin/main
refusal-coverage	UNKNOWN STEP	2026-08-28T09:32:57.9926722Z From https://github.com/egnaro9/crashkit
refusal-coverage	UNKNOWN STEP	2026-08-28T09:32:57.9927530Z  * [new branch]      main       -> origin/main
refusal-coverage	UNKNOWN STEP	2026-08-28T09:32:57.9952187Z ##[endgroup]
refusal-coverage	UNKNOWN STEP	2026-08-28T09:32:57.9953314Z ##[group]Determining the checkout info
refusal-coverage	UNKNOWN STEP	2026-08-28T09:32:57.9954529Z ##[endgroup]
refusal-coverage	UNKNOWN STEP	2026-08-28T09:32:57.9955355Z [command]/usr/bin/git sparse-checkout disable
refusal-coverage	UNKNOWN STEP	2026-08-28T09:32:57.9989929Z [command]/usr/bin/git config --local --unset-all extensions.worktreeConfig
refusal-coverage	UNKNOWN STEP	2026-08-28T09:32:58.0026036Z ##[group]Checking out the ref
refusal-coverage	UNKNOWN STEP	2026-08-28T09:32:58.0031107Z [command]/usr/bin/git checkout --progress --force -B main refs/remotes/origin/main
refusal-coverage	UNKNOWN STEP	2026-08-28T09:32:58.0139787Z Switched to a new branch 'main'
refusal-coverage	UNKNOWN STEP	2026-08-28T09:32:58.0144323Z branch 'main' set up to track 'origin/main'.
refusal-coverage	UNKNOWN STEP	2026-08-28T09:32:58.0150856Z ##[endgroup]
refusal-coverage	UNKNOWN STEP	2026-08-28T09:32:58.0197195Z [command]/usr/bin/git log -1 --format=%H
refusal-coverage	UNKNOWN STEP	2026-08-28T09:32:58.0228167Z 18f74ff552858095f496f50c57334a1f3e4c4d7b
refusal-coverage	UNKNOWN STEP	2026-08-28T09:32:58.0455169Z Node 20 is being deprecated. This workflow is running with Node 24 by default. If you need to temporarily use Node 20, you can set the ACTIONS_ALLOW_USE_UNSECURE_NODE_VERSION=true environment variable. For more information see: https://github.blog/changelog/2025-09-19-deprecation-of-node-20-on-github-actions-runners/
refusal-coverage	UNKNOWN STEP	2026-08-28T09:32:58.0456624Z ##[group]Run actions/checkout@v4
refusal-coverage	UNKNOWN STEP	2026-08-28T09:32:58.0456883Z with:
refusal-coverage	UNKNOWN STEP	2026-08-28T09:32:58.0457083Z   repository: egnaro9/evalmut
refusal-coverage	UNKNOWN STEP	2026-08-28T09:32:58.0457329Z   path: _issuers/evalmut
refusal-coverage	UNKNOWN STEP	2026-08-28T09:32:58.0460071Z   token: ***
refusal-coverage	UNKNOWN STEP	2026-08-28T09:32:58.0460285Z   ssh-strict: true
refusal-coverage	UNKNOWN STEP	2026-08-28T09:32:58.0460498Z   ssh-user: git
refusal-coverage	UNKNOWN STEP	2026-08-28T09:32:58.0460706Z   persist-credentials: true
refusal-coverage	UNKNOWN STEP	2026-08-28T09:32:58.0460946Z   clean: true
refusal-coverage	UNKNOWN STEP	2026-08-28T09:32:58.0461157Z   sparse-checkout-cone-mode: true
refusal-coverage	UNKNOWN STEP	2026-08-28T09:32:58.0461434Z   fetch-depth: 1
refusal-coverage	UNKNOWN STEP	2026-08-28T09:32:58.0461650Z   fetch-tags: false
refusal-coverage	UNKNOWN STEP	2026-08-28T09:32:58.0461852Z   show-progress: true
refusal-coverage	UNKNOWN STEP	2026-08-28T09:32:58.0462104Z   lfs: false
refusal-coverage	UNKNOWN STEP	2026-08-28T09:32:58.0462293Z   submodules: false
refusal-coverage	UNKNOWN STEP	2026-08-28T09:32:58.0462500Z   set-safe-directory: true
refusal-coverage	UNKNOWN STEP	2026-08-28T09:32:58.0462751Z   allow-unsafe-pr-checkout: false
refusal-coverage	UNKNOWN STEP	2026-08-28T09:32:58.0462993Z env:
refusal-coverage	UNKNOWN STEP	2026-08-28T09:32:58.0463246Z   pythonLocation: /opt/hostedtoolcache/Python/3.12.14/x64
refusal-coverage	UNKNOWN STEP	2026-08-28T09:32:58.0463681Z   PKG_CONFIG_PATH: /opt/hostedtoolcache/Python/3.12.14/x64/lib/pkgconfig
refusal-coverage	UNKNOWN STEP	2026-08-28T09:32:58.0464098Z   Python_ROOT_DIR: /opt/hostedtoolcache/Python/3.12.14/x64
refusal-coverage	UNKNOWN STEP	2026-08-28T09:32:58.0464477Z   Python2_ROOT_DIR: /opt/hostedtoolcache/Python/3.12.14/x64
refusal-coverage	UNKNOWN STEP	2026-08-28T09:32:58.0464863Z   Python3_ROOT_DIR: /opt/hostedtoolcache/Python/3.12.14/x64
refusal-coverage	UNKNOWN STEP	2026-08-28T09:32:58.0465242Z   LD_LIBRARY_PATH: /opt/hostedtoolcache/Python/3.12.14/x64/lib
refusal-coverage	UNKNOWN STEP	2026-08-28T09:32:58.0465562Z ##[endgroup]
refusal-coverage	UNKNOWN STEP	2026-08-28T09:32:58.1330545Z Syncing repository: egnaro9/evalmut
refusal-coverage	UNKNOWN STEP	2026-08-28T09:32:58.1343654Z ##[group]Getting Git version info
refusal-coverage	UNKNOWN STEP	2026-08-28T09:32:58.1344633Z Working directory is '/home/runner/work/vac-protocol/vac-protocol/_issuers/evalmut'
refusal-coverage	UNKNOWN STEP	2026-08-28T09:32:58.1387181Z [command]/usr/bin/git version
refusal-coverage	UNKNOWN STEP	2026-08-28T09:32:58.1431606Z git version 2.55.0
refusal-coverage	UNKNOWN STEP	2026-08-28T09:32:58.1455418Z ##[endgroup]
refusal-coverage	UNKNOWN STEP	2026-08-28T09:32:58.1469856Z Temporarily overriding HOME='/home/runner/work/_temp/2f855fe1-41cb-439b-b04b-1bb7126e875c' before making global git config changes
refusal-coverage	UNKNOWN STEP	2026-08-28T09:32:58.1470860Z Adding repository directory to the temporary git global config as a safe directory
refusal-coverage	UNKNOWN STEP	2026-08-28T09:32:58.1476644Z [command]/usr/bin/git config --global --add safe.directory /home/runner/work/vac-protocol/vac-protocol/_issuers/evalmut
refusal-coverage	UNKNOWN STEP	2026-08-28T09:32:58.1509538Z ##[group]Initializing the repository
refusal-coverage	UNKNOWN STEP	2026-08-28T09:32:58.1514963Z [command]/usr/bin/git init /home/runner/work/vac-protocol/vac-protocol/_issuers/evalmut
refusal-coverage	UNKNOWN STEP	2026-08-28T09:32:58.1556741Z hint: Using 'master' as the name for the initial branch. This default branch name
refusal-coverage	UNKNOWN STEP	2026-08-28T09:32:58.1558280Z hint: will change to "main" in Git 3.0. To configure the initial branch name
refusal-coverage	UNKNOWN STEP	2026-08-28T09:32:58.1559486Z hint: to use in all of your new repositories, which will suppress this warning,
refusal-coverage	UNKNOWN STEP	2026-08-28T09:32:58.1560202Z hint: call:
refusal-coverage	UNKNOWN STEP	2026-08-28T09:32:58.1560540Z hint:
refusal-coverage	UNKNOWN STEP	2026-08-28T09:32:58.1560957Z hint: 	git config --global init.defaultBranch <name>
refusal-coverage	UNKNOWN STEP	2026-08-28T09:32:58.1561495Z hint:
refusal-coverage	UNKNOWN STEP	2026-08-28T09:32:58.1562027Z hint: Names commonly chosen instead of 'master' are 'main', 'trunk' and
refusal-coverage	UNKNOWN STEP	2026-08-28T09:32:58.1562918Z hint: 'development'. The just-created branch can be renamed via this command:
refusal-coverage	UNKNOWN STEP	2026-08-28T09:32:58.1563564Z hint:
refusal-coverage	UNKNOWN STEP	2026-08-28T09:32:58.1563892Z hint: 	git branch -m <name>
refusal-coverage	UNKNOWN STEP	2026-08-28T09:32:58.1564270Z hint:
refusal-coverage	UNKNOWN STEP	2026-08-28T09:32:58.1564824Z hint: Disable this message with "git config set advice.defaultBranchName false"
refusal-coverage	UNKNOWN STEP	2026-08-28T09:32:58.1565911Z Initialized empty Git repository in /home/runner/work/vac-protocol/vac-protocol/_issuers/evalmut/.git/
refusal-coverage	UNKNOWN STEP	2026-08-28T09:32:58.1570398Z [command]/usr/bin/git remote add origin https://github.com/egnaro9/evalmut
refusal-coverage	UNKNOWN STEP	2026-08-28T09:32:58.1605781Z ##[endgroup]
refusal-coverage	UNKNOWN STEP	2026-08-28T09:32:58.1606531Z ##[group]Disabling automatic garbage collection
refusal-coverage	UNKNOWN STEP	2026-08-28T09:32:58.1611358Z [command]/usr/bin/git config --local gc.auto 0
refusal-coverage	UNKNOWN STEP	2026-08-28T09:32:58.1640952Z ##[endgroup]
refusal-coverage	UNKNOWN STEP	2026-08-28T09:32:58.1641669Z ##[group]Setting up auth
refusal-coverage	UNKNOWN STEP	2026-08-28T09:32:58.1649641Z [command]/usr/bin/git config --local --name-only --get-regexp core\.sshCommand
refusal-coverage	UNKNOWN STEP	2026-08-28T09:32:58.1682836Z [command]/usr/bin/git submodule foreach --recursive sh -c "git config --local --name-only --get-regexp 'core\.sshCommand' && git config --local --unset-all 'core.sshCommand' || :"
refusal-coverage	UNKNOWN STEP	2026-08-28T09:32:58.1940772Z [command]/usr/bin/git config --local --name-only --get-regexp http\.https\:\/\/github\.com\/\.extraheader
refusal-coverage	UNKNOWN STEP	2026-08-28T09:32:58.1974044Z [command]/usr/bin/git submodule foreach --recursive sh -c "git config --local --name-only --get-regexp 'http\.https\:\/\/github\.com\/\.extraheader' && git config --local --unset-all 'http.https://github.com/.extraheader' || :"
refusal-coverage	UNKNOWN STEP	2026-08-28T09:32:58.2252236Z [command]/usr/bin/git config --local --name-only --get-regexp ^includeIf\.gitdir:
refusal-coverage	UNKNOWN STEP	2026-08-28T09:32:58.2301023Z [command]/usr/bin/git submodule foreach --recursive git config --local --show-origin --name-only --get-regexp remote.origin.url
refusal-coverage	UNKNOWN STEP	2026-08-28T09:32:58.2579959Z [command]/usr/bin/git config --local http.https://github.com/.extraheader AUTHORIZATION: basic ***
refusal-coverage	UNKNOWN STEP	2026-08-28T09:32:58.2623616Z ##[endgroup]
refusal-coverage	UNKNOWN STEP	2026-08-28T09:32:58.2624580Z ##[group]Determining the default branch
refusal-coverage	UNKNOWN STEP	2026-08-28T09:32:58.2629297Z Retrieving the default branch name
refusal-coverage	UNKNOWN STEP	2026-08-28T09:32:58.6036371Z Default branch 'main'
refusal-coverage	UNKNOWN STEP	2026-08-28T09:32:58.6037316Z ##[endgroup]
refusal-coverage	UNKNOWN STEP	2026-08-28T09:32:58.6038124Z ##[group]Fetching the repository
refusal-coverage	UNKNOWN STEP	2026-08-28T09:32:58.6061129Z [command]/usr/bin/git -c protocol.version=2 fetch --no-tags --prune --no-recurse-submodules --depth=1 origin +refs/heads/main:refs/remotes/origin/main
refusal-coverage	UNKNOWN STEP	2026-08-28T09:32:59.2522293Z From https://github.com/egnaro9/evalmut
refusal-coverage	UNKNOWN STEP	2026-08-28T09:32:59.2522939Z  * [new branch]      main       -> origin/main
refusal-coverage	UNKNOWN STEP	2026-08-28T09:32:59.2527657Z ##[endgroup]
refusal-coverage	UNKNOWN STEP	2026-08-28T09:32:59.2528593Z ##[group]Determining the checkout info
refusal-coverage	UNKNOWN STEP	2026-08-28T09:32:59.2531028Z ##[endgroup]
refusal-coverage	UNKNOWN STEP	2026-08-28T09:32:59.2536251Z [command]/usr/bin/git sparse-checkout disable
refusal-coverage	UNKNOWN STEP	2026-08-28T09:32:59.2581659Z [command]/usr/bin/git config --local --unset-all extensions.worktreeConfig
refusal-coverage	UNKNOWN STEP	2026-08-28T09:32:59.2614384Z ##[group]Checking out the ref
refusal-coverage	UNKNOWN STEP	2026-08-28T09:32:59.2619422Z [command]/usr/bin/git checkout --progress --force -B main refs/remotes/origin/main
refusal-coverage	UNKNOWN STEP	2026-08-28T09:32:59.2773032Z Switched to a new branch 'main'
refusal-coverage	UNKNOWN STEP	2026-08-28T09:32:59.2775692Z branch 'main' set up to track 'origin/main'.
refusal-coverage	UNKNOWN STEP	2026-08-28T09:32:59.2781919Z ##[endgroup]
refusal-coverage	UNKNOWN STEP	2026-08-28T09:32:59.2823984Z [command]/usr/bin/git log -1 --format=%H
refusal-coverage	UNKNOWN STEP	2026-08-28T09:32:59.2853737Z 7ea9ddc6ad12289e965b4873d4e25b7b695b48d1
refusal-coverage	UNKNOWN STEP	2026-08-28T09:32:59.3030554Z Node 20 is being deprecated. This workflow is running with Node 24 by default. If you need to temporarily use Node 20, you can set the ACTIONS_ALLOW_USE_UNSECURE_NODE_VERSION=true environment variable. For more information see: https://github.blog/changelog/2025-09-19-deprecation-of-node-20-on-github-actions-runners/
refusal-coverage	UNKNOWN STEP	2026-08-28T09:32:59.3031848Z ##[group]Run actions/checkout@v4
refusal-coverage	UNKNOWN STEP	2026-08-28T09:32:59.3032102Z with:
refusal-coverage	UNKNOWN STEP	2026-08-28T09:32:59.3032302Z   repository: egnaro9/model-drift
refusal-coverage	UNKNOWN STEP	2026-08-28T09:32:59.3032552Z   path: _issuers/model-drift
refusal-coverage	UNKNOWN STEP	2026-08-28T09:32:59.3035013Z   token: ***
refusal-coverage	UNKNOWN STEP	2026-08-28T09:32:59.3035208Z   ssh-strict: true
refusal-coverage	UNKNOWN STEP	2026-08-28T09:32:59.3035413Z   ssh-user: git
refusal-coverage	UNKNOWN STEP	2026-08-28T09:32:59.3035634Z   persist-credentials: true
refusal-coverage	UNKNOWN STEP	2026-08-28T09:32:59.3035863Z   clean: true
refusal-coverage	UNKNOWN STEP	2026-08-28T09:32:59.3036063Z   sparse-checkout-cone-mode: true
refusal-coverage	UNKNOWN STEP	2026-08-28T09:32:59.3036308Z   fetch-depth: 1
refusal-coverage	UNKNOWN STEP	2026-08-28T09:32:59.3036498Z   fetch-tags: false
refusal-coverage	UNKNOWN STEP	2026-08-28T09:32:59.3036694Z   show-progress: true
refusal-coverage	UNKNOWN STEP	2026-08-28T09:32:59.3036918Z   lfs: false
refusal-coverage	UNKNOWN STEP	2026-08-28T09:32:59.3037102Z   submodules: false
refusal-coverage	UNKNOWN STEP	2026-08-28T09:32:59.3037307Z   set-safe-directory: true
refusal-coverage	UNKNOWN STEP	2026-08-28T09:32:59.3037548Z   allow-unsafe-pr-checkout: false
refusal-coverage	UNKNOWN STEP	2026-08-28T09:32:59.3038057Z env:
refusal-coverage	UNKNOWN STEP	2026-08-28T09:32:59.3038344Z   pythonLocation: /opt/hostedtoolcache/Python/3.12.14/x64
refusal-coverage	UNKNOWN STEP	2026-08-28T09:32:59.3038778Z   PKG_CONFIG_PATH: /opt/hostedtoolcache/Python/3.12.14/x64/lib/pkgconfig
refusal-coverage	UNKNOWN STEP	2026-08-28T09:32:59.3039399Z   Python_ROOT_DIR: /opt/hostedtoolcache/Python/3.12.14/x64
refusal-coverage	UNKNOWN STEP	2026-08-28T09:32:59.3039782Z   Python2_ROOT_DIR: /opt/hostedtoolcache/Python/3.12.14/x64
refusal-coverage	UNKNOWN STEP	2026-08-28T09:32:59.3040154Z   Python3_ROOT_DIR: /opt/hostedtoolcache/Python/3.12.14/x64
refusal-coverage	UNKNOWN STEP	2026-08-28T09:32:59.3040524Z   LD_LIBRARY_PATH: /opt/hostedtoolcache/Python/3.12.14/x64/lib
refusal-coverage	UNKNOWN STEP	2026-08-28T09:32:59.3040839Z ##[endgroup]
refusal-coverage	UNKNOWN STEP	2026-08-28T09:32:59.3865528Z Syncing repository: egnaro9/model-drift
refusal-coverage	UNKNOWN STEP	2026-08-28T09:32:59.3867979Z ##[group]Getting Git version info
refusal-coverage	UNKNOWN STEP	2026-08-28T09:32:59.3869516Z Working directory is '/home/runner/work/vac-protocol/vac-protocol/_issuers/model-drift'
refusal-coverage	UNKNOWN STEP	2026-08-28T09:32:59.3914809Z [command]/usr/bin/git version
refusal-coverage	UNKNOWN STEP	2026-08-28T09:32:59.3958242Z git version 2.55.0
refusal-coverage	UNKNOWN STEP	2026-08-28T09:32:59.4011633Z ##[endgroup]
refusal-coverage	UNKNOWN STEP	2026-08-28T09:32:59.4024686Z Temporarily overriding HOME='/home/runner/work/_temp/b31ae1c1-3aef-4517-a6f2-44cdccf907f4' before making global git config changes
refusal-coverage	UNKNOWN STEP	2026-08-28T09:32:59.4025982Z Adding repository directory to the temporary git global config as a safe directory
refusal-coverage	UNKNOWN STEP	2026-08-28T09:32:59.4031766Z [command]/usr/bin/git config --global --add safe.directory /home/runner/work/vac-protocol/vac-protocol/_issuers/model-drift
refusal-coverage	UNKNOWN STEP	2026-08-28T09:32:59.4064872Z ##[group]Initializing the repository
refusal-coverage	UNKNOWN STEP	2026-08-28T09:32:59.4072692Z [command]/usr/bin/git init /home/runner/work/vac-protocol/vac-protocol/_issuers/model-drift
refusal-coverage	UNKNOWN STEP	2026-08-28T09:32:59.4116558Z hint: Using 'master' as the name for the initial branch. This default branch name
refusal-coverage	UNKNOWN STEP	2026-08-28T09:32:59.4117688Z hint: will change to "main" in Git 3.0. To configure the initial branch name
refusal-coverage	UNKNOWN STEP	2026-08-28T09:32:59.4119051Z hint: to use in all of your new repositories, which will suppress this warning,
refusal-coverage	UNKNOWN STEP	2026-08-28T09:32:59.4119733Z hint: call:
refusal-coverage	UNKNOWN STEP	2026-08-28T09:32:59.4120035Z hint:
refusal-coverage	UNKNOWN STEP	2026-08-28T09:32:59.4120430Z hint: 	git config --global init.defaultBranch <name>
refusal-coverage	UNKNOWN STEP	2026-08-28T09:32:59.4120924Z hint:
refusal-coverage	UNKNOWN STEP	2026-08-28T09:32:59.4121400Z hint: Names commonly chosen instead of 'master' are 'main', 'trunk' and
refusal-coverage	UNKNOWN STEP	2026-08-28T09:32:59.4122246Z hint: 'development'. The just-created branch can be renamed via this command:
refusal-coverage	UNKNOWN STEP	2026-08-28T09:32:59.4122873Z hint:
refusal-coverage	UNKNOWN STEP	2026-08-28T09:32:59.4123172Z hint: 	git branch -m <name>
refusal-coverage	UNKNOWN STEP	2026-08-28T09:32:59.4123533Z hint:
refusal-coverage	UNKNOWN STEP	2026-08-28T09:32:59.4124056Z hint: Disable this message with "git config set advice.defaultBranchName false"
refusal-coverage	UNKNOWN STEP	2026-08-28T09:32:59.4125168Z Initialized empty Git repository in /home/runner/work/vac-protocol/vac-protocol/_issuers/model-drift/.git/
refusal-coverage	UNKNOWN STEP	2026-08-28T09:32:59.4130657Z [command]/usr/bin/git remote add origin https://github.com/egnaro9/model-drift
refusal-coverage	UNKNOWN STEP	2026-08-28T09:32:59.4166009Z ##[endgroup]
refusal-coverage	UNKNOWN STEP	2026-08-28T09:32:59.4166644Z ##[group]Disabling automatic garbage collection
refusal-coverage	UNKNOWN STEP	2026-08-28T09:32:59.4171825Z [command]/usr/bin/git config --local gc.auto 0
refusal-coverage	UNKNOWN STEP	2026-08-28T09:32:59.4202678Z ##[endgroup]
refusal-coverage	UNKNOWN STEP	2026-08-28T09:32:59.4203289Z ##[group]Setting up auth
refusal-coverage	UNKNOWN STEP	2026-08-28T09:32:59.4210582Z [command]/usr/bin/git config --local --name-only --get-regexp core\.sshCommand
refusal-coverage	UNKNOWN STEP	2026-08-28T09:32:59.4245470Z [command]/usr/bin/git submodule foreach --recursive sh -c "git config --local --name-only --get-regexp 'core\.sshCommand' && git config --local --unset-all 'core.sshCommand' || :"
refusal-coverage	UNKNOWN STEP	2026-08-28T09:32:59.4499146Z [command]/usr/bin/git config --local --name-only --get-regexp http\.https\:\/\/github\.com\/\.extraheader
refusal-coverage	UNKNOWN STEP	2026-08-28T09:32:59.4546954Z [command]/usr/bin/git submodule foreach --recursive sh -c "git config --local --name-only --get-regexp 'http\.https\:\/\/github\.com\/\.extraheader' && git config --local --unset-all 'http.https://github.com/.extraheader' || :"
refusal-coverage	UNKNOWN STEP	2026-08-28T09:32:59.4827407Z [command]/usr/bin/git config --local --name-only --get-regexp ^includeIf\.gitdir:
refusal-coverage	UNKNOWN STEP	2026-08-28T09:32:59.4872456Z [command]/usr/bin/git submodule foreach --recursive git config --local --show-origin --name-only --get-regexp remote.origin.url
refusal-coverage	UNKNOWN STEP	2026-08-28T09:32:59.5125343Z [command]/usr/bin/git config --local http.https://github.com/.extraheader AUTHORIZATION: basic ***
refusal-coverage	UNKNOWN STEP	2026-08-28T09:32:59.5167045Z ##[endgroup]
refusal-coverage	UNKNOWN STEP	2026-08-28T09:32:59.5167585Z ##[group]Determining the default branch
refusal-coverage	UNKNOWN STEP	2026-08-28T09:32:59.5171594Z Retrieving the default branch name
refusal-coverage	UNKNOWN STEP	2026-08-28T09:32:59.8466388Z Default branch 'main'
refusal-coverage	UNKNOWN STEP	2026-08-28T09:32:59.8467209Z ##[endgroup]
refusal-coverage	UNKNOWN STEP	2026-08-28T09:32:59.8468263Z ##[group]Fetching the repository
refusal-coverage	UNKNOWN STEP	2026-08-28T09:32:59.8484097Z [command]/usr/bin/git -c protocol.version=2 fetch --no-tags --prune --no-recurse-submodules --depth=1 origin +refs/heads/main:refs/remotes/origin/main
refusal-coverage	UNKNOWN STEP	2026-08-28T09:33:00.4286658Z From https://github.com/egnaro9/model-drift
refusal-coverage	UNKNOWN STEP	2026-08-28T09:33:00.4287336Z  * [new branch]      main       -> origin/main
refusal-coverage	UNKNOWN STEP	2026-08-28T09:33:00.4295697Z ##[endgroup]
refusal-coverage	UNKNOWN STEP	2026-08-28T09:33:00.4296357Z ##[group]Determining the checkout info
refusal-coverage	UNKNOWN STEP	2026-08-28T09:33:00.4296948Z ##[endgroup]
refusal-coverage	UNKNOWN STEP	2026-08-28T09:33:00.4300259Z [command]/usr/bin/git sparse-checkout disable
refusal-coverage	UNKNOWN STEP	2026-08-28T09:33:00.4346379Z [command]/usr/bin/git config --local --unset-all extensions.worktreeConfig
refusal-coverage	UNKNOWN STEP	2026-08-28T09:33:00.4385517Z ##[group]Checking out the ref
refusal-coverage	UNKNOWN STEP	2026-08-28T09:33:00.4386253Z [command]/usr/bin/git checkout --progress --force -B main refs/remotes/origin/main
refusal-coverage	UNKNOWN STEP	2026-08-28T09:33:00.4502081Z Switched to a new branch 'main'
refusal-coverage	UNKNOWN STEP	2026-08-28T09:33:00.4505309Z branch 'main' set up to track 'origin/main'.
refusal-coverage	UNKNOWN STEP	2026-08-28T09:33:00.4510294Z ##[endgroup]
refusal-coverage	UNKNOWN STEP	2026-08-28T09:33:00.4554436Z [command]/usr/bin/git log -1 --format=%H
refusal-coverage	UNKNOWN STEP	2026-08-28T09:33:00.4585616Z 931fa8f35be58869b94f5a9fc3b9d0db1aa6bc22
refusal-coverage	UNKNOWN STEP	2026-08-28T09:33:00.4731546Z ##[group]Run pip install -e ".[test]"
refusal-coverage	UNKNOWN STEP	2026-08-28T09:33:00.4731927Z ^[[36;1mpip install -e ".[test]"^[[0m
refusal-coverage	UNKNOWN STEP	2026-08-28T09:33:00.4781156Z shell: /usr/bin/bash -e {0}
refusal-coverage	UNKNOWN STEP	2026-08-28T09:33:00.4781411Z env:
refusal-coverage	UNKNOWN STEP	2026-08-28T09:33:00.4781680Z   pythonLocation: /opt/hostedtoolcache/Python/3.12.14/x64
refusal-coverage	UNKNOWN STEP	2026-08-28T09:33:00.4782116Z   PKG_CONFIG_PATH: /opt/hostedtoolcache/Python/3.12.14/x64/lib/pkgconfig
refusal-coverage	UNKNOWN STEP	2026-08-28T09:33:00.4782546Z   Python_ROOT_DIR: /opt/hostedtoolcache/Python/3.12.14/x64
refusal-coverage	UNKNOWN STEP	2026-08-28T09:33:00.4782916Z   Python2_ROOT_DIR: /opt/hostedtoolcache/Python/3.12.14/x64
refusal-coverage	UNKNOWN STEP	2026-08-28T09:33:00.4783298Z   Python3_ROOT_DIR: /opt/hostedtoolcache/Python/3.12.14/x64
refusal-coverage	UNKNOWN STEP	2026-08-28T09:33:00.4783702Z   LD_LIBRARY_PATH: /opt/hostedtoolcache/Python/3.12.14/x64/lib
refusal-coverage	UNKNOWN STEP	2026-08-28T09:33:00.4784026Z ##[endgroup]
refusal-coverage	UNKNOWN STEP	2026-08-28T09:33:01.2262955Z Obtaining file:///home/runner/work/vac-protocol/vac-protocol
refusal-coverage	UNKNOWN STEP	2026-08-28T09:33:01.2282044Z   Installing build dependencies: started
refusal-coverage	UNKNOWN STEP	2026-08-28T09:33:02.0657057Z   Installing build dependencies: finished with status 'done'
refusal-coverage	UNKNOWN STEP	2026-08-28T09:33:02.0664325Z   Checking if build backend supports build_editable: started
refusal-coverage	UNKNOWN STEP	2026-08-28T09:33:02.4952230Z   Checking if build backend supports build_editable: finished with status 'done'
refusal-coverage	UNKNOWN STEP	2026-08-28T09:33:02.4961477Z   Getting requirements to build editable: started
refusal-coverage	UNKNOWN STEP	2026-08-28T09:33:02.8580611Z   Getting requirements to build editable: finished with status 'done'
refusal-coverage	UNKNOWN STEP	2026-08-28T09:33:02.8590492Z   Preparing editable metadata (pyproject.toml): started
refusal-coverage	UNKNOWN STEP	2026-08-28T09:33:03.0641075Z   Preparing editable metadata (pyproject.toml): finished with status 'done'
refusal-coverage	UNKNOWN STEP	2026-08-28T09:33:03.1670971Z Collecting pytest (from vac-protocol==0.1.0)
refusal-coverage	UNKNOWN STEP	2026-08-28T09:33:03.2265675Z   Downloading pytest-9.1.1-py3-none-any.whl.metadata (7.6 kB)
refusal-coverage	UNKNOWN STEP	2026-08-28T09:33:03.2476614Z Collecting iniconfig>=1.0.1 (from pytest->vac-protocol==0.1.0)
refusal-coverage	UNKNOWN STEP	2026-08-28T09:33:03.2551710Z   Downloading iniconfig-2.3.0-py3-none-any.whl.metadata (2.5 kB)
refusal-coverage	UNKNOWN STEP	2026-08-28T09:33:03.2753342Z Collecting packaging>=22 (from pytest->vac-protocol==0.1.0)
refusal-coverage	UNKNOWN STEP	2026-08-28T09:33:03.2828422Z   Downloading packaging-26.3-py3-none-any.whl.metadata (3.5 kB)
refusal-coverage	UNKNOWN STEP	2026-08-28T09:33:03.2996116Z Collecting pluggy<2,>=1.5 (from pytest->vac-protocol==0.1.0)
refusal-coverage	UNKNOWN STEP	2026-08-28T09:33:03.3068229Z   Downloading pluggy-1.6.0-py3-none-any.whl.metadata (4.8 kB)
refusal-coverage	UNKNOWN STEP	2026-08-28T09:33:03.3303759Z Collecting pygments>=2.7.2 (from pytest->vac-protocol==0.1.0)
refusal-coverage	UNKNOWN STEP	2026-08-28T09:33:03.3377192Z   Downloading pygments-2.21.0-py3-none-any.whl.metadata (2.5 kB)
refusal-coverage	UNKNOWN STEP	2026-08-28T09:33:03.3501939Z Downloading pytest-9.1.1-py3-none-any.whl (386 kB)
refusal-coverage	UNKNOWN STEP	2026-08-28T09:33:03.3905656Z Downloading pluggy-1.6.0-py3-none-any.whl (20 kB)
refusal-coverage	UNKNOWN STEP	2026-08-28T09:33:03.4000043Z Downloading iniconfig-2.3.0-py3-none-any.whl (7.5 kB)
refusal-coverage	UNKNOWN STEP	2026-08-28T09:33:03.4093435Z Downloading packaging-26.3-py3-none-any.whl (129 kB)
refusal-coverage	UNKNOWN STEP	2026-08-28T09:33:03.4272758Z Downloading pygments-2.21.0-py3-none-any.whl (1.3 MB)
refusal-coverage	UNKNOWN STEP	2026-08-28T09:33:03.4861210Z    ━━━━━━━━━━━━━━━━━━━━━━━━━━━━━━━━━━━━━━━━ 1.3/1.3 MB 22.0 MB/s  0:00:00
refusal-coverage	UNKNOWN STEP	2026-08-28T09:33:03.5034735Z Building wheels for collected packages: vac-protocol
refusal-coverage	UNKNOWN STEP	2026-08-28T09:33:03.5043862Z   Building editable for vac-protocol (pyproject.toml): started
refusal-coverage	UNKNOWN STEP	2026-08-28T09:33:03.7272897Z   Building editable for vac-protocol (pyproject.toml): finished with status 'done'
refusal-coverage	UNKNOWN STEP	2026-08-28T09:33:03.7278602Z   Created wheel for vac-protocol: filename=vac_protocol-0.1.0-0.editable-py3-none-any.whl size=8767 sha256=13001bede1812e357916c24a307b729282e7ab078d2a997611d54a13f9096a35
refusal-coverage	UNKNOWN STEP	2026-08-28T09:33:03.7280382Z   Stored in directory: /tmp/pip-ephem-wheel-cache-t8dnfwdt/wheels/31/93/c0/4effb33ea68d4321a176d9cb097b94ea8b1be9d534ea861dec
refusal-coverage	UNKNOWN STEP	2026-08-28T09:33:03.7302535Z Successfully built vac-protocol
refusal-coverage	UNKNOWN STEP	2026-08-28T09:33:03.7516558Z Installing collected packages: vac-protocol, pygments, pluggy, packaging, iniconfig, pytest
refusal-coverage	UNKNOWN STEP	2026-08-28T09:33:04.9287448Z 
refusal-coverage	UNKNOWN STEP	2026-08-28T09:33:04.9301218Z Successfully installed iniconfig-2.3.0 packaging-26.3 pluggy-1.6.0 pygments-2.21.0 pytest-9.1.1 vac-protocol-0.1.0
refusal-coverage	UNKNOWN STEP	2026-08-28T09:33:04.9953837Z ##[group]Run python tools/mutation_sweep.py --floor 0.99
refusal-coverage	UNKNOWN STEP	2026-08-28T09:33:04.9954291Z ^[[36;1mpython tools/mutation_sweep.py --floor 0.99^[[0m
refusal-coverage	UNKNOWN STEP	2026-08-28T09:33:04.9992765Z shell: /usr/bin/bash -e {0}
refusal-coverage	UNKNOWN STEP	2026-08-28T09:33:04.9993010Z env:
refusal-coverage	UNKNOWN STEP	2026-08-28T09:33:04.9993270Z   pythonLocation: /opt/hostedtoolcache/Python/3.12.14/x64
refusal-coverage	UNKNOWN STEP	2026-08-28T09:33:04.9993705Z   PKG_CONFIG_PATH: /opt/hostedtoolcache/Python/3.12.14/x64/lib/pkgconfig
refusal-coverage	UNKNOWN STEP	2026-08-28T09:33:04.9994135Z   Python_ROOT_DIR: /opt/hostedtoolcache/Python/3.12.14/x64
refusal-coverage	UNKNOWN STEP	2026-08-28T09:33:04.9994523Z   Python2_ROOT_DIR: /opt/hostedtoolcache/Python/3.12.14/x64
refusal-coverage	UNKNOWN STEP	2026-08-28T09:33:04.9994910Z   Python3_ROOT_DIR: /opt/hostedtoolcache/Python/3.12.14/x64
refusal-coverage	UNKNOWN STEP	2026-08-28T09:33:04.9995310Z   LD_LIBRARY_PATH: /opt/hostedtoolcache/Python/3.12.14/x64/lib
refusal-coverage	UNKNOWN STEP	2026-08-28T09:33:04.9995655Z   VAC_CRASHKIT_CHECKOUT: _issuers/crashkit/vac
refusal-coverage	UNKNOWN STEP	2026-08-28T09:33:04.9995951Z   VAC_EVALMUT_CHECKOUT: _issuers/evalmut/vac
refusal-coverage	UNKNOWN STEP	2026-08-28T09:33:04.9996294Z   VAC_MODELDRIFT_CHECKOUT: _issuers/model-drift/vac
refusal-coverage	UNKNOWN STEP	2026-08-28T09:33:04.9996603Z ##[endgroup]
refusal-coverage	UNKNOWN STEP	2026-08-28T09:33:09.6906212Z baseline clean; 152 refusal sites (3 excluded, see EXCLUDE)
refusal-coverage	UNKNOWN STEP	2026-08-28T09:33:09.6906725Z   [1/152] L111 caught: tests
refusal-coverage	UNKNOWN STEP	2026-08-28T09:33:10.6375645Z   [2/152] L124 caught: tests
refusal-coverage	UNKNOWN STEP	2026-08-28T09:33:13.2648546Z   [3/152] L129 caught: tests
refusal-coverage	UNKNOWN STEP	2026-08-28T09:33:15.4244274Z   [4/152] L140 caught: tests
refusal-coverage	UNKNOWN STEP	2026-08-28T09:33:16.4060939Z   [5/152] L145 caught: tests
refusal-coverage	UNKNOWN STEP	2026-08-28T09:33:18.9220758Z   [6/152] L149 caught: tests
refusal-coverage	UNKNOWN STEP	2026-08-28T09:33:20.0109013Z   [7/152] L159 caught: tests
refusal-coverage	UNKNOWN STEP	2026-08-28T09:33:21.0367510Z   [8/152] L164 caught: tests
refusal-coverage	UNKNOWN STEP	2026-08-28T09:33:22.0622780Z   [9/152] L169 caught: tests
refusal-coverage	UNKNOWN STEP	2026-08-28T09:33:23.1314223Z   [10/152] L173 caught: tests
refusal-coverage	UNKNOWN STEP	2026-08-28T09:33:24.2498139Z   [11/152] L176 caught: tests
refusal-coverage	UNKNOWN STEP	2026-08-28T09:33:25.3233344Z   [12/152] L182 caught: tests
refusal-coverage	UNKNOWN STEP	2026-08-28T09:33:26.3667395Z   [13/152] L185 caught: tests
refusal-coverage	UNKNOWN STEP	2026-08-28T09:33:29.0714724Z   [14/152] L190 caught: tests
refusal-coverage	UNKNOWN STEP	2026-08-28T09:33:31.5955141Z   [15/152] L195 caught: tests
refusal-coverage	UNKNOWN STEP	2026-08-28T09:33:33.8359080Z   [16/152] L201 caught: tests
refusal-coverage	UNKNOWN STEP	2026-08-28T09:33:35.0442136Z   [17/152] L203 caught: tests
refusal-coverage	UNKNOWN STEP	2026-08-28T09:33:36.1818495Z   [18/152] L208 caught: tests
refusal-coverage	UNKNOWN STEP	2026-08-28T09:33:37.3266761Z   [19/152] L211 caught: tests
refusal-coverage	UNKNOWN STEP	2026-08-28T09:33:40.5169891Z   [20/152] L234 caught: tests
refusal-coverage	UNKNOWN STEP	2026-08-28T09:33:42.7924501Z   [21/152] L237 caught: tests
refusal-coverage	UNKNOWN STEP	2026-08-28T09:33:44.3649639Z   [22/152] L243 caught: tests
refusal-coverage	UNKNOWN STEP	2026-08-28T09:33:47.6056921Z   [23/152] L258 caught: tests
refusal-coverage	UNKNOWN STEP	2026-08-28T09:33:50.1643146Z   [24/152] L262 caught: tests
refusal-coverage	UNKNOWN STEP	2026-08-28T09:33:51.4411217Z   [25/152] L277 caught: tests
refusal-coverage	UNKNOWN STEP	2026-08-28T09:33:54.2110417Z   [26/152] L284 caught: tests
refusal-coverage	UNKNOWN STEP	2026-08-28T09:33:55.5220056Z   [27/152] L298 caught: tests
refusal-coverage	UNKNOWN STEP	2026-08-28T09:33:56.6187991Z   [28/152] L308 caught: tests
refusal-coverage	UNKNOWN STEP	2026-08-28T09:33:57.8646600Z   [29/152] L313 caught: tests
refusal-coverage	UNKNOWN STEP	2026-08-28T09:34:00.1512871Z   [30/152] L316 caught: tests
refusal-coverage	UNKNOWN STEP	2026-08-28T09:34:01.2803130Z   [31/152] L327 caught: tests
refusal-coverage	UNKNOWN STEP	2026-08-28T09:34:02.4210819Z   [32/152] L330 caught: tests
refusal-coverage	UNKNOWN STEP	2026-08-28T09:34:03.6270819Z   [33/152] L335 caught: tests
refusal-coverage	UNKNOWN STEP	2026-08-28T09:34:06.1192157Z   [34/152] L338 caught: tests
refusal-coverage	UNKNOWN STEP	2026-08-28T09:34:07.3724229Z   [35/152] L386 caught: tests
refusal-coverage	UNKNOWN STEP	2026-08-28T09:34:08.6242991Z   [36/152] L392 caught: tests
refusal-coverage	UNKNOWN STEP	2026-08-28T09:34:11.8010980Z   [37/152] L396 caught: tests
refusal-coverage	UNKNOWN STEP	2026-08-28T09:34:14.9315595Z   [38/152] L402 caught: tests
refusal-coverage	UNKNOWN STEP	2026-08-28T09:34:15.6486314Z   [39/152] L409 caught: tests
refusal-coverage	UNKNOWN STEP	2026-08-28T09:34:16.9353239Z   [40/152] L416 caught: tests
refusal-coverage	UNKNOWN STEP	2026-08-28T09:34:18.2256837Z   [41/152] L419 caught: tests
refusal-coverage	UNKNOWN STEP	2026-08-28T09:34:21.3653506Z   [42/152] L424 caught: tests
refusal-coverage	UNKNOWN STEP	2026-08-28T09:34:24.1345767Z   [43/152] L429 caught: tests
refusal-coverage	UNKNOWN STEP	2026-08-28T09:34:24.8846276Z   [44/152] L435 caught: tests
refusal-coverage	UNKNOWN STEP	2026-08-28T09:34:27.2701675Z   [45/152] L440 caught: tests
refusal-coverage	UNKNOWN STEP	2026-08-28T09:34:28.0646286Z   [46/152] L444 caught: tests
refusal-coverage	UNKNOWN STEP	2026-08-28T09:34:29.2109455Z   [47/152] L449 caught: tests
refusal-coverage	UNKNOWN STEP	2026-08-28T09:34:30.4233906Z   [48/152] L453 caught: tests
refusal-coverage	UNKNOWN STEP	2026-08-28T09:34:31.5693164Z   [49/152] L462 caught: tests
refusal-coverage	UNKNOWN STEP	2026-08-28T09:34:32.7852669Z   [50/152] L465 caught: tests
refusal-coverage	UNKNOWN STEP	2026-08-28T09:34:33.7724275Z   [51/152] L512 caught: tests
refusal-coverage	UNKNOWN STEP	2026-08-28T09:34:34.7419056Z   [52/152] L517 caught: tests
refusal-coverage	UNKNOWN STEP	2026-08-28T09:34:35.7129101Z   [53/152] L521 caught: tests
refusal-coverage	UNKNOWN STEP	2026-08-28T09:34:38.1581377Z   [54/152] L536 caught: tests
refusal-coverage	UNKNOWN STEP	2026-08-28T09:34:39.4001207Z   [55/152] L541 caught: tests
refusal-coverage	UNKNOWN STEP	2026-08-28T09:34:40.6270566Z   [56/152] L545 caught: tests
refusal-coverage	UNKNOWN STEP	2026-08-28T09:34:43.7765983Z   [57/152] L553 caught: tests
refusal-coverage	UNKNOWN STEP	2026-08-28T09:34:46.2460312Z   [58/152] L559 caught: tests
refusal-coverage	UNKNOWN STEP	2026-08-28T09:34:48.4590649Z   [59/152] L566 caught: tests
refusal-coverage	UNKNOWN STEP	2026-08-28T09:34:49.1606268Z   [60/152] L571 caught: tests
refusal-coverage	UNKNOWN STEP	2026-08-28T09:34:51.4779422Z   [61/152] L586 caught: tests
refusal-coverage	UNKNOWN STEP	2026-08-28T09:34:52.8030050Z   [62/152] L609 caught: tests
refusal-coverage	UNKNOWN STEP	2026-08-28T09:34:54.0826600Z   [63/152] L615 caught: tests
refusal-coverage	UNKNOWN STEP	2026-08-28T09:34:55.4269266Z   [64/152] L622 caught: tests
refusal-coverage	UNKNOWN STEP	2026-08-28T09:34:56.1666149Z   [65/152] L629 caught: tests
refusal-coverage	UNKNOWN STEP	2026-08-28T09:34:58.5958262Z   [66/152] L636 caught: tests
refusal-coverage	UNKNOWN STEP	2026-08-28T09:34:59.6710798Z   [67/152] L655 caught: tests
refusal-coverage	UNKNOWN STEP	2026-08-28T09:35:00.8495388Z   [68/152] L660 caught: tests
refusal-coverage	UNKNOWN STEP	2026-08-28T09:35:03.1301974Z   [69/152] L663 caught: tests
refusal-coverage	UNKNOWN STEP	2026-08-28T09:35:04.0700967Z   [70/152] L698 caught: tests
refusal-coverage	UNKNOWN STEP	2026-08-28T09:35:05.0382816Z   [71/152] L708 caught: tests
refusal-coverage	UNKNOWN STEP	2026-08-28T09:35:06.0362282Z   [72/152] L714 caught: tests
refusal-coverage	UNKNOWN STEP	2026-08-28T09:35:07.3251121Z   [73/152] L727 caught: tests
refusal-coverage	UNKNOWN STEP	2026-08-28T09:35:08.6168912Z   [74/152] L731 caught: tests
refusal-coverage	UNKNOWN STEP	2026-08-28T09:35:09.9175715Z   [75/152] L735 caught: tests
refusal-coverage	UNKNOWN STEP	2026-08-28T09:35:12.3563185Z   [76/152] L744 caught: tests
refusal-coverage	UNKNOWN STEP	2026-08-28T09:35:14.6141820Z   [77/152] L751 caught: tests
refusal-coverage	UNKNOWN STEP	2026-08-28T09:35:15.9517530Z   [78/152] L783 caught: tests
refusal-coverage	UNKNOWN STEP	2026-08-28T09:35:16.6555316Z   [79/152] L805 caught: tests
refusal-coverage	UNKNOWN STEP	2026-08-28T09:35:18.9406779Z   [80/152] L810 caught: tests
refusal-coverage	UNKNOWN STEP	2026-08-28T09:35:21.1558520Z   [81/152] L819 caught: tests
refusal-coverage	UNKNOWN STEP	2026-08-28T09:35:22.2239528Z   [82/152] L828 caught: tests
refusal-coverage	UNKNOWN STEP	2026-08-28T09:35:23.4319568Z   [83/152] L832 caught: tests
refusal-coverage	UNKNOWN STEP	2026-08-28T09:35:25.8812081Z   [84/152] L835 caught: tests
refusal-coverage	UNKNOWN STEP	2026-08-28T09:35:26.9835645Z   [85/152] L839 caught: tests
refusal-coverage	UNKNOWN STEP	2026-08-28T09:35:28.1889925Z   [86/152] L844 caught: tests
refusal-coverage	UNKNOWN STEP	2026-08-28T09:35:30.4391442Z   [87/152] L847 caught: tests
refusal-coverage	UNKNOWN STEP	2026-08-28T09:35:31.7545078Z   [88/152] L1029 caught: tests
refusal-coverage	UNKNOWN STEP	2026-08-28T09:35:33.0747974Z   [89/152] L1034 caught: tests
refusal-coverage	UNKNOWN STEP	2026-08-28T09:35:34.4531687Z   [90/152] L1038 caught: tests
refusal-coverage	UNKNOWN STEP	2026-08-28T09:35:35.8060163Z   [91/152] L1046 caught: tests
refusal-coverage	UNKNOWN STEP	2026-08-28T09:35:37.1422227Z   [92/152] L1059 caught: tests
refusal-coverage	UNKNOWN STEP	2026-08-28T09:35:38.4804988Z   [93/152] L1080 caught: tests
refusal-coverage	UNKNOWN STEP	2026-08-28T09:35:39.8253386Z   [94/152] L1084 caught: tests
refusal-coverage	UNKNOWN STEP	2026-08-28T09:35:41.1738741Z   [95/152] L1088 caught: tests
refusal-coverage	UNKNOWN STEP	2026-08-28T09:35:42.1698379Z   [96/152] L1152 caught: tests
refusal-coverage	UNKNOWN STEP	2026-08-28T09:35:43.1440700Z   [97/152] L1158 caught: tests
refusal-coverage	UNKNOWN STEP	2026-08-28T09:35:44.1148204Z   [98/152] L1164 caught: tests
refusal-coverage	UNKNOWN STEP	2026-08-28T09:35:45.0768695Z   [99/152] L1173 caught: tests
refusal-coverage	UNKNOWN STEP	2026-08-28T09:35:46.0264895Z   [100/152] L1177 caught: tests
refusal-coverage	UNKNOWN STEP	2026-08-28T09:35:46.9929790Z   [101/152] L1182 caught: tests
refusal-coverage	UNKNOWN STEP	2026-08-28T09:35:47.9597455Z   [102/152] L1187 caught: tests
refusal-coverage	UNKNOWN STEP	2026-08-28T09:35:48.9162112Z   [103/152] L1193 caught: tests
refusal-coverage	UNKNOWN STEP	2026-08-28T09:35:49.8691682Z   [104/152] L1198 caught: tests
refusal-coverage	UNKNOWN STEP	2026-08-28T09:35:50.8600715Z   [105/152] L1206 caught: tests
refusal-coverage	UNKNOWN STEP	2026-08-28T09:35:51.8305305Z   [106/152] L1211 caught: tests
refusal-coverage	UNKNOWN STEP	2026-08-28T09:35:52.7799809Z   [107/152] L1214 caught: tests
refusal-coverage	UNKNOWN STEP	2026-08-28T09:35:53.5055604Z   [108/152] L1238 caught: tests
refusal-coverage	UNKNOWN STEP	2026-08-28T09:35:54.2423454Z   [109/152] L1244 caught: tests
refusal-coverage	UNKNOWN STEP	2026-08-28T09:35:54.9800318Z   [110/152] L1252 caught: tests
refusal-coverage	UNKNOWN STEP	2026-08-28T09:35:55.7045609Z   [111/152] L1257 caught: tests
refusal-coverage	UNKNOWN STEP	2026-08-28T09:35:56.4364980Z   [112/152] L1262 caught: tests
refusal-coverage	UNKNOWN STEP	2026-08-28T09:35:57.1812319Z   [113/152] L1267 caught: tests
refusal-coverage	UNKNOWN STEP	2026-08-28T09:36:00.0745398Z   [114/152] L1282 caught: tests
refusal-coverage	UNKNOWN STEP	2026-08-28T09:36:00.8211916Z   [115/152] L1286 caught: tests
refusal-coverage	UNKNOWN STEP	2026-08-28T09:36:01.5806112Z   [116/152] L1292 caught: tests
refusal-coverage	UNKNOWN STEP	2026-08-28T09:36:02.4402914Z   [117/152] L1296 caught: tests
refusal-coverage	UNKNOWN STEP	2026-08-28T09:36:03.2129209Z   [118/152] L1300 caught: tests
refusal-coverage	UNKNOWN STEP	2026-08-28T09:36:03.9893550Z   [119/152] L1304 caught: tests
refusal-coverage	UNKNOWN STEP	2026-08-28T09:36:04.7994495Z   [120/152] L1307 caught: tests
refusal-coverage	UNKNOWN STEP	2026-08-28T09:36:07.5890257Z   [121/152] L1313 caught: tests
refusal-coverage	UNKNOWN STEP	2026-08-28T09:36:08.4167184Z   [122/152] L1318 caught: tests
refusal-coverage	UNKNOWN STEP	2026-08-28T09:36:09.2448968Z   [123/152] L1324 caught: tests
refusal-coverage	UNKNOWN STEP	2026-08-28T09:36:10.1896146Z   [124/152] L1327 caught: tests
refusal-coverage	UNKNOWN STEP	2026-08-28T09:36:11.0585666Z   [125/152] L1330 caught: tests
refusal-coverage	UNKNOWN STEP	2026-08-28T09:36:11.9411725Z   [126/152] L1338 caught: tests
refusal-coverage	UNKNOWN STEP	2026-08-28T09:36:12.8171938Z   [127/152] L1344 caught: tests
refusal-coverage	UNKNOWN STEP	2026-08-28T09:36:13.6976371Z   [128/152] L1348 caught: tests
refusal-coverage	UNKNOWN STEP	2026-08-28T09:36:16.1430023Z   [129/152] L1353 caught: tests
refusal-coverage	UNKNOWN STEP	2026-08-28T09:36:16.7870189Z   [130/152] L1368 caught: tests
refusal-coverage	UNKNOWN STEP	2026-08-28T09:36:17.6769291Z   [131/152] L1372 caught: tests
refusal-coverage	UNKNOWN STEP	2026-08-28T09:36:18.6497974Z   [132/152] L1376 caught: tests
refusal-coverage	UNKNOWN STEP	2026-08-28T09:36:20.9363945Z   [133/152] L1383 caught: tests
refusal-coverage	UNKNOWN STEP	2026-08-28T09:36:21.8620398Z   [134/152] L1388 caught: tests
refusal-coverage	UNKNOWN STEP	2026-08-28T09:36:22.5436378Z   [135/152] L1398 caught: tests
refusal-coverage	UNKNOWN STEP	2026-08-28T09:36:23.2655555Z   [136/152] L1404 caught: tests
refusal-coverage	UNKNOWN STEP	2026-08-28T09:36:24.1881247Z   [137/152] L1412 caught: tests
refusal-coverage	UNKNOWN STEP	2026-08-28T09:36:25.1090178Z   [138/152] L1417 caught: tests
refusal-coverage	UNKNOWN STEP	2026-08-28T09:36:26.0314476Z   [139/152] L1424 caught: tests
refusal-coverage	UNKNOWN STEP	2026-08-28T09:36:28.4609944Z   [140/152] L1428 caught: tests
refusal-coverage	UNKNOWN STEP	2026-08-28T09:36:29.4084369Z   [141/152] L1435 caught: tests
refusal-coverage	UNKNOWN STEP	2026-08-28T09:36:31.8187536Z   [142/152] L1441 caught: tests
refusal-coverage	UNKNOWN STEP	2026-08-28T09:36:32.9962843Z   [143/152] L1465 caught: tests
refusal-coverage	UNKNOWN STEP	2026-08-28T09:36:34.2371315Z   [144/152] L1470 caught: tests
refusal-coverage	UNKNOWN STEP	2026-08-28T09:36:36.5786659Z   [145/152] L1473 caught: tests
refusal-coverage	UNKNOWN STEP	2026-08-28T09:36:40.6350022Z   [146/152] L1533 caught: sweep:tamper-summary-string
refusal-coverage	UNKNOWN STEP	2026-08-28T09:36:42.9192236Z   [147/152] L1542 caught: tests
refusal-coverage	UNKNOWN STEP	2026-08-28T09:36:45.2259317Z   [148/152] L1545 caught: tests
refusal-coverage	UNKNOWN STEP	2026-08-28T09:36:46.5632549Z   [149/152] L1581 caught: tests
refusal-coverage	UNKNOWN STEP	2026-08-28T09:36:47.3687489Z   [150/152] L1593 caught: tests
refusal-coverage	UNKNOWN STEP	2026-08-28T09:36:48.4944700Z   [151/152] L1606 caught: tests
refusal-coverage	UNKNOWN STEP	2026-08-28T09:36:51.6308326Z   [152/152] L1645 caught: tests
refusal-coverage	UNKNOWN STEP	2026-08-28T09:36:51.6313064Z 
refusal-coverage	UNKNOWN STEP	2026-08-28T09:36:51.6313308Z MUTATION SCORE: 152/152 = 1.000
refusal-coverage	UNKNOWN STEP	2026-08-28T09:36:51.6467177Z Node 20 is being deprecated. This workflow is running with Node 24 by default. If you need to temporarily use Node 20, you can set the ACTIONS_ALLOW_USE_UNSECURE_NODE_VERSION=true environment variable. For more information see: https://github.blog/changelog/2025-09-19-deprecation-of-node-20-on-github-actions-runners/
refusal-coverage	UNKNOWN STEP	2026-08-28T09:36:51.6468730Z Post job cleanup.
refusal-coverage	UNKNOWN STEP	2026-08-28T09:36:51.7388869Z [command]/usr/bin/git version
refusal-coverage	UNKNOWN STEP	2026-08-28T09:36:51.7418669Z git version 2.55.0
refusal-coverage	UNKNOWN STEP	2026-08-28T09:36:51.7466937Z Temporarily overriding HOME='/home/runner/work/_temp/235840fc-9fba-4a37-8264-d6ed7bb6a946' before making global git config changes
refusal-coverage	UNKNOWN STEP	2026-08-28T09:36:51.7469276Z Adding repository directory to the temporary git global config as a safe directory
refusal-coverage	UNKNOWN STEP	2026-08-28T09:36:51.7474717Z [command]/usr/bin/git config --global --add safe.directory /home/runner/work/vac-protocol/vac-protocol/_issuers/model-drift
refusal-coverage	UNKNOWN STEP	2026-08-28T09:36:51.7520449Z [command]/usr/bin/git config --local --name-only --get-regexp core\.sshCommand
refusal-coverage	UNKNOWN STEP	2026-08-28T09:36:51.7559984Z [command]/usr/bin/git submodule foreach --recursive sh -c "git config --local --name-only --get-regexp 'core\.sshCommand' && git config --local --unset-all 'core.sshCommand' || :"
refusal-coverage	UNKNOWN STEP	2026-08-28T09:36:51.7825139Z [command]/usr/bin/git config --local --name-only --get-regexp http\.https\:\/\/github\.com\/\.extraheader
refusal-coverage	UNKNOWN STEP	2026-08-28T09:36:51.7857763Z http.https://github.com/.extraheader
refusal-coverage	UNKNOWN STEP	2026-08-28T09:36:51.7880140Z [command]/usr/bin/git config --local --unset-all http.https://github.com/.extraheader
refusal-coverage	UNKNOWN STEP	2026-08-28T09:36:51.7922978Z [command]/usr/bin/git submodule foreach --recursive sh -c "git config --local --name-only --get-regexp 'http\.https\:\/\/github\.com\/\.extraheader' && git config --local --unset-all 'http.https://github.com/.extraheader' || :"
refusal-coverage	UNKNOWN STEP	2026-08-28T09:36:51.8204065Z [command]/usr/bin/git config --local --name-only --get-regexp ^includeIf\.gitdir:
refusal-coverage	UNKNOWN STEP	2026-08-28T09:36:51.8252314Z [command]/usr/bin/git submodule foreach --recursive git config --local --show-origin --name-only --get-regexp remote.origin.url
refusal-coverage	UNKNOWN STEP	2026-08-28T09:36:51.8688556Z Node 20 is being deprecated. This workflow is running with Node 24 by default. If you need to temporarily use Node 20, you can set the ACTIONS_ALLOW_USE_UNSECURE_NODE_VERSION=true environment variable. For more information see: https://github.blog/changelog/2025-09-19-deprecation-of-node-20-on-github-actions-runners/
refusal-coverage	UNKNOWN STEP	2026-08-28T09:36:51.8689824Z Post job cleanup.
refusal-coverage	UNKNOWN STEP	2026-08-28T09:36:51.9644667Z [command]/usr/bin/git version
refusal-coverage	UNKNOWN STEP	2026-08-28T09:36:51.9708989Z git version 2.55.0
refusal-coverage	UNKNOWN STEP	2026-08-28T09:36:51.9774205Z Temporarily overriding HOME='/home/runner/work/_temp/d9ce23d7-5055-4216-80fa-59c238526d3c' before making global git config changes
refusal-coverage	UNKNOWN STEP	2026-08-28T09:36:51.9775234Z Adding repository directory to the temporary git global config as a safe directory
refusal-coverage	UNKNOWN STEP	2026-08-28T09:36:51.9781590Z [command]/usr/bin/git config --global --add safe.directory /home/runner/work/vac-protocol/vac-protocol/_issuers/evalmut
refusal-coverage	UNKNOWN STEP	2026-08-28T09:36:51.9827553Z [command]/usr/bin/git config --local --name-only --get-regexp core\.sshCommand
refusal-coverage	UNKNOWN STEP	2026-08-28T09:36:51.9867061Z [command]/usr/bin/git submodule foreach --recursive sh -c "git config --local --name-only --get-regexp 'core\.sshCommand' && git config --local --unset-all 'core.sshCommand' || :"
refusal-coverage	UNKNOWN STEP	2026-08-28T09:36:52.0131679Z [command]/usr/bin/git config --local --name-only --get-regexp http\.https\:\/\/github\.com\/\.extraheader
refusal-coverage	UNKNOWN STEP	2026-08-28T09:36:52.0158355Z http.https://github.com/.extraheader
refusal-coverage	UNKNOWN STEP	2026-08-28T09:36:52.0171329Z [command]/usr/bin/git config --local --unset-all http.https://github.com/.extraheader
refusal-coverage	UNKNOWN STEP	2026-08-28T09:36:52.0206701Z [command]/usr/bin/git submodule foreach --recursive sh -c "git config --local --name-only --get-regexp 'http\.https\:\/\/github\.com\/\.extraheader' && git config --local --unset-all 'http.https://github.com/.extraheader' || :"
refusal-coverage	UNKNOWN STEP	2026-08-28T09:36:52.0473044Z [command]/usr/bin/git config --local --name-only --get-regexp ^includeIf\.gitdir:
refusal-coverage	UNKNOWN STEP	2026-08-28T09:36:52.0517526Z [command]/usr/bin/git submodule foreach --recursive git config --local --show-origin --name-only --get-regexp remote.origin.url
refusal-coverage	UNKNOWN STEP	2026-08-28T09:36:52.0968845Z Node 20 is being deprecated. This workflow is running with Node 24 by default. If you need to temporarily use Node 20, you can set the ACTIONS_ALLOW_USE_UNSECURE_NODE_VERSION=true environment variable. For more information see: https://github.blog/changelog/2025-09-19-deprecation-of-node-20-on-github-actions-runners/
refusal-coverage	UNKNOWN STEP	2026-08-28T09:36:52.0970153Z Post job cleanup.
refusal-coverage	UNKNOWN STEP	2026-08-28T09:36:52.1849078Z [command]/usr/bin/git version
refusal-coverage	UNKNOWN STEP	2026-08-28T09:36:52.1898696Z git version 2.55.0
refusal-coverage	UNKNOWN STEP	2026-08-28T09:36:52.1978853Z Temporarily overriding HOME='/home/runner/work/_temp/09fc7474-70ac-4c42-be57-4ba519c0f707' before making global git config changes
refusal-coverage	UNKNOWN STEP	2026-08-28T09:36:52.1980405Z Adding repository directory to the temporary git global config as a safe directory
refusal-coverage	UNKNOWN STEP	2026-08-28T09:36:52.1987676Z [command]/usr/bin/git config --global --add safe.directory /home/runner/work/vac-protocol/vac-protocol/_issuers/crashkit
refusal-coverage	UNKNOWN STEP	2026-08-28T09:36:52.2033288Z [command]/usr/bin/git config --local --name-only --get-regexp core\.sshCommand
refusal-coverage	UNKNOWN STEP	2026-08-28T09:36:52.2082565Z [command]/usr/bin/git submodule foreach --recursive sh -c "git config --local --name-only --get-regexp 'core\.sshCommand' && git config --local --unset-all 'core.sshCommand' || :"
refusal-coverage	UNKNOWN STEP	2026-08-28T09:36:52.2348243Z [command]/usr/bin/git config --local --name-only --get-regexp http\.https\:\/\/github\.com\/\.extraheader
refusal-coverage	UNKNOWN STEP	2026-08-28T09:36:52.2374361Z http.https://github.com/.extraheader
refusal-coverage	UNKNOWN STEP	2026-08-28T09:36:52.2386854Z [command]/usr/bin/git config --local --unset-all http.https://github.com/.extraheader
refusal-coverage	UNKNOWN STEP	2026-08-28T09:36:52.2432976Z [command]/usr/bin/git submodule foreach --recursive sh -c "git config --local --name-only --get-regexp 'http\.https\:\/\/github\.com\/\.extraheader' && git config --local --unset-all 'http.https://github.com/.extraheader' || :"
refusal-coverage	UNKNOWN STEP	2026-08-28T09:36:52.2696137Z [command]/usr/bin/git config --local --name-only --get-regexp ^includeIf\.gitdir:
refusal-coverage	UNKNOWN STEP	2026-08-28T09:36:52.2738035Z [command]/usr/bin/git submodule foreach --recursive git config --local --show-origin --name-only --get-regexp remote.origin.url
refusal-coverage	UNKNOWN STEP	2026-08-28T09:36:52.3167679Z Node 20 is being deprecated. This workflow is running with Node 24 by default. If you need to temporarily use Node 20, you can set the ACTIONS_ALLOW_USE_UNSECURE_NODE_VERSION=true environment variable. For more information see: https://github.blog/changelog/2025-09-19-deprecation-of-node-20-on-github-actions-runners/
refusal-coverage	UNKNOWN STEP	2026-08-28T09:36:52.3170185Z Post job cleanup.
refusal-coverage	UNKNOWN STEP	2026-08-28T09:36:52.4382364Z (node:30434) [DEP0040] DeprecationWarning: The `punycode` module is deprecated. Please use a userland alternative instead.
refusal-coverage	UNKNOWN STEP	2026-08-28T09:36:52.4383222Z (Use `node --trace-deprecation ...` to show where the warning was created)
refusal-coverage	UNKNOWN STEP	2026-08-28T09:36:52.4556233Z Node 20 is being deprecated. This workflow is running with Node 24 by default. If you need to temporarily use Node 20, you can set the ACTIONS_ALLOW_USE_UNSECURE_NODE_VERSION=true environment variable. For more information see: https://github.blog/changelog/2025-09-19-deprecation-of-node-20-on-github-actions-runners/
refusal-coverage	UNKNOWN STEP	2026-08-28T09:36:52.4557514Z Post job cleanup.
refusal-coverage	UNKNOWN STEP	2026-08-28T09:36:52.5480723Z [command]/usr/bin/git version
refusal-coverage	UNKNOWN STEP	2026-08-28T09:36:52.5526239Z git version 2.55.0
refusal-coverage	UNKNOWN STEP	2026-08-28T09:36:52.5571746Z Temporarily overriding HOME='/home/runner/work/_temp/0371d3ac-26a4-4c17-8a3b-9d0ef9a192f0' before making global git config changes
refusal-coverage	UNKNOWN STEP	2026-08-28T09:36:52.5572812Z Adding repository directory to the temporary git global config as a safe directory
refusal-coverage	UNKNOWN STEP	2026-08-28T09:36:52.5579199Z [command]/usr/bin/git config --global --add safe.directory /home/runner/work/vac-protocol/vac-protocol
refusal-coverage	UNKNOWN STEP	2026-08-28T09:36:52.5622885Z [command]/usr/bin/git config --local --name-only --get-regexp core\.sshCommand
refusal-coverage	UNKNOWN STEP	2026-08-28T09:36:52.5674809Z [command]/usr/bin/git submodule foreach --recursive sh -c "git config --local --name-only --get-regexp 'core\.sshCommand' && git config --local --unset-all 'core.sshCommand' || :"
refusal-coverage	UNKNOWN STEP	2026-08-28T09:36:52.5949203Z [command]/usr/bin/git config --local --name-only --get-regexp http\.https\:\/\/github\.com\/\.extraheader
refusal-coverage	UNKNOWN STEP	2026-08-28T09:36:52.5978795Z http.https://github.com/.extraheader
refusal-coverage	UNKNOWN STEP	2026-08-28T09:36:52.5991816Z [command]/usr/bin/git config --local --unset-all http.https://github.com/.extraheader
refusal-coverage	UNKNOWN STEP	2026-08-28T09:36:52.6029298Z [command]/usr/bin/git submodule foreach --recursive sh -c "git config --local --name-only --get-regexp 'http\.https\:\/\/github\.com\/\.extraheader' && git config --local --unset-all 'http.https://github.com/.extraheader' || :"
refusal-coverage	UNKNOWN STEP	2026-08-28T09:36:52.6353198Z [command]/usr/bin/git config --local --name-only --get-regexp ^includeIf\.gitdir:
refusal-coverage	UNKNOWN STEP	2026-08-28T09:36:52.6399567Z [command]/usr/bin/git submodule foreach --recursive git config --local --show-origin --name-only --get-regexp remote.origin.url
refusal-coverage	UNKNOWN STEP	2026-08-28T09:36:52.6795287Z Cleaning up orphan processes
refusal-coverage	UNKNOWN STEP	2026-08-28T09:36:52.7200691Z ##[warning]Node.js 20 is deprecated. The following actions target Node.js 20 but are being forced to run on Node.js 24: actions/checkout@v4, actions/setup-python@v5. For more information see: https://github.blog/changelog/2025-09-19-deprecation-of-node-20-on-github-actions-runners/
invalidation-liveness	UNKNOWN STEP	﻿2026-08-28T09:32:54.5603434Z Current runner version: '2.336.0'
invalidation-liveness	UNKNOWN STEP	2026-08-28T09:32:54.5633762Z ##[group]Runner Image Provisioner
invalidation-liveness	UNKNOWN STEP	2026-08-28T09:32:54.5634625Z Hosted Compute Agent
invalidation-liveness	UNKNOWN STEP	2026-08-28T09:32:54.5635371Z Version: 20260819.586
invalidation-liveness	UNKNOWN STEP	2026-08-28T09:32:54.5636029Z Commit: 3cc4a88dfa507ef76119ad1bb3eccc6378bb2b76
invalidation-liveness	UNKNOWN STEP	2026-08-28T09:32:54.5636792Z Build Date: 2026-08-18T23:20:18Z
invalidation-liveness	UNKNOWN STEP	2026-08-28T09:32:54.5637556Z Worker ID: {4b549219-2a72-4fe3-ad13-140db23140ae}
invalidation-liveness	UNKNOWN STEP	2026-08-28T09:32:54.5638257Z Azure Region: westus2
invalidation-liveness	UNKNOWN STEP	2026-08-28T09:32:54.5638851Z ##[endgroup]
invalidation-liveness	UNKNOWN STEP	2026-08-28T09:32:54.5640364Z ##[group]Operating System
invalidation-liveness	UNKNOWN STEP	2026-08-28T09:32:54.5641026Z Ubuntu
invalidation-liveness	UNKNOWN STEP	2026-08-28T09:32:54.5642101Z 24.04.4
invalidation-liveness	UNKNOWN STEP	2026-08-28T09:32:54.5642631Z LTS
invalidation-liveness	UNKNOWN STEP	2026-08-28T09:32:54.5643130Z ##[endgroup]
invalidation-liveness	UNKNOWN STEP	2026-08-28T09:32:54.5643754Z ##[group]Runner Image
invalidation-liveness	UNKNOWN STEP	2026-08-28T09:32:54.5644413Z Image: ubuntu-24.04
invalidation-liveness	UNKNOWN STEP	2026-08-28T09:32:54.5645070Z Version: 20260823.283.1
invalidation-liveness	UNKNOWN STEP	2026-08-28T09:32:54.5646329Z Included Software: https://github.com/actions/runner-images/blob/ubuntu24/20260823.283/images/ubuntu/Ubuntu2404-Readme.md
invalidation-liveness	UNKNOWN STEP	2026-08-28T09:32:54.5647928Z Image Release: https://github.com/actions/runner-images/releases/tag/ubuntu24%2F20260823.283
invalidation-liveness	UNKNOWN STEP	2026-08-28T09:32:54.5648948Z ##[endgroup]
invalidation-liveness	UNKNOWN STEP	2026-08-28T09:32:54.5650152Z ##[group]GITHUB_TOKEN Permissions
invalidation-liveness	UNKNOWN STEP	2026-08-28T09:32:54.5652546Z Contents: read
invalidation-liveness	UNKNOWN STEP	2026-08-28T09:32:54.5653240Z Metadata: read
invalidation-liveness	UNKNOWN STEP	2026-08-28T09:32:54.5653842Z Packages: read
invalidation-liveness	UNKNOWN STEP	2026-08-28T09:32:54.5654353Z ##[endgroup]
invalidation-liveness	UNKNOWN STEP	2026-08-28T09:32:54.5657095Z Secret source: Actions
invalidation-liveness	UNKNOWN STEP	2026-08-28T09:32:54.5658152Z Prepare workflow directory
invalidation-liveness	UNKNOWN STEP	2026-08-28T09:32:54.6013006Z Prepare all required actions
invalidation-liveness	UNKNOWN STEP	2026-08-28T09:32:54.6066127Z Getting action download info
invalidation-liveness	UNKNOWN STEP	2026-08-28T09:32:54.9526287Z Download action repository 'actions/checkout@v4' (SHA:11d5960a326750d5838078e36cf38b85af677262)
invalidation-liveness	UNKNOWN STEP	2026-08-28T09:32:55.0969571Z Download action repository 'actions/setup-python@v5' (SHA:a26af69be951a213d495a4c3e4e4022e16d87065)
invalidation-liveness	UNKNOWN STEP	2026-08-28T09:32:55.2856984Z Complete job name: invalidation-liveness
invalidation-liveness	UNKNOWN STEP	2026-08-28T09:32:55.3654852Z Node 20 is being deprecated. This workflow is running with Node 24 by default. If you need to temporarily use Node 20, you can set the ACTIONS_ALLOW_USE_UNSECURE_NODE_VERSION=true environment variable. For more information see: https://github.blog/changelog/2025-09-19-deprecation-of-node-20-on-github-actions-runners/
invalidation-liveness	UNKNOWN STEP	2026-08-28T09:32:55.3664869Z ##[group]Run actions/checkout@v4
invalidation-liveness	UNKNOWN STEP	2026-08-28T09:32:55.3665623Z with:
invalidation-liveness	UNKNOWN STEP	2026-08-28T09:32:55.3666076Z   repository: egnaro9/vac-protocol
invalidation-liveness	UNKNOWN STEP	2026-08-28T09:32:55.3669682Z   token: ***
invalidation-liveness	UNKNOWN STEP	2026-08-28T09:32:55.3670116Z   ssh-strict: true
invalidation-liveness	UNKNOWN STEP	2026-08-28T09:32:55.3670554Z   ssh-user: git
invalidation-liveness	UNKNOWN STEP	2026-08-28T09:32:55.3671000Z   persist-credentials: true
invalidation-liveness	UNKNOWN STEP	2026-08-28T09:32:55.3671710Z   clean: true
invalidation-liveness	UNKNOWN STEP	2026-08-28T09:32:55.3672155Z   sparse-checkout-cone-mode: true
invalidation-liveness	UNKNOWN STEP	2026-08-28T09:32:55.3672665Z   fetch-depth: 1
invalidation-liveness	UNKNOWN STEP	2026-08-28T09:32:55.3673093Z   fetch-tags: false
invalidation-liveness	UNKNOWN STEP	2026-08-28T09:32:55.3673536Z   show-progress: true
invalidation-liveness	UNKNOWN STEP	2026-08-28T09:32:55.3673976Z   lfs: false
invalidation-liveness	UNKNOWN STEP	2026-08-28T09:32:55.3674423Z   submodules: false
invalidation-liveness	UNKNOWN STEP	2026-08-28T09:32:55.3674874Z   set-safe-directory: true
invalidation-liveness	UNKNOWN STEP	2026-08-28T09:32:55.3675387Z   allow-unsafe-pr-checkout: false
invalidation-liveness	UNKNOWN STEP	2026-08-28T09:32:55.3676168Z ##[endgroup]
invalidation-liveness	UNKNOWN STEP	2026-08-28T09:32:55.4752730Z Syncing repository: egnaro9/vac-protocol
invalidation-liveness	UNKNOWN STEP	2026-08-28T09:32:55.4754896Z ##[group]Getting Git version info
invalidation-liveness	UNKNOWN STEP	2026-08-28T09:32:55.4756174Z Working directory is '/home/runner/work/vac-protocol/vac-protocol'
invalidation-liveness	UNKNOWN STEP	2026-08-28T09:32:55.4757972Z [command]/usr/bin/git version
invalidation-liveness	UNKNOWN STEP	2026-08-28T09:32:55.4876462Z git version 2.55.0
invalidation-liveness	UNKNOWN STEP	2026-08-28T09:32:55.4902317Z ##[endgroup]
invalidation-liveness	UNKNOWN STEP	2026-08-28T09:32:55.4919408Z Temporarily overriding HOME='/home/runner/work/_temp/6a764dbb-1266-4b9f-8ae7-87ae40e31524' before making global git config changes
invalidation-liveness	UNKNOWN STEP	2026-08-28T09:32:55.4920830Z Adding repository directory to the temporary git global config as a safe directory
invalidation-liveness	UNKNOWN STEP	2026-08-28T09:32:55.4924695Z [command]/usr/bin/git config --global --add safe.directory /home/runner/work/vac-protocol/vac-protocol
invalidation-liveness	UNKNOWN STEP	2026-08-28T09:32:55.4986028Z Deleting the contents of '/home/runner/work/vac-protocol/vac-protocol'
invalidation-liveness	UNKNOWN STEP	2026-08-28T09:32:55.4990237Z ##[group]Initializing the repository
invalidation-liveness	UNKNOWN STEP	2026-08-28T09:32:55.4996709Z [command]/usr/bin/git init /home/runner/work/vac-protocol/vac-protocol
invalidation-liveness	UNKNOWN STEP	2026-08-28T09:32:55.5128461Z hint: Using 'master' as the name for the initial branch. This default branch name
invalidation-liveness	UNKNOWN STEP	2026-08-28T09:32:55.5130098Z hint: will change to "main" in Git 3.0. To configure the initial branch name
invalidation-liveness	UNKNOWN STEP	2026-08-28T09:32:55.5131666Z hint: to use in all of your new repositories, which will suppress this warning,
invalidation-liveness	UNKNOWN STEP	2026-08-28T09:32:55.5133225Z hint: call:
invalidation-liveness	UNKNOWN STEP	2026-08-28T09:32:55.5134035Z hint:
invalidation-liveness	UNKNOWN STEP	2026-08-28T09:32:55.5135030Z hint: 	git config --global init.defaultBranch <name>
invalidation-liveness	UNKNOWN STEP	2026-08-28T09:32:55.5136232Z hint:
invalidation-liveness	UNKNOWN STEP	2026-08-28T09:32:55.5137077Z hint: Names commonly chosen instead of 'master' are 'main', 'trunk' and
invalidation-liveness	UNKNOWN STEP	2026-08-28T09:32:55.5138690Z hint: 'development'. The just-created branch can be renamed via this command:
invalidation-liveness	UNKNOWN STEP	2026-08-28T09:32:55.5140008Z hint:
invalidation-liveness	UNKNOWN STEP	2026-08-28T09:32:55.5140703Z hint: 	git branch -m <name>
invalidation-liveness	UNKNOWN STEP	2026-08-28T09:32:55.5141656Z hint:
invalidation-liveness	UNKNOWN STEP	2026-08-28T09:32:55.5142415Z hint: Disable this message with "git config set advice.defaultBranchName false"
invalidation-liveness	UNKNOWN STEP	2026-08-28T09:32:55.5143657Z Initialized empty Git repository in /home/runner/work/vac-protocol/vac-protocol/.git/
invalidation-liveness	UNKNOWN STEP	2026-08-28T09:32:55.5148929Z [command]/usr/bin/git remote add origin https://github.com/egnaro9/vac-protocol
invalidation-liveness	UNKNOWN STEP	2026-08-28T09:32:55.5203093Z ##[endgroup]
invalidation-liveness	UNKNOWN STEP	2026-08-28T09:32:55.5204352Z ##[group]Disabling automatic garbage collection
invalidation-liveness	UNKNOWN STEP	2026-08-28T09:32:55.5207439Z [command]/usr/bin/git config --local gc.auto 0
invalidation-liveness	UNKNOWN STEP	2026-08-28T09:32:55.5241401Z ##[endgroup]
invalidation-liveness	UNKNOWN STEP	2026-08-28T09:32:55.5243114Z ##[group]Setting up auth
invalidation-liveness	UNKNOWN STEP	2026-08-28T09:32:55.5250286Z [command]/usr/bin/git config --local --name-only --get-regexp core\.sshCommand
invalidation-liveness	UNKNOWN STEP	2026-08-28T09:32:55.5301599Z [command]/usr/bin/git submodule foreach --recursive sh -c "git config --local --name-only --get-regexp 'core\.sshCommand' && git config --local --unset-all 'core.sshCommand' || :"
invalidation-liveness	UNKNOWN STEP	2026-08-28T09:32:55.5730226Z [command]/usr/bin/git config --local --name-only --get-regexp http\.https\:\/\/github\.com\/\.extraheader
invalidation-liveness	UNKNOWN STEP	2026-08-28T09:32:55.5770608Z [command]/usr/bin/git submodule foreach --recursive sh -c "git config --local --name-only --get-regexp 'http\.https\:\/\/github\.com\/\.extraheader' && git config --local --unset-all 'http.https://github.com/.extraheader' || :"
invalidation-liveness	UNKNOWN STEP	2026-08-28T09:32:55.5999759Z [command]/usr/bin/git config --local --name-only --get-regexp ^includeIf\.gitdir:
invalidation-liveness	UNKNOWN STEP	2026-08-28T09:32:55.6039634Z [command]/usr/bin/git submodule foreach --recursive git config --local --show-origin --name-only --get-regexp remote.origin.url
invalidation-liveness	UNKNOWN STEP	2026-08-28T09:32:55.6312684Z [command]/usr/bin/git config --local http.https://github.com/.extraheader AUTHORIZATION: basic ***
invalidation-liveness	UNKNOWN STEP	2026-08-28T09:32:55.6346614Z ##[endgroup]
invalidation-liveness	UNKNOWN STEP	2026-08-28T09:32:55.6347980Z ##[group]Fetching the repository
invalidation-liveness	UNKNOWN STEP	2026-08-28T09:32:55.6358400Z [command]/usr/bin/git -c protocol.version=2 fetch --no-tags --prune --no-recurse-submodules --depth=1 origin +3f49c148dca7683885021e2c2c58fffe22cd6422:refs/remotes/origin/main
invalidation-liveness	UNKNOWN STEP	2026-08-28T09:32:56.0883596Z From https://github.com/egnaro9/vac-protocol
invalidation-liveness	UNKNOWN STEP	2026-08-28T09:32:56.0886996Z  * [new ref]         3f49c148dca7683885021e2c2c58fffe22cd6422 -> origin/main
invalidation-liveness	UNKNOWN STEP	2026-08-28T09:32:56.0889388Z ##[endgroup]
invalidation-liveness	UNKNOWN STEP	2026-08-28T09:32:56.0890239Z ##[group]Determining the checkout info
invalidation-liveness	UNKNOWN STEP	2026-08-28T09:32:56.0892548Z ##[endgroup]
invalidation-liveness	UNKNOWN STEP	2026-08-28T09:32:56.0899769Z [command]/usr/bin/git sparse-checkout disable
invalidation-liveness	UNKNOWN STEP	2026-08-28T09:32:56.0964975Z [command]/usr/bin/git config --local --unset-all extensions.worktreeConfig
invalidation-liveness	UNKNOWN STEP	2026-08-28T09:32:56.1002488Z ##[group]Checking out the ref
invalidation-liveness	UNKNOWN STEP	2026-08-28T09:32:56.1008174Z [command]/usr/bin/git checkout --progress --force -B main refs/remotes/origin/main
invalidation-liveness	UNKNOWN STEP	2026-08-28T09:32:56.1275883Z Switched to a new branch 'main'
invalidation-liveness	UNKNOWN STEP	2026-08-28T09:32:56.1281402Z branch 'main' set up to track 'origin/main'.
invalidation-liveness	UNKNOWN STEP	2026-08-28T09:32:56.1289102Z ##[endgroup]
invalidation-liveness	UNKNOWN STEP	2026-08-28T09:32:56.1337930Z [command]/usr/bin/git log -1 --format=%H
invalidation-liveness	UNKNOWN STEP	2026-08-28T09:32:56.1367093Z 3f49c148dca7683885021e2c2c58fffe22cd6422
invalidation-liveness	UNKNOWN STEP	2026-08-28T09:32:56.1664760Z Node 20 is being deprecated. This workflow is running with Node 24 by default. If you need to temporarily use Node 20, you can set the ACTIONS_ALLOW_USE_UNSECURE_NODE_VERSION=true environment variable. For more information see: https://github.blog/changelog/2025-09-19-deprecation-of-node-20-on-github-actions-runners/
invalidation-liveness	UNKNOWN STEP	2026-08-28T09:32:56.1668478Z ##[group]Run actions/setup-python@v5
invalidation-liveness	UNKNOWN STEP	2026-08-28T09:32:56.1669042Z with:
invalidation-liveness	UNKNOWN STEP	2026-08-28T09:32:56.1669470Z   python-version: 3.12
invalidation-liveness	UNKNOWN STEP	2026-08-28T09:32:56.1669965Z   check-latest: false
invalidation-liveness	UNKNOWN STEP	2026-08-28T09:32:56.1674106Z   token: ***
invalidation-liveness	UNKNOWN STEP	2026-08-28T09:32:56.1674586Z   update-environment: true
invalidation-liveness	UNKNOWN STEP	2026-08-28T09:32:56.1675106Z   allow-prereleases: false
invalidation-liveness	UNKNOWN STEP	2026-08-28T09:32:56.1675600Z   freethreaded: false
invalidation-liveness	UNKNOWN STEP	2026-08-28T09:32:56.1676058Z ##[endgroup]
invalidation-liveness	UNKNOWN STEP	2026-08-28T09:32:56.2992045Z ##[group]Installed versions
invalidation-liveness	UNKNOWN STEP	2026-08-28T09:32:56.3106077Z (node:2207) [DEP0040] DeprecationWarning: The `punycode` module is deprecated. Please use a userland alternative instead.
invalidation-liveness	UNKNOWN STEP	2026-08-28T09:32:56.3107691Z (Use `node --trace-deprecation ...` to show where the warning was created)
invalidation-liveness	UNKNOWN STEP	2026-08-28T09:32:56.3109078Z Successfully set up CPython (3.12.14)
invalidation-liveness	UNKNOWN STEP	2026-08-28T09:32:56.3110054Z ##[endgroup]
invalidation-liveness	UNKNOWN STEP	2026-08-28T09:32:56.3296251Z ##[group]Run pip install -e .
invalidation-liveness	UNKNOWN STEP	2026-08-28T09:32:56.3296921Z ^[[36;1mpip install -e .^[[0m
invalidation-liveness	UNKNOWN STEP	2026-08-28T09:32:56.3356182Z shell: /usr/bin/bash -e {0}
invalidation-liveness	UNKNOWN STEP	2026-08-28T09:32:56.3357288Z env:
invalidation-liveness	UNKNOWN STEP	2026-08-28T09:32:56.3358263Z   pythonLocation: /opt/hostedtoolcache/Python/3.12.14/x64
invalidation-liveness	UNKNOWN STEP	2026-08-28T09:32:56.3359779Z   PKG_CONFIG_PATH: /opt/hostedtoolcache/Python/3.12.14/x64/lib/pkgconfig
invalidation-liveness	UNKNOWN STEP	2026-08-28T09:32:56.3361043Z   Python_ROOT_DIR: /opt/hostedtoolcache/Python/3.12.14/x64
invalidation-liveness	UNKNOWN STEP	2026-08-28T09:32:56.3362179Z   Python2_ROOT_DIR: /opt/hostedtoolcache/Python/3.12.14/x64
invalidation-liveness	UNKNOWN STEP	2026-08-28T09:32:56.3362959Z   Python3_ROOT_DIR: /opt/hostedtoolcache/Python/3.12.14/x64
invalidation-liveness	UNKNOWN STEP	2026-08-28T09:32:56.3363720Z   LD_LIBRARY_PATH: /opt/hostedtoolcache/Python/3.12.14/x64/lib
invalidation-liveness	UNKNOWN STEP	2026-08-28T09:32:56.3364384Z ##[endgroup]
invalidation-liveness	UNKNOWN STEP	2026-08-28T09:32:57.2282153Z Obtaining file:///home/runner/work/vac-protocol/vac-protocol
invalidation-liveness	UNKNOWN STEP	2026-08-28T09:32:57.2298816Z   Installing build dependencies: started
invalidation-liveness	UNKNOWN STEP	2026-08-28T09:32:58.0203569Z   Installing build dependencies: finished with status 'done'
invalidation-liveness	UNKNOWN STEP	2026-08-28T09:32:58.0208803Z   Checking if build backend supports build_editable: started
invalidation-liveness	UNKNOWN STEP	2026-08-28T09:32:58.3843675Z   Checking if build backend supports build_editable: finished with status 'done'
invalidation-liveness	UNKNOWN STEP	2026-08-28T09:32:58.3853695Z   Getting requirements to build editable: started
invalidation-liveness	UNKNOWN STEP	2026-08-28T09:32:58.7498772Z   Getting requirements to build editable: finished with status 'done'
invalidation-liveness	UNKNOWN STEP	2026-08-28T09:32:58.7511924Z   Preparing editable metadata (pyproject.toml): started
invalidation-liveness	UNKNOWN STEP	2026-08-28T09:32:58.9453170Z   Preparing editable metadata (pyproject.toml): finished with status 'done'
invalidation-liveness	UNKNOWN STEP	2026-08-28T09:32:58.9494552Z Building wheels for collected packages: vac-protocol
invalidation-liveness	UNKNOWN STEP	2026-08-28T09:32:58.9503402Z   Building editable for vac-protocol (pyproject.toml): started
invalidation-liveness	UNKNOWN STEP	2026-08-28T09:32:59.1725910Z   Building editable for vac-protocol (pyproject.toml): finished with status 'done'
invalidation-liveness	UNKNOWN STEP	2026-08-28T09:32:59.1732131Z   Created wheel for vac-protocol: filename=vac_protocol-0.1.0-0.editable-py3-none-any.whl size=8767 sha256=447c162f220d4696c9e3efbfce98b26b9c08106fb20e84f5d1561f96573976d1
invalidation-liveness	UNKNOWN STEP	2026-08-28T09:32:59.1733875Z   Stored in directory: /tmp/pip-ephem-wheel-cache-_ggwdngb/wheels/31/93/c0/4effb33ea68d4321a176d9cb097b94ea8b1be9d534ea861dec
invalidation-liveness	UNKNOWN STEP	2026-08-28T09:32:59.1760032Z Successfully built vac-protocol
invalidation-liveness	UNKNOWN STEP	2026-08-28T09:32:59.1956105Z Installing collected packages: vac-protocol
invalidation-liveness	UNKNOWN STEP	2026-08-28T09:32:59.2048962Z Successfully installed vac-protocol-0.1.0
invalidation-liveness	UNKNOWN STEP	2026-08-28T09:32:59.2649896Z ##[group]Run python -m vac.verify fixtures/valid
invalidation-liveness	UNKNOWN STEP	2026-08-28T09:32:59.2650342Z ^[[36;1mpython -m vac.verify fixtures/valid^[[0m
invalidation-liveness	UNKNOWN STEP	2026-08-28T09:32:59.2690700Z shell: /usr/bin/bash -e {0}
invalidation-liveness	UNKNOWN STEP	2026-08-28T09:32:59.2690962Z env:
invalidation-liveness	UNKNOWN STEP	2026-08-28T09:32:59.2691554Z   pythonLocation: /opt/hostedtoolcache/Python/3.12.14/x64
invalidation-liveness	UNKNOWN STEP	2026-08-28T09:32:59.2692017Z   PKG_CONFIG_PATH: /opt/hostedtoolcache/Python/3.12.14/x64/lib/pkgconfig
invalidation-liveness	UNKNOWN STEP	2026-08-28T09:32:59.2692463Z   Python_ROOT_DIR: /opt/hostedtoolcache/Python/3.12.14/x64
invalidation-liveness	UNKNOWN STEP	2026-08-28T09:32:59.2693082Z   Python2_ROOT_DIR: /opt/hostedtoolcache/Python/3.12.14/x64
invalidation-liveness	UNKNOWN STEP	2026-08-28T09:32:59.2693469Z   Python3_ROOT_DIR: /opt/hostedtoolcache/Python/3.12.14/x64
invalidation-liveness	UNKNOWN STEP	2026-08-28T09:32:59.2693859Z   LD_LIBRARY_PATH: /opt/hostedtoolcache/Python/3.12.14/x64/lib
invalidation-liveness	UNKNOWN STEP	2026-08-28T09:32:59.2694197Z ##[endgroup]
invalidation-liveness	UNKNOWN STEP	2026-08-28T09:32:59.3353220Z structural verification: PASS (valid)
invalidation-liveness	UNKNOWN STEP	2026-08-28T09:32:59.3354735Z   proved offline: manifest schema, artifact presence + sha256, bundle closure,
invalidation-liveness	UNKNOWN STEP	2026-08-28T09:32:59.3356184Z   stated limitations, stamp agreement, declared results recomputed from artifacts.
invalidation-liveness	UNKNOWN STEP	2026-08-28T09:32:59.3357440Z semantic replay: NOT run by this tool. A structural PASS means the bundle is
invalidation-liveness	UNKNOWN STEP	2026-08-28T09:32:59.3358321Z   internally honest, not that the issuer's grader agrees. To re-earn the
invalidation-liveness	UNKNOWN STEP	2026-08-28T09:32:59.3359036Z   verdicts, run the bundle's replay block at the pinned issuer_commit:
invalidation-liveness	UNKNOWN STEP	2026-08-28T09:32:59.3359713Z     $ git clone https://github.com/example/toy-issuer issuer
invalidation-liveness	UNKNOWN STEP	2026-08-28T09:32:59.3360229Z     $ git -C issuer checkout f1e2d3c
invalidation-liveness	UNKNOWN STEP	2026-08-28T09:32:59.3360635Z     $ python -m pip install -e ./issuer
invalidation-liveness	UNKNOWN STEP	2026-08-28T09:32:59.3361109Z     $ python -m toy_issuer.regrade evidence/bundle.json
invalidation-liveness	UNKNOWN STEP	2026-08-28T09:32:59.3361919Z     $ python issuer/audit/run_audit.py --check evidence/results.json
invalidation-liveness	UNKNOWN STEP	2026-08-28T09:32:59.3362563Z     $ python -m toy_issuer.mutrun --check evidence/evalmut_run.json
invalidation-liveness	UNKNOWN STEP	2026-08-28T09:32:59.3363259Z     $ python -m toy_issuer.crashrun --check evidence/eval_run.json
invalidation-liveness	UNKNOWN STEP	2026-08-28T09:32:59.3363907Z     $ python -m toy_issuer.driftboard --check evidence/standings.json
invalidation-liveness	UNKNOWN STEP	2026-08-28T09:32:59.3365517Z     expected: regrade exits 0 reporting 'consistent'; audit, mutrun, crashrun, and driftboard reproduce results.json, evalmut_run.json, eval_run.json, and the drift board artifacts byte-identically at the stamped commit (mutrun exits 1 by design: the toy suite has holes)
invalidation-liveness	UNKNOWN STEP	2026-08-28T09:32:59.3461514Z ##[group]Run set -e
invalidation-liveness	UNKNOWN STEP	2026-08-28T09:32:59.3461949Z ^[[36;1mset -e^[[0m
invalidation-liveness	UNKNOWN STEP	2026-08-28T09:32:59.3462212Z ^[[36;1mfor d in fixtures/tamper-*; do^[[0m
invalidation-liveness	UNKNOWN STEP	2026-08-28T09:32:59.3462553Z ^[[36;1m  if python -m vac.verify "$d"; then^[[0m
invalidation-liveness	UNKNOWN STEP	2026-08-28T09:32:59.3463016Z ^[[36;1m    echo "LIVENESS FAILURE: $d verified clean — the gate cannot block"^[[0m
invalidation-liveness	UNKNOWN STEP	2026-08-28T09:32:59.3463463Z ^[[36;1m    exit 1^[[0m
invalidation-liveness	UNKNOWN STEP	2026-08-28T09:32:59.3463675Z ^[[36;1m  fi^[[0m
invalidation-liveness	UNKNOWN STEP	2026-08-28T09:32:59.3463861Z ^[[36;1mdone^[[0m
invalidation-liveness	UNKNOWN STEP	2026-08-28T09:32:59.3504385Z shell: /usr/bin/bash -e {0}
invalidation-liveness	UNKNOWN STEP	2026-08-28T09:32:59.3504660Z env:
invalidation-liveness	UNKNOWN STEP	2026-08-28T09:32:59.3504949Z   pythonLocation: /opt/hostedtoolcache/Python/3.12.14/x64
invalidation-liveness	UNKNOWN STEP	2026-08-28T09:32:59.3505428Z   PKG_CONFIG_PATH: /opt/hostedtoolcache/Python/3.12.14/x64/lib/pkgconfig
invalidation-liveness	UNKNOWN STEP	2026-08-28T09:32:59.3505887Z   Python_ROOT_DIR: /opt/hostedtoolcache/Python/3.12.14/x64
invalidation-liveness	UNKNOWN STEP	2026-08-28T09:32:59.3506298Z   Python2_ROOT_DIR: /opt/hostedtoolcache/Python/3.12.14/x64
invalidation-liveness	UNKNOWN STEP	2026-08-28T09:32:59.3506765Z   Python3_ROOT_DIR: /opt/hostedtoolcache/Python/3.12.14/x64
invalidation-liveness	UNKNOWN STEP	2026-08-28T09:32:59.3507180Z   LD_LIBRARY_PATH: /opt/hostedtoolcache/Python/3.12.14/x64/lib
invalidation-liveness	UNKNOWN STEP	2026-08-28T09:32:59.3507550Z ##[endgroup]
invalidation-liveness	UNKNOWN STEP	2026-08-28T09:32:59.3973229Z FAIL evidence-unchecked: evidence/bundle.json: listed in evidence but read by no check
invalidation-liveness	UNKNOWN STEP	2026-08-28T09:32:59.3974434Z structural verification: FAIL — 1 named reason(s) (tamper-check-deleted)
invalidation-liveness	UNKNOWN STEP	2026-08-28T09:32:59.3975107Z   proved offline: manifest schema, artifact presence + sha256, bundle closure,
invalidation-liveness	UNKNOWN STEP	2026-08-28T09:32:59.3975816Z   stated limitations, stamp agreement, declared results recomputed from artifacts.
invalidation-liveness	UNKNOWN STEP	2026-08-28T09:32:59.3976479Z semantic replay: NOT run by this tool. A structural PASS means the bundle is
invalidation-liveness	UNKNOWN STEP	2026-08-28T09:32:59.3977095Z   internally honest, not that the issuer's grader agrees. To re-earn the
invalidation-liveness	UNKNOWN STEP	2026-08-28T09:32:59.3977673Z   verdicts, run the bundle's replay block at the pinned issuer_commit:
invalidation-liveness	UNKNOWN STEP	2026-08-28T09:32:59.3978243Z     $ git clone https://github.com/example/toy-issuer issuer
invalidation-liveness	UNKNOWN STEP	2026-08-28T09:32:59.3978698Z     $ git -C issuer checkout f1e2d3c
invalidation-liveness	UNKNOWN STEP	2026-08-28T09:32:59.3979044Z     $ python -m pip install -e ./issuer
invalidation-liveness	UNKNOWN STEP	2026-08-28T09:32:59.3979835Z     $ python -m toy_issuer.regrade evidence/bundle.json
invalidation-liveness	UNKNOWN STEP	2026-08-28T09:32:59.3980327Z     $ python issuer/audit/run_audit.py --check evidence/results.json
invalidation-liveness	UNKNOWN STEP	2026-08-28T09:32:59.3980925Z     $ python -m toy_issuer.mutrun --check evidence/evalmut_run.json
invalidation-liveness	UNKNOWN STEP	2026-08-28T09:32:59.3981807Z     $ python -m toy_issuer.crashrun --check evidence/eval_run.json
invalidation-liveness	UNKNOWN STEP	2026-08-28T09:32:59.3982357Z     $ python -m toy_issuer.driftboard --check evidence/standings.json
invalidation-liveness	UNKNOWN STEP	2026-08-28T09:32:59.3983801Z     expected: regrade exits 0 reporting 'consistent'; audit, mutrun, crashrun, and driftboard reproduce results.json, evalmut_run.json, eval_run.json, and the drift board artifacts byte-identically at the stamped commit (mutrun exits 1 by design: the toy suite has holes)
invalidation-liveness	UNKNOWN STEP	2026-08-28T09:32:59.4423194Z FAIL raw-aggregate-mismatch: evidence/eval_run.json: case 2 flagged flag contradicts its own passed/truncated pair
invalidation-liveness	UNKNOWN STEP	2026-08-28T09:32:59.4424367Z FAIL raw-aggregate-mismatch: evidence/eval_run.json: metrics.faithfulness declared 0.5, recomputed 0.75
invalidation-liveness	UNKNOWN STEP	2026-08-28T09:32:59.4425395Z FAIL raw-aggregate-mismatch: evidence/eval_run.json: metrics.precision@k declared 0.5, recomputed 0.75
invalidation-liveness	UNKNOWN STEP	2026-08-28T09:32:59.4426343Z FAIL raw-aggregate-mismatch: evidence/eval_run.json: metrics.recall@k declared 0.5, recomputed 0.75
invalidation-liveness	UNKNOWN STEP	2026-08-28T09:32:59.4427308Z FAIL raw-aggregate-mismatch: evidence/eval_run.json: metrics.citation_rate declared 0.5, recomputed 0.75
invalidation-liveness	UNKNOWN STEP	2026-08-28T09:32:59.4428340Z FAIL raw-aggregate-mismatch: evidence/eval_run.json: metrics.vulnerability_score declared 0.4545, recomputed 0.0909
invalidation-liveness	UNKNOWN STEP	2026-08-28T09:32:59.4429402Z FAIL raw-aggregate-mismatch: evidence/eval_run.json: per_kind['prompt-injection'] declared 0.5, recomputed 1.0
invalidation-liveness	UNKNOWN STEP	2026-08-28T09:32:59.4430213Z FAIL summary-mismatch: accuracy: declared 0.5, recomputed 0.75
invalidation-liveness	UNKNOWN STEP	2026-08-28T09:32:59.4430854Z FAIL summary-mismatch: vulnerability_score: declared 0.4545, recomputed 0.0909
invalidation-liveness	UNKNOWN STEP	2026-08-28T09:32:59.4432387Z FAIL summary-outruns-checks: summary.crash_vulnerability: declares 0.4545, no check recomputes it
invalidation-liveness	UNKNOWN STEP	2026-08-28T09:32:59.4433508Z structural verification: FAIL — 10 named reason(s) (tamper-crashkit-case)
invalidation-liveness	UNKNOWN STEP	2026-08-28T09:32:59.4434222Z   proved offline: manifest schema, artifact presence + sha256, bundle closure,
invalidation-liveness	UNKNOWN STEP	2026-08-28T09:32:59.4434943Z   stated limitations, stamp agreement, declared results recomputed from artifacts.
invalidation-liveness	UNKNOWN STEP	2026-08-28T09:32:59.4435656Z semantic replay: NOT run by this tool. A structural PASS means the bundle is
invalidation-liveness	UNKNOWN STEP	2026-08-28T09:32:59.4436329Z   internally honest, not that the issuer's grader agrees. To re-earn the
invalidation-liveness	UNKNOWN STEP	2026-08-28T09:32:59.4436955Z   verdicts, run the bundle's replay block at the pinned issuer_commit:
invalidation-liveness	UNKNOWN STEP	2026-08-28T09:32:59.4437588Z     $ git clone https://github.com/example/toy-issuer issuer
invalidation-liveness	UNKNOWN STEP	2026-08-28T09:32:59.4437993Z     $ git -C issuer checkout f1e2d3c
invalidation-liveness	UNKNOWN STEP	2026-08-28T09:32:59.4438294Z     $ python -m pip install -e ./issuer
invalidation-liveness	UNKNOWN STEP	2026-08-28T09:32:59.4438643Z     $ python -m toy_issuer.regrade evidence/bundle.json
invalidation-liveness	UNKNOWN STEP	2026-08-28T09:32:59.4439050Z     $ python issuer/audit/run_audit.py --check evidence/results.json
invalidation-liveness	UNKNOWN STEP	2026-08-28T09:32:59.4439498Z     $ python -m toy_issuer.mutrun --check evidence/evalmut_run.json
invalidation-liveness	UNKNOWN STEP	2026-08-28T09:32:59.4439928Z     $ python -m toy_issuer.crashrun --check evidence/eval_run.json
invalidation-liveness	UNKNOWN STEP	2026-08-28T09:32:59.4440367Z     $ python -m toy_issuer.driftboard --check evidence/standings.json
invalidation-liveness	UNKNOWN STEP	2026-08-28T09:32:59.4441817Z     expected: regrade exits 0 reporting 'consistent'; audit, mutrun, crashrun, and driftboard reproduce results.json, evalmut_run.json, eval_run.json, and the drift board artifacts byte-identically at the stamped commit (mutrun exits 1 by design: the toy suite has holes)
invalidation-liveness	UNKNOWN STEP	2026-08-28T09:32:59.4882912Z FAIL raw-aggregate-mismatch: evidence/eval_run.json: metrics.vulnerability_score declared 0.0909, recomputed 0.4545
invalidation-liveness	UNKNOWN STEP	2026-08-28T09:32:59.4884885Z structural verification: FAIL — 1 named reason(s) (tamper-crashkit-metrics)
invalidation-liveness	UNKNOWN STEP	2026-08-28T09:32:59.4886013Z   proved offline: manifest schema, artifact presence + sha256, bundle closure,
invalidation-liveness	UNKNOWN STEP	2026-08-28T09:32:59.4887112Z   stated limitations, stamp agreement, declared results recomputed from artifacts.
invalidation-liveness	UNKNOWN STEP	2026-08-28T09:32:59.4888598Z semantic replay: NOT run by this tool. A structural PASS means the bundle is
invalidation-liveness	UNKNOWN STEP	2026-08-28T09:32:59.4889572Z   internally honest, not that the issuer's grader agrees. To re-earn the
invalidation-liveness	UNKNOWN STEP	2026-08-28T09:32:59.4890502Z   verdicts, run the bundle's replay block at the pinned issuer_commit:
invalidation-liveness	UNKNOWN STEP	2026-08-28T09:32:59.4891658Z     $ git clone https://github.com/example/toy-issuer issuer
invalidation-liveness	UNKNOWN STEP	2026-08-28T09:32:59.4892365Z     $ git -C issuer checkout f1e2d3c
invalidation-liveness	UNKNOWN STEP	2026-08-28T09:32:59.4892914Z     $ python -m pip install -e ./issuer
invalidation-liveness	UNKNOWN STEP	2026-08-28T09:32:59.4893550Z     $ python -m toy_issuer.regrade evidence/bundle.json
invalidation-liveness	UNKNOWN STEP	2026-08-28T09:32:59.4894343Z     $ python issuer/audit/run_audit.py --check evidence/results.json
invalidation-liveness	UNKNOWN STEP	2026-08-28T09:32:59.4895204Z     $ python -m toy_issuer.mutrun --check evidence/evalmut_run.json
invalidation-liveness	UNKNOWN STEP	2026-08-28T09:32:59.4896050Z     $ python -m toy_issuer.crashrun --check evidence/eval_run.json
invalidation-liveness	UNKNOWN STEP	2026-08-28T09:32:59.4896881Z     $ python -m toy_issuer.driftboard --check evidence/standings.json
invalidation-liveness	UNKNOWN STEP	2026-08-28T09:32:59.4899128Z     expected: regrade exits 0 reporting 'consistent'; audit, mutrun, crashrun, and driftboard reproduce results.json, evalmut_run.json, eval_run.json, and the drift board artifacts byte-identically at the stamped commit (mutrun exits 1 by design: the toy suite has holes)
invalidation-liveness	UNKNOWN STEP	2026-08-28T09:32:59.5328281Z FAIL artifact-unparsable: evidence/eval_run.json: severity 'Critical', 'Med' outside the profile's frozen table (none/low/med/high/critical)
invalidation-liveness	UNKNOWN STEP	2026-08-28T09:32:59.5329598Z structural verification: FAIL — 1 named reason(s) (tamper-crashkit-severity)
invalidation-liveness	UNKNOWN STEP	2026-08-28T09:32:59.5330220Z   proved offline: manifest schema, artifact presence + sha256, bundle closure,
invalidation-liveness	UNKNOWN STEP	2026-08-28T09:32:59.5330852Z   stated limitations, stamp agreement, declared results recomputed from artifacts.
invalidation-liveness	UNKNOWN STEP	2026-08-28T09:32:59.5332015Z semantic replay: NOT run by this tool. A structural PASS means the bundle is
invalidation-liveness	UNKNOWN STEP	2026-08-28T09:32:59.5332584Z   internally honest, not that the issuer's grader agrees. To re-earn the
invalidation-liveness	UNKNOWN STEP	2026-08-28T09:32:59.5333115Z   verdicts, run the bundle's replay block at the pinned issuer_commit:
invalidation-liveness	UNKNOWN STEP	2026-08-28T09:32:59.5333592Z     $ git clone https://github.com/example/toy-issuer issuer
invalidation-liveness	UNKNOWN STEP	2026-08-28T09:32:59.5333964Z     $ git -C issuer checkout f1e2d3c
invalidation-liveness	UNKNOWN STEP	2026-08-28T09:32:59.5334267Z     $ python -m pip install -e ./issuer
invalidation-liveness	UNKNOWN STEP	2026-08-28T09:32:59.5334614Z     $ python -m toy_issuer.regrade evidence/bundle.json
invalidation-liveness	UNKNOWN STEP	2026-08-28T09:32:59.5335043Z     $ python issuer/audit/run_audit.py --check evidence/results.json
invalidation-liveness	UNKNOWN STEP	2026-08-28T09:32:59.5335513Z     $ python -m toy_issuer.mutrun --check evidence/evalmut_run.json
invalidation-liveness	UNKNOWN STEP	2026-08-28T09:32:59.5335985Z     $ python -m toy_issuer.crashrun --check evidence/eval_run.json
invalidation-liveness	UNKNOWN STEP	2026-08-28T09:32:59.5336447Z     $ python -m toy_issuer.driftboard --check evidence/standings.json
invalidation-liveness	UNKNOWN STEP	2026-08-28T09:32:59.5337705Z     expected: regrade exits 0 reporting 'consistent'; audit, mutrun, crashrun, and driftboard reproduce results.json, evalmut_run.json, eval_run.json, and the drift board artifacts byte-identically at the stamped commit (mutrun exits 1 by design: the toy suite has holes)
invalidation-liveness	UNKNOWN STEP	2026-08-28T09:32:59.5726276Z FAIL draft-incomplete: claim.capability is an unauthored TODO
invalidation-liveness	UNKNOWN STEP	2026-08-28T09:32:59.5727197Z FAIL draft-incomplete: claim.limitations[0] is an unauthored TODO
invalidation-liveness	UNKNOWN STEP	2026-08-28T09:32:59.5727874Z FAIL draft-incomplete: claim.scope is an unauthored TODO
invalidation-liveness	UNKNOWN STEP	2026-08-28T09:32:59.5728394Z FAIL draft-incomplete: protocol.control_policy is an unauthored TODO
invalidation-liveness	UNKNOWN STEP	2026-08-28T09:32:59.5729001Z FAIL draft-incomplete: protocol.grading is an unauthored TODO
invalidation-liveness	UNKNOWN STEP	2026-08-28T09:32:59.5729502Z FAIL draft-incomplete: protocol.hashes.TODO is an unauthored TODO
invalidation-liveness	UNKNOWN STEP	2026-08-28T09:32:59.5729988Z FAIL draft-incomplete: protocol.task is an unauthored TODO
invalidation-liveness	UNKNOWN STEP	2026-08-28T09:32:59.5730446Z FAIL draft-incomplete: replay.commands[2] is an unauthored TODO
invalidation-liveness	UNKNOWN STEP	2026-08-28T09:32:59.5730926Z FAIL draft-incomplete: replay.commands[3] is an unauthored TODO
invalidation-liveness	UNKNOWN STEP	2026-08-28T09:32:59.5731578Z FAIL draft-incomplete: replay.expected is an unauthored TODO
invalidation-liveness	UNKNOWN STEP	2026-08-28T09:32:59.5732342Z FAIL draft-incomplete: results.checks[0].TODO is an unauthored TODO
invalidation-liveness	UNKNOWN STEP	2026-08-28T09:32:59.5732857Z FAIL draft-incomplete: results.checks[0].profile is an unauthored TODO
invalidation-liveness	UNKNOWN STEP	2026-08-28T09:32:59.5733360Z FAIL draft-incomplete: results.summary.TODO is an unauthored TODO
invalidation-liveness	UNKNOWN STEP	2026-08-28T09:32:59.5733806Z FAIL draft-incomplete: subject.id is an unauthored TODO
invalidation-liveness	UNKNOWN STEP	2026-08-28T09:32:59.5734256Z FAIL draft-incomplete: subject.kind is an unauthored TODO
invalidation-liveness	UNKNOWN STEP	2026-08-28T09:32:59.5734713Z FAIL draft-incomplete: subject.version.TODO is an unauthored TODO
invalidation-liveness	UNKNOWN STEP	2026-08-28T09:32:59.5735494Z structural verification: FAIL — 16 named reason(s) (tamper-draft-incomplete)
invalidation-liveness	UNKNOWN STEP	2026-08-28T09:32:59.5736091Z   proved offline: manifest schema, artifact presence + sha256, bundle closure,
invalidation-liveness	UNKNOWN STEP	2026-08-28T09:32:59.5736677Z   stated limitations, stamp agreement, declared results recomputed from artifacts.
invalidation-liveness	UNKNOWN STEP	2026-08-28T09:32:59.5737283Z semantic replay: NOT run by this tool. A structural PASS means the bundle is
invalidation-liveness	UNKNOWN STEP	2026-08-28T09:32:59.5737820Z   internally honest, not that the issuer's grader agrees. To re-earn the
invalidation-liveness	UNKNOWN STEP	2026-08-28T09:32:59.5738335Z   verdicts, run the bundle's replay block at the pinned issuer_commit:
invalidation-liveness	UNKNOWN STEP	2026-08-28T09:32:59.5738829Z     $ git clone https://github.com/example/toy-issuer issuer
invalidation-liveness	UNKNOWN STEP	2026-08-28T09:32:59.5739218Z     $ git -C issuer checkout f1e2d3c
invalidation-liveness	UNKNOWN STEP	2026-08-28T09:32:59.5739833Z     $ TODO(replay.commands): install, then run the issuer's deterministic regrader/audit over this bundle's artifacts
invalidation-liveness	UNKNOWN STEP	2026-08-28T09:32:59.5740683Z     $ TODO(replay.commands): byte-compare the regraded output against the committed artifacts; nonzero on any difference
invalidation-liveness	UNKNOWN STEP	2026-08-28T09:32:59.5741820Z     expected: TODO(replay.expected): the exact outcome — exit code and report text
invalidation-liveness	UNKNOWN STEP	2026-08-28T09:32:59.6149525Z FAIL empty-limitations
invalidation-liveness	UNKNOWN STEP	2026-08-28T09:32:59.6150648Z structural verification: FAIL — 1 named reason(s) (tamper-empty-limitations)
invalidation-liveness	UNKNOWN STEP	2026-08-28T09:32:59.6152332Z   proved offline: manifest schema, artifact presence + sha256, bundle closure,
invalidation-liveness	UNKNOWN STEP	2026-08-28T09:32:59.6153334Z   stated limitations, stamp agreement, declared results recomputed from artifacts.
invalidation-liveness	UNKNOWN STEP	2026-08-28T09:32:59.6154019Z semantic replay: NOT run by this tool. A structural PASS means the bundle is
invalidation-liveness	UNKNOWN STEP	2026-08-28T09:32:59.6154647Z   internally honest, not that the issuer's grader agrees. To re-earn the
invalidation-liveness	UNKNOWN STEP	2026-08-28T09:32:59.6155226Z   verdicts, run the bundle's replay block at the pinned issuer_commit:
invalidation-liveness	UNKNOWN STEP	2026-08-28T09:32:59.6155776Z     $ git clone https://github.com/example/toy-issuer issuer
invalidation-liveness	UNKNOWN STEP	2026-08-28T09:32:59.6156208Z     $ git -C issuer checkout f1e2d3c
invalidation-liveness	UNKNOWN STEP	2026-08-28T09:32:59.6156560Z     $ python -m pip install -e ./issuer
invalidation-liveness	UNKNOWN STEP	2026-08-28T09:32:59.6156962Z     $ python -m toy_issuer.regrade evidence/bundle.json
invalidation-liveness	UNKNOWN STEP	2026-08-28T09:32:59.6157462Z     $ python issuer/audit/run_audit.py --check evidence/results.json
invalidation-liveness	UNKNOWN STEP	2026-08-28T09:32:59.6158009Z     $ python -m toy_issuer.mutrun --check evidence/evalmut_run.json
invalidation-liveness	UNKNOWN STEP	2026-08-28T09:32:59.6158565Z     $ python -m toy_issuer.crashrun --check evidence/eval_run.json
invalidation-liveness	UNKNOWN STEP	2026-08-28T09:32:59.6159109Z     $ python -m toy_issuer.driftboard --check evidence/standings.json
invalidation-liveness	UNKNOWN STEP	2026-08-28T09:32:59.6160554Z     expected: regrade exits 0 reporting 'consistent'; audit, mutrun, crashrun, and driftboard reproduce results.json, evalmut_run.json, eval_run.json, and the drift board artifacts byte-identically at the stamped commit (mutrun exits 1 by design: the toy suite has holes)
invalidation-liveness	UNKNOWN STEP	2026-08-28T09:32:59.6577086Z FAIL raw-aggregate-mismatch: evidence/evalmut_run.json: tally.caught declared 4, recomputed 5
invalidation-liveness	UNKNOWN STEP	2026-08-28T09:32:59.6578237Z FAIL raw-aggregate-mismatch: evidence/evalmut_run.json: tally.missed declared 2, recomputed 1
invalidation-liveness	UNKNOWN STEP	2026-08-28T09:32:59.6579239Z FAIL raw-aggregate-mismatch: evidence/evalmut_run.json: score declared 0.5714285714285714, recomputed 0.7142857142857143
invalidation-liveness	UNKNOWN STEP	2026-08-28T09:32:59.6580379Z FAIL raw-aggregate-mismatch: evidence/evalmut_run.json: holes.blind does not recompute from the rows (declared 1, recomputed 0)
invalidation-liveness	UNKNOWN STEP	2026-08-28T09:32:59.6581481Z FAIL summary-mismatch: blind: declared 1, recomputed 0
invalidation-liveness	UNKNOWN STEP	2026-08-28T09:32:59.6582298Z FAIL summary-mismatch: caught: declared 4, recomputed 5
invalidation-liveness	UNKNOWN STEP	2026-08-28T09:32:59.6582798Z FAIL summary-mismatch: missed: declared 2, recomputed 1
invalidation-liveness	UNKNOWN STEP	2026-08-28T09:32:59.6583333Z FAIL summary-mismatch: score_3: declared 0.571, recomputed 0.714
invalidation-liveness	UNKNOWN STEP	2026-08-28T09:32:59.6584048Z FAIL summary-outruns-checks: summary.mutation_score_3: declares 0.571, no check recomputes it
invalidation-liveness	UNKNOWN STEP	2026-08-28T09:32:59.6585073Z structural verification: FAIL — 9 named reason(s) (tamper-evalmut-rows)
invalidation-liveness	UNKNOWN STEP	2026-08-28T09:32:59.6585802Z   proved offline: manifest schema, artifact presence + sha256, bundle closure,
invalidation-liveness	UNKNOWN STEP	2026-08-28T09:32:59.6586548Z   stated limitations, stamp agreement, declared results recomputed from artifacts.
invalidation-liveness	UNKNOWN STEP	2026-08-28T09:32:59.6587261Z semantic replay: NOT run by this tool. A structural PASS means the bundle is
invalidation-liveness	UNKNOWN STEP	2026-08-28T09:32:59.6587935Z   internally honest, not that the issuer's grader agrees. To re-earn the
invalidation-liveness	UNKNOWN STEP	2026-08-28T09:32:59.6588579Z   verdicts, run the bundle's replay block at the pinned issuer_commit:
invalidation-liveness	UNKNOWN STEP	2026-08-28T09:32:59.6589168Z     $ git clone https://github.com/example/toy-issuer issuer
invalidation-liveness	UNKNOWN STEP	2026-08-28T09:32:59.6589635Z     $ git -C issuer checkout f1e2d3c
invalidation-liveness	UNKNOWN STEP	2026-08-28T09:32:59.6590007Z     $ python -m pip install -e ./issuer
invalidation-liveness	UNKNOWN STEP	2026-08-28T09:32:59.6590430Z     $ python -m toy_issuer.regrade evidence/bundle.json
invalidation-liveness	UNKNOWN STEP	2026-08-28T09:32:59.6590955Z     $ python issuer/audit/run_audit.py --check evidence/results.json
invalidation-liveness	UNKNOWN STEP	2026-08-28T09:32:59.6591623Z     $ python -m toy_issuer.mutrun --check evidence/evalmut_run.json
invalidation-liveness	UNKNOWN STEP	2026-08-28T09:32:59.6592042Z     $ python -m toy_issuer.crashrun --check evidence/eval_run.json
invalidation-liveness	UNKNOWN STEP	2026-08-28T09:32:59.6592477Z     $ python -m toy_issuer.driftboard --check evidence/standings.json
invalidation-liveness	UNKNOWN STEP	2026-08-28T09:32:59.6593779Z     expected: regrade exits 0 reporting 'consistent'; audit, mutrun, crashrun, and driftboard reproduce results.json, evalmut_run.json, eval_run.json, and the drift board artifacts byte-identically at the stamped commit (mutrun exits 1 by design: the toy suite has holes)
invalidation-liveness	UNKNOWN STEP	2026-08-28T09:32:59.7012636Z FAIL raw-aggregate-mismatch: evidence/evalmut_run.json: tally.caught declared 5, recomputed 4
invalidation-liveness	UNKNOWN STEP	2026-08-28T09:32:59.7013754Z structural verification: FAIL — 1 named reason(s) (tamper-evalmut-summary)
invalidation-liveness	UNKNOWN STEP	2026-08-28T09:32:59.7014426Z   proved offline: manifest schema, artifact presence + sha256, bundle closure,
invalidation-liveness	UNKNOWN STEP	2026-08-28T09:32:59.7015108Z   stated limitations, stamp agreement, declared results recomputed from artifacts.
invalidation-liveness	UNKNOWN STEP	2026-08-28T09:32:59.7015801Z semantic replay: NOT run by this tool. A structural PASS means the bundle is
invalidation-liveness	UNKNOWN STEP	2026-08-28T09:32:59.7016448Z   internally honest, not that the issuer's grader agrees. To re-earn the
invalidation-liveness	UNKNOWN STEP	2026-08-28T09:32:59.7017034Z   verdicts, run the bundle's replay block at the pinned issuer_commit:
invalidation-liveness	UNKNOWN STEP	2026-08-28T09:32:59.7017579Z     $ git clone https://github.com/example/toy-issuer issuer
invalidation-liveness	UNKNOWN STEP	2026-08-28T09:32:59.7018002Z     $ git -C issuer checkout f1e2d3c
invalidation-liveness	UNKNOWN STEP	2026-08-28T09:32:59.7018356Z     $ python -m pip install -e ./issuer
invalidation-liveness	UNKNOWN STEP	2026-08-28T09:32:59.7018745Z     $ python -m toy_issuer.regrade evidence/bundle.json
invalidation-liveness	UNKNOWN STEP	2026-08-28T09:32:59.7019243Z     $ python issuer/audit/run_audit.py --check evidence/results.json
invalidation-liveness	UNKNOWN STEP	2026-08-28T09:32:59.7019780Z     $ python -m toy_issuer.mutrun --check evidence/evalmut_run.json
invalidation-liveness	UNKNOWN STEP	2026-08-28T09:32:59.7020303Z     $ python -m toy_issuer.crashrun --check evidence/eval_run.json
invalidation-liveness	UNKNOWN STEP	2026-08-28T09:32:59.7020827Z     $ python -m toy_issuer.driftboard --check evidence/standings.json
invalidation-liveness	UNKNOWN STEP	2026-08-28T09:32:59.7022537Z     expected: regrade exits 0 reporting 'consistent'; audit, mutrun, crashrun, and driftboard reproduce results.json, evalmut_run.json, eval_run.json, and the drift board artifacts byte-identically at the stamped commit (mutrun exits 1 by design: the toy suite has holes)
invalidation-liveness	UNKNOWN STEP	2026-08-28T09:32:59.7447974Z FAIL missing-artifact: evidence/bundle.json
invalidation-liveness	UNKNOWN STEP	2026-08-28T09:32:59.7448837Z structural verification: FAIL — 1 named reason(s) (tamper-missing-artifact)
invalidation-liveness	UNKNOWN STEP	2026-08-28T09:32:59.7449553Z   proved offline: manifest schema, artifact presence + sha256, bundle closure,
invalidation-liveness	UNKNOWN STEP	2026-08-28T09:32:59.7450193Z   stated limitations, stamp agreement, declared results recomputed from artifacts.
invalidation-liveness	UNKNOWN STEP	2026-08-28T09:32:59.7451314Z semantic replay: NOT run by this tool. A structural PASS means the bundle is
invalidation-liveness	UNKNOWN STEP	2026-08-28T09:32:59.7451923Z   internally honest, not that the issuer's grader agrees. To re-earn the
invalidation-liveness	UNKNOWN STEP	2026-08-28T09:32:59.7452813Z   verdicts, run the bundle's replay block at the pinned issuer_commit:
invalidation-liveness	UNKNOWN STEP	2026-08-28T09:32:59.7453600Z     $ git clone https://github.com/example/toy-issuer issuer
invalidation-liveness	UNKNOWN STEP	2026-08-28T09:32:59.7454124Z     $ git -C issuer checkout f1e2d3c
invalidation-liveness	UNKNOWN STEP	2026-08-28T09:32:59.7454448Z     $ python -m pip install -e ./issuer
invalidation-liveness	UNKNOWN STEP	2026-08-28T09:32:59.7454811Z     $ python -m toy_issuer.regrade evidence/bundle.json
invalidation-liveness	UNKNOWN STEP	2026-08-28T09:32:59.7455319Z     $ python issuer/audit/run_audit.py --check evidence/results.json
invalidation-liveness	UNKNOWN STEP	2026-08-28T09:32:59.7455809Z     $ python -m toy_issuer.mutrun --check evidence/evalmut_run.json
invalidation-liveness	UNKNOWN STEP	2026-08-28T09:32:59.7456323Z     $ python -m toy_issuer.crashrun --check evidence/eval_run.json
invalidation-liveness	UNKNOWN STEP	2026-08-28T09:32:59.7456813Z     $ python -m toy_issuer.driftboard --check evidence/standings.json
invalidation-liveness	UNKNOWN STEP	2026-08-28T09:32:59.7458153Z     expected: regrade exits 0 reporting 'consistent'; audit, mutrun, crashrun, and driftboard reproduce results.json, evalmut_run.json, eval_run.json, and the drift board artifacts byte-identically at the stamped commit (mutrun exits 1 by design: the toy suite has holes)
invalidation-liveness	UNKNOWN STEP	2026-08-28T09:32:59.7890881Z FAIL missing-issuer-commit
invalidation-liveness	UNKNOWN STEP	2026-08-28T09:32:59.7892252Z structural verification: FAIL — 1 named reason(s) (tamper-missing-issuer-commit)
invalidation-liveness	UNKNOWN STEP	2026-08-28T09:32:59.7892964Z   proved offline: manifest schema, artifact presence + sha256, bundle closure,
invalidation-liveness	UNKNOWN STEP	2026-08-28T09:32:59.7893645Z   stated limitations, stamp agreement, declared results recomputed from artifacts.
invalidation-liveness	UNKNOWN STEP	2026-08-28T09:32:59.7894313Z semantic replay: NOT run by this tool. A structural PASS means the bundle is
invalidation-liveness	UNKNOWN STEP	2026-08-28T09:32:59.7895229Z   internally honest, not that the issuer's grader agrees. To re-earn the
invalidation-liveness	UNKNOWN STEP	2026-08-28T09:32:59.7895827Z   verdicts, run the bundle's replay block at the pinned issuer_commit:
invalidation-liveness	UNKNOWN STEP	2026-08-28T09:32:59.7896431Z     $ git clone https://github.com/example/toy-issuer issuer
invalidation-liveness	UNKNOWN STEP	2026-08-28T09:32:59.7896852Z     $ git -C issuer checkout f1e2d3c
invalidation-liveness	UNKNOWN STEP	2026-08-28T09:32:59.7897195Z     $ python -m pip install -e ./issuer
invalidation-liveness	UNKNOWN STEP	2026-08-28T09:32:59.7897620Z     $ python -m toy_issuer.regrade evidence/bundle.json
invalidation-liveness	UNKNOWN STEP	2026-08-28T09:32:59.7898116Z     $ python issuer/audit/run_audit.py --check evidence/results.json
invalidation-liveness	UNKNOWN STEP	2026-08-28T09:32:59.7898646Z     $ python -m toy_issuer.mutrun --check evidence/evalmut_run.json
invalidation-liveness	UNKNOWN STEP	2026-08-28T09:32:59.7899163Z     $ python -m toy_issuer.crashrun --check evidence/eval_run.json
invalidation-liveness	UNKNOWN STEP	2026-08-28T09:32:59.7899689Z     $ python -m toy_issuer.driftboard --check evidence/standings.json
invalidation-liveness	UNKNOWN STEP	2026-08-28T09:32:59.7901385Z     expected: regrade exits 0 reporting 'consistent'; audit, mutrun, crashrun, and driftboard reproduce results.json, evalmut_run.json, eval_run.json, and the drift board artifacts byte-identically at the stamped commit (mutrun exits 1 by design: the toy suite has holes)
invalidation-liveness	UNKNOWN STEP	2026-08-28T09:32:59.8326810Z FAIL raw-aggregate-mismatch: evidence/standings.json: alpha:a1: acc declared 0.5, recomputed 0.75
invalidation-liveness	UNKNOWN STEP	2026-08-28T09:32:59.8328204Z FAIL raw-aggregate-mismatch: evidence/standings.json: alpha:a1: delta declared -0.25, recomputed 0.0
invalidation-liveness	UNKNOWN STEP	2026-08-28T09:32:59.8329550Z FAIL raw-aggregate-mismatch: evidence/standings.json: alpha:a1: verdict declared 'regressed', recomputed 'unchanged'
invalidation-liveness	UNKNOWN STEP	2026-08-28T09:32:59.8331023Z FAIL raw-aggregate-mismatch: evidence/RESULTS.md: does not re-render byte-identically from the recomputed standings rows
invalidation-liveness	UNKNOWN STEP	2026-08-28T09:32:59.8332434Z FAIL summary-mismatch: regressed: declared 1, recomputed 0
invalidation-liveness	UNKNOWN STEP	2026-08-28T09:32:59.8333184Z FAIL summary-mismatch: unchanged: declared 1, recomputed 2
invalidation-liveness	UNKNOWN STEP	2026-08-28T09:32:59.8334124Z FAIL summary-outruns-checks: summary.drift.regressed: declares 1, recomputation gives 0
invalidation-liveness	UNKNOWN STEP	2026-08-28T09:32:59.8335562Z structural verification: FAIL — 7 named reason(s) (tamper-modeldrift-rows)
invalidation-liveness	UNKNOWN STEP	2026-08-28T09:32:59.8336554Z   proved offline: manifest schema, artifact presence + sha256, bundle closure,
invalidation-liveness	UNKNOWN STEP	2026-08-28T09:32:59.8337836Z   stated limitations, stamp agreement, declared results recomputed from artifacts.
invalidation-liveness	UNKNOWN STEP	2026-08-28T09:32:59.8338791Z semantic replay: NOT run by this tool. A structural PASS means the bundle is
invalidation-liveness	UNKNOWN STEP	2026-08-28T09:32:59.8339710Z   internally honest, not that the issuer's grader agrees. To re-earn the
invalidation-liveness	UNKNOWN STEP	2026-08-28T09:32:59.8340581Z   verdicts, run the bundle's replay block at the pinned issuer_commit:
invalidation-liveness	UNKNOWN STEP	2026-08-28T09:32:59.8341600Z     $ git clone https://github.com/example/toy-issuer issuer
invalidation-liveness	UNKNOWN STEP	2026-08-28T09:32:59.8342237Z     $ git -C issuer checkout f1e2d3c
invalidation-liveness	UNKNOWN STEP	2026-08-28T09:32:59.8342742Z     $ python -m pip install -e ./issuer
invalidation-liveness	UNKNOWN STEP	2026-08-28T09:32:59.8343320Z     $ python -m toy_issuer.regrade evidence/bundle.json
invalidation-liveness	UNKNOWN STEP	2026-08-28T09:32:59.8344022Z     $ python issuer/audit/run_audit.py --check evidence/results.json
invalidation-liveness	UNKNOWN STEP	2026-08-28T09:32:59.8344834Z     $ python -m toy_issuer.mutrun --check evidence/evalmut_run.json
invalidation-liveness	UNKNOWN STEP	2026-08-28T09:32:59.8345569Z     $ python -m toy_issuer.crashrun --check evidence/eval_run.json
invalidation-liveness	UNKNOWN STEP	2026-08-28T09:32:59.8346316Z     $ python -m toy_issuer.driftboard --check evidence/standings.json
invalidation-liveness	UNKNOWN STEP	2026-08-28T09:32:59.8348387Z     expected: regrade exits 0 reporting 'consistent'; audit, mutrun, crashrun, and driftboard reproduce results.json, evalmut_run.json, eval_run.json, and the drift board artifacts byte-identically at the stamped commit (mutrun exits 1 by design: the toy suite has holes)
invalidation-liveness	UNKNOWN STEP	2026-08-28T09:32:59.8771737Z FAIL raw-aggregate-mismatch: evidence/standings.json: alpha:a1: delta declared 0.0, recomputed -0.25
invalidation-liveness	UNKNOWN STEP	2026-08-28T09:32:59.8773158Z FAIL raw-aggregate-mismatch: evidence/standings.json: alpha:a1: verdict declared 'unchanged', recomputed 'regressed'
invalidation-liveness	UNKNOWN STEP	2026-08-28T09:32:59.8774608Z structural verification: FAIL — 2 named reason(s) (tamper-modeldrift-standings)
invalidation-liveness	UNKNOWN STEP	2026-08-28T09:32:59.8775548Z   proved offline: manifest schema, artifact presence + sha256, bundle closure,
invalidation-liveness	UNKNOWN STEP	2026-08-28T09:32:59.8776878Z   stated limitations, stamp agreement, declared results recomputed from artifacts.
invalidation-liveness	UNKNOWN STEP	2026-08-28T09:32:59.8777898Z semantic replay: NOT run by this tool. A structural PASS means the bundle is
invalidation-liveness	UNKNOWN STEP	2026-08-28T09:32:59.8778782Z   internally honest, not that the issuer's grader agrees. To re-earn the
invalidation-liveness	UNKNOWN STEP	2026-08-28T09:32:59.8779653Z   verdicts, run the bundle's replay block at the pinned issuer_commit:
invalidation-liveness	UNKNOWN STEP	2026-08-28T09:32:59.8780528Z     $ git clone https://github.com/example/toy-issuer issuer
invalidation-liveness	UNKNOWN STEP	2026-08-28T09:32:59.8781520Z     $ git -C issuer checkout f1e2d3c
invalidation-liveness	UNKNOWN STEP	2026-08-28T09:32:59.8782053Z     $ python -m pip install -e ./issuer
invalidation-liveness	UNKNOWN STEP	2026-08-28T09:32:59.8782638Z     $ python -m toy_issuer.regrade evidence/bundle.json
invalidation-liveness	UNKNOWN STEP	2026-08-28T09:32:59.8783373Z     $ python issuer/audit/run_audit.py --check evidence/results.json
invalidation-liveness	UNKNOWN STEP	2026-08-28T09:32:59.8784169Z     $ python -m toy_issuer.mutrun --check evidence/evalmut_run.json
invalidation-liveness	UNKNOWN STEP	2026-08-28T09:32:59.8784970Z     $ python -m toy_issuer.crashrun --check evidence/eval_run.json
invalidation-liveness	UNKNOWN STEP	2026-08-28T09:32:59.8786095Z     $ python -m toy_issuer.driftboard --check evidence/standings.json
invalidation-liveness	UNKNOWN STEP	2026-08-28T09:32:59.8788184Z     expected: regrade exits 0 reporting 'consistent'; audit, mutrun, crashrun, and driftboard reproduce results.json, evalmut_run.json, eval_run.json, and the drift board artifacts byte-identically at the stamped commit (mutrun exits 1 by design: the toy suite has holes)
invalidation-liveness	UNKNOWN STEP	2026-08-28T09:32:59.9229030Z FAIL raw-aggregate-mismatch: toy-suite/toy-defect-b: detected declared 3, recomputed 2
invalidation-liveness	UNKNOWN STEP	2026-08-28T09:32:59.9230429Z FAIL raw-aggregate-mismatch: toy-suite/toy-defect-b: detection_rate declared 0.75, recomputed 0.5
invalidation-liveness	UNKNOWN STEP	2026-08-28T09:32:59.9232377Z structural verification: FAIL — 2 named reason(s) (tamper-raw-aggregate)
invalidation-liveness	UNKNOWN STEP	2026-08-28T09:32:59.9233409Z   proved offline: manifest schema, artifact presence + sha256, bundle closure,
invalidation-liveness	UNKNOWN STEP	2026-08-28T09:32:59.9234529Z   stated limitations, stamp agreement, declared results recomputed from artifacts.
invalidation-liveness	UNKNOWN STEP	2026-08-28T09:32:59.9235669Z semantic replay: NOT run by this tool. A structural PASS means the bundle is
invalidation-liveness	UNKNOWN STEP	2026-08-28T09:32:59.9236701Z   internally honest, not that the issuer's grader agrees. To re-earn the
invalidation-liveness	UNKNOWN STEP	2026-08-28T09:32:59.9238018Z   verdicts, run the bundle's replay block at the pinned issuer_commit:
invalidation-liveness	UNKNOWN STEP	2026-08-28T09:32:59.9238910Z     $ git clone https://github.com/example/toy-issuer issuer
invalidation-liveness	UNKNOWN STEP	2026-08-28T09:32:59.9239635Z     $ git -C issuer checkout f1e2d3c
invalidation-liveness	UNKNOWN STEP	2026-08-28T09:32:59.9240214Z     $ python -m pip install -e ./issuer
invalidation-liveness	UNKNOWN STEP	2026-08-28T09:32:59.9240858Z     $ python -m toy_issuer.regrade evidence/bundle.json
invalidation-liveness	UNKNOWN STEP	2026-08-28T09:32:59.9242176Z     $ python issuer/audit/run_audit.py --check evidence/results.json
invalidation-liveness	UNKNOWN STEP	2026-08-28T09:32:59.9243143Z     $ python -m toy_issuer.mutrun --check evidence/evalmut_run.json
invalidation-liveness	UNKNOWN STEP	2026-08-28T09:32:59.9244047Z     $ python -m toy_issuer.crashrun --check evidence/eval_run.json
invalidation-liveness	UNKNOWN STEP	2026-08-28T09:32:59.9244967Z     $ python -m toy_issuer.driftboard --check evidence/standings.json
invalidation-liveness	UNKNOWN STEP	2026-08-28T09:32:59.9247204Z     expected: regrade exits 0 reporting 'consistent'; audit, mutrun, crashrun, and driftboard reproduce results.json, evalmut_run.json, eval_run.json, and the drift board artifacts byte-identically at the stamped commit (mutrun exits 1 by design: the toy suite has holes)
invalidation-liveness	UNKNOWN STEP	2026-08-28T09:32:59.9672169Z FAIL stamp-mismatch: taskset_hash: named by protocol.hashes but absent from evidence/bundle.json
invalidation-liveness	UNKNOWN STEP	2026-08-28T09:32:59.9673374Z FAIL stamp-mismatch: prompt_hash: named by protocol.hashes but absent from evidence/bundle.json
invalidation-liveness	UNKNOWN STEP	2026-08-28T09:32:59.9674598Z FAIL stamp-mismatch: harness_commit: protocol declares issuer_commit but evidence/bundle.json carries no harness_commit
invalidation-liveness	UNKNOWN STEP	2026-08-28T09:32:59.9676029Z structural verification: FAIL — 3 named reason(s) (tamper-stamp-deleted)
invalidation-liveness	UNKNOWN STEP	2026-08-28T09:32:59.9676900Z   proved offline: manifest schema, artifact presence + sha256, bundle closure,
invalidation-liveness	UNKNOWN STEP	2026-08-28T09:32:59.9677875Z   stated limitations, stamp agreement, declared results recomputed from artifacts.
invalidation-liveness	UNKNOWN STEP	2026-08-28T09:32:59.9679230Z semantic replay: NOT run by this tool. A structural PASS means the bundle is
invalidation-liveness	UNKNOWN STEP	2026-08-28T09:32:59.9680164Z   internally honest, not that the issuer's grader agrees. To re-earn the
invalidation-liveness	UNKNOWN STEP	2026-08-28T09:32:59.9681059Z   verdicts, run the bundle's replay block at the pinned issuer_commit:
invalidation-liveness	UNKNOWN STEP	2026-08-28T09:32:59.9682146Z     $ git clone https://github.com/example/toy-issuer issuer
invalidation-liveness	UNKNOWN STEP	2026-08-28T09:32:59.9682770Z     $ git -C issuer checkout f1e2d3c
invalidation-liveness	UNKNOWN STEP	2026-08-28T09:32:59.9683267Z     $ python -m pip install -e ./issuer
invalidation-liveness	UNKNOWN STEP	2026-08-28T09:32:59.9683759Z     $ python -m toy_issuer.regrade evidence/bundle.json
invalidation-liveness	UNKNOWN STEP	2026-08-28T09:32:59.9684466Z     $ python issuer/audit/run_audit.py --check evidence/results.json
invalidation-liveness	UNKNOWN STEP	2026-08-28T09:32:59.9685244Z     $ python -m toy_issuer.mutrun --check evidence/evalmut_run.json
invalidation-liveness	UNKNOWN STEP	2026-08-28T09:32:59.9686031Z     $ python -m toy_issuer.crashrun --check evidence/eval_run.json
invalidation-liveness	UNKNOWN STEP	2026-08-28T09:32:59.9686840Z     $ python -m toy_issuer.driftboard --check evidence/standings.json
invalidation-liveness	UNKNOWN STEP	2026-08-28T09:32:59.9688967Z     expected: regrade exits 0 reporting 'consistent'; audit, mutrun, crashrun, and driftboard reproduce results.json, evalmut_run.json, eval_run.json, and the drift board artifacts byte-identically at the stamped commit (mutrun exits 1 by design: the toy suite has holes)
invalidation-liveness	UNKNOWN STEP	2026-08-28T09:33:00.0131108Z FAIL summary-outruns-checks: summary.fixed: declares 3, recomputation gives 2
invalidation-liveness	UNKNOWN STEP	2026-08-28T09:33:00.0132600Z structural verification: FAIL — 1 named reason(s) (tamper-summary-fixed)
invalidation-liveness	UNKNOWN STEP	2026-08-28T09:33:00.0133269Z   proved offline: manifest schema, artifact presence + sha256, bundle closure,
invalidation-liveness	UNKNOWN STEP	2026-08-28T09:33:00.0133955Z   stated limitations, stamp agreement, declared results recomputed from artifacts.
invalidation-liveness	UNKNOWN STEP	2026-08-28T09:33:00.0134620Z semantic replay: NOT run by this tool. A structural PASS means the bundle is
invalidation-liveness	UNKNOWN STEP	2026-08-28T09:33:00.0135231Z   internally honest, not that the issuer's grader agrees. To re-earn the
invalidation-liveness	UNKNOWN STEP	2026-08-28T09:33:00.0135814Z   verdicts, run the bundle's replay block at the pinned issuer_commit:
invalidation-liveness	UNKNOWN STEP	2026-08-28T09:33:00.0136418Z     $ git clone https://github.com/example/toy-issuer issuer
invalidation-liveness	UNKNOWN STEP	2026-08-28T09:33:00.0136843Z     $ git -C issuer checkout f1e2d3c
invalidation-liveness	UNKNOWN STEP	2026-08-28T09:33:00.0137182Z     $ python -m pip install -e ./issuer
invalidation-liveness	UNKNOWN STEP	2026-08-28T09:33:00.0137930Z     $ python -m toy_issuer.regrade evidence/bundle.json
invalidation-liveness	UNKNOWN STEP	2026-08-28T09:33:00.0138413Z     $ python issuer/audit/run_audit.py --check evidence/results.json
invalidation-liveness	UNKNOWN STEP	2026-08-28T09:33:00.0138944Z     $ python -m toy_issuer.mutrun --check evidence/evalmut_run.json
invalidation-liveness	UNKNOWN STEP	2026-08-28T09:33:00.0139461Z     $ python -m toy_issuer.crashrun --check evidence/eval_run.json
invalidation-liveness	UNKNOWN STEP	2026-08-28T09:33:00.0139982Z     $ python -m toy_issuer.driftboard --check evidence/standings.json
invalidation-liveness	UNKNOWN STEP	2026-08-28T09:33:00.0141587Z     expected: regrade exits 0 reporting 'consistent'; audit, mutrun, crashrun, and driftboard reproduce results.json, evalmut_run.json, eval_run.json, and the drift board artifacts byte-identically at the stamped commit (mutrun exits 1 by design: the toy suite has holes)
invalidation-liveness	UNKNOWN STEP	2026-08-28T09:33:00.0595117Z FAIL summary-outruns-checks: summary.detection_rate_min: declares 0.9, no check recomputes it
invalidation-liveness	UNKNOWN STEP	2026-08-28T09:33:00.0596659Z structural verification: FAIL — 1 named reason(s) (tamper-summary-rate)
invalidation-liveness	UNKNOWN STEP	2026-08-28T09:33:00.0597546Z   proved offline: manifest schema, artifact presence + sha256, bundle closure,
invalidation-liveness	UNKNOWN STEP	2026-08-28T09:33:00.0598408Z   stated limitations, stamp agreement, declared results recomputed from artifacts.
invalidation-liveness	UNKNOWN STEP	2026-08-28T09:33:00.0599265Z semantic replay: NOT run by this tool. A structural PASS means the bundle is
invalidation-liveness	UNKNOWN STEP	2026-08-28T09:33:00.0600064Z   internally honest, not that the issuer's grader agrees. To re-earn the
invalidation-liveness	UNKNOWN STEP	2026-08-28T09:33:00.0600818Z   verdicts, run the bundle's replay block at the pinned issuer_commit:
invalidation-liveness	UNKNOWN STEP	2026-08-28T09:33:00.0601754Z     $ git clone https://github.com/example/toy-issuer issuer
invalidation-liveness	UNKNOWN STEP	2026-08-28T09:33:00.0602336Z     $ git -C issuer checkout f1e2d3c
invalidation-liveness	UNKNOWN STEP	2026-08-28T09:33:00.0602823Z     $ python -m pip install -e ./issuer
invalidation-liveness	UNKNOWN STEP	2026-08-28T09:33:00.0603376Z     $ python -m toy_issuer.regrade evidence/bundle.json
invalidation-liveness	UNKNOWN STEP	2026-08-28T09:33:00.0604388Z     $ python issuer/audit/run_audit.py --check evidence/results.json
invalidation-liveness	UNKNOWN STEP	2026-08-28T09:33:00.0605110Z     $ python -m toy_issuer.mutrun --check evidence/evalmut_run.json
invalidation-liveness	UNKNOWN STEP	2026-08-28T09:33:00.0605807Z     $ python -m toy_issuer.crashrun --check evidence/eval_run.json
invalidation-liveness	UNKNOWN STEP	2026-08-28T09:33:00.0606507Z     $ python -m toy_issuer.driftboard --check evidence/standings.json
invalidation-liveness	UNKNOWN STEP	2026-08-28T09:33:00.0608398Z     expected: regrade exits 0 reporting 'consistent'; audit, mutrun, crashrun, and driftboard reproduce results.json, evalmut_run.json, eval_run.json, and the drift board artifacts byte-identically at the stamped commit (mutrun exits 1 by design: the toy suite has holes)
invalidation-liveness	UNKNOWN STEP	2026-08-28T09:33:00.1056389Z FAIL summary-outruns-checks: summary.mutation_score_3: declares 0.714, no check recomputes it
invalidation-liveness	UNKNOWN STEP	2026-08-28T09:33:00.1057946Z structural verification: FAIL — 1 named reason(s) (tamper-summary-score)
invalidation-liveness	UNKNOWN STEP	2026-08-28T09:33:00.1058816Z   proved offline: manifest schema, artifact presence + sha256, bundle closure,
invalidation-liveness	UNKNOWN STEP	2026-08-28T09:33:00.1059736Z   stated limitations, stamp agreement, declared results recomputed from artifacts.
invalidation-liveness	UNKNOWN STEP	2026-08-28T09:33:00.1060667Z semantic replay: NOT run by this tool. A structural PASS means the bundle is
invalidation-liveness	UNKNOWN STEP	2026-08-28T09:33:00.1061912Z   internally honest, not that the issuer's grader agrees. To re-earn the
invalidation-liveness	UNKNOWN STEP	2026-08-28T09:33:00.1062738Z   verdicts, run the bundle's replay block at the pinned issuer_commit:
invalidation-liveness	UNKNOWN STEP	2026-08-28T09:33:00.1063495Z     $ git clone https://github.com/example/toy-issuer issuer
invalidation-liveness	UNKNOWN STEP	2026-08-28T09:33:00.1064073Z     $ git -C issuer checkout f1e2d3c
invalidation-liveness	UNKNOWN STEP	2026-08-28T09:33:00.1064537Z     $ python -m pip install -e ./issuer
invalidation-liveness	UNKNOWN STEP	2026-08-28T09:33:00.1065075Z     $ python -m toy_issuer.regrade evidence/bundle.json
invalidation-liveness	UNKNOWN STEP	2026-08-28T09:33:00.1065758Z     $ python issuer/audit/run_audit.py --check evidence/results.json
invalidation-liveness	UNKNOWN STEP	2026-08-28T09:33:00.1066559Z     $ python -m toy_issuer.mutrun --check evidence/evalmut_run.json
invalidation-liveness	UNKNOWN STEP	2026-08-28T09:33:00.1067304Z     $ python -m toy_issuer.crashrun --check evidence/eval_run.json
invalidation-liveness	UNKNOWN STEP	2026-08-28T09:33:00.1068089Z     $ python -m toy_issuer.driftboard --check evidence/standings.json
invalidation-liveness	UNKNOWN STEP	2026-08-28T09:33:00.1070052Z     expected: regrade exits 0 reporting 'consistent'; audit, mutrun, crashrun, and driftboard reproduce results.json, evalmut_run.json, eval_run.json, and the drift board artifacts byte-identically at the stamped commit (mutrun exits 1 by design: the toy suite has holes)
invalidation-liveness	UNKNOWN STEP	2026-08-28T09:33:00.1520321Z FAIL summary-outruns-checks: summary.fixed: declares '9999' as a string; a numeric headline must be a JSON number so it can be recomputed
invalidation-liveness	UNKNOWN STEP	2026-08-28T09:33:00.1522358Z structural verification: FAIL — 1 named reason(s) (tamper-summary-string)
invalidation-liveness	UNKNOWN STEP	2026-08-28T09:33:00.1523246Z   proved offline: manifest schema, artifact presence + sha256, bundle closure,
invalidation-liveness	UNKNOWN STEP	2026-08-28T09:33:00.1524143Z   stated limitations, stamp agreement, declared results recomputed from artifacts.
invalidation-liveness	UNKNOWN STEP	2026-08-28T09:33:00.1525037Z semantic replay: NOT run by this tool. A structural PASS means the bundle is
invalidation-liveness	UNKNOWN STEP	2026-08-28T09:33:00.1525913Z   internally honest, not that the issuer's grader agrees. To re-earn the
invalidation-liveness	UNKNOWN STEP	2026-08-28T09:33:00.1526743Z   verdicts, run the bundle's replay block at the pinned issuer_commit:
invalidation-liveness	UNKNOWN STEP	2026-08-28T09:33:00.1527507Z     $ git clone https://github.com/example/toy-issuer issuer
invalidation-liveness	UNKNOWN STEP	2026-08-28T09:33:00.1528071Z     $ git -C issuer checkout f1e2d3c
invalidation-liveness	UNKNOWN STEP	2026-08-28T09:33:00.1528533Z     $ python -m pip install -e ./issuer
invalidation-liveness	UNKNOWN STEP	2026-08-28T09:33:00.1529060Z     $ python -m toy_issuer.regrade evidence/bundle.json
invalidation-liveness	UNKNOWN STEP	2026-08-28T09:33:00.1529716Z     $ python issuer/audit/run_audit.py --check evidence/results.json
invalidation-liveness	UNKNOWN STEP	2026-08-28T09:33:00.1530442Z     $ python -m toy_issuer.mutrun --check evidence/evalmut_run.json
invalidation-liveness	UNKNOWN STEP	2026-08-28T09:33:00.1531384Z     $ python -m toy_issuer.crashrun --check evidence/eval_run.json
invalidation-liveness	UNKNOWN STEP	2026-08-28T09:33:00.1532170Z     $ python -m toy_issuer.driftboard --check evidence/standings.json
invalidation-liveness	UNKNOWN STEP	2026-08-28T09:33:00.1534543Z     expected: regrade exits 0 reporting 'consistent'; audit, mutrun, crashrun, and driftboard reproduce results.json, evalmut_run.json, eval_run.json, and the drift board artifacts byte-identically at the stamped commit (mutrun exits 1 by design: the toy suite has holes)
invalidation-liveness	UNKNOWN STEP	2026-08-28T09:33:00.2030692Z FAIL summary-mismatch: fixed: declared 3, recomputed 2
invalidation-liveness	UNKNOWN STEP	2026-08-28T09:33:00.2032281Z FAIL summary-outruns-checks: summary.fixed: declares 3, recomputation gives 2
invalidation-liveness	UNKNOWN STEP	2026-08-28T09:33:00.2033568Z structural verification: FAIL — 2 named reason(s) (tamper-verdict-count)
invalidation-liveness	UNKNOWN STEP	2026-08-28T09:33:00.2034402Z   proved offline: manifest schema, artifact presence + sha256, bundle closure,
invalidation-liveness	UNKNOWN STEP	2026-08-28T09:33:00.2035251Z   stated limitations, stamp agreement, declared results recomputed from artifacts.
invalidation-liveness	UNKNOWN STEP	2026-08-28T09:33:00.2036090Z semantic replay: NOT run by this tool. A structural PASS means the bundle is
invalidation-liveness	UNKNOWN STEP	2026-08-28T09:33:00.2036878Z   internally honest, not that the issuer's grader agrees. To re-earn the
invalidation-liveness	UNKNOWN STEP	2026-08-28T09:33:00.2037625Z   verdicts, run the bundle's replay block at the pinned issuer_commit:
invalidation-liveness	UNKNOWN STEP	2026-08-28T09:33:00.2038332Z     $ git clone https://github.com/example/toy-issuer issuer
invalidation-liveness	UNKNOWN STEP	2026-08-28T09:33:00.2038921Z     $ git -C issuer checkout f1e2d3c
invalidation-liveness	UNKNOWN STEP	2026-08-28T09:33:00.2039381Z     $ python -m pip install -e ./issuer
invalidation-liveness	UNKNOWN STEP	2026-08-28T09:33:00.2039923Z     $ python -m toy_issuer.regrade evidence/bundle.json
invalidation-liveness	UNKNOWN STEP	2026-08-28T09:33:00.2040587Z     $ python issuer/audit/run_audit.py --check evidence/results.json
invalidation-liveness	UNKNOWN STEP	2026-08-28T09:33:00.2041521Z     $ python -m toy_issuer.mutrun --check evidence/evalmut_run.json
invalidation-liveness	UNKNOWN STEP	2026-08-28T09:33:00.2042218Z     $ python -m toy_issuer.crashrun --check evidence/eval_run.json
invalidation-liveness	UNKNOWN STEP	2026-08-28T09:33:00.2042902Z     $ python -m toy_issuer.driftboard --check evidence/standings.json
invalidation-liveness	UNKNOWN STEP	2026-08-28T09:33:00.2044730Z     expected: regrade exits 0 reporting 'consistent'; audit, mutrun, crashrun, and driftboard reproduce results.json, evalmut_run.json, eval_run.json, and the drift board artifacts byte-identically at the stamped commit (mutrun exits 1 by design: the toy suite has holes)
invalidation-liveness	UNKNOWN STEP	2026-08-28T09:33:00.2476656Z FAIL sha256-mismatch: evidence/bundle.json: manifest 0000000000000000000000000000000000000000000000000000000000000000, file 64931fe8d466c2cfdbf3c15013d8aa013bc54a2e340fb89737972ef3612550d4
invalidation-liveness	UNKNOWN STEP	2026-08-28T09:33:00.2478725Z structural verification: FAIL — 1 named reason(s) (tamper-wrong-sha256)
invalidation-liveness	UNKNOWN STEP	2026-08-28T09:33:00.2479981Z   proved offline: manifest schema, artifact presence + sha256, bundle closure,
invalidation-liveness	UNKNOWN STEP	2026-08-28T09:33:00.2480886Z   stated limitations, stamp agreement, declared results recomputed from artifacts.
invalidation-liveness	UNKNOWN STEP	2026-08-28T09:33:00.2482150Z semantic replay: NOT run by this tool. A structural PASS means the bundle is
invalidation-liveness	UNKNOWN STEP	2026-08-28T09:33:00.2483015Z   internally honest, not that the issuer's grader agrees. To re-earn the
invalidation-liveness	UNKNOWN STEP	2026-08-28T09:33:00.2483819Z   verdicts, run the bundle's replay block at the pinned issuer_commit:
invalidation-liveness	UNKNOWN STEP	2026-08-28T09:33:00.2484564Z     $ git clone https://github.com/example/toy-issuer issuer
invalidation-liveness	UNKNOWN STEP	2026-08-28T09:33:00.2485139Z     $ git -C issuer checkout f1e2d3c
invalidation-liveness	UNKNOWN STEP	2026-08-28T09:33:00.2485598Z     $ python -m pip install -e ./issuer
invalidation-liveness	UNKNOWN STEP	2026-08-28T09:33:00.2486138Z     $ python -m toy_issuer.regrade evidence/bundle.json
invalidation-liveness	UNKNOWN STEP	2026-08-28T09:33:00.2486871Z     $ python issuer/audit/run_audit.py --check evidence/results.json
invalidation-liveness	UNKNOWN STEP	2026-08-28T09:33:00.2487654Z     $ python -m toy_issuer.mutrun --check evidence/evalmut_run.json
invalidation-liveness	UNKNOWN STEP	2026-08-28T09:33:00.2488428Z     $ python -m toy_issuer.crashrun --check evidence/eval_run.json
invalidation-liveness	UNKNOWN STEP	2026-08-28T09:33:00.2489167Z     $ python -m toy_issuer.driftboard --check evidence/standings.json
invalidation-liveness	UNKNOWN STEP	2026-08-28T09:33:00.2491397Z     expected: regrade exits 0 reporting 'consistent'; audit, mutrun, crashrun, and driftboard reproduce results.json, evalmut_run.json, eval_run.json, and the drift board artifacts byte-identically at the stamped commit (mutrun exits 1 by design: the toy suite has holes)
invalidation-liveness	UNKNOWN STEP	2026-08-28T09:33:00.2590470Z ##[group]Run python fixtures/make_fixtures.py
invalidation-liveness	UNKNOWN STEP	2026-08-28T09:33:00.2590858Z ^[[36;1mpython fixtures/make_fixtures.py^[[0m
invalidation-liveness	UNKNOWN STEP	2026-08-28T09:33:00.2591456Z ^[[36;1mgit diff --exit-code fixtures/^[[0m
invalidation-liveness	UNKNOWN STEP	2026-08-28T09:33:00.2630047Z shell: /usr/bin/bash -e {0}
invalidation-liveness	UNKNOWN STEP	2026-08-28T09:33:00.2630307Z env:
invalidation-liveness	UNKNOWN STEP	2026-08-28T09:33:00.2630584Z   pythonLocation: /opt/hostedtoolcache/Python/3.12.14/x64
invalidation-liveness	UNKNOWN STEP	2026-08-28T09:33:00.2631039Z   PKG_CONFIG_PATH: /opt/hostedtoolcache/Python/3.12.14/x64/lib/pkgconfig
invalidation-liveness	UNKNOWN STEP	2026-08-28T09:33:00.2631804Z   Python_ROOT_DIR: /opt/hostedtoolcache/Python/3.12.14/x64
invalidation-liveness	UNKNOWN STEP	2026-08-28T09:33:00.2632198Z   Python2_ROOT_DIR: /opt/hostedtoolcache/Python/3.12.14/x64
invalidation-liveness	UNKNOWN STEP	2026-08-28T09:33:00.2632593Z   Python3_ROOT_DIR: /opt/hostedtoolcache/Python/3.12.14/x64
invalidation-liveness	UNKNOWN STEP	2026-08-28T09:33:00.2632994Z   LD_LIBRARY_PATH: /opt/hostedtoolcache/Python/3.12.14/x64/lib
invalidation-liveness	UNKNOWN STEP	2026-08-28T09:33:00.2633328Z ##[endgroup]
invalidation-liveness	UNKNOWN STEP	2026-08-28T09:33:00.3655991Z attack-crashkit-severity: 14 file(s)
invalidation-liveness	UNKNOWN STEP	2026-08-28T09:33:00.3656664Z tamper-check-deleted: 14 file(s)
invalidation-liveness	UNKNOWN STEP	2026-08-28T09:33:00.3656993Z tamper-crashkit-case: 14 file(s)
invalidation-liveness	UNKNOWN STEP	2026-08-28T09:33:00.3657309Z tamper-crashkit-metrics: 14 file(s)
invalidation-liveness	UNKNOWN STEP	2026-08-28T09:33:00.3657634Z tamper-crashkit-severity: 14 file(s)
invalidation-liveness	UNKNOWN STEP	2026-08-28T09:33:00.3657967Z tamper-draft-incomplete: 14 file(s)
invalidation-liveness	UNKNOWN STEP	2026-08-28T09:33:00.3658286Z tamper-empty-limitations: 14 file(s)
invalidation-liveness	UNKNOWN STEP	2026-08-28T09:33:00.3658632Z tamper-evalmut-rows: 14 file(s)
invalidation-liveness	UNKNOWN STEP	2026-08-28T09:33:00.3658950Z tamper-evalmut-summary: 14 file(s)
invalidation-liveness	UNKNOWN STEP	2026-08-28T09:33:00.3659284Z tamper-missing-artifact: 13 file(s)
invalidation-liveness	UNKNOWN STEP	2026-08-28T09:33:00.3659602Z tamper-missing-issuer-commit: 14 file(s)
invalidation-liveness	UNKNOWN STEP	2026-08-28T09:33:00.3659933Z tamper-modeldrift-rows: 14 file(s)
invalidation-liveness	UNKNOWN STEP	2026-08-28T09:33:00.3660270Z tamper-modeldrift-standings: 14 file(s)
invalidation-liveness	UNKNOWN STEP	2026-08-28T09:33:00.3660609Z tamper-raw-aggregate: 14 file(s)
invalidation-liveness	UNKNOWN STEP	2026-08-28T09:33:00.3660921Z tamper-stamp-deleted: 14 file(s)
invalidation-liveness	UNKNOWN STEP	2026-08-28T09:33:00.3661619Z tamper-summary-fixed: 14 file(s)
invalidation-liveness	UNKNOWN STEP	2026-08-28T09:33:00.3661934Z tamper-summary-rate: 14 file(s)
invalidation-liveness	UNKNOWN STEP	2026-08-28T09:33:00.3662247Z tamper-summary-score: 14 file(s)
invalidation-liveness	UNKNOWN STEP	2026-08-28T09:33:00.3662573Z tamper-summary-string: 14 file(s)
invalidation-liveness	UNKNOWN STEP	2026-08-28T09:33:00.3662874Z tamper-verdict-count: 14 file(s)
invalidation-liveness	UNKNOWN STEP	2026-08-28T09:33:00.3663210Z tamper-wrong-sha256: 14 file(s)
invalidation-liveness	UNKNOWN STEP	2026-08-28T09:33:00.3663489Z valid: 14 file(s)
invalidation-liveness	UNKNOWN STEP	2026-08-28T09:33:00.4059179Z Node 20 is being deprecated. This workflow is running with Node 24 by default. If you need to temporarily use Node 20, you can set the ACTIONS_ALLOW_USE_UNSECURE_NODE_VERSION=true environment variable. For more information see: https://github.blog/changelog/2025-09-19-deprecation-of-node-20-on-github-actions-runners/
invalidation-liveness	UNKNOWN STEP	2026-08-28T09:33:00.4060619Z Post job cleanup.
invalidation-liveness	UNKNOWN STEP	2026-08-28T09:33:00.5249737Z (node:2296) [DEP0040] DeprecationWarning: The `punycode` module is deprecated. Please use a userland alternative instead.
invalidation-liveness	UNKNOWN STEP	2026-08-28T09:33:00.5251608Z (Use `node --trace-deprecation ...` to show where the warning was created)
invalidation-liveness	UNKNOWN STEP	2026-08-28T09:33:00.5442541Z Node 20 is being deprecated. This workflow is running with Node 24 by default. If you need to temporarily use Node 20, you can set the ACTIONS_ALLOW_USE_UNSECURE_NODE_VERSION=true environment variable. For more information see: https://github.blog/changelog/2025-09-19-deprecation-of-node-20-on-github-actions-runners/
invalidation-liveness	UNKNOWN STEP	2026-08-28T09:33:00.5444830Z Post job cleanup.
invalidation-liveness	UNKNOWN STEP	2026-08-28T09:33:00.6321416Z [command]/usr/bin/git version
invalidation-liveness	UNKNOWN STEP	2026-08-28T09:33:00.6363885Z git version 2.55.0
invalidation-liveness	UNKNOWN STEP	2026-08-28T09:33:00.6401430Z Temporarily overriding HOME='/home/runner/work/_temp/f5d6ac0f-9186-4056-af2a-38328772c38d' before making global git config changes
invalidation-liveness	UNKNOWN STEP	2026-08-28T09:33:00.6403448Z Adding repository directory to the temporary git global config as a safe directory
invalidation-liveness	UNKNOWN STEP	2026-08-28T09:33:00.6407356Z [command]/usr/bin/git config --global --add safe.directory /home/runner/work/vac-protocol/vac-protocol
invalidation-liveness	UNKNOWN STEP	2026-08-28T09:33:00.6448549Z [command]/usr/bin/git config --local --name-only --get-regexp core\.sshCommand
invalidation-liveness	UNKNOWN STEP	2026-08-28T09:33:00.6484679Z [command]/usr/bin/git submodule foreach --recursive sh -c "git config --local --name-only --get-regexp 'core\.sshCommand' && git config --local --unset-all 'core.sshCommand' || :"
invalidation-liveness	UNKNOWN STEP	2026-08-28T09:33:00.6756133Z [command]/usr/bin/git config --local --name-only --get-regexp http\.https\:\/\/github\.com\/\.extraheader
invalidation-liveness	UNKNOWN STEP	2026-08-28T09:33:00.6785168Z http.https://github.com/.extraheader
invalidation-liveness	UNKNOWN STEP	2026-08-28T09:33:00.6796457Z [command]/usr/bin/git config --local --unset-all http.https://github.com/.extraheader
invalidation-liveness	UNKNOWN STEP	2026-08-28T09:33:00.6830899Z [command]/usr/bin/git submodule foreach --recursive sh -c "git config --local --name-only --get-regexp 'http\.https\:\/\/github\.com\/\.extraheader' && git config --local --unset-all 'http.https://github.com/.extraheader' || :"
invalidation-liveness	UNKNOWN STEP	2026-08-28T09:33:00.7114715Z [command]/usr/bin/git config --local --name-only --get-regexp ^includeIf\.gitdir:
invalidation-liveness	UNKNOWN STEP	2026-08-28T09:33:00.7157259Z [command]/usr/bin/git submodule foreach --recursive git config --local --show-origin --name-only --get-regexp remote.origin.url
invalidation-liveness	UNKNOWN STEP	2026-08-28T09:33:00.7564786Z Cleaning up orphan processes
invalidation-liveness	UNKNOWN STEP	2026-08-28T09:33:00.7849179Z ##[warning]Node.js 20 is deprecated. The following actions target Node.js 20 but are being forced to run on Node.js 24: actions/checkout@v4, actions/setup-python@v5. For more information see: https://github.blog/changelog/2025-09-19-deprecation-of-node-20-on-github-actions-runners/
test (3.12)	UNKNOWN STEP	﻿2026-08-28T09:32:54.1469631Z Current runner version: '2.336.0'
test (3.12)	UNKNOWN STEP	2026-08-28T09:32:54.1492828Z ##[group]Runner Image Provisioner
test (3.12)	UNKNOWN STEP	2026-08-28T09:32:54.1493666Z Hosted Compute Agent
test (3.12)	UNKNOWN STEP	2026-08-28T09:32:54.1494272Z Version: 20260819.586
test (3.12)	UNKNOWN STEP	2026-08-28T09:32:54.1494949Z Commit: 3cc4a88dfa507ef76119ad1bb3eccc6378bb2b76
test (3.12)	UNKNOWN STEP	2026-08-28T09:32:54.1495628Z Build Date: 2026-08-18T23:20:18Z
test (3.12)	UNKNOWN STEP	2026-08-28T09:32:54.1496315Z Worker ID: {522ecad8-cf64-4fe2-882b-9222f4d7ab50}
test (3.12)	UNKNOWN STEP	2026-08-28T09:32:54.1496991Z Azure Region: westcentralus
test (3.12)	UNKNOWN STEP	2026-08-28T09:32:54.1497771Z ##[endgroup]
test (3.12)	UNKNOWN STEP	2026-08-28T09:32:54.1499128Z ##[group]Operating System
test (3.12)	UNKNOWN STEP	2026-08-28T09:32:54.1499712Z Ubuntu
test (3.12)	UNKNOWN STEP	2026-08-28T09:32:54.1500230Z 24.04.4
test (3.12)	UNKNOWN STEP	2026-08-28T09:32:54.1500711Z LTS
test (3.12)	UNKNOWN STEP	2026-08-28T09:32:54.1501179Z ##[endgroup]
test (3.12)	UNKNOWN STEP	2026-08-28T09:32:54.1501774Z ##[group]Runner Image
test (3.12)	UNKNOWN STEP	2026-08-28T09:32:54.1502321Z Image: ubuntu-24.04
test (3.12)	UNKNOWN STEP	2026-08-28T09:32:54.1502861Z Version: 20260823.283.1
test (3.12)	UNKNOWN STEP	2026-08-28T09:32:54.1504016Z Included Software: https://github.com/actions/runner-images/blob/ubuntu24/20260823.283/images/ubuntu/Ubuntu2404-Readme.md
test (3.12)	UNKNOWN STEP	2026-08-28T09:32:54.1505541Z Image Release: https://github.com/actions/runner-images/releases/tag/ubuntu24%2F20260823.283
test (3.12)	UNKNOWN STEP	2026-08-28T09:32:54.1506439Z ##[endgroup]
test (3.12)	UNKNOWN STEP	2026-08-28T09:32:54.1507833Z ##[group]GITHUB_TOKEN Permissions
test (3.12)	UNKNOWN STEP	2026-08-28T09:32:54.1509933Z Contents: read
test (3.12)	UNKNOWN STEP	2026-08-28T09:32:54.1510945Z Metadata: read
test (3.12)	UNKNOWN STEP	2026-08-28T09:32:54.1511468Z Packages: read
test (3.12)	UNKNOWN STEP	2026-08-28T09:32:54.1511977Z ##[endgroup]
test (3.12)	UNKNOWN STEP	2026-08-28T09:32:54.1513918Z Secret source: Actions
test (3.12)	UNKNOWN STEP	2026-08-28T09:32:54.1515012Z Prepare workflow directory
test (3.12)	UNKNOWN STEP	2026-08-28T09:32:54.1872089Z Prepare all required actions
test (3.12)	UNKNOWN STEP	2026-08-28T09:32:54.1919006Z Getting action download info
test (3.12)	UNKNOWN STEP	2026-08-28T09:32:54.4702510Z Download action repository 'actions/checkout@v4' (SHA:11d5960a326750d5838078e36cf38b85af677262)
test (3.12)	UNKNOWN STEP	2026-08-28T09:32:54.5701570Z Download action repository 'actions/setup-python@v5' (SHA:a26af69be951a213d495a4c3e4e4022e16d87065)
test (3.12)	UNKNOWN STEP	2026-08-28T09:32:54.7373597Z Complete job name: test (3.12)
test (3.12)	UNKNOWN STEP	2026-08-28T09:32:54.8003813Z Node 20 is being deprecated. This workflow is running with Node 24 by default. If you need to temporarily use Node 20, you can set the ACTIONS_ALLOW_USE_UNSECURE_NODE_VERSION=true environment variable. For more information see: https://github.blog/changelog/2025-09-19-deprecation-of-node-20-on-github-actions-runners/
test (3.12)	UNKNOWN STEP	2026-08-28T09:32:54.8012231Z ##[group]Run actions/checkout@v4
test (3.12)	UNKNOWN STEP	2026-08-28T09:32:54.8012949Z with:
test (3.12)	UNKNOWN STEP	2026-08-28T09:32:54.8013504Z   repository: egnaro9/vac-protocol
test (3.12)	UNKNOWN STEP	2026-08-28T09:32:54.8017476Z   token: ***
test (3.12)	UNKNOWN STEP	2026-08-28T09:32:54.8018013Z   ssh-strict: true
test (3.12)	UNKNOWN STEP	2026-08-28T09:32:54.8018525Z   ssh-user: git
test (3.12)	UNKNOWN STEP	2026-08-28T09:32:54.8019029Z   persist-credentials: true
test (3.12)	UNKNOWN STEP	2026-08-28T09:32:54.8019596Z   clean: true
test (3.12)	UNKNOWN STEP	2026-08-28T09:32:54.8020121Z   sparse-checkout-cone-mode: true
test (3.12)	UNKNOWN STEP	2026-08-28T09:32:54.8020673Z   fetch-depth: 1
test (3.12)	UNKNOWN STEP	2026-08-28T09:32:54.8021224Z   fetch-tags: false
test (3.12)	UNKNOWN STEP	2026-08-28T09:32:54.8021715Z   show-progress: true
test (3.12)	UNKNOWN STEP	2026-08-28T09:32:54.8022220Z   lfs: false
test (3.12)	UNKNOWN STEP	2026-08-28T09:32:54.8022809Z   submodules: false
test (3.12)	UNKNOWN STEP	2026-08-28T09:32:54.8023322Z   set-safe-directory: true
test (3.12)	UNKNOWN STEP	2026-08-28T09:32:54.8023882Z   allow-unsafe-pr-checkout: false
test (3.12)	UNKNOWN STEP	2026-08-28T09:32:54.8024589Z ##[endgroup]
test (3.12)	UNKNOWN STEP	2026-08-28T09:32:54.8979381Z Syncing repository: egnaro9/vac-protocol
test (3.12)	UNKNOWN STEP	2026-08-28T09:32:54.8982087Z ##[group]Getting Git version info
test (3.12)	UNKNOWN STEP	2026-08-28T09:32:54.8982971Z Working directory is '/home/runner/work/vac-protocol/vac-protocol'
test (3.12)	UNKNOWN STEP	2026-08-28T09:32:54.8984122Z [command]/usr/bin/git version
test (3.12)	UNKNOWN STEP	2026-08-28T09:32:54.9074017Z git version 2.55.0
test (3.12)	UNKNOWN STEP	2026-08-28T09:32:54.9078173Z ##[endgroup]
test (3.12)	UNKNOWN STEP	2026-08-28T09:32:54.9093334Z Temporarily overriding HOME='/home/runner/work/_temp/6d1c1a44-6ce3-443c-9e25-280799fd37f7' before making global git config changes
test (3.12)	UNKNOWN STEP	2026-08-28T09:32:54.9095460Z Adding repository directory to the temporary git global config as a safe directory
test (3.12)	UNKNOWN STEP	2026-08-28T09:32:54.9097310Z [command]/usr/bin/git config --global --add safe.directory /home/runner/work/vac-protocol/vac-protocol
test (3.12)	UNKNOWN STEP	2026-08-28T09:32:54.9138172Z Deleting the contents of '/home/runner/work/vac-protocol/vac-protocol'
test (3.12)	UNKNOWN STEP	2026-08-28T09:32:54.9142273Z ##[group]Initializing the repository
test (3.12)	UNKNOWN STEP	2026-08-28T09:32:54.9146869Z [command]/usr/bin/git init /home/runner/work/vac-protocol/vac-protocol
test (3.12)	UNKNOWN STEP	2026-08-28T09:32:54.9222917Z hint: Using 'master' as the name for the initial branch. This default branch name
test (3.12)	UNKNOWN STEP	2026-08-28T09:32:54.9224687Z hint: will change to "main" in Git 3.0. To configure the initial branch name
test (3.12)	UNKNOWN STEP	2026-08-28T09:32:54.9226328Z hint: to use in all of your new repositories, which will suppress this warning,
test (3.12)	UNKNOWN STEP	2026-08-28T09:32:54.9227874Z hint: call:
test (3.12)	UNKNOWN STEP	2026-08-28T09:32:54.9228930Z hint:
test (3.12)	UNKNOWN STEP	2026-08-28T09:32:54.9230025Z hint: 	git config --global init.defaultBranch <name>
test (3.12)	UNKNOWN STEP	2026-08-28T09:32:54.9231213Z hint:
test (3.12)	UNKNOWN STEP	2026-08-28T09:32:54.9232369Z hint: Names commonly chosen instead of 'master' are 'main', 'trunk' and
test (3.12)	UNKNOWN STEP	2026-08-28T09:32:54.9233954Z hint: 'development'. The just-created branch can be renamed via this command:
test (3.12)	UNKNOWN STEP	2026-08-28T09:32:54.9235357Z hint:
test (3.12)	UNKNOWN STEP	2026-08-28T09:32:54.9236307Z hint: 	git branch -m <name>
test (3.12)	UNKNOWN STEP	2026-08-28T09:32:54.9237490Z hint:
test (3.12)	UNKNOWN STEP	2026-08-28T09:32:54.9238710Z hint: Disable this message with "git config set advice.defaultBranchName false"
test (3.12)	UNKNOWN STEP	2026-08-28T09:32:54.9241240Z Initialized empty Git repository in /home/runner/work/vac-protocol/vac-protocol/.git/
test (3.12)	UNKNOWN STEP	2026-08-28T09:32:54.9244831Z [command]/usr/bin/git remote add origin https://github.com/egnaro9/vac-protocol
test (3.12)	UNKNOWN STEP	2026-08-28T09:32:54.9274924Z ##[endgroup]
test (3.12)	UNKNOWN STEP	2026-08-28T09:32:54.9276333Z ##[group]Disabling automatic garbage collection
test (3.12)	UNKNOWN STEP	2026-08-28T09:32:54.9279669Z [command]/usr/bin/git config --local gc.auto 0
test (3.12)	UNKNOWN STEP	2026-08-28T09:32:54.9318526Z ##[endgroup]
test (3.12)	UNKNOWN STEP	2026-08-28T09:32:54.9319385Z ##[group]Setting up auth
test (3.12)	UNKNOWN STEP	2026-08-28T09:32:54.9320131Z [command]/usr/bin/git config --local --name-only --get-regexp core\.sshCommand
test (3.12)	UNKNOWN STEP	2026-08-28T09:32:54.9349273Z [command]/usr/bin/git submodule foreach --recursive sh -c "git config --local --name-only --get-regexp 'core\.sshCommand' && git config --local --unset-all 'core.sshCommand' || :"
test (3.12)	UNKNOWN STEP	2026-08-28T09:32:54.9748722Z [command]/usr/bin/git config --local --name-only --get-regexp http\.https\:\/\/github\.com\/\.extraheader
test (3.12)	UNKNOWN STEP	2026-08-28T09:32:54.9782292Z [command]/usr/bin/git submodule foreach --recursive sh -c "git config --local --name-only --get-regexp 'http\.https\:\/\/github\.com\/\.extraheader' && git config --local --unset-all 'http.https://github.com/.extraheader' || :"
test (3.12)	UNKNOWN STEP	2026-08-28T09:32:54.9976789Z [command]/usr/bin/git config --local --name-only --get-regexp ^includeIf\.gitdir:
test (3.12)	UNKNOWN STEP	2026-08-28T09:32:55.0007368Z [command]/usr/bin/git submodule foreach --recursive git config --local --show-origin --name-only --get-regexp remote.origin.url
test (3.12)	UNKNOWN STEP	2026-08-28T09:32:55.0186377Z [command]/usr/bin/git config --local http.https://github.com/.extraheader AUTHORIZATION: basic ***
test (3.12)	UNKNOWN STEP	2026-08-28T09:32:55.0217448Z ##[endgroup]
test (3.12)	UNKNOWN STEP	2026-08-28T09:32:55.0218435Z ##[group]Fetching the repository
test (3.12)	UNKNOWN STEP	2026-08-28T09:32:55.0226816Z [command]/usr/bin/git -c protocol.version=2 fetch --no-tags --prune --no-recurse-submodules --depth=1 origin +3f49c148dca7683885021e2c2c58fffe22cd6422:refs/remotes/origin/main
test (3.12)	UNKNOWN STEP	2026-08-28T09:32:55.8393881Z From https://github.com/egnaro9/vac-protocol
test (3.12)	UNKNOWN STEP	2026-08-28T09:32:55.8395448Z  * [new ref]         3f49c148dca7683885021e2c2c58fffe22cd6422 -> origin/main
test (3.12)	UNKNOWN STEP	2026-08-28T09:32:55.8400246Z ##[endgroup]
test (3.12)	UNKNOWN STEP	2026-08-28T09:32:55.8402247Z ##[group]Determining the checkout info
test (3.12)	UNKNOWN STEP	2026-08-28T09:32:55.8404254Z ##[endgroup]
test (3.12)	UNKNOWN STEP	2026-08-28T09:32:55.8407736Z [command]/usr/bin/git sparse-checkout disable
test (3.12)	UNKNOWN STEP	2026-08-28T09:32:55.8455758Z [command]/usr/bin/git config --local --unset-all extensions.worktreeConfig
test (3.12)	UNKNOWN STEP	2026-08-28T09:32:55.8484278Z ##[group]Checking out the ref
test (3.12)	UNKNOWN STEP	2026-08-28T09:32:55.8489107Z [command]/usr/bin/git checkout --progress --force -B main refs/remotes/origin/main
test (3.12)	UNKNOWN STEP	2026-08-28T09:32:55.8689556Z Switched to a new branch 'main'
test (3.12)	UNKNOWN STEP	2026-08-28T09:32:55.8696382Z branch 'main' set up to track 'origin/main'.
test (3.12)	UNKNOWN STEP	2026-08-28T09:32:55.8701602Z ##[endgroup]
test (3.12)	UNKNOWN STEP	2026-08-28T09:32:55.8734045Z [command]/usr/bin/git log -1 --format=%H
test (3.12)	UNKNOWN STEP	2026-08-28T09:32:55.8754546Z 3f49c148dca7683885021e2c2c58fffe22cd6422
test (3.12)	UNKNOWN STEP	2026-08-28T09:32:55.9118915Z Node 20 is being deprecated. This workflow is running with Node 24 by default. If you need to temporarily use Node 20, you can set the ACTIONS_ALLOW_USE_UNSECURE_NODE_VERSION=true environment variable. For more information see: https://github.blog/changelog/2025-09-19-deprecation-of-node-20-on-github-actions-runners/
test (3.12)	UNKNOWN STEP	2026-08-28T09:32:55.9124724Z ##[group]Run actions/setup-python@v5
test (3.12)	UNKNOWN STEP	2026-08-28T09:32:55.9126003Z with:
test (3.12)	UNKNOWN STEP	2026-08-28T09:32:55.9126929Z   python-version: 3.12
test (3.12)	UNKNOWN STEP	2026-08-28T09:32:55.9128150Z   check-latest: false
test (3.12)	UNKNOWN STEP	2026-08-28T09:32:55.9137932Z   token: ***
test (3.12)	UNKNOWN STEP	2026-08-28T09:32:55.9138974Z   update-environment: true
test (3.12)	UNKNOWN STEP	2026-08-28T09:32:55.9140144Z   allow-prereleases: false
test (3.12)	UNKNOWN STEP	2026-08-28T09:32:55.9141270Z   freethreaded: false
test (3.12)	UNKNOWN STEP	2026-08-28T09:32:55.9142242Z ##[endgroup]
test (3.12)	UNKNOWN STEP	2026-08-28T09:32:56.0435952Z ##[group]Installed versions
test (3.12)	UNKNOWN STEP	2026-08-28T09:32:56.0521490Z (node:2219) [DEP0040] DeprecationWarning: The `punycode` module is deprecated. Please use a userland alternative instead.
test (3.12)	UNKNOWN STEP	2026-08-28T09:32:56.0525322Z (Use `node --trace-deprecation ...` to show where the warning was created)
test (3.12)	UNKNOWN STEP	2026-08-28T09:32:56.0528107Z Successfully set up CPython (3.12.14)
test (3.12)	UNKNOWN STEP	2026-08-28T09:32:56.0530714Z ##[endgroup]
test (3.12)	UNKNOWN STEP	2026-08-28T09:32:56.0692918Z ##[group]Run pip install -e ".[test]"
test (3.12)	UNKNOWN STEP	2026-08-28T09:32:56.0694349Z ^[[36;1mpip install -e ".[test]"^[[0m
test (3.12)	UNKNOWN STEP	2026-08-28T09:32:56.0738371Z shell: /usr/bin/bash -e {0}
test (3.12)	UNKNOWN STEP	2026-08-28T09:32:56.0739561Z env:
test (3.12)	UNKNOWN STEP	2026-08-28T09:32:56.0740887Z   pythonLocation: /opt/hostedtoolcache/Python/3.12.14/x64
test (3.12)	UNKNOWN STEP	2026-08-28T09:32:56.0742961Z   PKG_CONFIG_PATH: /opt/hostedtoolcache/Python/3.12.14/x64/lib/pkgconfig
test (3.12)	UNKNOWN STEP	2026-08-28T09:32:56.0745014Z   Python_ROOT_DIR: /opt/hostedtoolcache/Python/3.12.14/x64
test (3.12)	UNKNOWN STEP	2026-08-28T09:32:56.0746828Z   Python2_ROOT_DIR: /opt/hostedtoolcache/Python/3.12.14/x64
test (3.12)	UNKNOWN STEP	2026-08-28T09:32:56.0748677Z   Python3_ROOT_DIR: /opt/hostedtoolcache/Python/3.12.14/x64
test (3.12)	UNKNOWN STEP	2026-08-28T09:32:56.0750363Z   LD_LIBRARY_PATH: /opt/hostedtoolcache/Python/3.12.14/x64/lib
test (3.12)	UNKNOWN STEP	2026-08-28T09:32:56.0751753Z ##[endgroup]
test (3.12)	UNKNOWN STEP	2026-08-28T09:32:56.7945828Z Obtaining file:///home/runner/work/vac-protocol/vac-protocol
test (3.12)	UNKNOWN STEP	2026-08-28T09:32:56.7960458Z   Installing build dependencies: started
test (3.12)	UNKNOWN STEP	2026-08-28T09:32:57.6227442Z   Installing build dependencies: finished with status 'done'
test (3.12)	UNKNOWN STEP	2026-08-28T09:32:57.6232336Z   Checking if build backend supports build_editable: started
test (3.12)	UNKNOWN STEP	2026-08-28T09:32:57.8992376Z   Checking if build backend supports build_editable: finished with status 'done'
test (3.12)	UNKNOWN STEP	2026-08-28T09:32:57.8999959Z   Getting requirements to build editable: started
test (3.12)	UNKNOWN STEP	2026-08-28T09:32:58.1893452Z   Getting requirements to build editable: finished with status 'done'
test (3.12)	UNKNOWN STEP	2026-08-28T09:32:58.1900731Z   Preparing editable metadata (pyproject.toml): started
test (3.12)	UNKNOWN STEP	2026-08-28T09:32:58.3605545Z   Preparing editable metadata (pyproject.toml): finished with status 'done'
test (3.12)	UNKNOWN STEP	2026-08-28T09:32:58.5041005Z Collecting pytest (from vac-protocol==0.1.0)
test (3.12)	UNKNOWN STEP	2026-08-28T09:32:58.5979560Z   Downloading pytest-9.1.1-py3-none-any.whl.metadata (7.6 kB)
test (3.12)	UNKNOWN STEP	2026-08-28T09:32:58.6261178Z Collecting iniconfig>=1.0.1 (from pytest->vac-protocol==0.1.0)
test (3.12)	UNKNOWN STEP	2026-08-28T09:32:58.6451508Z   Downloading iniconfig-2.3.0-py3-none-any.whl.metadata (2.5 kB)
test (3.12)	UNKNOWN STEP	2026-08-28T09:32:58.6766156Z Collecting packaging>=22 (from pytest->vac-protocol==0.1.0)
test (3.12)	UNKNOWN STEP	2026-08-28T09:32:58.6953644Z   Downloading packaging-26.3-py3-none-any.whl.metadata (3.5 kB)
test (3.12)	UNKNOWN STEP	2026-08-28T09:32:58.7231317Z Collecting pluggy<2,>=1.5 (from pytest->vac-protocol==0.1.0)
test (3.12)	UNKNOWN STEP	2026-08-28T09:32:58.7419693Z   Downloading pluggy-1.6.0-py3-none-any.whl.metadata (4.8 kB)
test (3.12)	UNKNOWN STEP	2026-08-28T09:32:58.7761921Z Collecting pygments>=2.7.2 (from pytest->vac-protocol==0.1.0)
test (3.12)	UNKNOWN STEP	2026-08-28T09:32:58.7952166Z   Downloading pygments-2.21.0-py3-none-any.whl.metadata (2.5 kB)
test (3.12)	UNKNOWN STEP	2026-08-28T09:32:58.8241973Z Downloading pytest-9.1.1-py3-none-any.whl (386 kB)
test (3.12)	UNKNOWN STEP	2026-08-28T09:32:58.9151775Z Downloading pluggy-1.6.0-py3-none-any.whl (20 kB)
test (3.12)	UNKNOWN STEP	2026-08-28T09:32:58.9364057Z Downloading iniconfig-2.3.0-py3-none-any.whl (7.5 kB)
test (3.12)	UNKNOWN STEP	2026-08-28T09:32:58.9617839Z Downloading packaging-26.3-py3-none-any.whl (129 kB)
test (3.12)	UNKNOWN STEP	2026-08-28T09:32:58.9849129Z Downloading pygments-2.21.0-py3-none-any.whl (1.3 MB)
test (3.12)	UNKNOWN STEP	2026-08-28T09:32:59.0348755Z    ━━━━━━━━━━━━━━━━━━━━━━━━━━━━━━━━━━━━━━━━ 1.3/1.3 MB 23.3 MB/s  0:00:00
test (3.12)	UNKNOWN STEP	2026-08-28T09:32:59.0494351Z Building wheels for collected packages: vac-protocol
test (3.12)	UNKNOWN STEP	2026-08-28T09:32:59.0500669Z   Building editable for vac-protocol (pyproject.toml): started
test (3.12)	UNKNOWN STEP	2026-08-28T09:32:59.2426437Z   Building editable for vac-protocol (pyproject.toml): finished with status 'done'
test (3.12)	UNKNOWN STEP	2026-08-28T09:32:59.2431026Z   Created wheel for vac-protocol: filename=vac_protocol-0.1.0-0.editable-py3-none-any.whl size=8767 sha256=447c162f220d4696c9e3efbfce98b26b9c08106fb20e84f5d1561f96573976d1
test (3.12)	UNKNOWN STEP	2026-08-28T09:32:59.2432989Z   Stored in directory: /tmp/pip-ephem-wheel-cache-2008p5ob/wheels/31/93/c0/4effb33ea68d4321a176d9cb097b94ea8b1be9d534ea861dec
test (3.12)	UNKNOWN STEP	2026-08-28T09:32:59.2451494Z Successfully built vac-protocol
test (3.12)	UNKNOWN STEP	2026-08-28T09:32:59.2628354Z Installing collected packages: vac-protocol, pygments, pluggy, packaging, iniconfig, pytest
test (3.12)	UNKNOWN STEP	2026-08-28T09:33:00.1840677Z 
test (3.12)	UNKNOWN STEP	2026-08-28T09:33:00.1852878Z Successfully installed iniconfig-2.3.0 packaging-26.3 pluggy-1.6.0 pygments-2.21.0 pytest-9.1.1 vac-protocol-0.1.0
test (3.12)	UNKNOWN STEP	2026-08-28T09:33:00.2486911Z ##[group]Run python -m pytest tests/ -q
test (3.12)	UNKNOWN STEP	2026-08-28T09:33:00.2487514Z ^[[36;1mpython -m pytest tests/ -q^[[0m
test (3.12)	UNKNOWN STEP	2026-08-28T09:33:00.2513942Z shell: /usr/bin/bash -e {0}
test (3.12)	UNKNOWN STEP	2026-08-28T09:33:00.2514289Z env:
test (3.12)	UNKNOWN STEP	2026-08-28T09:33:00.2514636Z   pythonLocation: /opt/hostedtoolcache/Python/3.12.14/x64
test (3.12)	UNKNOWN STEP	2026-08-28T09:33:00.2515172Z   PKG_CONFIG_PATH: /opt/hostedtoolcache/Python/3.12.14/x64/lib/pkgconfig
test (3.12)	UNKNOWN STEP	2026-08-28T09:33:00.2515692Z   Python_ROOT_DIR: /opt/hostedtoolcache/Python/3.12.14/x64
test (3.12)	UNKNOWN STEP	2026-08-28T09:33:00.2516169Z   Python2_ROOT_DIR: /opt/hostedtoolcache/Python/3.12.14/x64
test (3.12)	UNKNOWN STEP	2026-08-28T09:33:00.2516601Z   Python3_ROOT_DIR: /opt/hostedtoolcache/Python/3.12.14/x64
test (3.12)	UNKNOWN STEP	2026-08-28T09:33:00.2517106Z   LD_LIBRARY_PATH: /opt/hostedtoolcache/Python/3.12.14/x64/lib
test (3.12)	UNKNOWN STEP	2026-08-28T09:33:00.2517536Z ##[endgroup]
test (3.12)	UNKNOWN STEP	2026-08-28T09:33:01.1994904Z ...................xxx.s..s..x.......................................... [ 24%]
test (3.12)	UNKNOWN STEP	2026-08-28T09:33:01.4522923Z ........................................................................ [ 49%]
test (3.12)	UNKNOWN STEP	2026-08-28T09:33:02.2414671Z ........................................................................ [ 73%]
test (3.12)	UNKNOWN STEP	2026-08-28T09:33:02.7421750Z .s.ss.....sssssssss..................................................... [ 98%]
test (3.12)	UNKNOWN STEP	2026-08-28T09:33:02.7904716Z .....                                                                    [100%]
test (3.12)	UNKNOWN STEP	2026-08-28T09:33:02.8243097Z 275 passed, 14 skipped, 4 xfailed in 2.28s
test (3.12)	UNKNOWN STEP	2026-08-28T09:33:02.8345067Z Node 20 is being deprecated. This workflow is running with Node 24 by default. If you need to temporarily use Node 20, you can set the ACTIONS_ALLOW_USE_UNSECURE_NODE_VERSION=true environment variable. For more information see: https://github.blog/changelog/2025-09-19-deprecation-of-node-20-on-github-actions-runners/
test (3.12)	UNKNOWN STEP	2026-08-28T09:33:02.8346164Z Post job cleanup.
test (3.12)	UNKNOWN STEP	2026-08-28T09:33:02.9479720Z (node:2746) [DEP0040] DeprecationWarning: The `punycode` module is deprecated. Please use a userland alternative instead.
test (3.12)	UNKNOWN STEP	2026-08-28T09:33:02.9480581Z (Use `node --trace-deprecation ...` to show where the warning was created)
test (3.12)	UNKNOWN STEP	2026-08-28T09:33:02.9675321Z Node 20 is being deprecated. This workflow is running with Node 24 by default. If you need to temporarily use Node 20, you can set the ACTIONS_ALLOW_USE_UNSECURE_NODE_VERSION=true environment variable. For more information see: https://github.blog/changelog/2025-09-19-deprecation-of-node-20-on-github-actions-runners/
test (3.12)	UNKNOWN STEP	2026-08-28T09:33:02.9677321Z Post job cleanup.
test (3.12)	UNKNOWN STEP	2026-08-28T09:33:03.0536273Z [command]/usr/bin/git version
test (3.12)	UNKNOWN STEP	2026-08-28T09:33:03.0577797Z git version 2.55.0
test (3.12)	UNKNOWN STEP	2026-08-28T09:33:03.0617416Z Temporarily overriding HOME='/home/runner/work/_temp/0457b886-a803-4373-bb88-d8779d15d147' before making global git config changes
test (3.12)	UNKNOWN STEP	2026-08-28T09:33:03.0618959Z Adding repository directory to the temporary git global config as a safe directory
test (3.12)	UNKNOWN STEP	2026-08-28T09:33:03.0622535Z [command]/usr/bin/git config --global --add safe.directory /home/runner/work/vac-protocol/vac-protocol
test (3.12)	UNKNOWN STEP	2026-08-28T09:33:03.0661178Z [command]/usr/bin/git config --local --name-only --get-regexp core\.sshCommand
test (3.12)	UNKNOWN STEP	2026-08-28T09:33:03.0694682Z [command]/usr/bin/git submodule foreach --recursive sh -c "git config --local --name-only --get-regexp 'core\.sshCommand' && git config --local --unset-all 'core.sshCommand' || :"
test (3.12)	UNKNOWN STEP	2026-08-28T09:33:03.0899946Z [command]/usr/bin/git config --local --name-only --get-regexp http\.https\:\/\/github\.com\/\.extraheader
test (3.12)	UNKNOWN STEP	2026-08-28T09:33:03.0929375Z http.https://github.com/.extraheader
test (3.12)	UNKNOWN STEP	2026-08-28T09:33:03.0940287Z [command]/usr/bin/git config --local --unset-all http.https://github.com/.extraheader
test (3.12)	UNKNOWN STEP	2026-08-28T09:33:03.0968869Z [command]/usr/bin/git submodule foreach --recursive sh -c "git config --local --name-only --get-regexp 'http\.https\:\/\/github\.com\/\.extraheader' && git config --local --unset-all 'http.https://github.com/.extraheader' || :"
test (3.12)	UNKNOWN STEP	2026-08-28T09:33:03.1166229Z [command]/usr/bin/git config --local --name-only --get-regexp ^includeIf\.gitdir:
test (3.12)	UNKNOWN STEP	2026-08-28T09:33:03.1196864Z [command]/usr/bin/git submodule foreach --recursive git config --local --show-origin --name-only --get-regexp remote.origin.url
test (3.12)	UNKNOWN STEP	2026-08-28T09:33:03.1541253Z Cleaning up orphan processes
test (3.12)	UNKNOWN STEP	2026-08-28T09:33:03.1774057Z ##[warning]Node.js 20 is deprecated. The following actions target Node.js 20 but are being forced to run on Node.js 24: actions/checkout@v4, actions/setup-python@v5. For more information see: https://github.blog/changelog/2025-09-19-deprecation-of-node-20-on-github-actions-runners/
test (3.11)	UNKNOWN STEP	﻿2026-08-28T09:32:54.5652071Z Current runner version: '2.336.0'
test (3.11)	UNKNOWN STEP	2026-08-28T09:32:54.5678536Z ##[group]Runner Image Provisioner
test (3.11)	UNKNOWN STEP	2026-08-28T09:32:54.5679668Z Hosted Compute Agent
test (3.11)	UNKNOWN STEP	2026-08-28T09:32:54.5680391Z Version: 20260819.586
test (3.11)	UNKNOWN STEP	2026-08-28T09:32:54.5681062Z Commit: 3cc4a88dfa507ef76119ad1bb3eccc6378bb2b76
test (3.11)	UNKNOWN STEP	2026-08-28T09:32:54.5681846Z Build Date: 2026-08-18T23:20:18Z
test (3.11)	UNKNOWN STEP	2026-08-28T09:32:54.5682615Z Worker ID: {2e7a7574-55e2-4d3d-83cb-8dd75a539ceb}
test (3.11)	UNKNOWN STEP	2026-08-28T09:32:54.5683381Z Azure Region: mexicocentral
test (3.11)	UNKNOWN STEP	2026-08-28T09:32:54.5684097Z ##[endgroup]
test (3.11)	UNKNOWN STEP	2026-08-28T09:32:54.5685597Z ##[group]Operating System
test (3.11)	UNKNOWN STEP	2026-08-28T09:32:54.5686283Z Ubuntu
test (3.11)	UNKNOWN STEP	2026-08-28T09:32:54.5686932Z 24.04.4
test (3.11)	UNKNOWN STEP	2026-08-28T09:32:54.5687462Z LTS
test (3.11)	UNKNOWN STEP	2026-08-28T09:32:54.5688026Z ##[endgroup]
test (3.11)	UNKNOWN STEP	2026-08-28T09:32:54.5688618Z ##[group]Runner Image
test (3.11)	UNKNOWN STEP	2026-08-28T09:32:54.5689478Z Image: ubuntu-24.04
test (3.11)	UNKNOWN STEP	2026-08-28T09:32:54.5690140Z Version: 20260823.283.1
test (3.11)	UNKNOWN STEP	2026-08-28T09:32:54.5691433Z Included Software: https://github.com/actions/runner-images/blob/ubuntu24/20260823.283/images/ubuntu/Ubuntu2404-Readme.md
test (3.11)	UNKNOWN STEP	2026-08-28T09:32:54.5693072Z Image Release: https://github.com/actions/runner-images/releases/tag/ubuntu24%2F20260823.283
test (3.11)	UNKNOWN STEP	2026-08-28T09:32:54.5694101Z ##[endgroup]
test (3.11)	UNKNOWN STEP	2026-08-28T09:32:54.5695421Z ##[group]GITHUB_TOKEN Permissions
test (3.11)	UNKNOWN STEP	2026-08-28T09:32:54.5697815Z Contents: read
test (3.11)	UNKNOWN STEP	2026-08-28T09:32:54.5698465Z Metadata: read
test (3.11)	UNKNOWN STEP	2026-08-28T09:32:54.5699293Z Packages: read
test (3.11)	UNKNOWN STEP	2026-08-28T09:32:54.5699982Z ##[endgroup]
test (3.11)	UNKNOWN STEP	2026-08-28T09:32:54.5702163Z Secret source: Actions
test (3.11)	UNKNOWN STEP	2026-08-28T09:32:54.5703378Z Prepare workflow directory
test (3.11)	UNKNOWN STEP	2026-08-28T09:32:54.6104937Z Prepare all required actions
test (3.11)	UNKNOWN STEP	2026-08-28T09:32:54.6152567Z Getting action download info
test (3.11)	UNKNOWN STEP	2026-08-28T09:32:54.9131437Z Download action repository 'actions/checkout@v4' (SHA:11d5960a326750d5838078e36cf38b85af677262)
test (3.11)	UNKNOWN STEP	2026-08-28T09:32:55.0341416Z Download action repository 'actions/setup-python@v5' (SHA:a26af69be951a213d495a4c3e4e4022e16d87065)
test (3.11)	UNKNOWN STEP	2026-08-28T09:32:55.2236868Z Complete job name: test (3.11)
test (3.11)	UNKNOWN STEP	2026-08-28T09:32:55.3018778Z Node 20 is being deprecated. This workflow is running with Node 24 by default. If you need to temporarily use Node 20, you can set the ACTIONS_ALLOW_USE_UNSECURE_NODE_VERSION=true environment variable. For more information see: https://github.blog/changelog/2025-09-19-deprecation-of-node-20-on-github-actions-runners/
test (3.11)	UNKNOWN STEP	2026-08-28T09:32:55.3028059Z ##[group]Run actions/checkout@v4
test (3.11)	UNKNOWN STEP	2026-08-28T09:32:55.3028845Z with:
test (3.11)	UNKNOWN STEP	2026-08-28T09:32:55.3029550Z   repository: egnaro9/vac-protocol
test (3.11)	UNKNOWN STEP	2026-08-28T09:32:55.3033574Z   token: ***
test (3.11)	UNKNOWN STEP	2026-08-28T09:32:55.3034032Z   ssh-strict: true
test (3.11)	UNKNOWN STEP	2026-08-28T09:32:55.3034542Z   ssh-user: git
test (3.11)	UNKNOWN STEP	2026-08-28T09:32:55.3035013Z   persist-credentials: true
test (3.11)	UNKNOWN STEP	2026-08-28T09:32:55.3035525Z   clean: true
test (3.11)	UNKNOWN STEP	2026-08-28T09:32:55.3035998Z   sparse-checkout-cone-mode: true
test (3.11)	UNKNOWN STEP	2026-08-28T09:32:55.3036548Z   fetch-depth: 1
test (3.11)	UNKNOWN STEP	2026-08-28T09:32:55.3037008Z   fetch-tags: false
test (3.11)	UNKNOWN STEP	2026-08-28T09:32:55.3037479Z   show-progress: true
test (3.11)	UNKNOWN STEP	2026-08-28T09:32:55.3037946Z   lfs: false
test (3.11)	UNKNOWN STEP	2026-08-28T09:32:55.3038419Z   submodules: false
test (3.11)	UNKNOWN STEP	2026-08-28T09:32:55.3038893Z   set-safe-directory: true
test (3.11)	UNKNOWN STEP	2026-08-28T09:32:55.3039574Z   allow-unsafe-pr-checkout: false
test (3.11)	UNKNOWN STEP	2026-08-28T09:32:55.3040401Z ##[endgroup]
test (3.11)	UNKNOWN STEP	2026-08-28T09:32:55.4119393Z Syncing repository: egnaro9/vac-protocol
test (3.11)	UNKNOWN STEP	2026-08-28T09:32:55.4121498Z ##[group]Getting Git version info
test (3.11)	UNKNOWN STEP	2026-08-28T09:32:55.4122383Z Working directory is '/home/runner/work/vac-protocol/vac-protocol'
test (3.11)	UNKNOWN STEP	2026-08-28T09:32:55.4123582Z [command]/usr/bin/git version
test (3.11)	UNKNOWN STEP	2026-08-28T09:32:55.4248881Z git version 2.55.0
test (3.11)	UNKNOWN STEP	2026-08-28T09:32:55.4282836Z ##[endgroup]
test (3.11)	UNKNOWN STEP	2026-08-28T09:32:55.4290278Z Temporarily overriding HOME='/home/runner/work/_temp/f7b735dc-12db-41f6-8892-61ab81e442aa' before making global git config changes
test (3.11)	UNKNOWN STEP	2026-08-28T09:32:55.4295461Z Adding repository directory to the temporary git global config as a safe directory
test (3.11)	UNKNOWN STEP	2026-08-28T09:32:55.4297092Z [command]/usr/bin/git config --global --add safe.directory /home/runner/work/vac-protocol/vac-protocol
test (3.11)	UNKNOWN STEP	2026-08-28T09:32:55.4355493Z Deleting the contents of '/home/runner/work/vac-protocol/vac-protocol'
test (3.11)	UNKNOWN STEP	2026-08-28T09:32:55.4361063Z ##[group]Initializing the repository
test (3.11)	UNKNOWN STEP	2026-08-28T09:32:55.4367864Z [command]/usr/bin/git init /home/runner/work/vac-protocol/vac-protocol
test (3.11)	UNKNOWN STEP	2026-08-28T09:32:55.4498834Z hint: Using 'master' as the name for the initial branch. This default branch name
test (3.11)	UNKNOWN STEP	2026-08-28T09:32:55.4500685Z hint: will change to "main" in Git 3.0. To configure the initial branch name
test (3.11)	UNKNOWN STEP	2026-08-28T09:32:55.4501748Z hint: to use in all of your new repositories, which will suppress this warning,
test (3.11)	UNKNOWN STEP	2026-08-28T09:32:55.4502526Z hint: call:
test (3.11)	UNKNOWN STEP	2026-08-28T09:32:55.4502939Z hint:
test (3.11)	UNKNOWN STEP	2026-08-28T09:32:55.4503479Z hint: 	git config --global init.defaultBranch <name>
test (3.11)	UNKNOWN STEP	2026-08-28T09:32:55.4504105Z hint:
test (3.11)	UNKNOWN STEP	2026-08-28T09:32:55.4504708Z hint: Names commonly chosen instead of 'master' are 'main', 'trunk' and
test (3.11)	UNKNOWN STEP	2026-08-28T09:32:55.4505651Z hint: 'development'. The just-created branch can be renamed via this command:
test (3.11)	UNKNOWN STEP	2026-08-28T09:32:55.4506417Z hint:
test (3.11)	UNKNOWN STEP	2026-08-28T09:32:55.4506846Z hint: 	git branch -m <name>
test (3.11)	UNKNOWN STEP	2026-08-28T09:32:55.4507380Z hint:
test (3.11)	UNKNOWN STEP	2026-08-28T09:32:55.4508025Z hint: Disable this message with "git config set advice.defaultBranchName false"
test (3.11)	UNKNOWN STEP	2026-08-28T09:32:55.4514716Z Initialized empty Git repository in /home/runner/work/vac-protocol/vac-protocol/.git/
test (3.11)	UNKNOWN STEP	2026-08-28T09:32:55.4528544Z [command]/usr/bin/git remote add origin https://github.com/egnaro9/vac-protocol
test (3.11)	UNKNOWN STEP	2026-08-28T09:32:55.4622214Z ##[endgroup]
test (3.11)	UNKNOWN STEP	2026-08-28T09:32:55.4624131Z ##[group]Disabling automatic garbage collection
test (3.11)	UNKNOWN STEP	2026-08-28T09:32:55.4625641Z [command]/usr/bin/git config --local gc.auto 0
test (3.11)	UNKNOWN STEP	2026-08-28T09:32:55.4641709Z ##[endgroup]
test (3.11)	UNKNOWN STEP	2026-08-28T09:32:55.4643212Z ##[group]Setting up auth
test (3.11)	UNKNOWN STEP	2026-08-28T09:32:55.4644541Z [command]/usr/bin/git config --local --name-only --get-regexp core\.sshCommand
test (3.11)	UNKNOWN STEP	2026-08-28T09:32:55.4684140Z [command]/usr/bin/git submodule foreach --recursive sh -c "git config --local --name-only --get-regexp 'core\.sshCommand' && git config --local --unset-all 'core.sshCommand' || :"
test (3.11)	UNKNOWN STEP	2026-08-28T09:32:55.5102245Z [command]/usr/bin/git config --local --name-only --get-regexp http\.https\:\/\/github\.com\/\.extraheader
test (3.11)	UNKNOWN STEP	2026-08-28T09:32:55.5139545Z [command]/usr/bin/git submodule foreach --recursive sh -c "git config --local --name-only --get-regexp 'http\.https\:\/\/github\.com\/\.extraheader' && git config --local --unset-all 'http.https://github.com/.extraheader' || :"
test (3.11)	UNKNOWN STEP	2026-08-28T09:32:55.5378296Z [command]/usr/bin/git config --local --name-only --get-regexp ^includeIf\.gitdir:
test (3.11)	UNKNOWN STEP	2026-08-28T09:32:55.5419832Z [command]/usr/bin/git submodule foreach --recursive git config --local --show-origin --name-only --get-regexp remote.origin.url
test (3.11)	UNKNOWN STEP	2026-08-28T09:32:55.5734595Z [command]/usr/bin/git config --local http.https://github.com/.extraheader AUTHORIZATION: basic ***
test (3.11)	UNKNOWN STEP	2026-08-28T09:32:55.5789561Z ##[endgroup]
test (3.11)	UNKNOWN STEP	2026-08-28T09:32:55.5790713Z ##[group]Fetching the repository
test (3.11)	UNKNOWN STEP	2026-08-28T09:32:55.5801800Z [command]/usr/bin/git -c protocol.version=2 fetch --no-tags --prune --no-recurse-submodules --depth=1 origin +3f49c148dca7683885021e2c2c58fffe22cd6422:refs/remotes/origin/main
test (3.11)	UNKNOWN STEP	2026-08-28T09:32:56.4657441Z From https://github.com/egnaro9/vac-protocol
test (3.11)	UNKNOWN STEP	2026-08-28T09:32:56.4660680Z  * [new ref]         3f49c148dca7683885021e2c2c58fffe22cd6422 -> origin/main
test (3.11)	UNKNOWN STEP	2026-08-28T09:32:56.4667069Z ##[endgroup]
test (3.11)	UNKNOWN STEP	2026-08-28T09:32:56.4669878Z ##[group]Determining the checkout info
test (3.11)	UNKNOWN STEP	2026-08-28T09:32:56.4672998Z ##[endgroup]
test (3.11)	UNKNOWN STEP	2026-08-28T09:32:56.4675299Z [command]/usr/bin/git sparse-checkout disable
test (3.11)	UNKNOWN STEP	2026-08-28T09:32:56.4731688Z [command]/usr/bin/git config --local --unset-all extensions.worktreeConfig
test (3.11)	UNKNOWN STEP	2026-08-28T09:32:56.4766699Z ##[group]Checking out the ref
test (3.11)	UNKNOWN STEP	2026-08-28T09:32:56.4770239Z [command]/usr/bin/git checkout --progress --force -B main refs/remotes/origin/main
test (3.11)	UNKNOWN STEP	2026-08-28T09:32:56.5038141Z Switched to a new branch 'main'
test (3.11)	UNKNOWN STEP	2026-08-28T09:32:56.5044554Z branch 'main' set up to track 'origin/main'.
test (3.11)	UNKNOWN STEP	2026-08-28T09:32:56.5051749Z ##[endgroup]
test (3.11)	UNKNOWN STEP	2026-08-28T09:32:56.5098705Z [command]/usr/bin/git log -1 --format=%H
test (3.11)	UNKNOWN STEP	2026-08-28T09:32:56.5127110Z 3f49c148dca7683885021e2c2c58fffe22cd6422
test (3.11)	UNKNOWN STEP	2026-08-28T09:32:56.5532767Z Node 20 is being deprecated. This workflow is running with Node 24 by default. If you need to temporarily use Node 20, you can set the ACTIONS_ALLOW_USE_UNSECURE_NODE_VERSION=true environment variable. For more information see: https://github.blog/changelog/2025-09-19-deprecation-of-node-20-on-github-actions-runners/
test (3.11)	UNKNOWN STEP	2026-08-28T09:32:56.5539755Z ##[group]Run actions/setup-python@v5
test (3.11)	UNKNOWN STEP	2026-08-28T09:32:56.5541091Z with:
test (3.11)	UNKNOWN STEP	2026-08-28T09:32:56.5542036Z   python-version: 3.11
test (3.11)	UNKNOWN STEP	2026-08-28T09:32:56.5543147Z   check-latest: false
test (3.11)	UNKNOWN STEP	2026-08-28T09:32:56.5554617Z   token: ***
test (3.11)	UNKNOWN STEP	2026-08-28T09:32:56.5555647Z   update-environment: true
test (3.11)	UNKNOWN STEP	2026-08-28T09:32:56.5556838Z   allow-prereleases: false
test (3.11)	UNKNOWN STEP	2026-08-28T09:32:56.5557998Z   freethreaded: false
test (3.11)	UNKNOWN STEP	2026-08-28T09:32:56.5559166Z ##[endgroup]
test (3.11)	UNKNOWN STEP	2026-08-28T09:32:56.7047152Z ##[group]Installed versions
test (3.11)	UNKNOWN STEP	2026-08-28T09:32:56.7172702Z (node:2234) [DEP0040] DeprecationWarning: The `punycode` module is deprecated. Please use a userland alternative instead.
test (3.11)	UNKNOWN STEP	2026-08-28T09:32:56.7173742Z (Use `node --trace-deprecation ...` to show where the warning was created)
test (3.11)	UNKNOWN STEP	2026-08-28T09:32:56.7174604Z Successfully set up CPython (3.11.16)
test (3.11)	UNKNOWN STEP	2026-08-28T09:32:56.7175502Z ##[endgroup]
test (3.11)	UNKNOWN STEP	2026-08-28T09:32:56.7367353Z ##[group]Run pip install -e ".[test]"
test (3.11)	UNKNOWN STEP	2026-08-28T09:32:56.7368086Z ^[[36;1mpip install -e ".[test]"^[[0m
test (3.11)	UNKNOWN STEP	2026-08-28T09:32:56.7437851Z shell: /usr/bin/bash -e {0}
test (3.11)	UNKNOWN STEP	2026-08-28T09:32:56.7438383Z env:
test (3.11)	UNKNOWN STEP	2026-08-28T09:32:56.7438911Z   pythonLocation: /opt/hostedtoolcache/Python/3.11.16/x64
test (3.11)	UNKNOWN STEP	2026-08-28T09:32:56.7440040Z   PKG_CONFIG_PATH: /opt/hostedtoolcache/Python/3.11.16/x64/lib/pkgconfig
test (3.11)	UNKNOWN STEP	2026-08-28T09:32:56.7440888Z   Python_ROOT_DIR: /opt/hostedtoolcache/Python/3.11.16/x64
test (3.11)	UNKNOWN STEP	2026-08-28T09:32:56.7441638Z   Python2_ROOT_DIR: /opt/hostedtoolcache/Python/3.11.16/x64
test (3.11)	UNKNOWN STEP	2026-08-28T09:32:56.7442390Z   Python3_ROOT_DIR: /opt/hostedtoolcache/Python/3.11.16/x64
test (3.11)	UNKNOWN STEP	2026-08-28T09:32:56.7443151Z   LD_LIBRARY_PATH: /opt/hostedtoolcache/Python/3.11.16/x64/lib
test (3.11)	UNKNOWN STEP	2026-08-28T09:32:56.7443796Z ##[endgroup]
test (3.11)	UNKNOWN STEP	2026-08-28T09:32:57.5871789Z Obtaining file:///home/runner/work/vac-protocol/vac-protocol
test (3.11)	UNKNOWN STEP	2026-08-28T09:32:57.5889398Z   Installing build dependencies: started
test (3.11)	UNKNOWN STEP	2026-08-28T09:32:58.2710827Z   Installing build dependencies: finished with status 'done'
test (3.11)	UNKNOWN STEP	2026-08-28T09:32:58.2717527Z   Checking if build backend supports build_editable: started
test (3.11)	UNKNOWN STEP	2026-08-28T09:32:58.5974758Z   Checking if build backend supports build_editable: finished with status 'done'
test (3.11)	UNKNOWN STEP	2026-08-28T09:32:58.5982214Z   Getting requirements to build editable: started
test (3.11)	UNKNOWN STEP	2026-08-28T09:32:58.9050712Z   Getting requirements to build editable: finished with status 'done'
test (3.11)	UNKNOWN STEP	2026-08-28T09:32:58.9059992Z   Preparing editable metadata (pyproject.toml): started
test (3.11)	UNKNOWN STEP	2026-08-28T09:32:59.0958725Z   Preparing editable metadata (pyproject.toml): finished with status 'done'
test (3.11)	UNKNOWN STEP	2026-08-28T09:32:59.1853435Z Collecting pytest (from vac-protocol==0.1.0)
test (3.11)	UNKNOWN STEP	2026-08-28T09:32:59.2325556Z   Downloading pytest-9.1.1-py3-none-any.whl.metadata (7.6 kB)
test (3.11)	UNKNOWN STEP	2026-08-28T09:32:59.2459309Z Collecting iniconfig>=1.0.1 (from pytest->vac-protocol==0.1.0)
test (3.11)	UNKNOWN STEP	2026-08-28T09:32:59.2488007Z   Downloading iniconfig-2.3.0-py3-none-any.whl.metadata (2.5 kB)
test (3.11)	UNKNOWN STEP	2026-08-28T09:32:59.2640883Z Collecting packaging>=22 (from pytest->vac-protocol==0.1.0)
test (3.11)	UNKNOWN STEP	2026-08-28T09:32:59.2671917Z   Downloading packaging-26.3-py3-none-any.whl.metadata (3.5 kB)
test (3.11)	UNKNOWN STEP	2026-08-28T09:32:59.2825144Z Collecting pluggy<2,>=1.5 (from pytest->vac-protocol==0.1.0)
test (3.11)	UNKNOWN STEP	2026-08-28T09:32:59.2864808Z   Downloading pluggy-1.6.0-py3-none-any.whl.metadata (4.8 kB)
test (3.11)	UNKNOWN STEP	2026-08-28T09:32:59.3033824Z Collecting pygments>=2.7.2 (from pytest->vac-protocol==0.1.0)
test (3.11)	UNKNOWN STEP	2026-08-28T09:32:59.3061922Z   Downloading pygments-2.21.0-py3-none-any.whl.metadata (2.5 kB)
test (3.11)	UNKNOWN STEP	2026-08-28T09:32:59.3136319Z Downloading pytest-9.1.1-py3-none-any.whl (386 kB)
test (3.11)	UNKNOWN STEP	2026-08-28T09:32:59.3334757Z Downloading pluggy-1.6.0-py3-none-any.whl (20 kB)
test (3.11)	UNKNOWN STEP	2026-08-28T09:32:59.3386322Z Downloading iniconfig-2.3.0-py3-none-any.whl (7.5 kB)
test (3.11)	UNKNOWN STEP	2026-08-28T09:32:59.3432302Z Downloading packaging-26.3-py3-none-any.whl (129 kB)
test (3.11)	UNKNOWN STEP	2026-08-28T09:32:59.3484443Z Downloading pygments-2.21.0-py3-none-any.whl (1.3 MB)
test (3.11)	UNKNOWN STEP	2026-08-28T09:32:59.3584537Z    ━━━━━━━━━━━━━━━━━━━━━━━━━━━━━━━━━━━━━━━━ 1.3/1.3 MB 182.0 MB/s  0:00:00
test (3.11)	UNKNOWN STEP	2026-08-28T09:32:59.3883625Z Building wheels for collected packages: vac-protocol
test (3.11)	UNKNOWN STEP	2026-08-28T09:32:59.3892103Z   Building editable for vac-protocol (pyproject.toml): started
test (3.11)	UNKNOWN STEP	2026-08-28T09:32:59.6007158Z   Building editable for vac-protocol (pyproject.toml): finished with status 'done'
test (3.11)	UNKNOWN STEP	2026-08-28T09:32:59.6014083Z   Created wheel for vac-protocol: filename=vac_protocol-0.1.0-0.editable-py3-none-any.whl size=8767 sha256=447c162f220d4696c9e3efbfce98b26b9c08106fb20e84f5d1561f96573976d1
test (3.11)	UNKNOWN STEP	2026-08-28T09:32:59.6017222Z   Stored in directory: /tmp/pip-ephem-wheel-cache-r1c6upna/wheels/c2/b6/47/ad3fc2a6b8a0cd36ac358c99afd0e641db30df633f424b77c4
test (3.11)	UNKNOWN STEP	2026-08-28T09:32:59.6036305Z Successfully built vac-protocol
test (3.11)	UNKNOWN STEP	2026-08-28T09:32:59.6261214Z Installing collected packages: vac-protocol, pygments, pluggy, packaging, iniconfig, pytest
test (3.11)	UNKNOWN STEP	2026-08-28T09:33:00.5949635Z 
test (3.11)	UNKNOWN STEP	2026-08-28T09:33:00.5960037Z Successfully installed iniconfig-2.3.0 packaging-26.3 pluggy-1.6.0 pygments-2.21.0 pytest-9.1.1 vac-protocol-0.1.0
test (3.11)	UNKNOWN STEP	2026-08-28T09:33:00.6665153Z ##[group]Run python -m pytest tests/ -q
test (3.11)	UNKNOWN STEP	2026-08-28T09:33:00.6665536Z ^[[36;1mpython -m pytest tests/ -q^[[0m
test (3.11)	UNKNOWN STEP	2026-08-28T09:33:00.6705375Z shell: /usr/bin/bash -e {0}
test (3.11)	UNKNOWN STEP	2026-08-28T09:33:00.6705637Z env:
test (3.11)	UNKNOWN STEP	2026-08-28T09:33:00.6705913Z   pythonLocation: /opt/hostedtoolcache/Python/3.11.16/x64
test (3.11)	UNKNOWN STEP	2026-08-28T09:33:00.6706366Z   PKG_CONFIG_PATH: /opt/hostedtoolcache/Python/3.11.16/x64/lib/pkgconfig
test (3.11)	UNKNOWN STEP	2026-08-28T09:33:00.6706806Z   Python_ROOT_DIR: /opt/hostedtoolcache/Python/3.11.16/x64
test (3.11)	UNKNOWN STEP	2026-08-28T09:33:00.6707206Z   Python2_ROOT_DIR: /opt/hostedtoolcache/Python/3.11.16/x64
test (3.11)	UNKNOWN STEP	2026-08-28T09:33:00.6707613Z   Python3_ROOT_DIR: /opt/hostedtoolcache/Python/3.11.16/x64
test (3.11)	UNKNOWN STEP	2026-08-28T09:33:00.6708026Z   LD_LIBRARY_PATH: /opt/hostedtoolcache/Python/3.11.16/x64/lib
test (3.11)	UNKNOWN STEP	2026-08-28T09:33:00.6708371Z ##[endgroup]
test (3.11)	UNKNOWN STEP	2026-08-28T09:33:01.8283942Z ...................xxx.s..s..x.......................................... [ 24%]
test (3.11)	UNKNOWN STEP	2026-08-28T09:33:02.1134078Z ........................................................................ [ 49%]
test (3.11)	UNKNOWN STEP	2026-08-28T09:33:03.0917986Z ........................................................................ [ 73%]
test (3.11)	UNKNOWN STEP	2026-08-28T09:33:03.6337545Z .s.ss.....sssssssss..................................................... [ 98%]
test (3.11)	UNKNOWN STEP	2026-08-28T09:33:03.6907003Z .....                                                                    [100%]
test (3.11)	UNKNOWN STEP	2026-08-28T09:33:03.6907984Z 275 passed, 14 skipped, 4 xfailed in 2.65s
test (3.11)	UNKNOWN STEP	2026-08-28T09:33:03.7310743Z Node 20 is being deprecated. This workflow is running with Node 24 by default. If you need to temporarily use Node 20, you can set the ACTIONS_ALLOW_USE_UNSECURE_NODE_VERSION=true environment variable. For more information see: https://github.blog/changelog/2025-09-19-deprecation-of-node-20-on-github-actions-runners/
test (3.11)	UNKNOWN STEP	2026-08-28T09:33:03.7312013Z Post job cleanup.
test (3.11)	UNKNOWN STEP	2026-08-28T09:33:03.8521693Z (node:2761) [DEP0040] DeprecationWarning: The `punycode` module is deprecated. Please use a userland alternative instead.
test (3.11)	UNKNOWN STEP	2026-08-28T09:33:03.8522998Z (Use `node --trace-deprecation ...` to show where the warning was created)
test (3.11)	UNKNOWN STEP	2026-08-28T09:33:03.8718289Z Node 20 is being deprecated. This workflow is running with Node 24 by default. If you need to temporarily use Node 20, you can set the ACTIONS_ALLOW_USE_UNSECURE_NODE_VERSION=true environment variable. For more information see: https://github.blog/changelog/2025-09-19-deprecation-of-node-20-on-github-actions-runners/
test (3.11)	UNKNOWN STEP	2026-08-28T09:33:03.8719798Z Post job cleanup.
test (3.11)	UNKNOWN STEP	2026-08-28T09:33:03.9663049Z [command]/usr/bin/git version
test (3.11)	UNKNOWN STEP	2026-08-28T09:33:03.9709916Z git version 2.55.0
test (3.11)	UNKNOWN STEP	2026-08-28T09:33:03.9754668Z Temporarily overriding HOME='/home/runner/work/_temp/b0024593-8e93-433a-866c-763df08ac722' before making global git config changes
test (3.11)	UNKNOWN STEP	2026-08-28T09:33:03.9756111Z Adding repository directory to the temporary git global config as a safe directory
test (3.11)	UNKNOWN STEP	2026-08-28T09:33:03.9760813Z [command]/usr/bin/git config --global --add safe.directory /home/runner/work/vac-protocol/vac-protocol
test (3.11)	UNKNOWN STEP	2026-08-28T09:33:03.9805575Z [command]/usr/bin/git config --local --name-only --get-regexp core\.sshCommand
test (3.11)	UNKNOWN STEP	2026-08-28T09:33:03.9845585Z [command]/usr/bin/git submodule foreach --recursive sh -c "git config --local --name-only --get-regexp 'core\.sshCommand' && git config --local --unset-all 'core.sshCommand' || :"
test (3.11)	UNKNOWN STEP	2026-08-28T09:33:04.0175206Z [command]/usr/bin/git config --local --name-only --get-regexp http\.https\:\/\/github\.com\/\.extraheader
test (3.11)	UNKNOWN STEP	2026-08-28T09:33:04.0223435Z http.https://github.com/.extraheader
test (3.11)	UNKNOWN STEP	2026-08-28T09:33:04.0244259Z [command]/usr/bin/git config --local --unset-all http.https://github.com/.extraheader
test (3.11)	UNKNOWN STEP	2026-08-28T09:33:04.0284285Z [command]/usr/bin/git submodule foreach --recursive sh -c "git config --local --name-only --get-regexp 'http\.https\:\/\/github\.com\/\.extraheader' && git config --local --unset-all 'http.https://github.com/.extraheader' || :"
test (3.11)	UNKNOWN STEP	2026-08-28T09:33:04.0633102Z [command]/usr/bin/git config --local --name-only --get-regexp ^includeIf\.gitdir:
test (3.11)	UNKNOWN STEP	2026-08-28T09:33:04.0693809Z [command]/usr/bin/git submodule foreach --recursive git config --local --show-origin --name-only --get-regexp remote.origin.url
test (3.11)	UNKNOWN STEP	2026-08-28T09:33:04.1127666Z Cleaning up orphan processes
test (3.11)	UNKNOWN STEP	2026-08-28T09:33:04.1411764Z ##[warning]Node.js 20 is deprecated. The following actions target Node.js 20 but are being forced to run on Node.js 24: actions/checkout@v4, actions/setup-python@v5. For more information see: https://github.blog/changelog/2025-09-19-deprecation-of-node-20-on-github-actions-runners/
