test (3.11)	UNKNOWN STEP	﻿2026-08-28T18:22:10.3052773Z Current runner version: '2.336.0'
test (3.11)	UNKNOWN STEP	2026-08-28T18:22:10.3079865Z ##[group]Runner Image Provisioner
test (3.11)	UNKNOWN STEP	2026-08-28T18:22:10.3080828Z Hosted Compute Agent
test (3.11)	UNKNOWN STEP	2026-08-28T18:22:10.3081457Z Version: 20260819.586
test (3.11)	UNKNOWN STEP	2026-08-28T18:22:10.3082101Z Commit: 3cc4a88dfa507ef76119ad1bb3eccc6378bb2b76
test (3.11)	UNKNOWN STEP	2026-08-28T18:22:10.3082922Z Build Date: 2026-08-18T23:20:18Z
test (3.11)	UNKNOWN STEP	2026-08-28T18:22:10.3083869Z Worker ID: {d9431e0f-8fd7-4232-a1e9-b03bb0bc4707}
test (3.11)	UNKNOWN STEP	2026-08-28T18:22:10.3084586Z Azure Region: westus2
test (3.11)	UNKNOWN STEP	2026-08-28T18:22:10.3085288Z ##[endgroup]
test (3.11)	UNKNOWN STEP	2026-08-28T18:22:10.3086896Z ##[group]Operating System
test (3.11)	UNKNOWN STEP	2026-08-28T18:22:10.3088053Z Ubuntu
test (3.11)	UNKNOWN STEP	2026-08-28T18:22:10.3088605Z 24.04.4
test (3.11)	UNKNOWN STEP	2026-08-28T18:22:10.3089117Z LTS
test (3.11)	UNKNOWN STEP	2026-08-28T18:22:10.3089706Z ##[endgroup]
test (3.11)	UNKNOWN STEP	2026-08-28T18:22:10.3090307Z ##[group]Runner Image
test (3.11)	UNKNOWN STEP	2026-08-28T18:22:10.3090954Z Image: ubuntu-24.04
test (3.11)	UNKNOWN STEP	2026-08-28T18:22:10.3091555Z Version: 20260823.283.1
test (3.11)	UNKNOWN STEP	2026-08-28T18:22:10.3092922Z Included Software: https://github.com/actions/runner-images/blob/ubuntu24/20260823.283/images/ubuntu/Ubuntu2404-Readme.md
test (3.11)	UNKNOWN STEP	2026-08-28T18:22:10.3095150Z Image Release: https://github.com/actions/runner-images/releases/tag/ubuntu24%2F20260823.283
test (3.11)	UNKNOWN STEP	2026-08-28T18:22:10.3096186Z ##[endgroup]
test (3.11)	UNKNOWN STEP	2026-08-28T18:22:10.3097433Z ##[group]GITHUB_TOKEN Permissions
test (3.11)	UNKNOWN STEP	2026-08-28T18:22:10.3099858Z Contents: read
test (3.11)	UNKNOWN STEP	2026-08-28T18:22:10.3100579Z Metadata: read
test (3.11)	UNKNOWN STEP	2026-08-28T18:22:10.3101143Z Packages: read
test (3.11)	UNKNOWN STEP	2026-08-28T18:22:10.3101778Z ##[endgroup]
test (3.11)	UNKNOWN STEP	2026-08-28T18:22:10.3104462Z Secret source: Actions
test (3.11)	UNKNOWN STEP	2026-08-28T18:22:10.3105925Z Prepare workflow directory
test (3.11)	UNKNOWN STEP	2026-08-28T18:22:10.3463924Z Prepare all required actions
test (3.11)	UNKNOWN STEP	2026-08-28T18:22:10.3514584Z Getting action download info
test (3.11)	UNKNOWN STEP	2026-08-28T18:22:10.7302150Z Download action repository 'actions/checkout@v4' (SHA:11d5960a326750d5838078e36cf38b85af677262)
test (3.11)	UNKNOWN STEP	2026-08-28T18:22:10.8722639Z Download action repository 'actions/setup-python@v5' (SHA:a26af69be951a213d495a4c3e4e4022e16d87065)
test (3.11)	UNKNOWN STEP	2026-08-28T18:22:11.0588101Z Complete job name: test (3.11)
test (3.11)	UNKNOWN STEP	2026-08-28T18:22:11.1447670Z Node 20 is being deprecated. This workflow is running with Node 24 by default. If you need to temporarily use Node 20, you can set the ACTIONS_ALLOW_USE_UNSECURE_NODE_VERSION=true environment variable. For more information see: https://github.blog/changelog/2025-09-19-deprecation-of-node-20-on-github-actions-runners/
test (3.11)	UNKNOWN STEP	2026-08-28T18:22:11.1457331Z ##[group]Run actions/checkout@v4
test (3.11)	UNKNOWN STEP	2026-08-28T18:22:11.1458111Z with:
test (3.11)	UNKNOWN STEP	2026-08-28T18:22:11.1458584Z   repository: egnaro9/vac-protocol
test (3.11)	UNKNOWN STEP	2026-08-28T18:22:11.1462632Z   token: ***
test (3.11)	UNKNOWN STEP	2026-08-28T18:22:11.1463091Z   ssh-strict: true
test (3.11)	UNKNOWN STEP	2026-08-28T18:22:11.1463761Z   ssh-user: git
test (3.11)	UNKNOWN STEP	2026-08-28T18:22:11.1464240Z   persist-credentials: true
test (3.11)	UNKNOWN STEP	2026-08-28T18:22:11.1464749Z   clean: true
test (3.11)	UNKNOWN STEP	2026-08-28T18:22:11.1465221Z   sparse-checkout-cone-mode: true
test (3.11)	UNKNOWN STEP	2026-08-28T18:22:11.1465764Z   fetch-depth: 1
test (3.11)	UNKNOWN STEP	2026-08-28T18:22:11.1466208Z   fetch-tags: false
test (3.11)	UNKNOWN STEP	2026-08-28T18:22:11.1466677Z   show-progress: true
test (3.11)	UNKNOWN STEP	2026-08-28T18:22:11.1467152Z   lfs: false
test (3.11)	UNKNOWN STEP	2026-08-28T18:22:11.1467640Z   submodules: false
test (3.11)	UNKNOWN STEP	2026-08-28T18:22:11.1468119Z   set-safe-directory: true
test (3.11)	UNKNOWN STEP	2026-08-28T18:22:11.1468662Z   allow-unsafe-pr-checkout: false
test (3.11)	UNKNOWN STEP	2026-08-28T18:22:11.1469487Z ##[endgroup]
test (3.11)	UNKNOWN STEP	2026-08-28T18:22:11.2587010Z Syncing repository: egnaro9/vac-protocol
test (3.11)	UNKNOWN STEP	2026-08-28T18:22:11.2590038Z ##[group]Getting Git version info
test (3.11)	UNKNOWN STEP	2026-08-28T18:22:11.2591474Z Working directory is '/home/runner/work/vac-protocol/vac-protocol'
test (3.11)	UNKNOWN STEP	2026-08-28T18:22:11.2593209Z [command]/usr/bin/git version
test (3.11)	UNKNOWN STEP	2026-08-28T18:22:11.2687501Z git version 2.55.0
test (3.11)	UNKNOWN STEP	2026-08-28T18:22:11.2719271Z ##[endgroup]
test (3.11)	UNKNOWN STEP	2026-08-28T18:22:11.2745637Z Temporarily overriding HOME='/home/runner/work/_temp/7695592b-763f-4dbc-9f6b-93724408e87b' before making global git config changes
test (3.11)	UNKNOWN STEP	2026-08-28T18:22:11.2748903Z Adding repository directory to the temporary git global config as a safe directory
test (3.11)	UNKNOWN STEP	2026-08-28T18:22:11.2750962Z [command]/usr/bin/git config --global --add safe.directory /home/runner/work/vac-protocol/vac-protocol
test (3.11)	UNKNOWN STEP	2026-08-28T18:22:11.2802308Z Deleting the contents of '/home/runner/work/vac-protocol/vac-protocol'
test (3.11)	UNKNOWN STEP	2026-08-28T18:22:11.2808400Z ##[group]Initializing the repository
test (3.11)	UNKNOWN STEP	2026-08-28T18:22:11.2814981Z [command]/usr/bin/git init /home/runner/work/vac-protocol/vac-protocol
test (3.11)	UNKNOWN STEP	2026-08-28T18:22:11.2945756Z hint: Using 'master' as the name for the initial branch. This default branch name
test (3.11)	UNKNOWN STEP	2026-08-28T18:22:11.2947570Z hint: will change to "main" in Git 3.0. To configure the initial branch name
test (3.11)	UNKNOWN STEP	2026-08-28T18:22:11.2949105Z hint: to use in all of your new repositories, which will suppress this warning,
test (3.11)	UNKNOWN STEP	2026-08-28T18:22:11.2950305Z hint: call:
test (3.11)	UNKNOWN STEP	2026-08-28T18:22:11.2951004Z hint:
test (3.11)	UNKNOWN STEP	2026-08-28T18:22:11.2951887Z hint: 	git config --global init.defaultBranch <name>
test (3.11)	UNKNOWN STEP	2026-08-28T18:22:11.2952894Z hint:
test (3.11)	UNKNOWN STEP	2026-08-28T18:22:11.2954042Z hint: Names commonly chosen instead of 'master' are 'main', 'trunk' and
test (3.11)	UNKNOWN STEP	2026-08-28T18:22:11.2955563Z hint: 'development'. The just-created branch can be renamed via this command:
test (3.11)	UNKNOWN STEP	2026-08-28T18:22:11.2956853Z hint:
test (3.11)	UNKNOWN STEP	2026-08-28T18:22:11.2957567Z hint: 	git branch -m <name>
test (3.11)	UNKNOWN STEP	2026-08-28T18:22:11.2958394Z hint:
test (3.11)	UNKNOWN STEP	2026-08-28T18:22:11.2959397Z hint: Disable this message with "git config set advice.defaultBranchName false"
test (3.11)	UNKNOWN STEP	2026-08-28T18:22:11.2966261Z Initialized empty Git repository in /home/runner/work/vac-protocol/vac-protocol/.git/
test (3.11)	UNKNOWN STEP	2026-08-28T18:22:11.2978444Z [command]/usr/bin/git remote add origin https://github.com/egnaro9/vac-protocol
test (3.11)	UNKNOWN STEP	2026-08-28T18:22:11.3032330Z ##[endgroup]
test (3.11)	UNKNOWN STEP	2026-08-28T18:22:11.3033911Z ##[group]Disabling automatic garbage collection
test (3.11)	UNKNOWN STEP	2026-08-28T18:22:11.3037621Z [command]/usr/bin/git config --local gc.auto 0
test (3.11)	UNKNOWN STEP	2026-08-28T18:22:11.3074959Z ##[endgroup]
test (3.11)	UNKNOWN STEP	2026-08-28T18:22:11.3076218Z ##[group]Setting up auth
test (3.11)	UNKNOWN STEP	2026-08-28T18:22:11.3082907Z [command]/usr/bin/git config --local --name-only --get-regexp core\.sshCommand
test (3.11)	UNKNOWN STEP	2026-08-28T18:22:11.3121484Z [command]/usr/bin/git submodule foreach --recursive sh -c "git config --local --name-only --get-regexp 'core\.sshCommand' && git config --local --unset-all 'core.sshCommand' || :"
test (3.11)	UNKNOWN STEP	2026-08-28T18:22:11.3525015Z [command]/usr/bin/git config --local --name-only --get-regexp http\.https\:\/\/github\.com\/\.extraheader
test (3.11)	UNKNOWN STEP	2026-08-28T18:22:11.3572661Z [command]/usr/bin/git submodule foreach --recursive sh -c "git config --local --name-only --get-regexp 'http\.https\:\/\/github\.com\/\.extraheader' && git config --local --unset-all 'http.https://github.com/.extraheader' || :"
test (3.11)	UNKNOWN STEP	2026-08-28T18:22:11.3841574Z [command]/usr/bin/git config --local --name-only --get-regexp ^includeIf\.gitdir:
test (3.11)	UNKNOWN STEP	2026-08-28T18:22:11.3894134Z [command]/usr/bin/git submodule foreach --recursive git config --local --show-origin --name-only --get-regexp remote.origin.url
test (3.11)	UNKNOWN STEP	2026-08-28T18:22:11.4169698Z [command]/usr/bin/git config --local http.https://github.com/.extraheader AUTHORIZATION: basic ***
test (3.11)	UNKNOWN STEP	2026-08-28T18:22:11.4222438Z ##[endgroup]
test (3.11)	UNKNOWN STEP	2026-08-28T18:22:11.4239611Z ##[group]Fetching the repository
test (3.11)	UNKNOWN STEP	2026-08-28T18:22:11.4242223Z [command]/usr/bin/git -c protocol.version=2 fetch --no-tags --prune --no-recurse-submodules --depth=1 origin +f1511f523e37aeb9304d9f69c5358610ad0666ec:refs/remotes/origin/main
test (3.11)	UNKNOWN STEP	2026-08-28T18:22:11.9337216Z From https://github.com/egnaro9/vac-protocol
test (3.11)	UNKNOWN STEP	2026-08-28T18:22:11.9339813Z  * [new ref]         f1511f523e37aeb9304d9f69c5358610ad0666ec -> origin/main
test (3.11)	UNKNOWN STEP	2026-08-28T18:22:11.9344797Z ##[endgroup]
test (3.11)	UNKNOWN STEP	2026-08-28T18:22:11.9347053Z ##[group]Determining the checkout info
test (3.11)	UNKNOWN STEP	2026-08-28T18:22:11.9349801Z ##[endgroup]
test (3.11)	UNKNOWN STEP	2026-08-28T18:22:11.9351065Z [command]/usr/bin/git sparse-checkout disable
test (3.11)	UNKNOWN STEP	2026-08-28T18:22:11.9414292Z [command]/usr/bin/git config --local --unset-all extensions.worktreeConfig
test (3.11)	UNKNOWN STEP	2026-08-28T18:22:11.9453999Z ##[group]Checking out the ref
test (3.11)	UNKNOWN STEP	2026-08-28T18:22:11.9459381Z [command]/usr/bin/git checkout --progress --force -B main refs/remotes/origin/main
test (3.11)	UNKNOWN STEP	2026-08-28T18:22:11.9772198Z Switched to a new branch 'main'
test (3.11)	UNKNOWN STEP	2026-08-28T18:22:11.9776683Z branch 'main' set up to track 'origin/main'.
test (3.11)	UNKNOWN STEP	2026-08-28T18:22:11.9786438Z ##[endgroup]
test (3.11)	UNKNOWN STEP	2026-08-28T18:22:11.9837850Z [command]/usr/bin/git log -1 --format=%H
test (3.11)	UNKNOWN STEP	2026-08-28T18:22:11.9868785Z f1511f523e37aeb9304d9f69c5358610ad0666ec
test (3.11)	UNKNOWN STEP	2026-08-28T18:22:12.0290273Z Node 20 is being deprecated. This workflow is running with Node 24 by default. If you need to temporarily use Node 20, you can set the ACTIONS_ALLOW_USE_UNSECURE_NODE_VERSION=true environment variable. For more information see: https://github.blog/changelog/2025-09-19-deprecation-of-node-20-on-github-actions-runners/
test (3.11)	UNKNOWN STEP	2026-08-28T18:22:12.0297781Z ##[group]Run actions/setup-python@v5
test (3.11)	UNKNOWN STEP	2026-08-28T18:22:12.0299034Z with:
test (3.11)	UNKNOWN STEP	2026-08-28T18:22:12.0299933Z   python-version: 3.11
test (3.11)	UNKNOWN STEP	2026-08-28T18:22:12.0300993Z   check-latest: false
test (3.11)	UNKNOWN STEP	2026-08-28T18:22:12.0312604Z   token: ***
test (3.11)	UNKNOWN STEP	2026-08-28T18:22:12.0313785Z   update-environment: true
test (3.11)	UNKNOWN STEP	2026-08-28T18:22:12.0314914Z   allow-prereleases: false
test (3.11)	UNKNOWN STEP	2026-08-28T18:22:12.0316039Z   freethreaded: false
test (3.11)	UNKNOWN STEP	2026-08-28T18:22:12.0317039Z ##[endgroup]
test (3.11)	UNKNOWN STEP	2026-08-28T18:22:12.1752118Z ##[group]Installed versions
test (3.11)	UNKNOWN STEP	2026-08-28T18:22:12.1851671Z (node:2244) [DEP0040] DeprecationWarning: The `punycode` module is deprecated. Please use a userland alternative instead.
test (3.11)	UNKNOWN STEP	2026-08-28T18:22:12.1856995Z (Use `node --trace-deprecation ...` to show where the warning was created)
test (3.11)	UNKNOWN STEP	2026-08-28T18:22:12.1860260Z Successfully set up CPython (3.11.16)
test (3.11)	UNKNOWN STEP	2026-08-28T18:22:12.1863655Z ##[endgroup]
test (3.11)	UNKNOWN STEP	2026-08-28T18:22:12.2206762Z ##[group]Run pip install -e ".[test]"
test (3.11)	UNKNOWN STEP	2026-08-28T18:22:12.2208557Z ^[[36;1mpip install -e ".[test]"^[[0m
test (3.11)	UNKNOWN STEP	2026-08-28T18:22:12.2282251Z shell: /usr/bin/bash -e {0}
test (3.11)	UNKNOWN STEP	2026-08-28T18:22:12.2283768Z env:
test (3.11)	UNKNOWN STEP	2026-08-28T18:22:12.2284932Z   pythonLocation: /opt/hostedtoolcache/Python/3.11.16/x64
test (3.11)	UNKNOWN STEP	2026-08-28T18:22:12.2286843Z   PKG_CONFIG_PATH: /opt/hostedtoolcache/Python/3.11.16/x64/lib/pkgconfig
test (3.11)	UNKNOWN STEP	2026-08-28T18:22:12.2288740Z   Python_ROOT_DIR: /opt/hostedtoolcache/Python/3.11.16/x64
test (3.11)	UNKNOWN STEP	2026-08-28T18:22:12.2290433Z   Python2_ROOT_DIR: /opt/hostedtoolcache/Python/3.11.16/x64
test (3.11)	UNKNOWN STEP	2026-08-28T18:22:12.2292138Z   Python3_ROOT_DIR: /opt/hostedtoolcache/Python/3.11.16/x64
test (3.11)	UNKNOWN STEP	2026-08-28T18:22:12.2294257Z   LD_LIBRARY_PATH: /opt/hostedtoolcache/Python/3.11.16/x64/lib
test (3.11)	UNKNOWN STEP	2026-08-28T18:22:12.2295765Z ##[endgroup]
test (3.11)	UNKNOWN STEP	2026-08-28T18:22:13.0237670Z Obtaining file:///home/runner/work/vac-protocol/vac-protocol
test (3.11)	UNKNOWN STEP	2026-08-28T18:22:13.0257858Z   Installing build dependencies: started
test (3.11)	UNKNOWN STEP	2026-08-28T18:22:13.8363227Z   Installing build dependencies: finished with status 'done'
test (3.11)	UNKNOWN STEP	2026-08-28T18:22:13.8369960Z   Checking if build backend supports build_editable: started
test (3.11)	UNKNOWN STEP	2026-08-28T18:22:14.1904107Z   Checking if build backend supports build_editable: finished with status 'done'
test (3.11)	UNKNOWN STEP	2026-08-28T18:22:14.1914579Z   Getting requirements to build editable: started
test (3.11)	UNKNOWN STEP	2026-08-28T18:22:14.5230407Z   Getting requirements to build editable: finished with status 'done'
test (3.11)	UNKNOWN STEP	2026-08-28T18:22:14.5240356Z   Preparing editable metadata (pyproject.toml): started
test (3.11)	UNKNOWN STEP	2026-08-28T18:22:14.7188104Z   Preparing editable metadata (pyproject.toml): finished with status 'done'
test (3.11)	UNKNOWN STEP	2026-08-28T18:22:14.8222856Z Collecting pytest (from vac-protocol==0.1.0)
test (3.11)	UNKNOWN STEP	2026-08-28T18:22:14.8835071Z   Downloading pytest-9.1.1-py3-none-any.whl.metadata (7.6 kB)
test (3.11)	UNKNOWN STEP	2026-08-28T18:22:14.9015346Z Collecting iniconfig>=1.0.1 (from pytest->vac-protocol==0.1.0)
test (3.11)	UNKNOWN STEP	2026-08-28T18:22:14.9106293Z   Downloading iniconfig-2.3.0-py3-none-any.whl.metadata (2.5 kB)
test (3.11)	UNKNOWN STEP	2026-08-28T18:22:14.9331125Z Collecting packaging>=22 (from pytest->vac-protocol==0.1.0)
test (3.11)	UNKNOWN STEP	2026-08-28T18:22:14.9431161Z   Downloading packaging-26.3-py3-none-any.whl.metadata (3.5 kB)
test (3.11)	UNKNOWN STEP	2026-08-28T18:22:14.9614579Z Collecting pluggy<2,>=1.5 (from pytest->vac-protocol==0.1.0)
test (3.11)	UNKNOWN STEP	2026-08-28T18:22:14.9701893Z   Downloading pluggy-1.6.0-py3-none-any.whl.metadata (4.8 kB)
test (3.11)	UNKNOWN STEP	2026-08-28T18:22:14.9950923Z Collecting pygments>=2.7.2 (from pytest->vac-protocol==0.1.0)
test (3.11)	UNKNOWN STEP	2026-08-28T18:22:15.0040676Z   Downloading pygments-2.21.0-py3-none-any.whl.metadata (2.5 kB)
test (3.11)	UNKNOWN STEP	2026-08-28T18:22:15.0200185Z Downloading pytest-9.1.1-py3-none-any.whl (386 kB)
test (3.11)	UNKNOWN STEP	2026-08-28T18:22:15.0640228Z Downloading pluggy-1.6.0-py3-none-any.whl (20 kB)
test (3.11)	UNKNOWN STEP	2026-08-28T18:22:15.0754196Z Downloading iniconfig-2.3.0-py3-none-any.whl (7.5 kB)
test (3.11)	UNKNOWN STEP	2026-08-28T18:22:15.0859800Z Downloading packaging-26.3-py3-none-any.whl (129 kB)
test (3.11)	UNKNOWN STEP	2026-08-28T18:22:15.1036900Z Downloading pygments-2.21.0-py3-none-any.whl (1.3 MB)
test (3.11)	UNKNOWN STEP	2026-08-28T18:22:15.1674677Z    ━━━━━━━━━━━━━━━━━━━━━━━━━━━━━━━━━━━━━━━━ 1.3/1.3 MB 21.1 MB/s  0:00:00
test (3.11)	UNKNOWN STEP	2026-08-28T18:22:15.1984029Z Building wheels for collected packages: vac-protocol
test (3.11)	UNKNOWN STEP	2026-08-28T18:22:15.1991825Z   Building editable for vac-protocol (pyproject.toml): started
test (3.11)	UNKNOWN STEP	2026-08-28T18:22:15.4130128Z   Building editable for vac-protocol (pyproject.toml): finished with status 'done'
test (3.11)	UNKNOWN STEP	2026-08-28T18:22:15.4136145Z   Created wheel for vac-protocol: filename=vac_protocol-0.1.0-0.editable-py3-none-any.whl size=8850 sha256=28a38757dfafecfcc4823f140a434a34d4f00a2b19a78263c070f2478b50614d
test (3.11)	UNKNOWN STEP	2026-08-28T18:22:15.4137979Z   Stored in directory: /tmp/pip-ephem-wheel-cache-yg_5q6rq/wheels/c2/b6/47/ad3fc2a6b8a0cd36ac358c99afd0e641db30df633f424b77c4
test (3.11)	UNKNOWN STEP	2026-08-28T18:22:15.4157692Z Successfully built vac-protocol
test (3.11)	UNKNOWN STEP	2026-08-28T18:22:15.4382092Z Installing collected packages: vac-protocol, pygments, pluggy, packaging, iniconfig, pytest
test (3.11)	UNKNOWN STEP	2026-08-28T18:22:16.4956946Z 
test (3.11)	UNKNOWN STEP	2026-08-28T18:22:16.4985000Z Successfully installed iniconfig-2.3.0 packaging-26.3 pluggy-1.6.0 pygments-2.21.0 pytest-9.1.1 vac-protocol-0.1.0
test (3.11)	UNKNOWN STEP	2026-08-28T18:22:16.5810352Z ##[group]Run python -m pytest tests/ -q
test (3.11)	UNKNOWN STEP	2026-08-28T18:22:16.5810741Z ^[[36;1mpython -m pytest tests/ -q^[[0m
test (3.11)	UNKNOWN STEP	2026-08-28T18:22:16.5851000Z shell: /usr/bin/bash -e {0}
test (3.11)	UNKNOWN STEP	2026-08-28T18:22:16.5851259Z env:
test (3.11)	UNKNOWN STEP	2026-08-28T18:22:16.5851534Z   pythonLocation: /opt/hostedtoolcache/Python/3.11.16/x64
test (3.11)	UNKNOWN STEP	2026-08-28T18:22:16.5851973Z   PKG_CONFIG_PATH: /opt/hostedtoolcache/Python/3.11.16/x64/lib/pkgconfig
test (3.11)	UNKNOWN STEP	2026-08-28T18:22:16.5852404Z   Python_ROOT_DIR: /opt/hostedtoolcache/Python/3.11.16/x64
test (3.11)	UNKNOWN STEP	2026-08-28T18:22:16.5852784Z   Python2_ROOT_DIR: /opt/hostedtoolcache/Python/3.11.16/x64
test (3.11)	UNKNOWN STEP	2026-08-28T18:22:16.5853170Z   Python3_ROOT_DIR: /opt/hostedtoolcache/Python/3.11.16/x64
test (3.11)	UNKNOWN STEP	2026-08-28T18:22:16.5853722Z   LD_LIBRARY_PATH: /opt/hostedtoolcache/Python/3.11.16/x64/lib
test (3.11)	UNKNOWN STEP	2026-08-28T18:22:16.5854046Z ##[endgroup]
test (3.11)	UNKNOWN STEP	2026-08-28T18:22:18.2033921Z ......................xxx.s...s..x...................................... [ 22%]
test (3.11)	UNKNOWN STEP	2026-08-28T18:22:18.4953182Z ........................................................................ [ 45%]
test (3.11)	UNKNOWN STEP	2026-08-28T18:22:19.5466460Z ........................................................................ [ 67%]
test (3.11)	UNKNOWN STEP	2026-08-28T18:22:19.9988459Z ..............s.ss.....ssssssssss....................................... [ 90%]
test (3.11)	UNKNOWN STEP	2026-08-28T18:22:20.3199940Z ..............................                                           [100%]
test (3.11)	UNKNOWN STEP	2026-08-28T18:22:20.3200566Z 299 passed, 15 skipped, 4 xfailed in 3.32s
test (3.11)	UNKNOWN STEP	2026-08-28T18:22:20.3667876Z Node 20 is being deprecated. This workflow is running with Node 24 by default. If you need to temporarily use Node 20, you can set the ACTIONS_ALLOW_USE_UNSECURE_NODE_VERSION=true environment variable. For more information see: https://github.blog/changelog/2025-09-19-deprecation-of-node-20-on-github-actions-runners/
test (3.11)	UNKNOWN STEP	2026-08-28T18:22:20.3669137Z Post job cleanup.
test (3.11)	UNKNOWN STEP	2026-08-28T18:22:20.4910559Z (node:2797) [DEP0040] DeprecationWarning: The `punycode` module is deprecated. Please use a userland alternative instead.
test (3.11)	UNKNOWN STEP	2026-08-28T18:22:20.4911637Z (Use `node --trace-deprecation ...` to show where the warning was created)
test (3.11)	UNKNOWN STEP	2026-08-28T18:22:20.5146861Z Node 20 is being deprecated. This workflow is running with Node 24 by default. If you need to temporarily use Node 20, you can set the ACTIONS_ALLOW_USE_UNSECURE_NODE_VERSION=true environment variable. For more information see: https://github.blog/changelog/2025-09-19-deprecation-of-node-20-on-github-actions-runners/
test (3.11)	UNKNOWN STEP	2026-08-28T18:22:20.5148128Z Post job cleanup.
test (3.11)	UNKNOWN STEP	2026-08-28T18:22:20.6075948Z [command]/usr/bin/git version
test (3.11)	UNKNOWN STEP	2026-08-28T18:22:20.6123572Z git version 2.55.0
test (3.11)	UNKNOWN STEP	2026-08-28T18:22:20.6167222Z Temporarily overriding HOME='/home/runner/work/_temp/ced70b15-d8bd-4715-9770-460b31bd6921' before making global git config changes
test (3.11)	UNKNOWN STEP	2026-08-28T18:22:20.6168650Z Adding repository directory to the temporary git global config as a safe directory
test (3.11)	UNKNOWN STEP	2026-08-28T18:22:20.6175350Z [command]/usr/bin/git config --global --add safe.directory /home/runner/work/vac-protocol/vac-protocol
test (3.11)	UNKNOWN STEP	2026-08-28T18:22:20.6224097Z [command]/usr/bin/git config --local --name-only --get-regexp core\.sshCommand
test (3.11)	UNKNOWN STEP	2026-08-28T18:22:20.6274225Z [command]/usr/bin/git submodule foreach --recursive sh -c "git config --local --name-only --get-regexp 'core\.sshCommand' && git config --local --unset-all 'core.sshCommand' || :"
test (3.11)	UNKNOWN STEP	2026-08-28T18:22:20.6547536Z [command]/usr/bin/git config --local --name-only --get-regexp http\.https\:\/\/github\.com\/\.extraheader
test (3.11)	UNKNOWN STEP	2026-08-28T18:22:20.6584673Z http.https://github.com/.extraheader
test (3.11)	UNKNOWN STEP	2026-08-28T18:22:20.6598310Z [command]/usr/bin/git config --local --unset-all http.https://github.com/.extraheader
test (3.11)	UNKNOWN STEP	2026-08-28T18:22:20.6644653Z [command]/usr/bin/git submodule foreach --recursive sh -c "git config --local --name-only --get-regexp 'http\.https\:\/\/github\.com\/\.extraheader' && git config --local --unset-all 'http.https://github.com/.extraheader' || :"
test (3.11)	UNKNOWN STEP	2026-08-28T18:22:20.6934716Z [command]/usr/bin/git config --local --name-only --get-regexp ^includeIf\.gitdir:
test (3.11)	UNKNOWN STEP	2026-08-28T18:22:20.6989851Z [command]/usr/bin/git submodule foreach --recursive git config --local --show-origin --name-only --get-regexp remote.origin.url
test (3.11)	UNKNOWN STEP	2026-08-28T18:22:20.7418132Z Cleaning up orphan processes
test (3.11)	UNKNOWN STEP	2026-08-28T18:22:20.7723231Z ##[warning]Node.js 20 is deprecated. The following actions target Node.js 20 but are being forced to run on Node.js 24: actions/checkout@v4, actions/setup-python@v5. For more information see: https://github.blog/changelog/2025-09-19-deprecation-of-node-20-on-github-actions-runners/
invalidation-liveness	UNKNOWN STEP	﻿2026-08-28T18:22:08.2507364Z Current runner version: '2.336.0'
invalidation-liveness	UNKNOWN STEP	2026-08-28T18:22:08.2530080Z ##[group]Runner Image Provisioner
invalidation-liveness	UNKNOWN STEP	2026-08-28T18:22:08.2530753Z Hosted Compute Agent
invalidation-liveness	UNKNOWN STEP	2026-08-28T18:22:08.2531349Z Version: 20260819.586
invalidation-liveness	UNKNOWN STEP	2026-08-28T18:22:08.2531890Z Commit: 3cc4a88dfa507ef76119ad1bb3eccc6378bb2b76
invalidation-liveness	UNKNOWN STEP	2026-08-28T18:22:08.2532545Z Build Date: 2026-08-18T23:20:18Z
invalidation-liveness	UNKNOWN STEP	2026-08-28T18:22:08.2533203Z Worker ID: {030a08f2-11a0-47fc-9ab3-f0bf9f8fadd7}
invalidation-liveness	UNKNOWN STEP	2026-08-28T18:22:08.2534136Z Azure Region: eastus
invalidation-liveness	UNKNOWN STEP	2026-08-28T18:22:08.2534629Z ##[endgroup]
invalidation-liveness	UNKNOWN STEP	2026-08-28T18:22:08.2536068Z ##[group]Operating System
invalidation-liveness	UNKNOWN STEP	2026-08-28T18:22:08.2536688Z Ubuntu
invalidation-liveness	UNKNOWN STEP	2026-08-28T18:22:08.2537175Z 24.04.4
invalidation-liveness	UNKNOWN STEP	2026-08-28T18:22:08.2537625Z LTS
invalidation-liveness	UNKNOWN STEP	2026-08-28T18:22:08.2538066Z ##[endgroup]
invalidation-liveness	UNKNOWN STEP	2026-08-28T18:22:08.2538542Z ##[group]Runner Image
invalidation-liveness	UNKNOWN STEP	2026-08-28T18:22:08.2539153Z Image: ubuntu-24.04
invalidation-liveness	UNKNOWN STEP	2026-08-28T18:22:08.2539658Z Version: 20260823.283.1
invalidation-liveness	UNKNOWN STEP	2026-08-28T18:22:08.2540723Z Included Software: https://github.com/actions/runner-images/blob/ubuntu24/20260823.283/images/ubuntu/Ubuntu2404-Readme.md
invalidation-liveness	UNKNOWN STEP	2026-08-28T18:22:08.2541961Z Image Release: https://github.com/actions/runner-images/releases/tag/ubuntu24%2F20260823.283
invalidation-liveness	UNKNOWN STEP	2026-08-28T18:22:08.2542847Z ##[endgroup]
invalidation-liveness	UNKNOWN STEP	2026-08-28T18:22:08.2543812Z ##[group]GITHUB_TOKEN Permissions
invalidation-liveness	UNKNOWN STEP	2026-08-28T18:22:08.2545897Z Contents: read
invalidation-liveness	UNKNOWN STEP	2026-08-28T18:22:08.2546400Z Metadata: read
invalidation-liveness	UNKNOWN STEP	2026-08-28T18:22:08.2546921Z Packages: read
invalidation-liveness	UNKNOWN STEP	2026-08-28T18:22:08.2547419Z ##[endgroup]
invalidation-liveness	UNKNOWN STEP	2026-08-28T18:22:08.2549468Z Secret source: Actions
invalidation-liveness	UNKNOWN STEP	2026-08-28T18:22:08.2550645Z Prepare workflow directory
invalidation-liveness	UNKNOWN STEP	2026-08-28T18:22:08.2817090Z Prepare all required actions
invalidation-liveness	UNKNOWN STEP	2026-08-28T18:22:08.2858102Z Getting action download info
invalidation-liveness	UNKNOWN STEP	2026-08-28T18:22:08.4455360Z Download action repository 'actions/checkout@v4' (SHA:11d5960a326750d5838078e36cf38b85af677262)
invalidation-liveness	UNKNOWN STEP	2026-08-28T18:22:08.5701603Z Download action repository 'actions/setup-python@v5' (SHA:a26af69be951a213d495a4c3e4e4022e16d87065)
invalidation-liveness	UNKNOWN STEP	2026-08-28T18:22:08.7565780Z Complete job name: invalidation-liveness
invalidation-liveness	UNKNOWN STEP	2026-08-28T18:22:08.8254576Z Node 20 is being deprecated. This workflow is running with Node 24 by default. If you need to temporarily use Node 20, you can set the ACTIONS_ALLOW_USE_UNSECURE_NODE_VERSION=true environment variable. For more information see: https://github.blog/changelog/2025-09-19-deprecation-of-node-20-on-github-actions-runners/
invalidation-liveness	UNKNOWN STEP	2026-08-28T18:22:08.8262227Z ##[group]Run actions/checkout@v4
invalidation-liveness	UNKNOWN STEP	2026-08-28T18:22:08.8262788Z with:
invalidation-liveness	UNKNOWN STEP	2026-08-28T18:22:08.8263144Z   repository: egnaro9/vac-protocol
invalidation-liveness	UNKNOWN STEP	2026-08-28T18:22:08.8266321Z   token: ***
invalidation-liveness	UNKNOWN STEP	2026-08-28T18:22:08.8266669Z   ssh-strict: true
invalidation-liveness	UNKNOWN STEP	2026-08-28T18:22:08.8267025Z   ssh-user: git
invalidation-liveness	UNKNOWN STEP	2026-08-28T18:22:08.8267385Z   persist-credentials: true
invalidation-liveness	UNKNOWN STEP	2026-08-28T18:22:08.8267776Z   clean: true
invalidation-liveness	UNKNOWN STEP	2026-08-28T18:22:08.8268131Z   sparse-checkout-cone-mode: true
invalidation-liveness	UNKNOWN STEP	2026-08-28T18:22:08.8268542Z   fetch-depth: 1
invalidation-liveness	UNKNOWN STEP	2026-08-28T18:22:08.8268880Z   fetch-tags: false
invalidation-liveness	UNKNOWN STEP	2026-08-28T18:22:08.8269231Z   show-progress: true
invalidation-liveness	UNKNOWN STEP	2026-08-28T18:22:08.8269589Z   lfs: false
invalidation-liveness	UNKNOWN STEP	2026-08-28T18:22:08.8269962Z   submodules: false
invalidation-liveness	UNKNOWN STEP	2026-08-28T18:22:08.8270317Z   set-safe-directory: true
invalidation-liveness	UNKNOWN STEP	2026-08-28T18:22:08.8270730Z   allow-unsafe-pr-checkout: false
invalidation-liveness	UNKNOWN STEP	2026-08-28T18:22:08.8271291Z ##[endgroup]
invalidation-liveness	UNKNOWN STEP	2026-08-28T18:22:08.9118118Z Syncing repository: egnaro9/vac-protocol
invalidation-liveness	UNKNOWN STEP	2026-08-28T18:22:08.9120287Z ##[group]Getting Git version info
invalidation-liveness	UNKNOWN STEP	2026-08-28T18:22:08.9121189Z Working directory is '/home/runner/work/vac-protocol/vac-protocol'
invalidation-liveness	UNKNOWN STEP	2026-08-28T18:22:08.9122528Z [command]/usr/bin/git version
invalidation-liveness	UNKNOWN STEP	2026-08-28T18:22:08.9146498Z git version 2.55.0
invalidation-liveness	UNKNOWN STEP	2026-08-28T18:22:08.9198430Z ##[endgroup]
invalidation-liveness	UNKNOWN STEP	2026-08-28T18:22:08.9210420Z Temporarily overriding HOME='/home/runner/work/_temp/4bc1cd85-e078-436a-ae5f-30df4baf97fa' before making global git config changes
invalidation-liveness	UNKNOWN STEP	2026-08-28T18:22:08.9212345Z Adding repository directory to the temporary git global config as a safe directory
invalidation-liveness	UNKNOWN STEP	2026-08-28T18:22:08.9215675Z [command]/usr/bin/git config --global --add safe.directory /home/runner/work/vac-protocol/vac-protocol
invalidation-liveness	UNKNOWN STEP	2026-08-28T18:22:08.9266675Z Deleting the contents of '/home/runner/work/vac-protocol/vac-protocol'
invalidation-liveness	UNKNOWN STEP	2026-08-28T18:22:08.9269671Z ##[group]Initializing the repository
invalidation-liveness	UNKNOWN STEP	2026-08-28T18:22:08.9273543Z [command]/usr/bin/git init /home/runner/work/vac-protocol/vac-protocol
invalidation-liveness	UNKNOWN STEP	2026-08-28T18:22:08.9348235Z hint: Using 'master' as the name for the initial branch. This default branch name
invalidation-liveness	UNKNOWN STEP	2026-08-28T18:22:08.9349858Z hint: will change to "main" in Git 3.0. To configure the initial branch name
invalidation-liveness	UNKNOWN STEP	2026-08-28T18:22:08.9351649Z hint: to use in all of your new repositories, which will suppress this warning,
invalidation-liveness	UNKNOWN STEP	2026-08-28T18:22:08.9353426Z hint: call:
invalidation-liveness	UNKNOWN STEP	2026-08-28T18:22:08.9354078Z hint:
invalidation-liveness	UNKNOWN STEP	2026-08-28T18:22:08.9354870Z hint: 	git config --global init.defaultBranch <name>
invalidation-liveness	UNKNOWN STEP	2026-08-28T18:22:08.9356043Z hint:
invalidation-liveness	UNKNOWN STEP	2026-08-28T18:22:08.9356888Z hint: Names commonly chosen instead of 'master' are 'main', 'trunk' and
invalidation-liveness	UNKNOWN STEP	2026-08-28T18:22:08.9358210Z hint: 'development'. The just-created branch can be renamed via this command:
invalidation-liveness	UNKNOWN STEP	2026-08-28T18:22:08.9359275Z hint:
invalidation-liveness	UNKNOWN STEP	2026-08-28T18:22:08.9359927Z hint: 	git branch -m <name>
invalidation-liveness	UNKNOWN STEP	2026-08-28T18:22:08.9360691Z hint:
invalidation-liveness	UNKNOWN STEP	2026-08-28T18:22:08.9361555Z hint: Disable this message with "git config set advice.defaultBranchName false"
invalidation-liveness	UNKNOWN STEP	2026-08-28T18:22:08.9362712Z Initialized empty Git repository in /home/runner/work/vac-protocol/vac-protocol/.git/
invalidation-liveness	UNKNOWN STEP	2026-08-28T18:22:08.9365370Z [command]/usr/bin/git remote add origin https://github.com/egnaro9/vac-protocol
invalidation-liveness	UNKNOWN STEP	2026-08-28T18:22:08.9401225Z ##[endgroup]
invalidation-liveness	UNKNOWN STEP	2026-08-28T18:22:08.9402175Z ##[group]Disabling automatic garbage collection
invalidation-liveness	UNKNOWN STEP	2026-08-28T18:22:08.9405565Z [command]/usr/bin/git config --local gc.auto 0
invalidation-liveness	UNKNOWN STEP	2026-08-28T18:22:08.9433792Z ##[endgroup]
invalidation-liveness	UNKNOWN STEP	2026-08-28T18:22:08.9434677Z ##[group]Setting up auth
invalidation-liveness	UNKNOWN STEP	2026-08-28T18:22:08.9439903Z [command]/usr/bin/git config --local --name-only --get-regexp core\.sshCommand
invalidation-liveness	UNKNOWN STEP	2026-08-28T18:22:08.9470577Z [command]/usr/bin/git submodule foreach --recursive sh -c "git config --local --name-only --get-regexp 'core\.sshCommand' && git config --local --unset-all 'core.sshCommand' || :"
invalidation-liveness	UNKNOWN STEP	2026-08-28T18:22:08.9767189Z [command]/usr/bin/git config --local --name-only --get-regexp http\.https\:\/\/github\.com\/\.extraheader
invalidation-liveness	UNKNOWN STEP	2026-08-28T18:22:08.9803527Z [command]/usr/bin/git submodule foreach --recursive sh -c "git config --local --name-only --get-regexp 'http\.https\:\/\/github\.com\/\.extraheader' && git config --local --unset-all 'http.https://github.com/.extraheader' || :"
invalidation-liveness	UNKNOWN STEP	2026-08-28T18:22:09.0014874Z [command]/usr/bin/git config --local --name-only --get-regexp ^includeIf\.gitdir:
invalidation-liveness	UNKNOWN STEP	2026-08-28T18:22:09.0049699Z [command]/usr/bin/git submodule foreach --recursive git config --local --show-origin --name-only --get-regexp remote.origin.url
invalidation-liveness	UNKNOWN STEP	2026-08-28T18:22:09.0245697Z [command]/usr/bin/git config --local http.https://github.com/.extraheader AUTHORIZATION: basic ***
invalidation-liveness	UNKNOWN STEP	2026-08-28T18:22:09.0826296Z ##[endgroup]
invalidation-liveness	UNKNOWN STEP	2026-08-28T18:22:09.0827495Z ##[group]Fetching the repository
invalidation-liveness	UNKNOWN STEP	2026-08-28T18:22:09.0834565Z [command]/usr/bin/git -c protocol.version=2 fetch --no-tags --prune --no-recurse-submodules --depth=1 origin +f1511f523e37aeb9304d9f69c5358610ad0666ec:refs/remotes/origin/main
invalidation-liveness	UNKNOWN STEP	2026-08-28T18:22:09.5396050Z From https://github.com/egnaro9/vac-protocol
invalidation-liveness	UNKNOWN STEP	2026-08-28T18:22:09.5397936Z  * [new ref]         f1511f523e37aeb9304d9f69c5358610ad0666ec -> origin/main
invalidation-liveness	UNKNOWN STEP	2026-08-28T18:22:09.5401824Z ##[endgroup]
invalidation-liveness	UNKNOWN STEP	2026-08-28T18:22:09.5403401Z ##[group]Determining the checkout info
invalidation-liveness	UNKNOWN STEP	2026-08-28T18:22:09.5405073Z ##[endgroup]
invalidation-liveness	UNKNOWN STEP	2026-08-28T18:22:09.5406583Z [command]/usr/bin/git sparse-checkout disable
invalidation-liveness	UNKNOWN STEP	2026-08-28T18:22:09.5453502Z [command]/usr/bin/git config --local --unset-all extensions.worktreeConfig
invalidation-liveness	UNKNOWN STEP	2026-08-28T18:22:09.5485384Z ##[group]Checking out the ref
invalidation-liveness	UNKNOWN STEP	2026-08-28T18:22:09.5494722Z [command]/usr/bin/git checkout --progress --force -B main refs/remotes/origin/main
invalidation-liveness	UNKNOWN STEP	2026-08-28T18:22:09.5724510Z Switched to a new branch 'main'
invalidation-liveness	UNKNOWN STEP	2026-08-28T18:22:09.5727517Z branch 'main' set up to track 'origin/main'.
invalidation-liveness	UNKNOWN STEP	2026-08-28T18:22:09.5734736Z ##[endgroup]
invalidation-liveness	UNKNOWN STEP	2026-08-28T18:22:09.5775679Z [command]/usr/bin/git log -1 --format=%H
invalidation-liveness	UNKNOWN STEP	2026-08-28T18:22:09.5802188Z f1511f523e37aeb9304d9f69c5358610ad0666ec
invalidation-liveness	UNKNOWN STEP	2026-08-28T18:22:09.6109117Z Node 20 is being deprecated. This workflow is running with Node 24 by default. If you need to temporarily use Node 20, you can set the ACTIONS_ALLOW_USE_UNSECURE_NODE_VERSION=true environment variable. For more information see: https://github.blog/changelog/2025-09-19-deprecation-of-node-20-on-github-actions-runners/
invalidation-liveness	UNKNOWN STEP	2026-08-28T18:22:09.6113668Z ##[group]Run actions/setup-python@v5
invalidation-liveness	UNKNOWN STEP	2026-08-28T18:22:09.6114497Z with:
invalidation-liveness	UNKNOWN STEP	2026-08-28T18:22:09.6115237Z   python-version: 3.12
invalidation-liveness	UNKNOWN STEP	2026-08-28T18:22:09.6115955Z   check-latest: false
invalidation-liveness	UNKNOWN STEP	2026-08-28T18:22:09.6122896Z   token: ***
invalidation-liveness	UNKNOWN STEP	2026-08-28T18:22:09.6123562Z   update-environment: true
invalidation-liveness	UNKNOWN STEP	2026-08-28T18:22:09.6124351Z   allow-prereleases: false
invalidation-liveness	UNKNOWN STEP	2026-08-28T18:22:09.6125111Z   freethreaded: false
invalidation-liveness	UNKNOWN STEP	2026-08-28T18:22:09.6125875Z ##[endgroup]
invalidation-liveness	UNKNOWN STEP	2026-08-28T18:22:09.7238140Z ##[group]Installed versions
invalidation-liveness	UNKNOWN STEP	2026-08-28T18:22:09.7278036Z (node:2022) [DEP0040] DeprecationWarning: The `punycode` module is deprecated. Please use a userland alternative instead.
invalidation-liveness	UNKNOWN STEP	2026-08-28T18:22:09.7280615Z (Use `node --trace-deprecation ...` to show where the warning was created)
invalidation-liveness	UNKNOWN STEP	2026-08-28T18:22:09.7282335Z Successfully set up CPython (3.12.14)
invalidation-liveness	UNKNOWN STEP	2026-08-28T18:22:09.7284040Z ##[endgroup]
invalidation-liveness	UNKNOWN STEP	2026-08-28T18:22:09.7570500Z ##[group]Run pip install -e .
invalidation-liveness	UNKNOWN STEP	2026-08-28T18:22:09.7571468Z ^[[36;1mpip install -e .^[[0m
invalidation-liveness	UNKNOWN STEP	2026-08-28T18:22:09.7630374Z shell: /usr/bin/bash -e {0}
invalidation-liveness	UNKNOWN STEP	2026-08-28T18:22:09.7631181Z env:
invalidation-liveness	UNKNOWN STEP	2026-08-28T18:22:09.7631960Z   pythonLocation: /opt/hostedtoolcache/Python/3.12.14/x64
invalidation-liveness	UNKNOWN STEP	2026-08-28T18:22:09.7633191Z   PKG_CONFIG_PATH: /opt/hostedtoolcache/Python/3.12.14/x64/lib/pkgconfig
invalidation-liveness	UNKNOWN STEP	2026-08-28T18:22:09.7634381Z   Python_ROOT_DIR: /opt/hostedtoolcache/Python/3.12.14/x64
invalidation-liveness	UNKNOWN STEP	2026-08-28T18:22:09.7635766Z   Python2_ROOT_DIR: /opt/hostedtoolcache/Python/3.12.14/x64
invalidation-liveness	UNKNOWN STEP	2026-08-28T18:22:09.7636872Z   Python3_ROOT_DIR: /opt/hostedtoolcache/Python/3.12.14/x64
invalidation-liveness	UNKNOWN STEP	2026-08-28T18:22:09.7637972Z   LD_LIBRARY_PATH: /opt/hostedtoolcache/Python/3.12.14/x64/lib
invalidation-liveness	UNKNOWN STEP	2026-08-28T18:22:09.7638915Z ##[endgroup]
invalidation-liveness	UNKNOWN STEP	2026-08-28T18:22:10.5235360Z Obtaining file:///home/runner/work/vac-protocol/vac-protocol
invalidation-liveness	UNKNOWN STEP	2026-08-28T18:22:10.5249685Z   Installing build dependencies: started
invalidation-liveness	UNKNOWN STEP	2026-08-28T18:22:11.1521595Z   Installing build dependencies: finished with status 'done'
invalidation-liveness	UNKNOWN STEP	2026-08-28T18:22:11.1546386Z   Checking if build backend supports build_editable: started
invalidation-liveness	UNKNOWN STEP	2026-08-28T18:22:11.4370523Z   Checking if build backend supports build_editable: finished with status 'done'
invalidation-liveness	UNKNOWN STEP	2026-08-28T18:22:11.4377306Z   Getting requirements to build editable: started
invalidation-liveness	UNKNOWN STEP	2026-08-28T18:22:11.7255550Z   Getting requirements to build editable: finished with status 'done'
invalidation-liveness	UNKNOWN STEP	2026-08-28T18:22:11.7265487Z   Preparing editable metadata (pyproject.toml): started
invalidation-liveness	UNKNOWN STEP	2026-08-28T18:22:11.8889462Z   Preparing editable metadata (pyproject.toml): finished with status 'done'
invalidation-liveness	UNKNOWN STEP	2026-08-28T18:22:11.8922102Z Building wheels for collected packages: vac-protocol
invalidation-liveness	UNKNOWN STEP	2026-08-28T18:22:11.8928715Z   Building editable for vac-protocol (pyproject.toml): started
invalidation-liveness	UNKNOWN STEP	2026-08-28T18:22:12.0946293Z   Building editable for vac-protocol (pyproject.toml): finished with status 'done'
invalidation-liveness	UNKNOWN STEP	2026-08-28T18:22:12.0952709Z   Created wheel for vac-protocol: filename=vac_protocol-0.1.0-0.editable-py3-none-any.whl size=8850 sha256=4a80546f4f0e663b6283c1e164d2f60979037db7eccfaed4e90a5b85b4a3fd6c
invalidation-liveness	UNKNOWN STEP	2026-08-28T18:22:12.0956684Z   Stored in directory: /tmp/pip-ephem-wheel-cache-0wadis1h/wheels/31/93/c0/4effb33ea68d4321a176d9cb097b94ea8b1be9d534ea861dec
invalidation-liveness	UNKNOWN STEP	2026-08-28T18:22:12.0976630Z Successfully built vac-protocol
invalidation-liveness	UNKNOWN STEP	2026-08-28T18:22:12.1088754Z Installing collected packages: vac-protocol
invalidation-liveness	UNKNOWN STEP	2026-08-28T18:22:12.1166705Z Successfully installed vac-protocol-0.1.0
invalidation-liveness	UNKNOWN STEP	2026-08-28T18:22:12.1717650Z ##[group]Run python -m vac.verify fixtures/valid
invalidation-liveness	UNKNOWN STEP	2026-08-28T18:22:12.1718015Z ^[[36;1mpython -m vac.verify fixtures/valid^[[0m
invalidation-liveness	UNKNOWN STEP	2026-08-28T18:22:12.1753008Z shell: /usr/bin/bash -e {0}
invalidation-liveness	UNKNOWN STEP	2026-08-28T18:22:12.1753234Z env:
invalidation-liveness	UNKNOWN STEP	2026-08-28T18:22:12.1753463Z   pythonLocation: /opt/hostedtoolcache/Python/3.12.14/x64
invalidation-liveness	UNKNOWN STEP	2026-08-28T18:22:12.1753825Z   PKG_CONFIG_PATH: /opt/hostedtoolcache/Python/3.12.14/x64/lib/pkgconfig
invalidation-liveness	UNKNOWN STEP	2026-08-28T18:22:12.1754191Z   Python_ROOT_DIR: /opt/hostedtoolcache/Python/3.12.14/x64
invalidation-liveness	UNKNOWN STEP	2026-08-28T18:22:12.1754692Z   Python2_ROOT_DIR: /opt/hostedtoolcache/Python/3.12.14/x64
invalidation-liveness	UNKNOWN STEP	2026-08-28T18:22:12.1755000Z   Python3_ROOT_DIR: /opt/hostedtoolcache/Python/3.12.14/x64
invalidation-liveness	UNKNOWN STEP	2026-08-28T18:22:12.1755408Z   LD_LIBRARY_PATH: /opt/hostedtoolcache/Python/3.12.14/x64/lib
invalidation-liveness	UNKNOWN STEP	2026-08-28T18:22:12.1755680Z ##[endgroup]
invalidation-liveness	UNKNOWN STEP	2026-08-28T18:22:12.2322951Z structural verification: PASS (valid)
invalidation-liveness	UNKNOWN STEP	2026-08-28T18:22:12.2323431Z   proved offline: manifest schema, artifact presence + sha256, bundle closure,
invalidation-liveness	UNKNOWN STEP	2026-08-28T18:22:12.2323957Z   stated limitations, stamp agreement, declared results recomputed from artifacts.
invalidation-liveness	UNKNOWN STEP	2026-08-28T18:22:12.2324420Z semantic replay: NOT run by this tool. A structural PASS means the bundle is
invalidation-liveness	UNKNOWN STEP	2026-08-28T18:22:12.2324844Z   internally honest, not that the issuer's grader agrees. To re-earn the
invalidation-liveness	UNKNOWN STEP	2026-08-28T18:22:12.2325432Z   verdicts, run the bundle's replay block at the pinned issuer_commit:
invalidation-liveness	UNKNOWN STEP	2026-08-28T18:22:12.2325838Z     $ git clone https://github.com/example/toy-issuer issuer
invalidation-liveness	UNKNOWN STEP	2026-08-28T18:22:12.2326162Z     $ git -C issuer checkout f1e2d3c
invalidation-liveness	UNKNOWN STEP	2026-08-28T18:22:12.2326396Z     $ python -m pip install -e ./issuer
invalidation-liveness	UNKNOWN STEP	2026-08-28T18:22:12.2326665Z     $ python -m toy_issuer.regrade evidence/bundle.json
invalidation-liveness	UNKNOWN STEP	2026-08-28T18:22:12.2326986Z     $ python issuer/audit/run_audit.py --check evidence/results.json
invalidation-liveness	UNKNOWN STEP	2026-08-28T18:22:12.2327462Z     $ python -m toy_issuer.mutrun --check evidence/evalmut_run.json
invalidation-liveness	UNKNOWN STEP	2026-08-28T18:22:12.2327819Z     $ python -m toy_issuer.crashrun --check evidence/eval_run.json
invalidation-liveness	UNKNOWN STEP	2026-08-28T18:22:12.2328162Z     $ python -m toy_issuer.driftboard --check evidence/standings.json
invalidation-liveness	UNKNOWN STEP	2026-08-28T18:22:12.2329012Z     expected: regrade exits 0 reporting 'consistent'; audit, mutrun, crashrun, and driftboard reproduce results.json, evalmut_run.json, eval_run.json, and the drift board artifacts byte-identically at the stamped commit (mutrun exits 1 by design: the toy suite has holes)
invalidation-liveness	UNKNOWN STEP	2026-08-28T18:22:12.2448865Z ##[group]Run set -e
invalidation-liveness	UNKNOWN STEP	2026-08-28T18:22:12.2449118Z ^[[36;1mset -e^[[0m
invalidation-liveness	UNKNOWN STEP	2026-08-28T18:22:12.2449324Z ^[[36;1mfor d in fixtures/tamper-*; do^[[0m
invalidation-liveness	UNKNOWN STEP	2026-08-28T18:22:12.2449573Z ^[[36;1m  if python -m vac.verify "$d"; then^[[0m
invalidation-liveness	UNKNOWN STEP	2026-08-28T18:22:12.2449925Z ^[[36;1m    echo "LIVENESS FAILURE: $d verified clean — the gate cannot block"^[[0m
invalidation-liveness	UNKNOWN STEP	2026-08-28T18:22:12.2450232Z ^[[36;1m    exit 1^[[0m
invalidation-liveness	UNKNOWN STEP	2026-08-28T18:22:12.2450404Z ^[[36;1m  fi^[[0m
invalidation-liveness	UNKNOWN STEP	2026-08-28T18:22:12.2450559Z ^[[36;1mdone^[[0m
invalidation-liveness	UNKNOWN STEP	2026-08-28T18:22:12.2485011Z shell: /usr/bin/bash -e {0}
invalidation-liveness	UNKNOWN STEP	2026-08-28T18:22:12.2485360Z env:
invalidation-liveness	UNKNOWN STEP	2026-08-28T18:22:12.2485598Z   pythonLocation: /opt/hostedtoolcache/Python/3.12.14/x64
invalidation-liveness	UNKNOWN STEP	2026-08-28T18:22:12.2485969Z   PKG_CONFIG_PATH: /opt/hostedtoolcache/Python/3.12.14/x64/lib/pkgconfig
invalidation-liveness	UNKNOWN STEP	2026-08-28T18:22:12.2486313Z   Python_ROOT_DIR: /opt/hostedtoolcache/Python/3.12.14/x64
invalidation-liveness	UNKNOWN STEP	2026-08-28T18:22:12.2486616Z   Python2_ROOT_DIR: /opt/hostedtoolcache/Python/3.12.14/x64
invalidation-liveness	UNKNOWN STEP	2026-08-28T18:22:12.2486956Z   Python3_ROOT_DIR: /opt/hostedtoolcache/Python/3.12.14/x64
invalidation-liveness	UNKNOWN STEP	2026-08-28T18:22:12.2487253Z   LD_LIBRARY_PATH: /opt/hostedtoolcache/Python/3.12.14/x64/lib
invalidation-liveness	UNKNOWN STEP	2026-08-28T18:22:12.2487523Z ##[endgroup]
invalidation-liveness	UNKNOWN STEP	2026-08-28T18:22:12.2860035Z FAIL evidence-unchecked: evidence/bundle.json: listed in evidence but read by no check
invalidation-liveness	UNKNOWN STEP	2026-08-28T18:22:12.2861176Z structural verification: FAIL — 1 named reason(s) (tamper-check-deleted)
invalidation-liveness	UNKNOWN STEP	2026-08-28T18:22:12.2861821Z   proved offline: manifest schema, artifact presence + sha256, bundle closure,
invalidation-liveness	UNKNOWN STEP	2026-08-28T18:22:12.2862479Z   stated limitations, stamp agreement, declared results recomputed from artifacts.
invalidation-liveness	UNKNOWN STEP	2026-08-28T18:22:12.2863143Z semantic replay: NOT run by this tool. A structural PASS means the bundle is
invalidation-liveness	UNKNOWN STEP	2026-08-28T18:22:12.2863760Z   internally honest, not that the issuer's grader agrees. To re-earn the
invalidation-liveness	UNKNOWN STEP	2026-08-28T18:22:12.2864346Z   verdicts, run the bundle's replay block at the pinned issuer_commit:
invalidation-liveness	UNKNOWN STEP	2026-08-28T18:22:12.2864907Z     $ git clone https://github.com/example/toy-issuer issuer
invalidation-liveness	UNKNOWN STEP	2026-08-28T18:22:12.2865487Z     $ git -C issuer checkout f1e2d3c
invalidation-liveness	UNKNOWN STEP	2026-08-28T18:22:12.2865731Z     $ python -m pip install -e ./issuer
invalidation-liveness	UNKNOWN STEP	2026-08-28T18:22:12.2866284Z     $ python -m toy_issuer.regrade evidence/bundle.json
invalidation-liveness	UNKNOWN STEP	2026-08-28T18:22:12.2866609Z     $ python issuer/audit/run_audit.py --check evidence/results.json
invalidation-liveness	UNKNOWN STEP	2026-08-28T18:22:12.2866989Z     $ python -m toy_issuer.mutrun --check evidence/evalmut_run.json
invalidation-liveness	UNKNOWN STEP	2026-08-28T18:22:12.2867321Z     $ python -m toy_issuer.crashrun --check evidence/eval_run.json
invalidation-liveness	UNKNOWN STEP	2026-08-28T18:22:12.2867647Z     $ python -m toy_issuer.driftboard --check evidence/standings.json
invalidation-liveness	UNKNOWN STEP	2026-08-28T18:22:12.2868490Z     expected: regrade exits 0 reporting 'consistent'; audit, mutrun, crashrun, and driftboard reproduce results.json, evalmut_run.json, eval_run.json, and the drift board artifacts byte-identically at the stamped commit (mutrun exits 1 by design: the toy suite has holes)
invalidation-liveness	UNKNOWN STEP	2026-08-28T18:22:12.3232109Z FAIL raw-aggregate-mismatch: evidence/eval_run.json: case 2 flagged flag contradicts its own passed/truncated pair
invalidation-liveness	UNKNOWN STEP	2026-08-28T18:22:12.3233112Z FAIL raw-aggregate-mismatch: evidence/eval_run.json: metrics.faithfulness declared 0.5, recomputed 0.75
invalidation-liveness	UNKNOWN STEP	2026-08-28T18:22:12.3233965Z FAIL raw-aggregate-mismatch: evidence/eval_run.json: metrics.precision@k declared 0.5, recomputed 0.75
invalidation-liveness	UNKNOWN STEP	2026-08-28T18:22:12.3234752Z FAIL raw-aggregate-mismatch: evidence/eval_run.json: metrics.recall@k declared 0.5, recomputed 0.75
invalidation-liveness	UNKNOWN STEP	2026-08-28T18:22:12.3235675Z FAIL raw-aggregate-mismatch: evidence/eval_run.json: metrics.citation_rate declared 0.5, recomputed 0.75
invalidation-liveness	UNKNOWN STEP	2026-08-28T18:22:12.3236550Z FAIL raw-aggregate-mismatch: evidence/eval_run.json: metrics.vulnerability_score declared 0.4545, recomputed 0.0909
invalidation-liveness	UNKNOWN STEP	2026-08-28T18:22:12.3237434Z FAIL raw-aggregate-mismatch: evidence/eval_run.json: per_kind['prompt-injection'] declared 0.5, recomputed 1.0
invalidation-liveness	UNKNOWN STEP	2026-08-28T18:22:12.3238133Z FAIL summary-mismatch: accuracy: declared 0.5, recomputed 0.75
invalidation-liveness	UNKNOWN STEP	2026-08-28T18:22:12.3238725Z FAIL summary-mismatch: vulnerability_score: declared 0.4545, recomputed 0.0909
invalidation-liveness	UNKNOWN STEP	2026-08-28T18:22:12.3239918Z FAIL summary-outruns-checks: summary.crash_vulnerability: declares 0.4545, no check recomputes it
invalidation-liveness	UNKNOWN STEP	2026-08-28T18:22:12.3241046Z structural verification: FAIL — 10 named reason(s) (tamper-crashkit-case)
invalidation-liveness	UNKNOWN STEP	2026-08-28T18:22:12.3241742Z   proved offline: manifest schema, artifact presence + sha256, bundle closure,
invalidation-liveness	UNKNOWN STEP	2026-08-28T18:22:12.3242414Z   stated limitations, stamp agreement, declared results recomputed from artifacts.
invalidation-liveness	UNKNOWN STEP	2026-08-28T18:22:12.3243093Z semantic replay: NOT run by this tool. A structural PASS means the bundle is
invalidation-liveness	UNKNOWN STEP	2026-08-28T18:22:12.3243959Z   internally honest, not that the issuer's grader agrees. To re-earn the
invalidation-liveness	UNKNOWN STEP	2026-08-28T18:22:12.3244520Z   verdicts, run the bundle's replay block at the pinned issuer_commit:
invalidation-liveness	UNKNOWN STEP	2026-08-28T18:22:12.3245118Z     $ git clone https://github.com/example/toy-issuer issuer
invalidation-liveness	UNKNOWN STEP	2026-08-28T18:22:12.3245765Z     $ git -C issuer checkout f1e2d3c
invalidation-liveness	UNKNOWN STEP	2026-08-28T18:22:12.3246202Z     $ python -m pip install -e ./issuer
invalidation-liveness	UNKNOWN STEP	2026-08-28T18:22:12.3246637Z     $ python -m toy_issuer.regrade evidence/bundle.json
invalidation-liveness	UNKNOWN STEP	2026-08-28T18:22:12.3247174Z     $ python issuer/audit/run_audit.py --check evidence/results.json
invalidation-liveness	UNKNOWN STEP	2026-08-28T18:22:12.3247755Z     $ python -m toy_issuer.mutrun --check evidence/evalmut_run.json
invalidation-liveness	UNKNOWN STEP	2026-08-28T18:22:12.3248430Z     $ python -m toy_issuer.crashrun --check evidence/eval_run.json
invalidation-liveness	UNKNOWN STEP	2026-08-28T18:22:12.3249074Z     $ python -m toy_issuer.driftboard --check evidence/standings.json
invalidation-liveness	UNKNOWN STEP	2026-08-28T18:22:12.3250637Z     expected: regrade exits 0 reporting 'consistent'; audit, mutrun, crashrun, and driftboard reproduce results.json, evalmut_run.json, eval_run.json, and the drift board artifacts byte-identically at the stamped commit (mutrun exits 1 by design: the toy suite has holes)
invalidation-liveness	UNKNOWN STEP	2026-08-28T18:22:12.3613151Z FAIL raw-aggregate-mismatch: evidence/eval_run.json: metrics.vulnerability_score declared 0.0909, recomputed 0.4545
invalidation-liveness	UNKNOWN STEP	2026-08-28T18:22:12.3614370Z structural verification: FAIL — 1 named reason(s) (tamper-crashkit-metrics)
invalidation-liveness	UNKNOWN STEP	2026-08-28T18:22:12.3615050Z   proved offline: manifest schema, artifact presence + sha256, bundle closure,
invalidation-liveness	UNKNOWN STEP	2026-08-28T18:22:12.3615831Z   stated limitations, stamp agreement, declared results recomputed from artifacts.
invalidation-liveness	UNKNOWN STEP	2026-08-28T18:22:12.3616842Z semantic replay: NOT run by this tool. A structural PASS means the bundle is
invalidation-liveness	UNKNOWN STEP	2026-08-28T18:22:12.3617392Z   internally honest, not that the issuer's grader agrees. To re-earn the
invalidation-liveness	UNKNOWN STEP	2026-08-28T18:22:12.3617933Z   verdicts, run the bundle's replay block at the pinned issuer_commit:
invalidation-liveness	UNKNOWN STEP	2026-08-28T18:22:12.3618464Z     $ git clone https://github.com/example/toy-issuer issuer
invalidation-liveness	UNKNOWN STEP	2026-08-28T18:22:12.3618879Z     $ git -C issuer checkout f1e2d3c
invalidation-liveness	UNKNOWN STEP	2026-08-28T18:22:12.3619209Z     $ python -m pip install -e ./issuer
invalidation-liveness	UNKNOWN STEP	2026-08-28T18:22:12.3619802Z     $ python -m toy_issuer.regrade evidence/bundle.json
invalidation-liveness	UNKNOWN STEP	2026-08-28T18:22:12.3620263Z     $ python issuer/audit/run_audit.py --check evidence/results.json
invalidation-liveness	UNKNOWN STEP	2026-08-28T18:22:12.3620825Z     $ python -m toy_issuer.mutrun --check evidence/evalmut_run.json
invalidation-liveness	UNKNOWN STEP	2026-08-28T18:22:12.3621371Z     $ python -m toy_issuer.crashrun --check evidence/eval_run.json
invalidation-liveness	UNKNOWN STEP	2026-08-28T18:22:12.3621931Z     $ python -m toy_issuer.driftboard --check evidence/standings.json
invalidation-liveness	UNKNOWN STEP	2026-08-28T18:22:12.3623362Z     expected: regrade exits 0 reporting 'consistent'; audit, mutrun, crashrun, and driftboard reproduce results.json, evalmut_run.json, eval_run.json, and the drift board artifacts byte-identically at the stamped commit (mutrun exits 1 by design: the toy suite has holes)
invalidation-liveness	UNKNOWN STEP	2026-08-28T18:22:12.4006810Z FAIL artifact-unparsable: evidence/eval_run.json: severity 'Critical', 'Med' outside the profile's frozen table (none/low/med/high/critical)
invalidation-liveness	UNKNOWN STEP	2026-08-28T18:22:12.4008166Z structural verification: FAIL — 1 named reason(s) (tamper-crashkit-severity)
invalidation-liveness	UNKNOWN STEP	2026-08-28T18:22:12.4008846Z   proved offline: manifest schema, artifact presence + sha256, bundle closure,
invalidation-liveness	UNKNOWN STEP	2026-08-28T18:22:12.4009425Z   stated limitations, stamp agreement, declared results recomputed from artifacts.
invalidation-liveness	UNKNOWN STEP	2026-08-28T18:22:12.4010186Z semantic replay: NOT run by this tool. A structural PASS means the bundle is
invalidation-liveness	UNKNOWN STEP	2026-08-28T18:22:12.4010591Z   internally honest, not that the issuer's grader agrees. To re-earn the
invalidation-liveness	UNKNOWN STEP	2026-08-28T18:22:12.4010975Z   verdicts, run the bundle's replay block at the pinned issuer_commit:
invalidation-liveness	UNKNOWN STEP	2026-08-28T18:22:12.4011332Z     $ git clone https://github.com/example/toy-issuer issuer
invalidation-liveness	UNKNOWN STEP	2026-08-28T18:22:12.4011606Z     $ git -C issuer checkout f1e2d3c
invalidation-liveness	UNKNOWN STEP	2026-08-28T18:22:12.4011850Z     $ python -m pip install -e ./issuer
invalidation-liveness	UNKNOWN STEP	2026-08-28T18:22:12.4012135Z     $ python -m toy_issuer.regrade evidence/bundle.json
invalidation-liveness	UNKNOWN STEP	2026-08-28T18:22:12.4012455Z     $ python issuer/audit/run_audit.py --check evidence/results.json
invalidation-liveness	UNKNOWN STEP	2026-08-28T18:22:12.4012797Z     $ python -m toy_issuer.mutrun --check evidence/evalmut_run.json
invalidation-liveness	UNKNOWN STEP	2026-08-28T18:22:12.4013125Z     $ python -m toy_issuer.crashrun --check evidence/eval_run.json
invalidation-liveness	UNKNOWN STEP	2026-08-28T18:22:12.4013452Z     $ python -m toy_issuer.driftboard --check evidence/standings.json
invalidation-liveness	UNKNOWN STEP	2026-08-28T18:22:12.4014308Z     expected: regrade exits 0 reporting 'consistent'; audit, mutrun, crashrun, and driftboard reproduce results.json, evalmut_run.json, eval_run.json, and the drift board artifacts byte-identically at the stamped commit (mutrun exits 1 by design: the toy suite has holes)
invalidation-liveness	UNKNOWN STEP	2026-08-28T18:22:12.4357558Z FAIL draft-incomplete: claim.capability is an unauthored TODO
invalidation-liveness	UNKNOWN STEP	2026-08-28T18:22:12.4358207Z FAIL draft-incomplete: claim.limitations[0] is an unauthored TODO
invalidation-liveness	UNKNOWN STEP	2026-08-28T18:22:12.4358733Z FAIL draft-incomplete: claim.scope is an unauthored TODO
invalidation-liveness	UNKNOWN STEP	2026-08-28T18:22:12.4359229Z FAIL draft-incomplete: protocol.control_policy is an unauthored TODO
invalidation-liveness	UNKNOWN STEP	2026-08-28T18:22:12.4359736Z FAIL draft-incomplete: protocol.grading is an unauthored TODO
invalidation-liveness	UNKNOWN STEP	2026-08-28T18:22:12.4360229Z FAIL draft-incomplete: protocol.hashes.TODO is an unauthored TODO
invalidation-liveness	UNKNOWN STEP	2026-08-28T18:22:12.4360701Z FAIL draft-incomplete: protocol.task is an unauthored TODO
invalidation-liveness	UNKNOWN STEP	2026-08-28T18:22:12.4361170Z FAIL draft-incomplete: replay.commands[2] is an unauthored TODO
invalidation-liveness	UNKNOWN STEP	2026-08-28T18:22:12.4361676Z FAIL draft-incomplete: replay.commands[3] is an unauthored TODO
invalidation-liveness	UNKNOWN STEP	2026-08-28T18:22:12.4362152Z FAIL draft-incomplete: replay.expected is an unauthored TODO
invalidation-liveness	UNKNOWN STEP	2026-08-28T18:22:12.4363058Z FAIL draft-incomplete: results.checks[0].TODO is an unauthored TODO
invalidation-liveness	UNKNOWN STEP	2026-08-28T18:22:12.4363672Z FAIL draft-incomplete: results.checks[0].profile is an unauthored TODO
invalidation-liveness	UNKNOWN STEP	2026-08-28T18:22:12.4364260Z FAIL draft-incomplete: results.summary.TODO is an unauthored TODO
invalidation-liveness	UNKNOWN STEP	2026-08-28T18:22:12.4364775Z FAIL draft-incomplete: subject.id is an unauthored TODO
invalidation-liveness	UNKNOWN STEP	2026-08-28T18:22:12.4365484Z FAIL draft-incomplete: subject.kind is an unauthored TODO
invalidation-liveness	UNKNOWN STEP	2026-08-28T18:22:12.4366023Z FAIL draft-incomplete: subject.version.TODO is an unauthored TODO
invalidation-liveness	UNKNOWN STEP	2026-08-28T18:22:12.4366981Z structural verification: FAIL — 16 named reason(s) (tamper-draft-incomplete)
invalidation-liveness	UNKNOWN STEP	2026-08-28T18:22:12.4367658Z   proved offline: manifest schema, artifact presence + sha256, bundle closure,
invalidation-liveness	UNKNOWN STEP	2026-08-28T18:22:12.4368361Z   stated limitations, stamp agreement, declared results recomputed from artifacts.
invalidation-liveness	UNKNOWN STEP	2026-08-28T18:22:12.4368996Z semantic replay: NOT run by this tool. A structural PASS means the bundle is
invalidation-liveness	UNKNOWN STEP	2026-08-28T18:22:12.4369582Z   internally honest, not that the issuer's grader agrees. To re-earn the
invalidation-liveness	UNKNOWN STEP	2026-08-28T18:22:12.4370190Z   verdicts, run the bundle's replay block at the pinned issuer_commit:
invalidation-liveness	UNKNOWN STEP	2026-08-28T18:22:12.4370787Z     $ git clone https://github.com/example/toy-issuer issuer
invalidation-liveness	UNKNOWN STEP	2026-08-28T18:22:12.4371241Z     $ git -C issuer checkout f1e2d3c
invalidation-liveness	UNKNOWN STEP	2026-08-28T18:22:12.4371913Z     $ TODO(replay.commands): install, then run the issuer's deterministic regrader/audit over this bundle's artifacts
invalidation-liveness	UNKNOWN STEP	2026-08-28T18:22:12.4372948Z     $ TODO(replay.commands): byte-compare the regraded output against the committed artifacts; nonzero on any difference
invalidation-liveness	UNKNOWN STEP	2026-08-28T18:22:12.4373942Z     expected: TODO(replay.expected): the exact outcome — exit code and report text
invalidation-liveness	UNKNOWN STEP	2026-08-28T18:22:12.4733726Z FAIL empty-limitations
invalidation-liveness	UNKNOWN STEP	2026-08-28T18:22:12.4734576Z structural verification: FAIL — 1 named reason(s) (tamper-empty-limitations)
invalidation-liveness	UNKNOWN STEP	2026-08-28T18:22:12.4735813Z   proved offline: manifest schema, artifact presence + sha256, bundle closure,
invalidation-liveness	UNKNOWN STEP	2026-08-28T18:22:12.4736481Z   stated limitations, stamp agreement, declared results recomputed from artifacts.
invalidation-liveness	UNKNOWN STEP	2026-08-28T18:22:12.4737143Z semantic replay: NOT run by this tool. A structural PASS means the bundle is
invalidation-liveness	UNKNOWN STEP	2026-08-28T18:22:12.4737691Z   internally honest, not that the issuer's grader agrees. To re-earn the
invalidation-liveness	UNKNOWN STEP	2026-08-28T18:22:12.4738228Z   verdicts, run the bundle's replay block at the pinned issuer_commit:
invalidation-liveness	UNKNOWN STEP	2026-08-28T18:22:12.4738731Z     $ git clone https://github.com/example/toy-issuer issuer
invalidation-liveness	UNKNOWN STEP	2026-08-28T18:22:12.4739125Z     $ git -C issuer checkout f1e2d3c
invalidation-liveness	UNKNOWN STEP	2026-08-28T18:22:12.4739443Z     $ python -m pip install -e ./issuer
invalidation-liveness	UNKNOWN STEP	2026-08-28T18:22:12.4739801Z     $ python -m toy_issuer.regrade evidence/bundle.json
invalidation-liveness	UNKNOWN STEP	2026-08-28T18:22:12.4740248Z     $ python issuer/audit/run_audit.py --check evidence/results.json
invalidation-liveness	UNKNOWN STEP	2026-08-28T18:22:12.4740743Z     $ python -m toy_issuer.mutrun --check evidence/evalmut_run.json
invalidation-liveness	UNKNOWN STEP	2026-08-28T18:22:12.4741225Z     $ python -m toy_issuer.crashrun --check evidence/eval_run.json
invalidation-liveness	UNKNOWN STEP	2026-08-28T18:22:12.4741720Z     $ python -m toy_issuer.driftboard --check evidence/standings.json
invalidation-liveness	UNKNOWN STEP	2026-08-28T18:22:12.4743173Z     expected: regrade exits 0 reporting 'consistent'; audit, mutrun, crashrun, and driftboard reproduce results.json, evalmut_run.json, eval_run.json, and the drift board artifacts byte-identically at the stamped commit (mutrun exits 1 by design: the toy suite has holes)
invalidation-liveness	UNKNOWN STEP	2026-08-28T18:22:12.5113208Z FAIL artifact-unparsable: evidence/evalmut_run.json: applied == 0, so this run has no score. A payload that applied no mutation has measured nothing; it does not score 1.0 by default
invalidation-liveness	UNKNOWN STEP	2026-08-28T18:22:12.5114306Z structural verification: FAIL — 1 named reason(s) (tamper-evalmut-all-error)
invalidation-liveness	UNKNOWN STEP	2026-08-28T18:22:12.5114745Z   proved offline: manifest schema, artifact presence + sha256, bundle closure,
invalidation-liveness	UNKNOWN STEP	2026-08-28T18:22:12.5115385Z   stated limitations, stamp agreement, declared results recomputed from artifacts.
invalidation-liveness	UNKNOWN STEP	2026-08-28T18:22:12.5115878Z semantic replay: NOT run by this tool. A structural PASS means the bundle is
invalidation-liveness	UNKNOWN STEP	2026-08-28T18:22:12.5116577Z   internally honest, not that the issuer's grader agrees. To re-earn the
invalidation-liveness	UNKNOWN STEP	2026-08-28T18:22:12.5116944Z   verdicts, run the bundle's replay block at the pinned issuer_commit:
invalidation-liveness	UNKNOWN STEP	2026-08-28T18:22:12.5117316Z     $ git clone https://github.com/example/toy-issuer issuer
invalidation-liveness	UNKNOWN STEP	2026-08-28T18:22:12.5117596Z     $ git -C issuer checkout f1e2d3c
invalidation-liveness	UNKNOWN STEP	2026-08-28T18:22:12.5117823Z     $ python -m pip install -e ./issuer
invalidation-liveness	UNKNOWN STEP	2026-08-28T18:22:12.5118078Z     $ python -m toy_issuer.regrade evidence/bundle.json
invalidation-liveness	UNKNOWN STEP	2026-08-28T18:22:12.5118391Z     $ python issuer/audit/run_audit.py --check evidence/results.json
invalidation-liveness	UNKNOWN STEP	2026-08-28T18:22:12.5118729Z     $ python -m toy_issuer.mutrun --check evidence/evalmut_run.json
invalidation-liveness	UNKNOWN STEP	2026-08-28T18:22:12.5119065Z     $ python -m toy_issuer.crashrun --check evidence/eval_run.json
invalidation-liveness	UNKNOWN STEP	2026-08-28T18:22:12.5119398Z     $ python -m toy_issuer.driftboard --check evidence/standings.json
invalidation-liveness	UNKNOWN STEP	2026-08-28T18:22:12.5120240Z     expected: regrade exits 0 reporting 'consistent'; audit, mutrun, crashrun, and driftboard reproduce results.json, evalmut_run.json, eval_run.json, and the drift board artifacts byte-identically at the stamped commit (mutrun exits 1 by design: the toy suite has holes)
invalidation-liveness	UNKNOWN STEP	2026-08-28T18:22:12.5494149Z FAIL artifact-unparsable: evidence/evalmut_run.json: applied == 0, so this run has no score. A payload that applied no mutation has measured nothing; it does not score 1.0 by default
invalidation-liveness	UNKNOWN STEP	2026-08-28T18:22:12.5495288Z structural verification: FAIL — 1 named reason(s) (tamper-evalmut-empty-rows)
invalidation-liveness	UNKNOWN STEP	2026-08-28T18:22:12.5495735Z   proved offline: manifest schema, artifact presence + sha256, bundle closure,
invalidation-liveness	UNKNOWN STEP	2026-08-28T18:22:12.5496161Z   stated limitations, stamp agreement, declared results recomputed from artifacts.
invalidation-liveness	UNKNOWN STEP	2026-08-28T18:22:12.5496570Z semantic replay: NOT run by this tool. A structural PASS means the bundle is
invalidation-liveness	UNKNOWN STEP	2026-08-28T18:22:12.5496954Z   internally honest, not that the issuer's grader agrees. To re-earn the
invalidation-liveness	UNKNOWN STEP	2026-08-28T18:22:12.5497637Z   verdicts, run the bundle's replay block at the pinned issuer_commit:
invalidation-liveness	UNKNOWN STEP	2026-08-28T18:22:12.5498014Z     $ git clone https://github.com/example/toy-issuer issuer
invalidation-liveness	UNKNOWN STEP	2026-08-28T18:22:12.5498293Z     $ git -C issuer checkout f1e2d3c
invalidation-liveness	UNKNOWN STEP	2026-08-28T18:22:12.5498529Z     $ python -m pip install -e ./issuer
invalidation-liveness	UNKNOWN STEP	2026-08-28T18:22:12.5498791Z     $ python -m toy_issuer.regrade evidence/bundle.json
invalidation-liveness	UNKNOWN STEP	2026-08-28T18:22:12.5499121Z     $ python issuer/audit/run_audit.py --check evidence/results.json
invalidation-liveness	UNKNOWN STEP	2026-08-28T18:22:12.5499460Z     $ python -m toy_issuer.mutrun --check evidence/evalmut_run.json
invalidation-liveness	UNKNOWN STEP	2026-08-28T18:22:12.5499805Z     $ python -m toy_issuer.crashrun --check evidence/eval_run.json
invalidation-liveness	UNKNOWN STEP	2026-08-28T18:22:12.5500146Z     $ python -m toy_issuer.driftboard --check evidence/standings.json
invalidation-liveness	UNKNOWN STEP	2026-08-28T18:22:12.5501005Z     expected: regrade exits 0 reporting 'consistent'; audit, mutrun, crashrun, and driftboard reproduce results.json, evalmut_run.json, eval_run.json, and the drift board artifacts byte-identically at the stamped commit (mutrun exits 1 by design: the toy suite has holes)
invalidation-liveness	UNKNOWN STEP	2026-08-28T18:22:12.5869496Z FAIL raw-aggregate-mismatch: evidence/evalmut_run.json: tally.caught declared 4, recomputed 5
invalidation-liveness	UNKNOWN STEP	2026-08-28T18:22:12.5870421Z FAIL raw-aggregate-mismatch: evidence/evalmut_run.json: tally.missed declared 2, recomputed 1
invalidation-liveness	UNKNOWN STEP	2026-08-28T18:22:12.5871298Z FAIL raw-aggregate-mismatch: evidence/evalmut_run.json: score declared 0.5714285714285714, recomputed 0.7142857142857143
invalidation-liveness	UNKNOWN STEP	2026-08-28T18:22:12.5872255Z FAIL raw-aggregate-mismatch: evidence/evalmut_run.json: holes.blind does not recompute from the rows (declared 1, recomputed 0)
invalidation-liveness	UNKNOWN STEP	2026-08-28T18:22:12.5872960Z FAIL summary-mismatch: blind: declared 1, recomputed 0
invalidation-liveness	UNKNOWN STEP	2026-08-28T18:22:12.5873375Z FAIL summary-mismatch: caught: declared 4, recomputed 5
invalidation-liveness	UNKNOWN STEP	2026-08-28T18:22:12.5873788Z FAIL summary-mismatch: missed: declared 2, recomputed 1
invalidation-liveness	UNKNOWN STEP	2026-08-28T18:22:12.5874220Z FAIL summary-mismatch: score_3: declared 0.571, recomputed 0.714
invalidation-liveness	UNKNOWN STEP	2026-08-28T18:22:12.5875085Z FAIL summary-outruns-checks: summary.mutation_score_3: declares 0.571, no check recomputes it
invalidation-liveness	UNKNOWN STEP	2026-08-28T18:22:12.5876212Z structural verification: FAIL — 9 named reason(s) (tamper-evalmut-rows)
invalidation-liveness	UNKNOWN STEP	2026-08-28T18:22:12.5877138Z   proved offline: manifest schema, artifact presence + sha256, bundle closure,
invalidation-liveness	UNKNOWN STEP	2026-08-28T18:22:12.5877775Z   stated limitations, stamp agreement, declared results recomputed from artifacts.
invalidation-liveness	UNKNOWN STEP	2026-08-28T18:22:12.5878426Z semantic replay: NOT run by this tool. A structural PASS means the bundle is
invalidation-liveness	UNKNOWN STEP	2026-08-28T18:22:12.5879015Z   internally honest, not that the issuer's grader agrees. To re-earn the
invalidation-liveness	UNKNOWN STEP	2026-08-28T18:22:12.5879611Z   verdicts, run the bundle's replay block at the pinned issuer_commit:
invalidation-liveness	UNKNOWN STEP	2026-08-28T18:22:12.5880235Z     $ git clone https://github.com/example/toy-issuer issuer
invalidation-liveness	UNKNOWN STEP	2026-08-28T18:22:12.5880685Z     $ git -C issuer checkout f1e2d3c
invalidation-liveness	UNKNOWN STEP	2026-08-28T18:22:12.5881040Z     $ python -m pip install -e ./issuer
invalidation-liveness	UNKNOWN STEP	2026-08-28T18:22:12.5881469Z     $ python -m toy_issuer.regrade evidence/bundle.json
invalidation-liveness	UNKNOWN STEP	2026-08-28T18:22:12.5881980Z     $ python issuer/audit/run_audit.py --check evidence/results.json
invalidation-liveness	UNKNOWN STEP	2026-08-28T18:22:12.5882532Z     $ python -m toy_issuer.mutrun --check evidence/evalmut_run.json
invalidation-liveness	UNKNOWN STEP	2026-08-28T18:22:12.5883062Z     $ python -m toy_issuer.crashrun --check evidence/eval_run.json
invalidation-liveness	UNKNOWN STEP	2026-08-28T18:22:12.5883573Z     $ python -m toy_issuer.driftboard --check evidence/standings.json
invalidation-liveness	UNKNOWN STEP	2026-08-28T18:22:12.5884949Z     expected: regrade exits 0 reporting 'consistent'; audit, mutrun, crashrun, and driftboard reproduce results.json, evalmut_run.json, eval_run.json, and the drift board artifacts byte-identically at the stamped commit (mutrun exits 1 by design: the toy suite has holes)
invalidation-liveness	UNKNOWN STEP	2026-08-28T18:22:12.6257331Z FAIL raw-aggregate-mismatch: evidence/evalmut_run.json: tally.caught declared 5, recomputed 4
invalidation-liveness	UNKNOWN STEP	2026-08-28T18:22:12.6258410Z structural verification: FAIL — 1 named reason(s) (tamper-evalmut-summary)
invalidation-liveness	UNKNOWN STEP	2026-08-28T18:22:12.6259046Z   proved offline: manifest schema, artifact presence + sha256, bundle closure,
invalidation-liveness	UNKNOWN STEP	2026-08-28T18:22:12.6642490Z   stated limitations, stamp agreement, declared results recomputed from artifacts.
invalidation-liveness	UNKNOWN STEP	2026-08-28T18:22:12.6643209Z semantic replay: NOT run by this tool. A structural PASS means the bundle is
invalidation-liveness	UNKNOWN STEP	2026-08-28T18:22:12.6643796Z   internally honest, not that the issuer's grader agrees. To re-earn the
invalidation-liveness	UNKNOWN STEP	2026-08-28T18:22:12.6644336Z   verdicts, run the bundle's replay block at the pinned issuer_commit:
invalidation-liveness	UNKNOWN STEP	2026-08-28T18:22:12.6644833Z     $ git clone https://github.com/example/toy-issuer issuer
invalidation-liveness	UNKNOWN STEP	2026-08-28T18:22:12.6645417Z     $ git -C issuer checkout f1e2d3c
invalidation-liveness	UNKNOWN STEP	2026-08-28T18:22:12.6645732Z     $ python -m pip install -e ./issuer
invalidation-liveness	UNKNOWN STEP	2026-08-28T18:22:12.6646079Z     $ python -m toy_issuer.regrade evidence/bundle.json
invalidation-liveness	UNKNOWN STEP	2026-08-28T18:22:12.6646512Z     $ python issuer/audit/run_audit.py --check evidence/results.json
invalidation-liveness	UNKNOWN STEP	2026-08-28T18:22:12.6646998Z     $ python -m toy_issuer.mutrun --check evidence/evalmut_run.json
invalidation-liveness	UNKNOWN STEP	2026-08-28T18:22:12.6647470Z     $ python -m toy_issuer.crashrun --check evidence/eval_run.json
invalidation-liveness	UNKNOWN STEP	2026-08-28T18:22:12.6647964Z     $ python -m toy_issuer.driftboard --check evidence/standings.json
invalidation-liveness	UNKNOWN STEP	2026-08-28T18:22:12.6649252Z     expected: regrade exits 0 reporting 'consistent'; audit, mutrun, crashrun, and driftboard reproduce results.json, evalmut_run.json, eval_run.json, and the drift board artifacts byte-identically at the stamped commit (mutrun exits 1 by design: the toy suite has holes)
invalidation-liveness	UNKNOWN STEP	2026-08-28T18:22:12.6650724Z FAIL missing-artifact: evidence/bundle.json
invalidation-liveness	UNKNOWN STEP	2026-08-28T18:22:12.6651577Z structural verification: FAIL — 1 named reason(s) (tamper-missing-artifact)
invalidation-liveness	UNKNOWN STEP	2026-08-28T18:22:12.6652237Z   proved offline: manifest schema, artifact presence + sha256, bundle closure,
invalidation-liveness	UNKNOWN STEP	2026-08-28T18:22:12.6652907Z   stated limitations, stamp agreement, declared results recomputed from artifacts.
invalidation-liveness	UNKNOWN STEP	2026-08-28T18:22:12.6653569Z semantic replay: NOT run by this tool. A structural PASS means the bundle is
invalidation-liveness	UNKNOWN STEP	2026-08-28T18:22:12.6654161Z   internally honest, not that the issuer's grader agrees. To re-earn the
invalidation-liveness	UNKNOWN STEP	2026-08-28T18:22:12.6654751Z   verdicts, run the bundle's replay block at the pinned issuer_commit:
invalidation-liveness	UNKNOWN STEP	2026-08-28T18:22:12.6655423Z     $ git clone https://github.com/example/toy-issuer issuer
invalidation-liveness	UNKNOWN STEP	2026-08-28T18:22:12.6656062Z     $ git -C issuer checkout f1e2d3c
invalidation-liveness	UNKNOWN STEP	2026-08-28T18:22:12.6656380Z     $ python -m pip install -e ./issuer
invalidation-liveness	UNKNOWN STEP	2026-08-28T18:22:12.6656756Z     $ python -m toy_issuer.regrade evidence/bundle.json
invalidation-liveness	UNKNOWN STEP	2026-08-28T18:22:12.6657243Z     $ python issuer/audit/run_audit.py --check evidence/results.json
invalidation-liveness	UNKNOWN STEP	2026-08-28T18:22:12.6657788Z     $ python -m toy_issuer.mutrun --check evidence/evalmut_run.json
invalidation-liveness	UNKNOWN STEP	2026-08-28T18:22:12.6658402Z     $ python -m toy_issuer.crashrun --check evidence/eval_run.json
invalidation-liveness	UNKNOWN STEP	2026-08-28T18:22:12.6658947Z     $ python -m toy_issuer.driftboard --check evidence/standings.json
invalidation-liveness	UNKNOWN STEP	2026-08-28T18:22:12.6660458Z     expected: regrade exits 0 reporting 'consistent'; audit, mutrun, crashrun, and driftboard reproduce results.json, evalmut_run.json, eval_run.json, and the drift board artifacts byte-identically at the stamped commit (mutrun exits 1 by design: the toy suite has holes)
invalidation-liveness	UNKNOWN STEP	2026-08-28T18:22:12.7029665Z FAIL missing-issuer-commit
invalidation-liveness	UNKNOWN STEP	2026-08-28T18:22:12.7030569Z structural verification: FAIL — 1 named reason(s) (tamper-missing-issuer-commit)
invalidation-liveness	UNKNOWN STEP	2026-08-28T18:22:12.7031238Z   proved offline: manifest schema, artifact presence + sha256, bundle closure,
invalidation-liveness	UNKNOWN STEP	2026-08-28T18:22:12.7032110Z   stated limitations, stamp agreement, declared results recomputed from artifacts.
invalidation-liveness	UNKNOWN STEP	2026-08-28T18:22:12.7032854Z semantic replay: NOT run by this tool. A structural PASS means the bundle is
invalidation-liveness	UNKNOWN STEP	2026-08-28T18:22:12.7033393Z   internally honest, not that the issuer's grader agrees. To re-earn the
invalidation-liveness	UNKNOWN STEP	2026-08-28T18:22:12.7033921Z   verdicts, run the bundle's replay block at the pinned issuer_commit:
invalidation-liveness	UNKNOWN STEP	2026-08-28T18:22:12.7034425Z     $ git clone https://github.com/example/toy-issuer issuer
invalidation-liveness	UNKNOWN STEP	2026-08-28T18:22:12.7034861Z     $ git -C issuer checkout f1e2d3c
invalidation-liveness	UNKNOWN STEP	2026-08-28T18:22:12.7035350Z     $ python -m pip install -e ./issuer
invalidation-liveness	UNKNOWN STEP	2026-08-28T18:22:12.7036046Z     $ python -m toy_issuer.regrade evidence/bundle.json
invalidation-liveness	UNKNOWN STEP	2026-08-28T18:22:12.7036505Z     $ python issuer/audit/run_audit.py --check evidence/results.json
invalidation-liveness	UNKNOWN STEP	2026-08-28T18:22:12.7037019Z     $ python -m toy_issuer.mutrun --check evidence/evalmut_run.json
invalidation-liveness	UNKNOWN STEP	2026-08-28T18:22:12.7037551Z     $ python -m toy_issuer.crashrun --check evidence/eval_run.json
invalidation-liveness	UNKNOWN STEP	2026-08-28T18:22:12.7038103Z     $ python -m toy_issuer.driftboard --check evidence/standings.json
invalidation-liveness	UNKNOWN STEP	2026-08-28T18:22:12.7039597Z     expected: regrade exits 0 reporting 'consistent'; audit, mutrun, crashrun, and driftboard reproduce results.json, evalmut_run.json, eval_run.json, and the drift board artifacts byte-identically at the stamped commit (mutrun exits 1 by design: the toy suite has holes)
invalidation-liveness	UNKNOWN STEP	2026-08-28T18:22:12.7404673Z FAIL raw-aggregate-mismatch: evidence/standings.json: alpha:a1: acc declared 0.5, recomputed 0.75
invalidation-liveness	UNKNOWN STEP	2026-08-28T18:22:12.7405745Z FAIL raw-aggregate-mismatch: evidence/standings.json: alpha:a1: delta declared -0.25, recomputed 0.0
invalidation-liveness	UNKNOWN STEP	2026-08-28T18:22:12.7406680Z FAIL raw-aggregate-mismatch: evidence/standings.json: alpha:a1: verdict declared 'regressed', recomputed 'unchanged'
invalidation-liveness	UNKNOWN STEP	2026-08-28T18:22:12.7407642Z FAIL raw-aggregate-mismatch: evidence/RESULTS.md: does not re-render byte-identically from the recomputed standings rows
invalidation-liveness	UNKNOWN STEP	2026-08-28T18:22:12.7408348Z FAIL summary-mismatch: regressed: declared 1, recomputed 0
invalidation-liveness	UNKNOWN STEP	2026-08-28T18:22:12.7408789Z FAIL summary-mismatch: unchanged: declared 1, recomputed 2
invalidation-liveness	UNKNOWN STEP	2026-08-28T18:22:12.7409351Z FAIL summary-outruns-checks: summary.drift.regressed: declares 1, recomputation gives 0
invalidation-liveness	UNKNOWN STEP	2026-08-28T18:22:12.7410303Z structural verification: FAIL — 7 named reason(s) (tamper-modeldrift-rows)
invalidation-liveness	UNKNOWN STEP	2026-08-28T18:22:12.7410923Z   proved offline: manifest schema, artifact presence + sha256, bundle closure,
invalidation-liveness	UNKNOWN STEP	2026-08-28T18:22:12.7411534Z   stated limitations, stamp agreement, declared results recomputed from artifacts.
invalidation-liveness	UNKNOWN STEP	2026-08-28T18:22:12.7412211Z semantic replay: NOT run by this tool. A structural PASS means the bundle is
invalidation-liveness	UNKNOWN STEP	2026-08-28T18:22:12.7412871Z   internally honest, not that the issuer's grader agrees. To re-earn the
invalidation-liveness	UNKNOWN STEP	2026-08-28T18:22:12.7413477Z   verdicts, run the bundle's replay block at the pinned issuer_commit:
invalidation-liveness	UNKNOWN STEP	2026-08-28T18:22:12.7414380Z     $ git clone https://github.com/example/toy-issuer issuer
invalidation-liveness	UNKNOWN STEP	2026-08-28T18:22:12.7414815Z     $ git -C issuer checkout f1e2d3c
invalidation-liveness	UNKNOWN STEP	2026-08-28T18:22:12.7415347Z     $ python -m pip install -e ./issuer
invalidation-liveness	UNKNOWN STEP	2026-08-28T18:22:12.7415740Z     $ python -m toy_issuer.regrade evidence/bundle.json
invalidation-liveness	UNKNOWN STEP	2026-08-28T18:22:12.7416244Z     $ python issuer/audit/run_audit.py --check evidence/results.json
invalidation-liveness	UNKNOWN STEP	2026-08-28T18:22:12.7416797Z     $ python -m toy_issuer.mutrun --check evidence/evalmut_run.json
invalidation-liveness	UNKNOWN STEP	2026-08-28T18:22:12.7417271Z     $ python -m toy_issuer.crashrun --check evidence/eval_run.json
invalidation-liveness	UNKNOWN STEP	2026-08-28T18:22:12.7417783Z     $ python -m toy_issuer.driftboard --check evidence/standings.json
invalidation-liveness	UNKNOWN STEP	2026-08-28T18:22:12.7419318Z     expected: regrade exits 0 reporting 'consistent'; audit, mutrun, crashrun, and driftboard reproduce results.json, evalmut_run.json, eval_run.json, and the drift board artifacts byte-identically at the stamped commit (mutrun exits 1 by design: the toy suite has holes)
invalidation-liveness	UNKNOWN STEP	2026-08-28T18:22:12.7792795Z FAIL raw-aggregate-mismatch: evidence/standings.json: alpha:a1: delta declared 0.0, recomputed -0.25
invalidation-liveness	UNKNOWN STEP	2026-08-28T18:22:12.7793752Z FAIL raw-aggregate-mismatch: evidence/standings.json: alpha:a1: verdict declared 'unchanged', recomputed 'regressed'
invalidation-liveness	UNKNOWN STEP	2026-08-28T18:22:12.7794880Z structural verification: FAIL — 2 named reason(s) (tamper-modeldrift-standings)
invalidation-liveness	UNKNOWN STEP	2026-08-28T18:22:12.7795711Z   proved offline: manifest schema, artifact presence + sha256, bundle closure,
invalidation-liveness	UNKNOWN STEP	2026-08-28T18:22:12.7796341Z   stated limitations, stamp agreement, declared results recomputed from artifacts.
invalidation-liveness	UNKNOWN STEP	2026-08-28T18:22:12.7796922Z semantic replay: NOT run by this tool. A structural PASS means the bundle is
invalidation-liveness	UNKNOWN STEP	2026-08-28T18:22:12.7797464Z   internally honest, not that the issuer's grader agrees. To re-earn the
invalidation-liveness	UNKNOWN STEP	2026-08-28T18:22:12.7798350Z   verdicts, run the bundle's replay block at the pinned issuer_commit:
invalidation-liveness	UNKNOWN STEP	2026-08-28T18:22:12.7798864Z     $ git clone https://github.com/example/toy-issuer issuer
invalidation-liveness	UNKNOWN STEP	2026-08-28T18:22:12.7799277Z     $ git -C issuer checkout f1e2d3c
invalidation-liveness	UNKNOWN STEP	2026-08-28T18:22:12.7799598Z     $ python -m pip install -e ./issuer
invalidation-liveness	UNKNOWN STEP	2026-08-28T18:22:12.7799970Z     $ python -m toy_issuer.regrade evidence/bundle.json
invalidation-liveness	UNKNOWN STEP	2026-08-28T18:22:12.7800415Z     $ python issuer/audit/run_audit.py --check evidence/results.json
invalidation-liveness	UNKNOWN STEP	2026-08-28T18:22:12.7800919Z     $ python -m toy_issuer.mutrun --check evidence/evalmut_run.json
invalidation-liveness	UNKNOWN STEP	2026-08-28T18:22:12.7801448Z     $ python -m toy_issuer.crashrun --check evidence/eval_run.json
invalidation-liveness	UNKNOWN STEP	2026-08-28T18:22:12.7801981Z     $ python -m toy_issuer.driftboard --check evidence/standings.json
invalidation-liveness	UNKNOWN STEP	2026-08-28T18:22:12.7803386Z     expected: regrade exits 0 reporting 'consistent'; audit, mutrun, crashrun, and driftboard reproduce results.json, evalmut_run.json, eval_run.json, and the drift board artifacts byte-identically at the stamped commit (mutrun exits 1 by design: the toy suite has holes)
invalidation-liveness	UNKNOWN STEP	2026-08-28T18:22:12.8174677Z FAIL raw-aggregate-mismatch: toy-suite/toy-defect-b: detected declared 3, recomputed 2
invalidation-liveness	UNKNOWN STEP	2026-08-28T18:22:12.8175714Z FAIL raw-aggregate-mismatch: toy-suite/toy-defect-b: detection_rate declared 0.75, recomputed 0.5
invalidation-liveness	UNKNOWN STEP	2026-08-28T18:22:12.8176735Z structural verification: FAIL — 2 named reason(s) (tamper-raw-aggregate)
invalidation-liveness	UNKNOWN STEP	2026-08-28T18:22:12.8177341Z   proved offline: manifest schema, artifact presence + sha256, bundle closure,
invalidation-liveness	UNKNOWN STEP	2026-08-28T18:22:12.8177956Z   stated limitations, stamp agreement, declared results recomputed from artifacts.
invalidation-liveness	UNKNOWN STEP	2026-08-28T18:22:12.8178542Z semantic replay: NOT run by this tool. A structural PASS means the bundle is
invalidation-liveness	UNKNOWN STEP	2026-08-28T18:22:12.8179086Z   internally honest, not that the issuer's grader agrees. To re-earn the
invalidation-liveness	UNKNOWN STEP	2026-08-28T18:22:12.8179600Z   verdicts, run the bundle's replay block at the pinned issuer_commit:
invalidation-liveness	UNKNOWN STEP	2026-08-28T18:22:12.8180097Z     $ git clone https://github.com/example/toy-issuer issuer
invalidation-liveness	UNKNOWN STEP	2026-08-28T18:22:12.8180497Z     $ git -C issuer checkout f1e2d3c
invalidation-liveness	UNKNOWN STEP	2026-08-28T18:22:12.8180845Z     $ python -m pip install -e ./issuer
invalidation-liveness	UNKNOWN STEP	2026-08-28T18:22:12.8181201Z     $ python -m toy_issuer.regrade evidence/bundle.json
invalidation-liveness	UNKNOWN STEP	2026-08-28T18:22:12.8182026Z     $ python issuer/audit/run_audit.py --check evidence/results.json
invalidation-liveness	UNKNOWN STEP	2026-08-28T18:22:12.8182509Z     $ python -m toy_issuer.mutrun --check evidence/evalmut_run.json
invalidation-liveness	UNKNOWN STEP	2026-08-28T18:22:12.8183000Z     $ python -m toy_issuer.crashrun --check evidence/eval_run.json
invalidation-liveness	UNKNOWN STEP	2026-08-28T18:22:12.8183541Z     $ python -m toy_issuer.driftboard --check evidence/standings.json
invalidation-liveness	UNKNOWN STEP	2026-08-28T18:22:12.8184946Z     expected: regrade exits 0 reporting 'consistent'; audit, mutrun, crashrun, and driftboard reproduce results.json, evalmut_run.json, eval_run.json, and the drift board artifacts byte-identically at the stamped commit (mutrun exits 1 by design: the toy suite has holes)
invalidation-liveness	UNKNOWN STEP	2026-08-28T18:22:12.8560906Z FAIL stamp-mismatch: taskset_hash: named by protocol.hashes but absent from evidence/bundle.json
invalidation-liveness	UNKNOWN STEP	2026-08-28T18:22:12.8561796Z FAIL stamp-mismatch: prompt_hash: named by protocol.hashes but absent from evidence/bundle.json
invalidation-liveness	UNKNOWN STEP	2026-08-28T18:22:12.8562675Z FAIL stamp-mismatch: harness_commit: protocol declares issuer_commit but evidence/bundle.json carries no harness_commit
invalidation-liveness	UNKNOWN STEP	2026-08-28T18:22:12.8563761Z structural verification: FAIL — 3 named reason(s) (tamper-stamp-deleted)
invalidation-liveness	UNKNOWN STEP	2026-08-28T18:22:12.8564341Z   proved offline: manifest schema, artifact presence + sha256, bundle closure,
invalidation-liveness	UNKNOWN STEP	2026-08-28T18:22:12.8564945Z   stated limitations, stamp agreement, declared results recomputed from artifacts.
invalidation-liveness	UNKNOWN STEP	2026-08-28T18:22:12.8565704Z semantic replay: NOT run by this tool. A structural PASS means the bundle is
invalidation-liveness	UNKNOWN STEP	2026-08-28T18:22:12.8566259Z   internally honest, not that the issuer's grader agrees. To re-earn the
invalidation-liveness	UNKNOWN STEP	2026-08-28T18:22:12.8566811Z   verdicts, run the bundle's replay block at the pinned issuer_commit:
invalidation-liveness	UNKNOWN STEP	2026-08-28T18:22:12.8567329Z     $ git clone https://github.com/example/toy-issuer issuer
invalidation-liveness	UNKNOWN STEP	2026-08-28T18:22:12.8567760Z     $ git -C issuer checkout f1e2d3c
invalidation-liveness	UNKNOWN STEP	2026-08-28T18:22:12.8568489Z     $ python -m pip install -e ./issuer
invalidation-liveness	UNKNOWN STEP	2026-08-28T18:22:12.8568910Z     $ python -m toy_issuer.regrade evidence/bundle.json
invalidation-liveness	UNKNOWN STEP	2026-08-28T18:22:12.8569435Z     $ python issuer/audit/run_audit.py --check evidence/results.json
invalidation-liveness	UNKNOWN STEP	2026-08-28T18:22:12.8570013Z     $ python -m toy_issuer.mutrun --check evidence/evalmut_run.json
invalidation-liveness	UNKNOWN STEP	2026-08-28T18:22:12.8570570Z     $ python -m toy_issuer.crashrun --check evidence/eval_run.json
invalidation-liveness	UNKNOWN STEP	2026-08-28T18:22:12.8571121Z     $ python -m toy_issuer.driftboard --check evidence/standings.json
invalidation-liveness	UNKNOWN STEP	2026-08-28T18:22:12.8572520Z     expected: regrade exits 0 reporting 'consistent'; audit, mutrun, crashrun, and driftboard reproduce results.json, evalmut_run.json, eval_run.json, and the drift board artifacts byte-identically at the stamped commit (mutrun exits 1 by design: the toy suite has holes)
invalidation-liveness	UNKNOWN STEP	2026-08-28T18:22:12.8938627Z FAIL summary-outruns-checks: summary.fixed: declares 3, recomputation gives 2
invalidation-liveness	UNKNOWN STEP	2026-08-28T18:22:12.8939637Z structural verification: FAIL — 1 named reason(s) (tamper-summary-fixed)
invalidation-liveness	UNKNOWN STEP	2026-08-28T18:22:12.8940242Z   proved offline: manifest schema, artifact presence + sha256, bundle closure,
invalidation-liveness	UNKNOWN STEP	2026-08-28T18:22:12.8940889Z   stated limitations, stamp agreement, declared results recomputed from artifacts.
invalidation-liveness	UNKNOWN STEP	2026-08-28T18:22:12.8941501Z semantic replay: NOT run by this tool. A structural PASS means the bundle is
invalidation-liveness	UNKNOWN STEP	2026-08-28T18:22:12.8942061Z   internally honest, not that the issuer's grader agrees. To re-earn the
invalidation-liveness	UNKNOWN STEP	2026-08-28T18:22:12.8942597Z   verdicts, run the bundle's replay block at the pinned issuer_commit:
invalidation-liveness	UNKNOWN STEP	2026-08-28T18:22:12.8943089Z     $ git clone https://github.com/example/toy-issuer issuer
invalidation-liveness	UNKNOWN STEP	2026-08-28T18:22:12.8943480Z     $ git -C issuer checkout f1e2d3c
invalidation-liveness	UNKNOWN STEP	2026-08-28T18:22:12.8943808Z     $ python -m pip install -e ./issuer
invalidation-liveness	UNKNOWN STEP	2026-08-28T18:22:12.8944153Z     $ python -m toy_issuer.regrade evidence/bundle.json
invalidation-liveness	UNKNOWN STEP	2026-08-28T18:22:12.8944607Z     $ python issuer/audit/run_audit.py --check evidence/results.json
invalidation-liveness	UNKNOWN STEP	2026-08-28T18:22:12.8945102Z     $ python -m toy_issuer.mutrun --check evidence/evalmut_run.json
invalidation-liveness	UNKNOWN STEP	2026-08-28T18:22:12.8945764Z     $ python -m toy_issuer.crashrun --check evidence/eval_run.json
invalidation-liveness	UNKNOWN STEP	2026-08-28T18:22:12.8946545Z     $ python -m toy_issuer.driftboard --check evidence/standings.json
invalidation-liveness	UNKNOWN STEP	2026-08-28T18:22:12.8947849Z     expected: regrade exits 0 reporting 'consistent'; audit, mutrun, crashrun, and driftboard reproduce results.json, evalmut_run.json, eval_run.json, and the drift board artifacts byte-identically at the stamped commit (mutrun exits 1 by design: the toy suite has holes)
invalidation-liveness	UNKNOWN STEP	2026-08-28T18:22:12.9317796Z FAIL summary-outruns-checks: summary.detection_rate_min: declares 0.9, no check recomputes it
invalidation-liveness	UNKNOWN STEP	2026-08-28T18:22:12.9318844Z structural verification: FAIL — 1 named reason(s) (tamper-summary-rate)
invalidation-liveness	UNKNOWN STEP	2026-08-28T18:22:12.9319450Z   proved offline: manifest schema, artifact presence + sha256, bundle closure,
invalidation-liveness	UNKNOWN STEP	2026-08-28T18:22:12.9320080Z   stated limitations, stamp agreement, declared results recomputed from artifacts.
invalidation-liveness	UNKNOWN STEP	2026-08-28T18:22:12.9320731Z semantic replay: NOT run by this tool. A structural PASS means the bundle is
invalidation-liveness	UNKNOWN STEP	2026-08-28T18:22:12.9321285Z   internally honest, not that the issuer's grader agrees. To re-earn the
invalidation-liveness	UNKNOWN STEP	2026-08-28T18:22:12.9321834Z   verdicts, run the bundle's replay block at the pinned issuer_commit:
invalidation-liveness	UNKNOWN STEP	2026-08-28T18:22:12.9322326Z     $ git clone https://github.com/example/toy-issuer issuer
invalidation-liveness	UNKNOWN STEP	2026-08-28T18:22:12.9322707Z     $ git -C issuer checkout f1e2d3c
invalidation-liveness	UNKNOWN STEP	2026-08-28T18:22:12.9323034Z     $ python -m pip install -e ./issuer
invalidation-liveness	UNKNOWN STEP	2026-08-28T18:22:12.9323395Z     $ python -m toy_issuer.regrade evidence/bundle.json
invalidation-liveness	UNKNOWN STEP	2026-08-28T18:22:12.9323832Z     $ python issuer/audit/run_audit.py --check evidence/results.json
invalidation-liveness	UNKNOWN STEP	2026-08-28T18:22:12.9324335Z     $ python -m toy_issuer.mutrun --check evidence/evalmut_run.json
invalidation-liveness	UNKNOWN STEP	2026-08-28T18:22:12.9324799Z     $ python -m toy_issuer.crashrun --check evidence/eval_run.json
invalidation-liveness	UNKNOWN STEP	2026-08-28T18:22:12.9325449Z     $ python -m toy_issuer.driftboard --check evidence/standings.json
invalidation-liveness	UNKNOWN STEP	2026-08-28T18:22:12.9327224Z     expected: regrade exits 0 reporting 'consistent'; audit, mutrun, crashrun, and driftboard reproduce results.json, evalmut_run.json, eval_run.json, and the drift board artifacts byte-identically at the stamped commit (mutrun exits 1 by design: the toy suite has holes)
invalidation-liveness	UNKNOWN STEP	2026-08-28T18:22:12.9687756Z FAIL summary-outruns-checks: summary.mutation_score_3: declares 0.714, no check recomputes it
invalidation-liveness	UNKNOWN STEP	2026-08-28T18:22:12.9688710Z structural verification: FAIL — 1 named reason(s) (tamper-summary-score)
invalidation-liveness	UNKNOWN STEP	2026-08-28T18:22:12.9689139Z   proved offline: manifest schema, artifact presence + sha256, bundle closure,
invalidation-liveness	UNKNOWN STEP	2026-08-28T18:22:12.9689550Z   stated limitations, stamp agreement, declared results recomputed from artifacts.
invalidation-liveness	UNKNOWN STEP	2026-08-28T18:22:12.9689954Z semantic replay: NOT run by this tool. A structural PASS means the bundle is
invalidation-liveness	UNKNOWN STEP	2026-08-28T18:22:12.9690327Z   internally honest, not that the issuer's grader agrees. To re-earn the
invalidation-liveness	UNKNOWN STEP	2026-08-28T18:22:12.9690687Z   verdicts, run the bundle's replay block at the pinned issuer_commit:
invalidation-liveness	UNKNOWN STEP	2026-08-28T18:22:12.9691066Z     $ git clone https://github.com/example/toy-issuer issuer
invalidation-liveness	UNKNOWN STEP	2026-08-28T18:22:12.9691341Z     $ git -C issuer checkout f1e2d3c
invalidation-liveness	UNKNOWN STEP	2026-08-28T18:22:12.9691576Z     $ python -m pip install -e ./issuer
invalidation-liveness	UNKNOWN STEP	2026-08-28T18:22:12.9691837Z     $ python -m toy_issuer.regrade evidence/bundle.json
invalidation-liveness	UNKNOWN STEP	2026-08-28T18:22:12.9692143Z     $ python issuer/audit/run_audit.py --check evidence/results.json
invalidation-liveness	UNKNOWN STEP	2026-08-28T18:22:12.9692476Z     $ python -m toy_issuer.mutrun --check evidence/evalmut_run.json
invalidation-liveness	UNKNOWN STEP	2026-08-28T18:22:12.9692799Z     $ python -m toy_issuer.crashrun --check evidence/eval_run.json
invalidation-liveness	UNKNOWN STEP	2026-08-28T18:22:12.9693123Z     $ python -m toy_issuer.driftboard --check evidence/standings.json
invalidation-liveness	UNKNOWN STEP	2026-08-28T18:22:12.9693970Z     expected: regrade exits 0 reporting 'consistent'; audit, mutrun, crashrun, and driftboard reproduce results.json, evalmut_run.json, eval_run.json, and the drift board artifacts byte-identically at the stamped commit (mutrun exits 1 by design: the toy suite has holes)
invalidation-liveness	UNKNOWN STEP	2026-08-28T18:22:13.0078953Z FAIL summary-outruns-checks: summary.fixed: declares '9999' as a string; a numeric headline must be a JSON number so it can be recomputed
invalidation-liveness	UNKNOWN STEP	2026-08-28T18:22:13.0080534Z structural verification: FAIL — 1 named reason(s) (tamper-summary-string)
invalidation-liveness	UNKNOWN STEP	2026-08-28T18:22:13.0081190Z   proved offline: manifest schema, artifact presence + sha256, bundle closure,
invalidation-liveness	UNKNOWN STEP	2026-08-28T18:22:13.0081811Z   stated limitations, stamp agreement, declared results recomputed from artifacts.
invalidation-liveness	UNKNOWN STEP	2026-08-28T18:22:13.0082225Z semantic replay: NOT run by this tool. A structural PASS means the bundle is
invalidation-liveness	UNKNOWN STEP	2026-08-28T18:22:13.0082600Z   internally honest, not that the issuer's grader agrees. To re-earn the
invalidation-liveness	UNKNOWN STEP	2026-08-28T18:22:13.0082961Z   verdicts, run the bundle's replay block at the pinned issuer_commit:
invalidation-liveness	UNKNOWN STEP	2026-08-28T18:22:13.0083322Z     $ git clone https://github.com/example/toy-issuer issuer
invalidation-liveness	UNKNOWN STEP	2026-08-28T18:22:13.0083601Z     $ git -C issuer checkout f1e2d3c
invalidation-liveness	UNKNOWN STEP	2026-08-28T18:22:13.0101646Z     $ python -m pip install -e ./issuer
invalidation-liveness	UNKNOWN STEP	2026-08-28T18:22:13.0102154Z     $ python -m toy_issuer.regrade evidence/bundle.json
invalidation-liveness	UNKNOWN STEP	2026-08-28T18:22:13.0102613Z     $ python issuer/audit/run_audit.py --check evidence/results.json
invalidation-liveness	UNKNOWN STEP	2026-08-28T18:22:13.0102986Z     $ python -m toy_issuer.mutrun --check evidence/evalmut_run.json
invalidation-liveness	UNKNOWN STEP	2026-08-28T18:22:13.0103324Z     $ python -m toy_issuer.crashrun --check evidence/eval_run.json
invalidation-liveness	UNKNOWN STEP	2026-08-28T18:22:13.0103663Z     $ python -m toy_issuer.driftboard --check evidence/standings.json
invalidation-liveness	UNKNOWN STEP	2026-08-28T18:22:13.0104507Z     expected: regrade exits 0 reporting 'consistent'; audit, mutrun, crashrun, and driftboard reproduce results.json, evalmut_run.json, eval_run.json, and the drift board artifacts byte-identically at the stamped commit (mutrun exits 1 by design: the toy suite has holes)
invalidation-liveness	UNKNOWN STEP	2026-08-28T18:22:13.0443045Z FAIL summary-outruns-checks: summary.eval_run.vulnerability_score: declares 0.0, recomputation gives 0.4545
invalidation-liveness	UNKNOWN STEP	2026-08-28T18:22:13.0443785Z FAIL summary-outruns-checks: summary.eval_run_safe.vulnerability_score: declares 0.4545, recomputation gives 0.0
invalidation-liveness	UNKNOWN STEP	2026-08-28T18:22:13.0444828Z structural verification: FAIL — 2 named reason(s) (tamper-v02-swapped-arms)
invalidation-liveness	UNKNOWN STEP	2026-08-28T18:22:13.0445455Z   proved offline: manifest schema, artifact presence + sha256, bundle closure,
invalidation-liveness	UNKNOWN STEP	2026-08-28T18:22:13.0445888Z   stated limitations, stamp agreement, declared results recomputed from artifacts.
invalidation-liveness	UNKNOWN STEP	2026-08-28T18:22:13.0446299Z semantic replay: NOT run by this tool. A structural PASS means the bundle is
invalidation-liveness	UNKNOWN STEP	2026-08-28T18:22:13.0446681Z   internally honest, not that the issuer's grader agrees. To re-earn the
invalidation-liveness	UNKNOWN STEP	2026-08-28T18:22:13.0447045Z   verdicts, run the bundle's replay block at the pinned issuer_commit:
invalidation-liveness	UNKNOWN STEP	2026-08-28T18:22:13.0447394Z     $ git clone https://github.com/example/toy-issuer issuer
invalidation-liveness	UNKNOWN STEP	2026-08-28T18:22:13.0447677Z     $ git -C issuer checkout f1e2d3c
invalidation-liveness	UNKNOWN STEP	2026-08-28T18:22:13.0447900Z     $ python -m pip install -e ./issuer
invalidation-liveness	UNKNOWN STEP	2026-08-28T18:22:13.0448155Z     $ python -m toy_issuer.regrade evidence/bundle.json
invalidation-liveness	UNKNOWN STEP	2026-08-28T18:22:13.0448464Z     $ python issuer/audit/run_audit.py --check evidence/results.json
invalidation-liveness	UNKNOWN STEP	2026-08-28T18:22:13.0448800Z     $ python -m toy_issuer.mutrun --check evidence/evalmut_run.json
invalidation-liveness	UNKNOWN STEP	2026-08-28T18:22:13.0449120Z     $ python -m toy_issuer.crashrun --check evidence/eval_run.json
invalidation-liveness	UNKNOWN STEP	2026-08-28T18:22:13.0449446Z     $ python -m toy_issuer.driftboard --check evidence/standings.json
invalidation-liveness	UNKNOWN STEP	2026-08-28T18:22:13.0450324Z     expected: regrade exits 0 reporting 'consistent'; audit, mutrun, crashrun, and driftboard reproduce results.json, evalmut_run.json, eval_run.json, and the drift board artifacts byte-identically at the stamped commit (mutrun exits 1 by design: the toy suite has holes)
invalidation-liveness	UNKNOWN STEP	2026-08-28T18:22:13.0808566Z FAIL summary-mismatch: fixed: declared 3, recomputed 2
invalidation-liveness	UNKNOWN STEP	2026-08-28T18:22:13.0809534Z FAIL summary-outruns-checks: summary.fixed: declares 3, recomputation gives 2
invalidation-liveness	UNKNOWN STEP	2026-08-28T18:22:13.0810521Z structural verification: FAIL — 2 named reason(s) (tamper-verdict-count)
invalidation-liveness	UNKNOWN STEP	2026-08-28T18:22:13.0811141Z   proved offline: manifest schema, artifact presence + sha256, bundle closure,
invalidation-liveness	UNKNOWN STEP	2026-08-28T18:22:13.0811801Z   stated limitations, stamp agreement, declared results recomputed from artifacts.
invalidation-liveness	UNKNOWN STEP	2026-08-28T18:22:13.0812386Z semantic replay: NOT run by this tool. A structural PASS means the bundle is
invalidation-liveness	UNKNOWN STEP	2026-08-28T18:22:13.0813387Z   internally honest, not that the issuer's grader agrees. To re-earn the
invalidation-liveness	UNKNOWN STEP	2026-08-28T18:22:13.0813919Z   verdicts, run the bundle's replay block at the pinned issuer_commit:
invalidation-liveness	UNKNOWN STEP	2026-08-28T18:22:13.0814413Z     $ git clone https://github.com/example/toy-issuer issuer
invalidation-liveness	UNKNOWN STEP	2026-08-28T18:22:13.0814807Z     $ git -C issuer checkout f1e2d3c
invalidation-liveness	UNKNOWN STEP	2026-08-28T18:22:13.0815438Z     $ python -m pip install -e ./issuer
invalidation-liveness	UNKNOWN STEP	2026-08-28T18:22:13.0815802Z     $ python -m toy_issuer.regrade evidence/bundle.json
invalidation-liveness	UNKNOWN STEP	2026-08-28T18:22:13.0816261Z     $ python issuer/audit/run_audit.py --check evidence/results.json
invalidation-liveness	UNKNOWN STEP	2026-08-28T18:22:13.0816799Z     $ python -m toy_issuer.mutrun --check evidence/evalmut_run.json
invalidation-liveness	UNKNOWN STEP	2026-08-28T18:22:13.0817322Z     $ python -m toy_issuer.crashrun --check evidence/eval_run.json
invalidation-liveness	UNKNOWN STEP	2026-08-28T18:22:13.0817854Z     $ python -m toy_issuer.driftboard --check evidence/standings.json
invalidation-liveness	UNKNOWN STEP	2026-08-28T18:22:13.0819281Z     expected: regrade exits 0 reporting 'consistent'; audit, mutrun, crashrun, and driftboard reproduce results.json, evalmut_run.json, eval_run.json, and the drift board artifacts byte-identically at the stamped commit (mutrun exits 1 by design: the toy suite has holes)
invalidation-liveness	UNKNOWN STEP	2026-08-28T18:22:13.1211584Z FAIL sha256-mismatch: evidence/bundle.json: manifest 0000000000000000000000000000000000000000000000000000000000000000, file 64931fe8d466c2cfdbf3c15013d8aa013bc54a2e340fb89737972ef3612550d4
invalidation-liveness	UNKNOWN STEP	2026-08-28T18:22:13.1213039Z structural verification: FAIL — 1 named reason(s) (tamper-wrong-sha256)
invalidation-liveness	UNKNOWN STEP	2026-08-28T18:22:13.1213702Z   proved offline: manifest schema, artifact presence + sha256, bundle closure,
invalidation-liveness	UNKNOWN STEP	2026-08-28T18:22:13.1214122Z   stated limitations, stamp agreement, declared results recomputed from artifacts.
invalidation-liveness	UNKNOWN STEP	2026-08-28T18:22:13.1214527Z semantic replay: NOT run by this tool. A structural PASS means the bundle is
invalidation-liveness	UNKNOWN STEP	2026-08-28T18:22:13.1215358Z   internally honest, not that the issuer's grader agrees. To re-earn the
invalidation-liveness	UNKNOWN STEP	2026-08-28T18:22:13.1215761Z   verdicts, run the bundle's replay block at the pinned issuer_commit:
invalidation-liveness	UNKNOWN STEP	2026-08-28T18:22:13.1216128Z     $ git clone https://github.com/example/toy-issuer issuer
invalidation-liveness	UNKNOWN STEP	2026-08-28T18:22:13.1216411Z     $ git -C issuer checkout f1e2d3c
invalidation-liveness	UNKNOWN STEP	2026-08-28T18:22:13.1216642Z     $ python -m pip install -e ./issuer
invalidation-liveness	UNKNOWN STEP	2026-08-28T18:22:13.1216910Z     $ python -m toy_issuer.regrade evidence/bundle.json
invalidation-liveness	UNKNOWN STEP	2026-08-28T18:22:13.1217218Z     $ python issuer/audit/run_audit.py --check evidence/results.json
invalidation-liveness	UNKNOWN STEP	2026-08-28T18:22:13.1217556Z     $ python -m toy_issuer.mutrun --check evidence/evalmut_run.json
invalidation-liveness	UNKNOWN STEP	2026-08-28T18:22:13.1217878Z     $ python -m toy_issuer.crashrun --check evidence/eval_run.json
invalidation-liveness	UNKNOWN STEP	2026-08-28T18:22:13.1218206Z     $ python -m toy_issuer.driftboard --check evidence/standings.json
invalidation-liveness	UNKNOWN STEP	2026-08-28T18:22:13.1219059Z     expected: regrade exits 0 reporting 'consistent'; audit, mutrun, crashrun, and driftboard reproduce results.json, evalmut_run.json, eval_run.json, and the drift board artifacts byte-identically at the stamped commit (mutrun exits 1 by design: the toy suite has holes)
invalidation-liveness	UNKNOWN STEP	2026-08-28T18:22:13.1297217Z ##[group]Run python fixtures/make_fixtures.py
invalidation-liveness	UNKNOWN STEP	2026-08-28T18:22:13.1297523Z ^[[36;1mpython fixtures/make_fixtures.py^[[0m
invalidation-liveness	UNKNOWN STEP	2026-08-28T18:22:13.1297768Z ^[[36;1mgit diff --exit-code fixtures/^[[0m
invalidation-liveness	UNKNOWN STEP	2026-08-28T18:22:13.1335706Z shell: /usr/bin/bash -e {0}
invalidation-liveness	UNKNOWN STEP	2026-08-28T18:22:13.1335915Z env:
invalidation-liveness	UNKNOWN STEP	2026-08-28T18:22:13.1336137Z   pythonLocation: /opt/hostedtoolcache/Python/3.12.14/x64
invalidation-liveness	UNKNOWN STEP	2026-08-28T18:22:13.1336479Z   PKG_CONFIG_PATH: /opt/hostedtoolcache/Python/3.12.14/x64/lib/pkgconfig
invalidation-liveness	UNKNOWN STEP	2026-08-28T18:22:13.1336807Z   Python_ROOT_DIR: /opt/hostedtoolcache/Python/3.12.14/x64
invalidation-liveness	UNKNOWN STEP	2026-08-28T18:22:13.1337105Z   Python2_ROOT_DIR: /opt/hostedtoolcache/Python/3.12.14/x64
invalidation-liveness	UNKNOWN STEP	2026-08-28T18:22:13.1337408Z   Python3_ROOT_DIR: /opt/hostedtoolcache/Python/3.12.14/x64
invalidation-liveness	UNKNOWN STEP	2026-08-28T18:22:13.1337703Z   LD_LIBRARY_PATH: /opt/hostedtoolcache/Python/3.12.14/x64/lib
invalidation-liveness	UNKNOWN STEP	2026-08-28T18:22:13.1337960Z ##[endgroup]
invalidation-liveness	UNKNOWN STEP	2026-08-28T18:22:13.2259597Z attack-crashkit-severity: 15 file(s)
invalidation-liveness	UNKNOWN STEP	2026-08-28T18:22:13.2259951Z tamper-check-deleted: 15 file(s)
invalidation-liveness	UNKNOWN STEP	2026-08-28T18:22:13.2260370Z tamper-crashkit-case: 15 file(s)
invalidation-liveness	UNKNOWN STEP	2026-08-28T18:22:13.2260584Z tamper-crashkit-metrics: 15 file(s)
invalidation-liveness	UNKNOWN STEP	2026-08-28T18:22:13.2260808Z tamper-crashkit-severity: 15 file(s)
invalidation-liveness	UNKNOWN STEP	2026-08-28T18:22:13.2261033Z tamper-draft-incomplete: 15 file(s)
invalidation-liveness	UNKNOWN STEP	2026-08-28T18:22:13.2261248Z tamper-empty-limitations: 15 file(s)
invalidation-liveness	UNKNOWN STEP	2026-08-28T18:22:13.2261458Z tamper-evalmut-all-error: 15 file(s)
invalidation-liveness	UNKNOWN STEP	2026-08-28T18:22:13.2261673Z tamper-evalmut-empty-rows: 15 file(s)
invalidation-liveness	UNKNOWN STEP	2026-08-28T18:22:13.2261891Z tamper-evalmut-rows: 15 file(s)
invalidation-liveness	UNKNOWN STEP	2026-08-28T18:22:13.2262101Z tamper-evalmut-summary: 15 file(s)
invalidation-liveness	UNKNOWN STEP	2026-08-28T18:22:13.2262324Z tamper-missing-artifact: 14 file(s)
invalidation-liveness	UNKNOWN STEP	2026-08-28T18:22:13.2262545Z tamper-missing-issuer-commit: 15 file(s)
invalidation-liveness	UNKNOWN STEP	2026-08-28T18:22:13.2262774Z tamper-modeldrift-rows: 15 file(s)
invalidation-liveness	UNKNOWN STEP	2026-08-28T18:22:13.2262992Z tamper-modeldrift-standings: 15 file(s)
invalidation-liveness	UNKNOWN STEP	2026-08-28T18:22:13.2263214Z tamper-raw-aggregate: 15 file(s)
invalidation-liveness	UNKNOWN STEP	2026-08-28T18:22:13.2263421Z tamper-stamp-deleted: 15 file(s)
invalidation-liveness	UNKNOWN STEP	2026-08-28T18:22:13.2263633Z tamper-summary-fixed: 15 file(s)
invalidation-liveness	UNKNOWN STEP	2026-08-28T18:22:13.2263833Z tamper-summary-rate: 15 file(s)
invalidation-liveness	UNKNOWN STEP	2026-08-28T18:22:13.2264028Z tamper-summary-score: 15 file(s)
invalidation-liveness	UNKNOWN STEP	2026-08-28T18:22:13.2264231Z tamper-summary-string: 15 file(s)
invalidation-liveness	UNKNOWN STEP	2026-08-28T18:22:13.2264450Z tamper-v02-swapped-arms: 16 file(s)
invalidation-liveness	UNKNOWN STEP	2026-08-28T18:22:13.2264655Z tamper-verdict-count: 15 file(s)
invalidation-liveness	UNKNOWN STEP	2026-08-28T18:22:13.2264853Z tamper-wrong-sha256: 15 file(s)
invalidation-liveness	UNKNOWN STEP	2026-08-28T18:22:13.2265052Z v02-twin-arms: 16 file(s)
invalidation-liveness	UNKNOWN STEP	2026-08-28T18:22:13.2265447Z valid: 15 file(s)
invalidation-liveness	UNKNOWN STEP	2026-08-28T18:22:13.2688817Z Node 20 is being deprecated. This workflow is running with Node 24 by default. If you need to temporarily use Node 20, you can set the ACTIONS_ALLOW_USE_UNSECURE_NODE_VERSION=true environment variable. For more information see: https://github.blog/changelog/2025-09-19-deprecation-of-node-20-on-github-actions-runners/
invalidation-liveness	UNKNOWN STEP	2026-08-28T18:22:13.2690330Z Post job cleanup.
invalidation-liveness	UNKNOWN STEP	2026-08-28T18:22:13.3691848Z (node:2113) [DEP0040] DeprecationWarning: The `punycode` module is deprecated. Please use a userland alternative instead.
invalidation-liveness	UNKNOWN STEP	2026-08-28T18:22:13.3692470Z (Use `node --trace-deprecation ...` to show where the warning was created)
invalidation-liveness	UNKNOWN STEP	2026-08-28T18:22:13.3908017Z Node 20 is being deprecated. This workflow is running with Node 24 by default. If you need to temporarily use Node 20, you can set the ACTIONS_ALLOW_USE_UNSECURE_NODE_VERSION=true environment variable. For more information see: https://github.blog/changelog/2025-09-19-deprecation-of-node-20-on-github-actions-runners/
invalidation-liveness	UNKNOWN STEP	2026-08-28T18:22:13.3909675Z Post job cleanup.
invalidation-liveness	UNKNOWN STEP	2026-08-28T18:22:13.4660500Z [command]/usr/bin/git version
invalidation-liveness	UNKNOWN STEP	2026-08-28T18:22:13.4697794Z git version 2.55.0
invalidation-liveness	UNKNOWN STEP	2026-08-28T18:22:13.4728359Z Temporarily overriding HOME='/home/runner/work/_temp/868fb6c6-284e-4ad0-9d6d-ef41decde5eb' before making global git config changes
invalidation-liveness	UNKNOWN STEP	2026-08-28T18:22:13.4729387Z Adding repository directory to the temporary git global config as a safe directory
invalidation-liveness	UNKNOWN STEP	2026-08-28T18:22:13.4733872Z [command]/usr/bin/git config --global --add safe.directory /home/runner/work/vac-protocol/vac-protocol
invalidation-liveness	UNKNOWN STEP	2026-08-28T18:22:13.4775334Z [command]/usr/bin/git config --local --name-only --get-regexp core\.sshCommand
invalidation-liveness	UNKNOWN STEP	2026-08-28T18:22:13.4808259Z [command]/usr/bin/git submodule foreach --recursive sh -c "git config --local --name-only --get-regexp 'core\.sshCommand' && git config --local --unset-all 'core.sshCommand' || :"
invalidation-liveness	UNKNOWN STEP	2026-08-28T18:22:13.5117353Z [command]/usr/bin/git config --local --name-only --get-regexp http\.https\:\/\/github\.com\/\.extraheader
invalidation-liveness	UNKNOWN STEP	2026-08-28T18:22:13.5349528Z http.https://github.com/.extraheader
invalidation-liveness	UNKNOWN STEP	2026-08-28T18:22:13.5380789Z [command]/usr/bin/git config --local --unset-all http.https://github.com/.extraheader
invalidation-liveness	UNKNOWN STEP	2026-08-28T18:22:13.5539159Z [command]/usr/bin/git submodule foreach --recursive sh -c "git config --local --name-only --get-regexp 'http\.https\:\/\/github\.com\/\.extraheader' && git config --local --unset-all 'http.https://github.com/.extraheader' || :"
invalidation-liveness	UNKNOWN STEP	2026-08-28T18:22:13.5779193Z [command]/usr/bin/git config --local --name-only --get-regexp ^includeIf\.gitdir:
invalidation-liveness	UNKNOWN STEP	2026-08-28T18:22:13.5829823Z [command]/usr/bin/git submodule foreach --recursive git config --local --show-origin --name-only --get-regexp remote.origin.url
invalidation-liveness	UNKNOWN STEP	2026-08-28T18:22:13.6194203Z Cleaning up orphan processes
invalidation-liveness	UNKNOWN STEP	2026-08-28T18:22:13.6428490Z ##[warning]Node.js 20 is deprecated. The following actions target Node.js 20 but are being forced to run on Node.js 24: actions/checkout@v4, actions/setup-python@v5. For more information see: https://github.blog/changelog/2025-09-19-deprecation-of-node-20-on-github-actions-runners/
test (3.12)	UNKNOWN STEP	﻿2026-08-28T18:22:08.7460983Z Current runner version: '2.336.0'
test (3.12)	UNKNOWN STEP	2026-08-28T18:22:08.7488588Z ##[group]Runner Image Provisioner
test (3.12)	UNKNOWN STEP	2026-08-28T18:22:08.7489570Z Hosted Compute Agent
test (3.12)	UNKNOWN STEP	2026-08-28T18:22:08.7490178Z Version: 20260819.586
test (3.12)	UNKNOWN STEP	2026-08-28T18:22:08.7490818Z Commit: 3cc4a88dfa507ef76119ad1bb3eccc6378bb2b76
test (3.12)	UNKNOWN STEP	2026-08-28T18:22:08.7491692Z Build Date: 2026-08-18T23:20:18Z
test (3.12)	UNKNOWN STEP	2026-08-28T18:22:08.7492394Z Worker ID: {17a5bcb9-9403-46ea-9c95-fb8c10f29110}
test (3.12)	UNKNOWN STEP	2026-08-28T18:22:08.7493188Z Azure Region: westcentralus
test (3.12)	UNKNOWN STEP	2026-08-28T18:22:08.7493904Z ##[endgroup]
test (3.12)	UNKNOWN STEP	2026-08-28T18:22:08.7495232Z ##[group]Operating System
test (3.12)	UNKNOWN STEP	2026-08-28T18:22:08.7496642Z Ubuntu
test (3.12)	UNKNOWN STEP	2026-08-28T18:22:08.7497202Z 24.04.4
test (3.12)	UNKNOWN STEP	2026-08-28T18:22:08.7497778Z LTS
test (3.12)	UNKNOWN STEP	2026-08-28T18:22:08.7498345Z ##[endgroup]
test (3.12)	UNKNOWN STEP	2026-08-28T18:22:08.7498924Z ##[group]Runner Image
test (3.12)	UNKNOWN STEP	2026-08-28T18:22:08.7499630Z Image: ubuntu-24.04
test (3.12)	UNKNOWN STEP	2026-08-28T18:22:08.7500222Z Version: 20260823.283.1
test (3.12)	UNKNOWN STEP	2026-08-28T18:22:08.7501573Z Included Software: https://github.com/actions/runner-images/blob/ubuntu24/20260823.283/images/ubuntu/Ubuntu2404-Readme.md
test (3.12)	UNKNOWN STEP	2026-08-28T18:22:08.7503143Z Image Release: https://github.com/actions/runner-images/releases/tag/ubuntu24%2F20260823.283
test (3.12)	UNKNOWN STEP	2026-08-28T18:22:08.7504193Z ##[endgroup]
test (3.12)	UNKNOWN STEP	2026-08-28T18:22:08.7505450Z ##[group]GITHUB_TOKEN Permissions
test (3.12)	UNKNOWN STEP	2026-08-28T18:22:08.7508003Z Contents: read
test (3.12)	UNKNOWN STEP	2026-08-28T18:22:08.7508689Z Metadata: read
test (3.12)	UNKNOWN STEP	2026-08-28T18:22:08.7509394Z Packages: read
test (3.12)	UNKNOWN STEP	2026-08-28T18:22:08.7509998Z ##[endgroup]
test (3.12)	UNKNOWN STEP	2026-08-28T18:22:08.7513597Z Secret source: Actions
test (3.12)	UNKNOWN STEP	2026-08-28T18:22:08.7515229Z Prepare workflow directory
test (3.12)	UNKNOWN STEP	2026-08-28T18:22:08.7894659Z Prepare all required actions
test (3.12)	UNKNOWN STEP	2026-08-28T18:22:08.7942011Z Getting action download info
test (3.12)	UNKNOWN STEP	2026-08-28T18:22:09.0921445Z Download action repository 'actions/checkout@v4' (SHA:11d5960a326750d5838078e36cf38b85af677262)
test (3.12)	UNKNOWN STEP	2026-08-28T18:22:09.1806022Z Download action repository 'actions/setup-python@v5' (SHA:a26af69be951a213d495a4c3e4e4022e16d87065)
test (3.12)	UNKNOWN STEP	2026-08-28T18:22:09.3693369Z Complete job name: test (3.12)
test (3.12)	UNKNOWN STEP	2026-08-28T18:22:09.4564128Z Node 20 is being deprecated. This workflow is running with Node 24 by default. If you need to temporarily use Node 20, you can set the ACTIONS_ALLOW_USE_UNSECURE_NODE_VERSION=true environment variable. For more information see: https://github.blog/changelog/2025-09-19-deprecation-of-node-20-on-github-actions-runners/
test (3.12)	UNKNOWN STEP	2026-08-28T18:22:09.4572930Z ##[group]Run actions/checkout@v4
test (3.12)	UNKNOWN STEP	2026-08-28T18:22:09.4573630Z with:
test (3.12)	UNKNOWN STEP	2026-08-28T18:22:09.4574089Z   repository: egnaro9/vac-protocol
test (3.12)	UNKNOWN STEP	2026-08-28T18:22:09.4578163Z   token: ***
test (3.12)	UNKNOWN STEP	2026-08-28T18:22:09.4578624Z   ssh-strict: true
test (3.12)	UNKNOWN STEP	2026-08-28T18:22:09.4579078Z   ssh-user: git
test (3.12)	UNKNOWN STEP	2026-08-28T18:22:09.4579559Z   persist-credentials: true
test (3.12)	UNKNOWN STEP	2026-08-28T18:22:09.4580062Z   clean: true
test (3.12)	UNKNOWN STEP	2026-08-28T18:22:09.4580510Z   sparse-checkout-cone-mode: true
test (3.12)	UNKNOWN STEP	2026-08-28T18:22:09.4581039Z   fetch-depth: 1
test (3.12)	UNKNOWN STEP	2026-08-28T18:22:09.4581489Z   fetch-tags: false
test (3.12)	UNKNOWN STEP	2026-08-28T18:22:09.4581942Z   show-progress: true
test (3.12)	UNKNOWN STEP	2026-08-28T18:22:09.4582400Z   lfs: false
test (3.12)	UNKNOWN STEP	2026-08-28T18:22:09.4582879Z   submodules: false
test (3.12)	UNKNOWN STEP	2026-08-28T18:22:09.4583335Z   set-safe-directory: true
test (3.12)	UNKNOWN STEP	2026-08-28T18:22:09.4583856Z   allow-unsafe-pr-checkout: false
test (3.12)	UNKNOWN STEP	2026-08-28T18:22:09.4584865Z ##[endgroup]
test (3.12)	UNKNOWN STEP	2026-08-28T18:22:09.5736216Z Syncing repository: egnaro9/vac-protocol
test (3.12)	UNKNOWN STEP	2026-08-28T18:22:09.5739006Z ##[group]Getting Git version info
test (3.12)	UNKNOWN STEP	2026-08-28T18:22:09.5740180Z Working directory is '/home/runner/work/vac-protocol/vac-protocol'
test (3.12)	UNKNOWN STEP	2026-08-28T18:22:09.5741939Z [command]/usr/bin/git version
test (3.12)	UNKNOWN STEP	2026-08-28T18:22:09.5770046Z git version 2.55.0
test (3.12)	UNKNOWN STEP	2026-08-28T18:22:09.5826181Z ##[endgroup]
test (3.12)	UNKNOWN STEP	2026-08-28T18:22:09.5843884Z Temporarily overriding HOME='/home/runner/work/_temp/0910982f-52e1-4dc1-932e-192c8a3ef4d9' before making global git config changes
test (3.12)	UNKNOWN STEP	2026-08-28T18:22:09.5846161Z Adding repository directory to the temporary git global config as a safe directory
test (3.12)	UNKNOWN STEP	2026-08-28T18:22:09.5865484Z [command]/usr/bin/git config --global --add safe.directory /home/runner/work/vac-protocol/vac-protocol
test (3.12)	UNKNOWN STEP	2026-08-28T18:22:09.5921763Z Deleting the contents of '/home/runner/work/vac-protocol/vac-protocol'
test (3.12)	UNKNOWN STEP	2026-08-28T18:22:09.5925456Z ##[group]Initializing the repository
test (3.12)	UNKNOWN STEP	2026-08-28T18:22:09.5931289Z [command]/usr/bin/git init /home/runner/work/vac-protocol/vac-protocol
test (3.12)	UNKNOWN STEP	2026-08-28T18:22:09.6023487Z hint: Using 'master' as the name for the initial branch. This default branch name
test (3.12)	UNKNOWN STEP	2026-08-28T18:22:09.6027254Z hint: will change to "main" in Git 3.0. To configure the initial branch name
test (3.12)	UNKNOWN STEP	2026-08-28T18:22:09.6028951Z hint: to use in all of your new repositories, which will suppress this warning,
test (3.12)	UNKNOWN STEP	2026-08-28T18:22:09.6030289Z hint: call:
test (3.12)	UNKNOWN STEP	2026-08-28T18:22:09.6031149Z hint:
test (3.12)	UNKNOWN STEP	2026-08-28T18:22:09.6031956Z hint: 	git config --global init.defaultBranch <name>
test (3.12)	UNKNOWN STEP	2026-08-28T18:22:09.6032708Z hint:
test (3.12)	UNKNOWN STEP	2026-08-28T18:22:09.6033309Z hint: Names commonly chosen instead of 'master' are 'main', 'trunk' and
test (3.12)	UNKNOWN STEP	2026-08-28T18:22:09.6034242Z hint: 'development'. The just-created branch can be renamed via this command:
test (3.12)	UNKNOWN STEP	2026-08-28T18:22:09.6034974Z hint:
test (3.12)	UNKNOWN STEP	2026-08-28T18:22:09.6035386Z hint: 	git branch -m <name>
test (3.12)	UNKNOWN STEP	2026-08-28T18:22:09.6035904Z hint:
test (3.12)	UNKNOWN STEP	2026-08-28T18:22:09.6036755Z hint: Disable this message with "git config set advice.defaultBranchName false"
test (3.12)	UNKNOWN STEP	2026-08-28T18:22:09.6037827Z Initialized empty Git repository in /home/runner/work/vac-protocol/vac-protocol/.git/
test (3.12)	UNKNOWN STEP	2026-08-28T18:22:09.6040561Z [command]/usr/bin/git remote add origin https://github.com/egnaro9/vac-protocol
test (3.12)	UNKNOWN STEP	2026-08-28T18:22:09.6089626Z ##[endgroup]
test (3.12)	UNKNOWN STEP	2026-08-28T18:22:09.6090432Z ##[group]Disabling automatic garbage collection
test (3.12)	UNKNOWN STEP	2026-08-28T18:22:09.6094534Z [command]/usr/bin/git config --local gc.auto 0
test (3.12)	UNKNOWN STEP	2026-08-28T18:22:09.6129096Z ##[endgroup]
test (3.12)	UNKNOWN STEP	2026-08-28T18:22:09.6129884Z ##[group]Setting up auth
test (3.12)	UNKNOWN STEP	2026-08-28T18:22:09.6136824Z [command]/usr/bin/git config --local --name-only --get-regexp core\.sshCommand
test (3.12)	UNKNOWN STEP	2026-08-28T18:22:09.6172285Z [command]/usr/bin/git submodule foreach --recursive sh -c "git config --local --name-only --get-regexp 'core\.sshCommand' && git config --local --unset-all 'core.sshCommand' || :"
test (3.12)	UNKNOWN STEP	2026-08-28T18:22:09.6540479Z [command]/usr/bin/git config --local --name-only --get-regexp http\.https\:\/\/github\.com\/\.extraheader
test (3.12)	UNKNOWN STEP	2026-08-28T18:22:09.6583885Z [command]/usr/bin/git submodule foreach --recursive sh -c "git config --local --name-only --get-regexp 'http\.https\:\/\/github\.com\/\.extraheader' && git config --local --unset-all 'http.https://github.com/.extraheader' || :"
test (3.12)	UNKNOWN STEP	2026-08-28T18:22:09.6843614Z [command]/usr/bin/git config --local --name-only --get-regexp ^includeIf\.gitdir:
test (3.12)	UNKNOWN STEP	2026-08-28T18:22:09.6884358Z [command]/usr/bin/git submodule foreach --recursive git config --local --show-origin --name-only --get-regexp remote.origin.url
test (3.12)	UNKNOWN STEP	2026-08-28T18:22:09.7135199Z [command]/usr/bin/git config --local http.https://github.com/.extraheader AUTHORIZATION: basic ***
test (3.12)	UNKNOWN STEP	2026-08-28T18:22:09.7180005Z ##[endgroup]
test (3.12)	UNKNOWN STEP	2026-08-28T18:22:09.7180944Z ##[group]Fetching the repository
test (3.12)	UNKNOWN STEP	2026-08-28T18:22:09.7190309Z [command]/usr/bin/git -c protocol.version=2 fetch --no-tags --prune --no-recurse-submodules --depth=1 origin +f1511f523e37aeb9304d9f69c5358610ad0666ec:refs/remotes/origin/main
test (3.12)	UNKNOWN STEP	2026-08-28T18:22:10.4721301Z From https://github.com/egnaro9/vac-protocol
test (3.12)	UNKNOWN STEP	2026-08-28T18:22:10.4723114Z  * [new ref]         f1511f523e37aeb9304d9f69c5358610ad0666ec -> origin/main
test (3.12)	UNKNOWN STEP	2026-08-28T18:22:10.4729791Z ##[endgroup]
test (3.12)	UNKNOWN STEP	2026-08-28T18:22:10.4731193Z ##[group]Determining the checkout info
test (3.12)	UNKNOWN STEP	2026-08-28T18:22:10.4733098Z ##[endgroup]
test (3.12)	UNKNOWN STEP	2026-08-28T18:22:10.4734287Z [command]/usr/bin/git sparse-checkout disable
test (3.12)	UNKNOWN STEP	2026-08-28T18:22:10.4791260Z [command]/usr/bin/git config --local --unset-all extensions.worktreeConfig
test (3.12)	UNKNOWN STEP	2026-08-28T18:22:10.4828959Z ##[group]Checking out the ref
test (3.12)	UNKNOWN STEP	2026-08-28T18:22:10.4833763Z [command]/usr/bin/git checkout --progress --force -B main refs/remotes/origin/main
test (3.12)	UNKNOWN STEP	2026-08-28T18:22:10.5143716Z Switched to a new branch 'main'
test (3.12)	UNKNOWN STEP	2026-08-28T18:22:10.5146671Z branch 'main' set up to track 'origin/main'.
test (3.12)	UNKNOWN STEP	2026-08-28T18:22:10.5161299Z ##[endgroup]
test (3.12)	UNKNOWN STEP	2026-08-28T18:22:10.5216199Z [command]/usr/bin/git log -1 --format=%H
test (3.12)	UNKNOWN STEP	2026-08-28T18:22:10.5249464Z f1511f523e37aeb9304d9f69c5358610ad0666ec
test (3.12)	UNKNOWN STEP	2026-08-28T18:22:10.5636764Z Node 20 is being deprecated. This workflow is running with Node 24 by default. If you need to temporarily use Node 20, you can set the ACTIONS_ALLOW_USE_UNSECURE_NODE_VERSION=true environment variable. For more information see: https://github.blog/changelog/2025-09-19-deprecation-of-node-20-on-github-actions-runners/
test (3.12)	UNKNOWN STEP	2026-08-28T18:22:10.5641917Z ##[group]Run actions/setup-python@v5
test (3.12)	UNKNOWN STEP	2026-08-28T18:22:10.5643102Z with:
test (3.12)	UNKNOWN STEP	2026-08-28T18:22:10.5644045Z   python-version: 3.12
test (3.12)	UNKNOWN STEP	2026-08-28T18:22:10.5645116Z   check-latest: false
test (3.12)	UNKNOWN STEP	2026-08-28T18:22:10.5653246Z   token: ***
test (3.12)	UNKNOWN STEP	2026-08-28T18:22:10.5654254Z   update-environment: true
test (3.12)	UNKNOWN STEP	2026-08-28T18:22:10.5655399Z   allow-prereleases: false
test (3.12)	UNKNOWN STEP	2026-08-28T18:22:10.5656633Z   freethreaded: false
test (3.12)	UNKNOWN STEP	2026-08-28T18:22:10.5657667Z ##[endgroup]
test (3.12)	UNKNOWN STEP	2026-08-28T18:22:10.7023389Z ##[group]Installed versions
test (3.12)	UNKNOWN STEP	2026-08-28T18:22:10.7102287Z (node:2162) [DEP0040] DeprecationWarning: The `punycode` module is deprecated. Please use a userland alternative instead.
test (3.12)	UNKNOWN STEP	2026-08-28T18:22:10.7105948Z (Use `node --trace-deprecation ...` to show where the warning was created)
test (3.12)	UNKNOWN STEP	2026-08-28T18:22:10.7108535Z Successfully set up CPython (3.12.14)
test (3.12)	UNKNOWN STEP	2026-08-28T18:22:10.7111306Z ##[endgroup]
test (3.12)	UNKNOWN STEP	2026-08-28T18:22:10.7448524Z ##[group]Run pip install -e ".[test]"
test (3.12)	UNKNOWN STEP	2026-08-28T18:22:10.7449951Z ^[[36;1mpip install -e ".[test]"^[[0m
test (3.12)	UNKNOWN STEP	2026-08-28T18:22:10.7527877Z shell: /usr/bin/bash -e {0}
test (3.12)	UNKNOWN STEP	2026-08-28T18:22:10.7530158Z env:
test (3.12)	UNKNOWN STEP	2026-08-28T18:22:10.7531373Z   pythonLocation: /opt/hostedtoolcache/Python/3.12.14/x64
test (3.12)	UNKNOWN STEP	2026-08-28T18:22:10.7533382Z   PKG_CONFIG_PATH: /opt/hostedtoolcache/Python/3.12.14/x64/lib/pkgconfig
test (3.12)	UNKNOWN STEP	2026-08-28T18:22:10.7535162Z   Python_ROOT_DIR: /opt/hostedtoolcache/Python/3.12.14/x64
test (3.12)	UNKNOWN STEP	2026-08-28T18:22:10.7536875Z   Python2_ROOT_DIR: /opt/hostedtoolcache/Python/3.12.14/x64
test (3.12)	UNKNOWN STEP	2026-08-28T18:22:10.7538449Z   Python3_ROOT_DIR: /opt/hostedtoolcache/Python/3.12.14/x64
test (3.12)	UNKNOWN STEP	2026-08-28T18:22:10.7539988Z   LD_LIBRARY_PATH: /opt/hostedtoolcache/Python/3.12.14/x64/lib
test (3.12)	UNKNOWN STEP	2026-08-28T18:22:10.7541915Z ##[endgroup]
test (3.12)	UNKNOWN STEP	2026-08-28T18:22:11.4445762Z Obtaining file:///home/runner/work/vac-protocol/vac-protocol
test (3.12)	UNKNOWN STEP	2026-08-28T18:22:11.4462963Z   Installing build dependencies: started
test (3.12)	UNKNOWN STEP	2026-08-28T18:22:12.3557173Z   Installing build dependencies: finished with status 'done'
test (3.12)	UNKNOWN STEP	2026-08-28T18:22:12.3563281Z   Checking if build backend supports build_editable: started
test (3.12)	UNKNOWN STEP	2026-08-28T18:22:12.6785648Z   Checking if build backend supports build_editable: finished with status 'done'
test (3.12)	UNKNOWN STEP	2026-08-28T18:22:12.6795410Z   Getting requirements to build editable: started
test (3.12)	UNKNOWN STEP	2026-08-28T18:22:13.0310282Z   Getting requirements to build editable: finished with status 'done'
test (3.12)	UNKNOWN STEP	2026-08-28T18:22:13.0319803Z   Preparing editable metadata (pyproject.toml): started
test (3.12)	UNKNOWN STEP	2026-08-28T18:22:13.2303396Z   Preparing editable metadata (pyproject.toml): finished with status 'done'
test (3.12)	UNKNOWN STEP	2026-08-28T18:22:13.3737159Z Collecting pytest (from vac-protocol==0.1.0)
test (3.12)	UNKNOWN STEP	2026-08-28T18:22:13.4659168Z   Downloading pytest-9.1.1-py3-none-any.whl.metadata (7.6 kB)
test (3.12)	UNKNOWN STEP	2026-08-28T18:22:13.4940374Z Collecting iniconfig>=1.0.1 (from pytest->vac-protocol==0.1.0)
test (3.12)	UNKNOWN STEP	2026-08-28T18:22:13.5129772Z   Downloading iniconfig-2.3.0-py3-none-any.whl.metadata (2.5 kB)
test (3.12)	UNKNOWN STEP	2026-08-28T18:22:13.5430891Z Collecting packaging>=22 (from pytest->vac-protocol==0.1.0)
test (3.12)	UNKNOWN STEP	2026-08-28T18:22:13.5619147Z   Downloading packaging-26.3-py3-none-any.whl.metadata (3.5 kB)
test (3.12)	UNKNOWN STEP	2026-08-28T18:22:13.5897370Z Collecting pluggy<2,>=1.5 (from pytest->vac-protocol==0.1.0)
test (3.12)	UNKNOWN STEP	2026-08-28T18:22:13.6087662Z   Downloading pluggy-1.6.0-py3-none-any.whl.metadata (4.8 kB)
test (3.12)	UNKNOWN STEP	2026-08-28T18:22:13.6435406Z Collecting pygments>=2.7.2 (from pytest->vac-protocol==0.1.0)
test (3.12)	UNKNOWN STEP	2026-08-28T18:22:13.6622247Z   Downloading pygments-2.21.0-py3-none-any.whl.metadata (2.5 kB)
test (3.12)	UNKNOWN STEP	2026-08-28T18:22:13.6854143Z Downloading pytest-9.1.1-py3-none-any.whl (386 kB)
test (3.12)	UNKNOWN STEP	2026-08-28T18:22:13.7740051Z Downloading pluggy-1.6.0-py3-none-any.whl (20 kB)
test (3.12)	UNKNOWN STEP	2026-08-28T18:22:13.7966205Z Downloading iniconfig-2.3.0-py3-none-any.whl (7.5 kB)
test (3.12)	UNKNOWN STEP	2026-08-28T18:22:13.8172308Z Downloading packaging-26.3-py3-none-any.whl (129 kB)
test (3.12)	UNKNOWN STEP	2026-08-28T18:22:13.8397658Z Downloading pygments-2.21.0-py3-none-any.whl (1.3 MB)
test (3.12)	UNKNOWN STEP	2026-08-28T18:22:13.8963618Z    ━━━━━━━━━━━━━━━━━━━━━━━━━━━━━━━━━━━━━━━━ 1.3/1.3 MB 20.1 MB/s  0:00:00
test (3.12)	UNKNOWN STEP	2026-08-28T18:22:13.9126254Z Building wheels for collected packages: vac-protocol
test (3.12)	UNKNOWN STEP	2026-08-28T18:22:13.9134266Z   Building editable for vac-protocol (pyproject.toml): started
test (3.12)	UNKNOWN STEP	2026-08-28T18:22:14.1359332Z   Building editable for vac-protocol (pyproject.toml): finished with status 'done'
test (3.12)	UNKNOWN STEP	2026-08-28T18:22:14.1365686Z   Created wheel for vac-protocol: filename=vac_protocol-0.1.0-0.editable-py3-none-any.whl size=8850 sha256=28a38757dfafecfcc4823f140a434a34d4f00a2b19a78263c070f2478b50614d
test (3.12)	UNKNOWN STEP	2026-08-28T18:22:14.1367786Z   Stored in directory: /tmp/pip-ephem-wheel-cache-mkumf_3v/wheels/31/93/c0/4effb33ea68d4321a176d9cb097b94ea8b1be9d534ea861dec
test (3.12)	UNKNOWN STEP	2026-08-28T18:22:14.1397326Z Successfully built vac-protocol
test (3.12)	UNKNOWN STEP	2026-08-28T18:22:14.1640357Z Installing collected packages: vac-protocol, pygments, pluggy, packaging, iniconfig, pytest
test (3.12)	UNKNOWN STEP	2026-08-28T18:22:15.3277872Z 
test (3.12)	UNKNOWN STEP	2026-08-28T18:22:15.3290966Z Successfully installed iniconfig-2.3.0 packaging-26.3 pluggy-1.6.0 pygments-2.21.0 pytest-9.1.1 vac-protocol-0.1.0
test (3.12)	UNKNOWN STEP	2026-08-28T18:22:15.3998473Z ##[group]Run python -m pytest tests/ -q
test (3.12)	UNKNOWN STEP	2026-08-28T18:22:15.3998875Z ^[[36;1mpython -m pytest tests/ -q^[[0m
test (3.12)	UNKNOWN STEP	2026-08-28T18:22:15.4041853Z shell: /usr/bin/bash -e {0}
test (3.12)	UNKNOWN STEP	2026-08-28T18:22:15.4042113Z env:
test (3.12)	UNKNOWN STEP	2026-08-28T18:22:15.4042392Z   pythonLocation: /opt/hostedtoolcache/Python/3.12.14/x64
test (3.12)	UNKNOWN STEP	2026-08-28T18:22:15.4042827Z   PKG_CONFIG_PATH: /opt/hostedtoolcache/Python/3.12.14/x64/lib/pkgconfig
test (3.12)	UNKNOWN STEP	2026-08-28T18:22:15.4043253Z   Python_ROOT_DIR: /opt/hostedtoolcache/Python/3.12.14/x64
test (3.12)	UNKNOWN STEP	2026-08-28T18:22:15.4043635Z   Python2_ROOT_DIR: /opt/hostedtoolcache/Python/3.12.14/x64
test (3.12)	UNKNOWN STEP	2026-08-28T18:22:15.4044018Z   Python3_ROOT_DIR: /opt/hostedtoolcache/Python/3.12.14/x64
test (3.12)	UNKNOWN STEP	2026-08-28T18:22:15.4044394Z   LD_LIBRARY_PATH: /opt/hostedtoolcache/Python/3.12.14/x64/lib
test (3.12)	UNKNOWN STEP	2026-08-28T18:22:15.4044721Z ##[endgroup]
test (3.12)	UNKNOWN STEP	2026-08-28T18:22:16.9705756Z ......................xxx.s...s..x...................................... [ 22%]
test (3.12)	UNKNOWN STEP	2026-08-28T18:22:17.2922598Z ........................................................................ [ 45%]
test (3.12)	UNKNOWN STEP	2026-08-28T18:22:18.3872849Z ........................................................................ [ 67%]
test (3.12)	UNKNOWN STEP	2026-08-28T18:22:18.9125994Z ..............s.ss.....ssssssssss....................................... [ 90%]
test (3.12)	UNKNOWN STEP	2026-08-28T18:22:19.2877986Z ..............................                                           [100%]
test (3.12)	UNKNOWN STEP	2026-08-28T18:22:19.2878993Z 299 passed, 15 skipped, 4 xfailed in 3.60s
test (3.12)	UNKNOWN STEP	2026-08-28T18:22:19.3315221Z Node 20 is being deprecated. This workflow is running with Node 24 by default. If you need to temporarily use Node 20, you can set the ACTIONS_ALLOW_USE_UNSECURE_NODE_VERSION=true environment variable. For more information see: https://github.blog/changelog/2025-09-19-deprecation-of-node-20-on-github-actions-runners/
test (3.12)	UNKNOWN STEP	2026-08-28T18:22:19.3316579Z Post job cleanup.
test (3.12)	UNKNOWN STEP	2026-08-28T18:22:19.4528502Z (node:2710) [DEP0040] DeprecationWarning: The `punycode` module is deprecated. Please use a userland alternative instead.
test (3.12)	UNKNOWN STEP	2026-08-28T18:22:19.4529301Z (Use `node --trace-deprecation ...` to show where the warning was created)
test (3.12)	UNKNOWN STEP	2026-08-28T18:22:19.4743409Z Node 20 is being deprecated. This workflow is running with Node 24 by default. If you need to temporarily use Node 20, you can set the ACTIONS_ALLOW_USE_UNSECURE_NODE_VERSION=true environment variable. For more information see: https://github.blog/changelog/2025-09-19-deprecation-of-node-20-on-github-actions-runners/
test (3.12)	UNKNOWN STEP	2026-08-28T18:22:19.4744579Z Post job cleanup.
test (3.12)	UNKNOWN STEP	2026-08-28T18:22:19.5628415Z [command]/usr/bin/git version
test (3.12)	UNKNOWN STEP	2026-08-28T18:22:19.5673184Z git version 2.55.0
test (3.12)	UNKNOWN STEP	2026-08-28T18:22:19.5747687Z Temporarily overriding HOME='/home/runner/work/_temp/739b27ca-5894-4edc-96e4-ee721c93a2ee' before making global git config changes
test (3.12)	UNKNOWN STEP	2026-08-28T18:22:19.5748658Z Adding repository directory to the temporary git global config as a safe directory
test (3.12)	UNKNOWN STEP	2026-08-28T18:22:19.5753674Z [command]/usr/bin/git config --global --add safe.directory /home/runner/work/vac-protocol/vac-protocol
test (3.12)	UNKNOWN STEP	2026-08-28T18:22:19.5795412Z [command]/usr/bin/git config --local --name-only --get-regexp core\.sshCommand
test (3.12)	UNKNOWN STEP	2026-08-28T18:22:19.5832262Z [command]/usr/bin/git submodule foreach --recursive sh -c "git config --local --name-only --get-regexp 'core\.sshCommand' && git config --local --unset-all 'core.sshCommand' || :"
test (3.12)	UNKNOWN STEP	2026-08-28T18:22:19.6128531Z [command]/usr/bin/git config --local --name-only --get-regexp http\.https\:\/\/github\.com\/\.extraheader
test (3.12)	UNKNOWN STEP	2026-08-28T18:22:19.6169524Z http.https://github.com/.extraheader
test (3.12)	UNKNOWN STEP	2026-08-28T18:22:19.6184260Z [command]/usr/bin/git config --local --unset-all http.https://github.com/.extraheader
test (3.12)	UNKNOWN STEP	2026-08-28T18:22:19.6230230Z [command]/usr/bin/git submodule foreach --recursive sh -c "git config --local --name-only --get-regexp 'http\.https\:\/\/github\.com\/\.extraheader' && git config --local --unset-all 'http.https://github.com/.extraheader' || :"
test (3.12)	UNKNOWN STEP	2026-08-28T18:22:19.6600655Z [command]/usr/bin/git config --local --name-only --get-regexp ^includeIf\.gitdir:
test (3.12)	UNKNOWN STEP	2026-08-28T18:22:19.6648964Z [command]/usr/bin/git submodule foreach --recursive git config --local --show-origin --name-only --get-regexp remote.origin.url
test (3.12)	UNKNOWN STEP	2026-08-28T18:22:19.7160002Z Cleaning up orphan processes
test (3.12)	UNKNOWN STEP	2026-08-28T18:22:19.7480087Z ##[warning]Node.js 20 is deprecated. The following actions target Node.js 20 but are being forced to run on Node.js 24: actions/checkout@v4, actions/setup-python@v5. For more information see: https://github.blog/changelog/2025-09-19-deprecation-of-node-20-on-github-actions-runners/
refusal-coverage	UNKNOWN STEP	﻿2026-08-28T18:22:09.2903773Z Current runner version: '2.336.0'
refusal-coverage	UNKNOWN STEP	2026-08-28T18:22:09.2928844Z ##[group]Runner Image Provisioner
refusal-coverage	UNKNOWN STEP	2026-08-28T18:22:09.2929731Z Hosted Compute Agent
refusal-coverage	UNKNOWN STEP	2026-08-28T18:22:09.2930964Z Version: 20260819.586
refusal-coverage	UNKNOWN STEP	2026-08-28T18:22:09.2931884Z Commit: 3cc4a88dfa507ef76119ad1bb3eccc6378bb2b76
refusal-coverage	UNKNOWN STEP	2026-08-28T18:22:09.2932633Z Build Date: 2026-08-18T23:20:18Z
refusal-coverage	UNKNOWN STEP	2026-08-28T18:22:09.2933464Z Worker ID: {a51faf72-c630-4959-bea6-ea90433ad842}
refusal-coverage	UNKNOWN STEP	2026-08-28T18:22:09.2934201Z Azure Region: westus
refusal-coverage	UNKNOWN STEP	2026-08-28T18:22:09.2934831Z ##[endgroup]
refusal-coverage	UNKNOWN STEP	2026-08-28T18:22:09.2936400Z ##[group]Operating System
refusal-coverage	UNKNOWN STEP	2026-08-28T18:22:09.2937068Z Ubuntu
refusal-coverage	UNKNOWN STEP	2026-08-28T18:22:09.2937745Z 24.04.4
refusal-coverage	UNKNOWN STEP	2026-08-28T18:22:09.2938296Z LTS
refusal-coverage	UNKNOWN STEP	2026-08-28T18:22:09.2938817Z ##[endgroup]
refusal-coverage	UNKNOWN STEP	2026-08-28T18:22:09.2939490Z ##[group]Runner Image
refusal-coverage	UNKNOWN STEP	2026-08-28T18:22:09.2940123Z Image: ubuntu-24.04
refusal-coverage	UNKNOWN STEP	2026-08-28T18:22:09.2941074Z Version: 20260823.283.1
refusal-coverage	UNKNOWN STEP	2026-08-28T18:22:09.2942409Z Included Software: https://github.com/actions/runner-images/blob/ubuntu24/20260823.283/images/ubuntu/Ubuntu2404-Readme.md
refusal-coverage	UNKNOWN STEP	2026-08-28T18:22:09.2944074Z Image Release: https://github.com/actions/runner-images/releases/tag/ubuntu24%2F20260823.283
refusal-coverage	UNKNOWN STEP	2026-08-28T18:22:09.2945077Z ##[endgroup]
refusal-coverage	UNKNOWN STEP	2026-08-28T18:22:09.2946365Z ##[group]GITHUB_TOKEN Permissions
refusal-coverage	UNKNOWN STEP	2026-08-28T18:22:09.2948540Z Contents: read
refusal-coverage	UNKNOWN STEP	2026-08-28T18:22:09.2949276Z Metadata: read
refusal-coverage	UNKNOWN STEP	2026-08-28T18:22:09.2949882Z Packages: read
refusal-coverage	UNKNOWN STEP	2026-08-28T18:22:09.2950445Z ##[endgroup]
refusal-coverage	UNKNOWN STEP	2026-08-28T18:22:09.2952806Z Secret source: Actions
refusal-coverage	UNKNOWN STEP	2026-08-28T18:22:09.2954161Z Prepare workflow directory
refusal-coverage	UNKNOWN STEP	2026-08-28T18:22:09.3294917Z Prepare all required actions
refusal-coverage	UNKNOWN STEP	2026-08-28T18:22:09.3345194Z Getting action download info
refusal-coverage	UNKNOWN STEP	2026-08-28T18:22:09.6748139Z Download action repository 'actions/checkout@v4' (SHA:11d5960a326750d5838078e36cf38b85af677262)
refusal-coverage	UNKNOWN STEP	2026-08-28T18:22:09.8056232Z Download action repository 'actions/setup-python@v5' (SHA:a26af69be951a213d495a4c3e4e4022e16d87065)
refusal-coverage	UNKNOWN STEP	2026-08-28T18:22:10.0167298Z Complete job name: refusal-coverage
refusal-coverage	UNKNOWN STEP	2026-08-28T18:22:10.1012347Z Node 20 is being deprecated. This workflow is running with Node 24 by default. If you need to temporarily use Node 20, you can set the ACTIONS_ALLOW_USE_UNSECURE_NODE_VERSION=true environment variable. For more information see: https://github.blog/changelog/2025-09-19-deprecation-of-node-20-on-github-actions-runners/
refusal-coverage	UNKNOWN STEP	2026-08-28T18:22:10.1021323Z ##[group]Run actions/checkout@v4
refusal-coverage	UNKNOWN STEP	2026-08-28T18:22:10.1022208Z with:
refusal-coverage	UNKNOWN STEP	2026-08-28T18:22:10.1022672Z   repository: egnaro9/vac-protocol
refusal-coverage	UNKNOWN STEP	2026-08-28T18:22:10.1026455Z   token: ***
refusal-coverage	UNKNOWN STEP	2026-08-28T18:22:10.1026885Z   ssh-strict: true
refusal-coverage	UNKNOWN STEP	2026-08-28T18:22:10.1027322Z   ssh-user: git
refusal-coverage	UNKNOWN STEP	2026-08-28T18:22:10.1027771Z   persist-credentials: true
refusal-coverage	UNKNOWN STEP	2026-08-28T18:22:10.1028257Z   clean: true
refusal-coverage	UNKNOWN STEP	2026-08-28T18:22:10.1028702Z   sparse-checkout-cone-mode: true
refusal-coverage	UNKNOWN STEP	2026-08-28T18:22:10.1029224Z   fetch-depth: 1
refusal-coverage	UNKNOWN STEP	2026-08-28T18:22:10.1029657Z   fetch-tags: false
refusal-coverage	UNKNOWN STEP	2026-08-28T18:22:10.1030100Z   show-progress: true
refusal-coverage	UNKNOWN STEP	2026-08-28T18:22:10.1030534Z   lfs: false
refusal-coverage	UNKNOWN STEP	2026-08-28T18:22:10.1031204Z   submodules: false
refusal-coverage	UNKNOWN STEP	2026-08-28T18:22:10.1031673Z   set-safe-directory: true
refusal-coverage	UNKNOWN STEP	2026-08-28T18:22:10.1032188Z   allow-unsafe-pr-checkout: false
refusal-coverage	UNKNOWN STEP	2026-08-28T18:22:10.1032971Z ##[endgroup]
refusal-coverage	UNKNOWN STEP	2026-08-28T18:22:10.2036726Z Syncing repository: egnaro9/vac-protocol
refusal-coverage	UNKNOWN STEP	2026-08-28T18:22:10.2039378Z ##[group]Getting Git version info
refusal-coverage	UNKNOWN STEP	2026-08-28T18:22:10.2040887Z Working directory is '/home/runner/work/vac-protocol/vac-protocol'
refusal-coverage	UNKNOWN STEP	2026-08-28T18:22:10.2042434Z [command]/usr/bin/git version
refusal-coverage	UNKNOWN STEP	2026-08-28T18:22:10.2143788Z git version 2.55.0
refusal-coverage	UNKNOWN STEP	2026-08-28T18:22:10.2174421Z ##[endgroup]
refusal-coverage	UNKNOWN STEP	2026-08-28T18:22:10.2191614Z Temporarily overriding HOME='/home/runner/work/_temp/d9b392b9-c8cf-4661-a142-6ac15e875ad0' before making global git config changes
refusal-coverage	UNKNOWN STEP	2026-08-28T18:22:10.2194137Z Adding repository directory to the temporary git global config as a safe directory
refusal-coverage	UNKNOWN STEP	2026-08-28T18:22:10.2197765Z [command]/usr/bin/git config --global --add safe.directory /home/runner/work/vac-protocol/vac-protocol
refusal-coverage	UNKNOWN STEP	2026-08-28T18:22:10.2259840Z Deleting the contents of '/home/runner/work/vac-protocol/vac-protocol'
refusal-coverage	UNKNOWN STEP	2026-08-28T18:22:10.2264689Z ##[group]Initializing the repository
refusal-coverage	UNKNOWN STEP	2026-08-28T18:22:10.2269889Z [command]/usr/bin/git init /home/runner/work/vac-protocol/vac-protocol
refusal-coverage	UNKNOWN STEP	2026-08-28T18:22:10.2403305Z hint: Using 'master' as the name for the initial branch. This default branch name
refusal-coverage	UNKNOWN STEP	2026-08-28T18:22:10.2405260Z hint: will change to "main" in Git 3.0. To configure the initial branch name
refusal-coverage	UNKNOWN STEP	2026-08-28T18:22:10.2407334Z hint: to use in all of your new repositories, which will suppress this warning,
refusal-coverage	UNKNOWN STEP	2026-08-28T18:22:10.2409034Z hint: call:
refusal-coverage	UNKNOWN STEP	2026-08-28T18:22:10.2410495Z hint:
refusal-coverage	UNKNOWN STEP	2026-08-28T18:22:10.2412408Z hint: 	git config --global init.defaultBranch <name>
refusal-coverage	UNKNOWN STEP	2026-08-28T18:22:10.2414229Z hint:
refusal-coverage	UNKNOWN STEP	2026-08-28T18:22:10.2415852Z hint: Names commonly chosen instead of 'master' are 'main', 'trunk' and
refusal-coverage	UNKNOWN STEP	2026-08-28T18:22:10.2417880Z hint: 'development'. The just-created branch can be renamed via this command:
refusal-coverage	UNKNOWN STEP	2026-08-28T18:22:10.2419443Z hint:
refusal-coverage	UNKNOWN STEP	2026-08-28T18:22:10.2420594Z hint: 	git branch -m <name>
refusal-coverage	UNKNOWN STEP	2026-08-28T18:22:10.2422274Z hint:
refusal-coverage	UNKNOWN STEP	2026-08-28T18:22:10.2423823Z hint: Disable this message with "git config set advice.defaultBranchName false"
refusal-coverage	UNKNOWN STEP	2026-08-28T18:22:10.2426199Z Initialized empty Git repository in /home/runner/work/vac-protocol/vac-protocol/.git/
refusal-coverage	UNKNOWN STEP	2026-08-28T18:22:10.2429892Z [command]/usr/bin/git remote add origin https://github.com/egnaro9/vac-protocol
refusal-coverage	UNKNOWN STEP	2026-08-28T18:22:10.2514978Z ##[endgroup]
refusal-coverage	UNKNOWN STEP	2026-08-28T18:22:10.2516242Z ##[group]Disabling automatic garbage collection
refusal-coverage	UNKNOWN STEP	2026-08-28T18:22:10.2531716Z [command]/usr/bin/git config --local gc.auto 0
refusal-coverage	UNKNOWN STEP	2026-08-28T18:22:10.2553925Z ##[endgroup]
refusal-coverage	UNKNOWN STEP	2026-08-28T18:22:10.2555161Z ##[group]Setting up auth
refusal-coverage	UNKNOWN STEP	2026-08-28T18:22:10.2562282Z [command]/usr/bin/git config --local --name-only --get-regexp core\.sshCommand
refusal-coverage	UNKNOWN STEP	2026-08-28T18:22:10.2605618Z [command]/usr/bin/git submodule foreach --recursive sh -c "git config --local --name-only --get-regexp 'core\.sshCommand' && git config --local --unset-all 'core.sshCommand' || :"
refusal-coverage	UNKNOWN STEP	2026-08-28T18:22:10.3066421Z [command]/usr/bin/git config --local --name-only --get-regexp http\.https\:\/\/github\.com\/\.extraheader
refusal-coverage	UNKNOWN STEP	2026-08-28T18:22:10.3102754Z [command]/usr/bin/git submodule foreach --recursive sh -c "git config --local --name-only --get-regexp 'http\.https\:\/\/github\.com\/\.extraheader' && git config --local --unset-all 'http.https://github.com/.extraheader' || :"
refusal-coverage	UNKNOWN STEP	2026-08-28T18:22:10.3327860Z [command]/usr/bin/git config --local --name-only --get-regexp ^includeIf\.gitdir:
refusal-coverage	UNKNOWN STEP	2026-08-28T18:22:10.3364426Z [command]/usr/bin/git submodule foreach --recursive git config --local --show-origin --name-only --get-regexp remote.origin.url
refusal-coverage	UNKNOWN STEP	2026-08-28T18:22:10.3604473Z [command]/usr/bin/git config --local http.https://github.com/.extraheader AUTHORIZATION: basic ***
refusal-coverage	UNKNOWN STEP	2026-08-28T18:22:10.3649232Z ##[endgroup]
refusal-coverage	UNKNOWN STEP	2026-08-28T18:22:10.3651213Z ##[group]Fetching the repository
refusal-coverage	UNKNOWN STEP	2026-08-28T18:22:10.3661169Z [command]/usr/bin/git -c protocol.version=2 fetch --no-tags --prune --no-recurse-submodules --depth=1 origin +f1511f523e37aeb9304d9f69c5358610ad0666ec:refs/remotes/origin/main
refusal-coverage	UNKNOWN STEP	2026-08-28T18:22:10.9115144Z From https://github.com/egnaro9/vac-protocol
refusal-coverage	UNKNOWN STEP	2026-08-28T18:22:10.9119028Z  * [new ref]         f1511f523e37aeb9304d9f69c5358610ad0666ec -> origin/main
refusal-coverage	UNKNOWN STEP	2026-08-28T18:22:10.9123354Z ##[endgroup]
refusal-coverage	UNKNOWN STEP	2026-08-28T18:22:10.9125134Z ##[group]Determining the checkout info
refusal-coverage	UNKNOWN STEP	2026-08-28T18:22:10.9127343Z ##[endgroup]
refusal-coverage	UNKNOWN STEP	2026-08-28T18:22:10.9132780Z [command]/usr/bin/git sparse-checkout disable
refusal-coverage	UNKNOWN STEP	2026-08-28T18:22:10.9187638Z [command]/usr/bin/git config --local --unset-all extensions.worktreeConfig
refusal-coverage	UNKNOWN STEP	2026-08-28T18:22:10.9219466Z ##[group]Checking out the ref
refusal-coverage	UNKNOWN STEP	2026-08-28T18:22:10.9225330Z [command]/usr/bin/git checkout --progress --force -B main refs/remotes/origin/main
refusal-coverage	UNKNOWN STEP	2026-08-28T18:22:10.9558728Z Switched to a new branch 'main'
refusal-coverage	UNKNOWN STEP	2026-08-28T18:22:10.9566845Z branch 'main' set up to track 'origin/main'.
refusal-coverage	UNKNOWN STEP	2026-08-28T18:22:10.9574722Z ##[endgroup]
refusal-coverage	UNKNOWN STEP	2026-08-28T18:22:10.9705173Z [command]/usr/bin/git log -1 --format=%H
refusal-coverage	UNKNOWN STEP	2026-08-28T18:22:10.9706417Z f1511f523e37aeb9304d9f69c5358610ad0666ec
refusal-coverage	UNKNOWN STEP	2026-08-28T18:22:10.9997938Z Node 20 is being deprecated. This workflow is running with Node 24 by default. If you need to temporarily use Node 20, you can set the ACTIONS_ALLOW_USE_UNSECURE_NODE_VERSION=true environment variable. For more information see: https://github.blog/changelog/2025-09-19-deprecation-of-node-20-on-github-actions-runners/
refusal-coverage	UNKNOWN STEP	2026-08-28T18:22:11.0002242Z ##[group]Run actions/setup-python@v5
refusal-coverage	UNKNOWN STEP	2026-08-28T18:22:11.0002954Z with:
refusal-coverage	UNKNOWN STEP	2026-08-28T18:22:11.0003440Z   python-version: 3.12
refusal-coverage	UNKNOWN STEP	2026-08-28T18:22:11.0004026Z   check-latest: false
refusal-coverage	UNKNOWN STEP	2026-08-28T18:22:11.0009058Z   token: ***
refusal-coverage	UNKNOWN STEP	2026-08-28T18:22:11.0009592Z   update-environment: true
refusal-coverage	UNKNOWN STEP	2026-08-28T18:22:11.0010223Z   allow-prereleases: false
refusal-coverage	UNKNOWN STEP	2026-08-28T18:22:11.0010978Z   freethreaded: false
refusal-coverage	UNKNOWN STEP	2026-08-28T18:22:11.0011535Z ##[endgroup]
refusal-coverage	UNKNOWN STEP	2026-08-28T18:22:11.1344900Z ##[group]Installed versions
refusal-coverage	UNKNOWN STEP	2026-08-28T18:22:11.1443623Z (node:2178) [DEP0040] DeprecationWarning: The `punycode` module is deprecated. Please use a userland alternative instead.
refusal-coverage	UNKNOWN STEP	2026-08-28T18:22:11.1446766Z (Use `node --trace-deprecation ...` to show where the warning was created)
refusal-coverage	UNKNOWN STEP	2026-08-28T18:22:11.1448478Z Successfully set up CPython (3.12.14)
refusal-coverage	UNKNOWN STEP	2026-08-28T18:22:11.1450309Z ##[endgroup]
refusal-coverage	UNKNOWN STEP	2026-08-28T18:22:11.1847066Z Node 20 is being deprecated. This workflow is running with Node 24 by default. If you need to temporarily use Node 20, you can set the ACTIONS_ALLOW_USE_UNSECURE_NODE_VERSION=true environment variable. For more information see: https://github.blog/changelog/2025-09-19-deprecation-of-node-20-on-github-actions-runners/
refusal-coverage	UNKNOWN STEP	2026-08-28T18:22:11.1850493Z ##[group]Run actions/checkout@v4
refusal-coverage	UNKNOWN STEP	2026-08-28T18:22:11.1852054Z with:
refusal-coverage	UNKNOWN STEP	2026-08-28T18:22:11.1853074Z   repository: egnaro9/crashkit
refusal-coverage	UNKNOWN STEP	2026-08-28T18:22:11.1854253Z   path: _issuers/crashkit
refusal-coverage	UNKNOWN STEP	2026-08-28T18:22:11.1862304Z   token: ***
refusal-coverage	UNKNOWN STEP	2026-08-28T18:22:11.1862846Z   ssh-strict: true
refusal-coverage	UNKNOWN STEP	2026-08-28T18:22:11.1863551Z   ssh-user: git
refusal-coverage	UNKNOWN STEP	2026-08-28T18:22:11.1864268Z   persist-credentials: true
refusal-coverage	UNKNOWN STEP	2026-08-28T18:22:11.1865102Z   clean: true
refusal-coverage	UNKNOWN STEP	2026-08-28T18:22:11.1865649Z   sparse-checkout-cone-mode: true
refusal-coverage	UNKNOWN STEP	2026-08-28T18:22:11.1866261Z   fetch-depth: 1
refusal-coverage	UNKNOWN STEP	2026-08-28T18:22:11.1866776Z   fetch-tags: false
refusal-coverage	UNKNOWN STEP	2026-08-28T18:22:11.1867389Z   show-progress: true
refusal-coverage	UNKNOWN STEP	2026-08-28T18:22:11.1867937Z   lfs: false
refusal-coverage	UNKNOWN STEP	2026-08-28T18:22:11.1868397Z   submodules: false
refusal-coverage	UNKNOWN STEP	2026-08-28T18:22:11.1868906Z   set-safe-directory: true
refusal-coverage	UNKNOWN STEP	2026-08-28T18:22:11.1869483Z   allow-unsafe-pr-checkout: false
refusal-coverage	UNKNOWN STEP	2026-08-28T18:22:11.1870078Z env:
refusal-coverage	UNKNOWN STEP	2026-08-28T18:22:11.1870924Z   pythonLocation: /opt/hostedtoolcache/Python/3.12.14/x64
refusal-coverage	UNKNOWN STEP	2026-08-28T18:22:11.1871989Z   PKG_CONFIG_PATH: /opt/hostedtoolcache/Python/3.12.14/x64/lib/pkgconfig
refusal-coverage	UNKNOWN STEP	2026-08-28T18:22:11.1873006Z   Python_ROOT_DIR: /opt/hostedtoolcache/Python/3.12.14/x64
refusal-coverage	UNKNOWN STEP	2026-08-28T18:22:11.1873931Z   Python2_ROOT_DIR: /opt/hostedtoolcache/Python/3.12.14/x64
refusal-coverage	UNKNOWN STEP	2026-08-28T18:22:11.1874895Z   Python3_ROOT_DIR: /opt/hostedtoolcache/Python/3.12.14/x64
refusal-coverage	UNKNOWN STEP	2026-08-28T18:22:11.1875829Z   LD_LIBRARY_PATH: /opt/hostedtoolcache/Python/3.12.14/x64/lib
refusal-coverage	UNKNOWN STEP	2026-08-28T18:22:11.1876600Z ##[endgroup]
refusal-coverage	UNKNOWN STEP	2026-08-28T18:22:11.2766972Z Syncing repository: egnaro9/crashkit
refusal-coverage	UNKNOWN STEP	2026-08-28T18:22:11.2780122Z ##[group]Getting Git version info
refusal-coverage	UNKNOWN STEP	2026-08-28T18:22:11.2782841Z Working directory is '/home/runner/work/vac-protocol/vac-protocol/_issuers/crashkit'
refusal-coverage	UNKNOWN STEP	2026-08-28T18:22:11.2824827Z [command]/usr/bin/git version
refusal-coverage	UNKNOWN STEP	2026-08-28T18:22:11.2867396Z git version 2.55.0
refusal-coverage	UNKNOWN STEP	2026-08-28T18:22:11.2888757Z ##[endgroup]
refusal-coverage	UNKNOWN STEP	2026-08-28T18:22:11.2903599Z Temporarily overriding HOME='/home/runner/work/_temp/4de9a649-89c4-4849-953f-96fbde454e2e' before making global git config changes
refusal-coverage	UNKNOWN STEP	2026-08-28T18:22:11.2906706Z Adding repository directory to the temporary git global config as a safe directory
refusal-coverage	UNKNOWN STEP	2026-08-28T18:22:11.2909616Z [command]/usr/bin/git config --global --add safe.directory /home/runner/work/vac-protocol/vac-protocol/_issuers/crashkit
refusal-coverage	UNKNOWN STEP	2026-08-28T18:22:11.2948711Z ##[group]Initializing the repository
refusal-coverage	UNKNOWN STEP	2026-08-28T18:22:11.2953455Z [command]/usr/bin/git init /home/runner/work/vac-protocol/vac-protocol/_issuers/crashkit
refusal-coverage	UNKNOWN STEP	2026-08-28T18:22:11.2999433Z hint: Using 'master' as the name for the initial branch. This default branch name
refusal-coverage	UNKNOWN STEP	2026-08-28T18:22:11.3002392Z hint: will change to "main" in Git 3.0. To configure the initial branch name
refusal-coverage	UNKNOWN STEP	2026-08-28T18:22:11.3004511Z hint: to use in all of your new repositories, which will suppress this warning,
refusal-coverage	UNKNOWN STEP	2026-08-28T18:22:11.3006192Z hint: call:
refusal-coverage	UNKNOWN STEP	2026-08-28T18:22:11.3007119Z hint:
refusal-coverage	UNKNOWN STEP	2026-08-28T18:22:11.3008211Z hint: 	git config --global init.defaultBranch <name>
refusal-coverage	UNKNOWN STEP	2026-08-28T18:22:11.3009584Z hint:
refusal-coverage	UNKNOWN STEP	2026-08-28T18:22:11.3011067Z hint: Names commonly chosen instead of 'master' are 'main', 'trunk' and
refusal-coverage	UNKNOWN STEP	2026-08-28T18:22:11.3013141Z hint: 'development'. The just-created branch can be renamed via this command:
refusal-coverage	UNKNOWN STEP	2026-08-28T18:22:11.3014749Z hint:
refusal-coverage	UNKNOWN STEP	2026-08-28T18:22:11.3015575Z hint: 	git branch -m <name>
refusal-coverage	UNKNOWN STEP	2026-08-28T18:22:11.3016544Z hint:
refusal-coverage	UNKNOWN STEP	2026-08-28T18:22:11.3017856Z hint: Disable this message with "git config set advice.defaultBranchName false"
refusal-coverage	UNKNOWN STEP	2026-08-28T18:22:11.3020429Z Initialized empty Git repository in /home/runner/work/vac-protocol/vac-protocol/_issuers/crashkit/.git/
refusal-coverage	UNKNOWN STEP	2026-08-28T18:22:11.3024901Z [command]/usr/bin/git remote add origin https://github.com/egnaro9/crashkit
refusal-coverage	UNKNOWN STEP	2026-08-28T18:22:11.3056717Z ##[endgroup]
refusal-coverage	UNKNOWN STEP	2026-08-28T18:22:11.3058385Z ##[group]Disabling automatic garbage collection
refusal-coverage	UNKNOWN STEP	2026-08-28T18:22:11.3063218Z [command]/usr/bin/git config --local gc.auto 0
refusal-coverage	UNKNOWN STEP	2026-08-28T18:22:11.3099015Z ##[endgroup]
refusal-coverage	UNKNOWN STEP	2026-08-28T18:22:11.3100466Z ##[group]Setting up auth
refusal-coverage	UNKNOWN STEP	2026-08-28T18:22:11.3107695Z [command]/usr/bin/git config --local --name-only --get-regexp core\.sshCommand
refusal-coverage	UNKNOWN STEP	2026-08-28T18:22:11.3145518Z [command]/usr/bin/git submodule foreach --recursive sh -c "git config --local --name-only --get-regexp 'core\.sshCommand' && git config --local --unset-all 'core.sshCommand' || :"
refusal-coverage	UNKNOWN STEP	2026-08-28T18:22:11.3453431Z [command]/usr/bin/git config --local --name-only --get-regexp http\.https\:\/\/github\.com\/\.extraheader
refusal-coverage	UNKNOWN STEP	2026-08-28T18:22:11.3493637Z [command]/usr/bin/git submodule foreach --recursive sh -c "git config --local --name-only --get-regexp 'http\.https\:\/\/github\.com\/\.extraheader' && git config --local --unset-all 'http.https://github.com/.extraheader' || :"
refusal-coverage	UNKNOWN STEP	2026-08-28T18:22:11.3748797Z [command]/usr/bin/git config --local --name-only --get-regexp ^includeIf\.gitdir:
refusal-coverage	UNKNOWN STEP	2026-08-28T18:22:11.3798017Z [command]/usr/bin/git submodule foreach --recursive git config --local --show-origin --name-only --get-regexp remote.origin.url
refusal-coverage	UNKNOWN STEP	2026-08-28T18:22:11.4029888Z [command]/usr/bin/git config --local http.https://github.com/.extraheader AUTHORIZATION: basic ***
refusal-coverage	UNKNOWN STEP	2026-08-28T18:22:11.4069343Z ##[endgroup]
refusal-coverage	UNKNOWN STEP	2026-08-28T18:22:11.4074261Z ##[group]Determining the default branch
refusal-coverage	UNKNOWN STEP	2026-08-28T18:22:11.4075035Z Retrieving the default branch name
refusal-coverage	UNKNOWN STEP	2026-08-28T18:22:11.8027739Z Default branch 'main'
refusal-coverage	UNKNOWN STEP	2026-08-28T18:22:11.8030446Z ##[endgroup]
refusal-coverage	UNKNOWN STEP	2026-08-28T18:22:11.8032682Z ##[group]Fetching the repository
refusal-coverage	UNKNOWN STEP	2026-08-28T18:22:11.8036169Z [command]/usr/bin/git -c protocol.version=2 fetch --no-tags --prune --no-recurse-submodules --depth=1 origin +refs/heads/main:refs/remotes/origin/main
refusal-coverage	UNKNOWN STEP	2026-08-28T18:22:13.1028487Z From https://github.com/egnaro9/crashkit
refusal-coverage	UNKNOWN STEP	2026-08-28T18:22:13.1029194Z  * [new branch]      main       -> origin/main
refusal-coverage	UNKNOWN STEP	2026-08-28T18:22:13.1051818Z ##[endgroup]
refusal-coverage	UNKNOWN STEP	2026-08-28T18:22:13.1052386Z ##[group]Determining the checkout info
refusal-coverage	UNKNOWN STEP	2026-08-28T18:22:13.1052849Z ##[endgroup]
refusal-coverage	UNKNOWN STEP	2026-08-28T18:22:13.1053154Z [command]/usr/bin/git sparse-checkout disable
refusal-coverage	UNKNOWN STEP	2026-08-28T18:22:13.1087295Z [command]/usr/bin/git config --local --unset-all extensions.worktreeConfig
refusal-coverage	UNKNOWN STEP	2026-08-28T18:22:13.1121235Z ##[group]Checking out the ref
refusal-coverage	UNKNOWN STEP	2026-08-28T18:22:13.1125335Z [command]/usr/bin/git checkout --progress --force -B main refs/remotes/origin/main
refusal-coverage	UNKNOWN STEP	2026-08-28T18:22:13.1229215Z Switched to a new branch 'main'
refusal-coverage	UNKNOWN STEP	2026-08-28T18:22:13.1232396Z branch 'main' set up to track 'origin/main'.
refusal-coverage	UNKNOWN STEP	2026-08-28T18:22:13.1238051Z ##[endgroup]
refusal-coverage	UNKNOWN STEP	2026-08-28T18:22:13.1281985Z [command]/usr/bin/git log -1 --format=%H
refusal-coverage	UNKNOWN STEP	2026-08-28T18:22:13.1311230Z 18f74ff552858095f496f50c57334a1f3e4c4d7b
refusal-coverage	UNKNOWN STEP	2026-08-28T18:22:13.1529184Z Node 20 is being deprecated. This workflow is running with Node 24 by default. If you need to temporarily use Node 20, you can set the ACTIONS_ALLOW_USE_UNSECURE_NODE_VERSION=true environment variable. For more information see: https://github.blog/changelog/2025-09-19-deprecation-of-node-20-on-github-actions-runners/
refusal-coverage	UNKNOWN STEP	2026-08-28T18:22:13.1531054Z ##[group]Run actions/checkout@v4
refusal-coverage	UNKNOWN STEP	2026-08-28T18:22:13.1531337Z with:
refusal-coverage	UNKNOWN STEP	2026-08-28T18:22:13.1531557Z   repository: egnaro9/evalmut
refusal-coverage	UNKNOWN STEP	2026-08-28T18:22:13.1531822Z   path: _issuers/evalmut
refusal-coverage	UNKNOWN STEP	2026-08-28T18:22:13.1534330Z   token: ***
refusal-coverage	UNKNOWN STEP	2026-08-28T18:22:13.1534554Z   ssh-strict: true
refusal-coverage	UNKNOWN STEP	2026-08-28T18:22:13.1534771Z   ssh-user: git
refusal-coverage	UNKNOWN STEP	2026-08-28T18:22:13.1534999Z   persist-credentials: true
refusal-coverage	UNKNOWN STEP	2026-08-28T18:22:13.1535247Z   clean: true
refusal-coverage	UNKNOWN STEP	2026-08-28T18:22:13.1535475Z   sparse-checkout-cone-mode: true
refusal-coverage	UNKNOWN STEP	2026-08-28T18:22:13.1535746Z   fetch-depth: 1
refusal-coverage	UNKNOWN STEP	2026-08-28T18:22:13.1535966Z   fetch-tags: false
refusal-coverage	UNKNOWN STEP	2026-08-28T18:22:13.1536185Z   show-progress: true
refusal-coverage	UNKNOWN STEP	2026-08-28T18:22:13.1536450Z   lfs: false
refusal-coverage	UNKNOWN STEP	2026-08-28T18:22:13.1536691Z   submodules: false
refusal-coverage	UNKNOWN STEP	2026-08-28T18:22:13.1536953Z   set-safe-directory: true
refusal-coverage	UNKNOWN STEP	2026-08-28T18:22:13.1537225Z   allow-unsafe-pr-checkout: false
refusal-coverage	UNKNOWN STEP	2026-08-28T18:22:13.1537493Z env:
refusal-coverage	UNKNOWN STEP	2026-08-28T18:22:13.1537767Z   pythonLocation: /opt/hostedtoolcache/Python/3.12.14/x64
refusal-coverage	UNKNOWN STEP	2026-08-28T18:22:13.1538226Z   PKG_CONFIG_PATH: /opt/hostedtoolcache/Python/3.12.14/x64/lib/pkgconfig
refusal-coverage	UNKNOWN STEP	2026-08-28T18:22:13.1538673Z   Python_ROOT_DIR: /opt/hostedtoolcache/Python/3.12.14/x64
refusal-coverage	UNKNOWN STEP	2026-08-28T18:22:13.1539074Z   Python2_ROOT_DIR: /opt/hostedtoolcache/Python/3.12.14/x64
refusal-coverage	UNKNOWN STEP	2026-08-28T18:22:13.1539472Z   Python3_ROOT_DIR: /opt/hostedtoolcache/Python/3.12.14/x64
refusal-coverage	UNKNOWN STEP	2026-08-28T18:22:13.1539881Z   LD_LIBRARY_PATH: /opt/hostedtoolcache/Python/3.12.14/x64/lib
refusal-coverage	UNKNOWN STEP	2026-08-28T18:22:13.1540221Z ##[endgroup]
refusal-coverage	UNKNOWN STEP	2026-08-28T18:22:13.2405884Z Syncing repository: egnaro9/evalmut
refusal-coverage	UNKNOWN STEP	2026-08-28T18:22:13.2408573Z ##[group]Getting Git version info
refusal-coverage	UNKNOWN STEP	2026-08-28T18:22:13.2409739Z Working directory is '/home/runner/work/vac-protocol/vac-protocol/_issuers/evalmut'
refusal-coverage	UNKNOWN STEP	2026-08-28T18:22:13.2455043Z [command]/usr/bin/git version
refusal-coverage	UNKNOWN STEP	2026-08-28T18:22:13.2499654Z git version 2.55.0
refusal-coverage	UNKNOWN STEP	2026-08-28T18:22:13.2520113Z ##[endgroup]
refusal-coverage	UNKNOWN STEP	2026-08-28T18:22:13.2533864Z Temporarily overriding HOME='/home/runner/work/_temp/1eca4925-633e-49a2-beec-385ae138b18e' before making global git config changes
refusal-coverage	UNKNOWN STEP	2026-08-28T18:22:13.2535411Z Adding repository directory to the temporary git global config as a safe directory
refusal-coverage	UNKNOWN STEP	2026-08-28T18:22:13.2539177Z [command]/usr/bin/git config --global --add safe.directory /home/runner/work/vac-protocol/vac-protocol/_issuers/evalmut
refusal-coverage	UNKNOWN STEP	2026-08-28T18:22:13.2573842Z ##[group]Initializing the repository
refusal-coverage	UNKNOWN STEP	2026-08-28T18:22:13.2578365Z [command]/usr/bin/git init /home/runner/work/vac-protocol/vac-protocol/_issuers/evalmut
refusal-coverage	UNKNOWN STEP	2026-08-28T18:22:13.2620152Z hint: Using 'master' as the name for the initial branch. This default branch name
refusal-coverage	UNKNOWN STEP	2026-08-28T18:22:13.2621843Z hint: will change to "main" in Git 3.0. To configure the initial branch name
refusal-coverage	UNKNOWN STEP	2026-08-28T18:22:13.2624214Z hint: to use in all of your new repositories, which will suppress this warning,
refusal-coverage	UNKNOWN STEP	2026-08-28T18:22:13.2627337Z hint: call:
refusal-coverage	UNKNOWN STEP	2026-08-28T18:22:13.2628055Z hint:
refusal-coverage	UNKNOWN STEP	2026-08-28T18:22:13.2628697Z hint: 	git config --global init.defaultBranch <name>
refusal-coverage	UNKNOWN STEP	2026-08-28T18:22:13.2629283Z hint:
refusal-coverage	UNKNOWN STEP	2026-08-28T18:22:13.2629886Z hint: Names commonly chosen instead of 'master' are 'main', 'trunk' and
refusal-coverage	UNKNOWN STEP	2026-08-28T18:22:13.2631245Z hint: 'development'. The just-created branch can be renamed via this command:
refusal-coverage	UNKNOWN STEP	2026-08-28T18:22:13.2631996Z hint:
refusal-coverage	UNKNOWN STEP	2026-08-28T18:22:13.2632419Z hint: 	git branch -m <name>
refusal-coverage	UNKNOWN STEP	2026-08-28T18:22:13.2632899Z hint:
refusal-coverage	UNKNOWN STEP	2026-08-28T18:22:13.2633657Z hint: Disable this message with "git config set advice.defaultBranchName false"
refusal-coverage	UNKNOWN STEP	2026-08-28T18:22:13.2634738Z Initialized empty Git repository in /home/runner/work/vac-protocol/vac-protocol/_issuers/evalmut/.git/
refusal-coverage	UNKNOWN STEP	2026-08-28T18:22:13.2636036Z [command]/usr/bin/git remote add origin https://github.com/egnaro9/evalmut
refusal-coverage	UNKNOWN STEP	2026-08-28T18:22:13.2673168Z ##[endgroup]
refusal-coverage	UNKNOWN STEP	2026-08-28T18:22:13.2674427Z ##[group]Disabling automatic garbage collection
refusal-coverage	UNKNOWN STEP	2026-08-28T18:22:13.2678818Z [command]/usr/bin/git config --local gc.auto 0
refusal-coverage	UNKNOWN STEP	2026-08-28T18:22:13.2716930Z ##[endgroup]
refusal-coverage	UNKNOWN STEP	2026-08-28T18:22:13.2717619Z ##[group]Setting up auth
refusal-coverage	UNKNOWN STEP	2026-08-28T18:22:13.2725267Z [command]/usr/bin/git config --local --name-only --get-regexp core\.sshCommand
refusal-coverage	UNKNOWN STEP	2026-08-28T18:22:13.2763219Z [command]/usr/bin/git submodule foreach --recursive sh -c "git config --local --name-only --get-regexp 'core\.sshCommand' && git config --local --unset-all 'core.sshCommand' || :"
refusal-coverage	UNKNOWN STEP	2026-08-28T18:22:13.3023184Z [command]/usr/bin/git config --local --name-only --get-regexp http\.https\:\/\/github\.com\/\.extraheader
refusal-coverage	UNKNOWN STEP	2026-08-28T18:22:13.3063691Z [command]/usr/bin/git submodule foreach --recursive sh -c "git config --local --name-only --get-regexp 'http\.https\:\/\/github\.com\/\.extraheader' && git config --local --unset-all 'http.https://github.com/.extraheader' || :"
refusal-coverage	UNKNOWN STEP	2026-08-28T18:22:13.3336241Z [command]/usr/bin/git config --local --name-only --get-regexp ^includeIf\.gitdir:
refusal-coverage	UNKNOWN STEP	2026-08-28T18:22:13.3380201Z [command]/usr/bin/git submodule foreach --recursive git config --local --show-origin --name-only --get-regexp remote.origin.url
refusal-coverage	UNKNOWN STEP	2026-08-28T18:22:13.3616148Z [command]/usr/bin/git config --local http.https://github.com/.extraheader AUTHORIZATION: basic ***
refusal-coverage	UNKNOWN STEP	2026-08-28T18:22:13.3655296Z ##[endgroup]
refusal-coverage	UNKNOWN STEP	2026-08-28T18:22:13.3656104Z ##[group]Determining the default branch
refusal-coverage	UNKNOWN STEP	2026-08-28T18:22:13.3659511Z Retrieving the default branch name
refusal-coverage	UNKNOWN STEP	2026-08-28T18:22:13.7592634Z Default branch 'main'
refusal-coverage	UNKNOWN STEP	2026-08-28T18:22:13.7596209Z ##[endgroup]
refusal-coverage	UNKNOWN STEP	2026-08-28T18:22:13.7596882Z ##[group]Fetching the repository
refusal-coverage	UNKNOWN STEP	2026-08-28T18:22:13.7603675Z [command]/usr/bin/git -c protocol.version=2 fetch --no-tags --prune --no-recurse-submodules --depth=1 origin +refs/heads/main:refs/remotes/origin/main
refusal-coverage	UNKNOWN STEP	2026-08-28T18:22:14.6940194Z From https://github.com/egnaro9/evalmut
refusal-coverage	UNKNOWN STEP	2026-08-28T18:22:14.6941274Z  * [new branch]      main       -> origin/main
refusal-coverage	UNKNOWN STEP	2026-08-28T18:22:14.6946685Z ##[endgroup]
refusal-coverage	UNKNOWN STEP	2026-08-28T18:22:14.6947494Z ##[group]Determining the checkout info
refusal-coverage	UNKNOWN STEP	2026-08-28T18:22:14.6948635Z ##[endgroup]
refusal-coverage	UNKNOWN STEP	2026-08-28T18:22:14.6954093Z [command]/usr/bin/git sparse-checkout disable
refusal-coverage	UNKNOWN STEP	2026-08-28T18:22:14.7003779Z [command]/usr/bin/git config --local --unset-all extensions.worktreeConfig
refusal-coverage	UNKNOWN STEP	2026-08-28T18:22:14.7036803Z ##[group]Checking out the ref
refusal-coverage	UNKNOWN STEP	2026-08-28T18:22:14.7042248Z [command]/usr/bin/git checkout --progress --force -B main refs/remotes/origin/main
refusal-coverage	UNKNOWN STEP	2026-08-28T18:22:14.7194668Z Switched to a new branch 'main'
refusal-coverage	UNKNOWN STEP	2026-08-28T18:22:14.7197588Z branch 'main' set up to track 'origin/main'.
refusal-coverage	UNKNOWN STEP	2026-08-28T18:22:14.7203714Z ##[endgroup]
refusal-coverage	UNKNOWN STEP	2026-08-28T18:22:14.7246296Z [command]/usr/bin/git log -1 --format=%H
refusal-coverage	UNKNOWN STEP	2026-08-28T18:22:14.7275557Z 32201a4f69c07c1764f10350dfcd5bc474dee1e5
refusal-coverage	UNKNOWN STEP	2026-08-28T18:22:14.7449504Z Node 20 is being deprecated. This workflow is running with Node 24 by default. If you need to temporarily use Node 20, you can set the ACTIONS_ALLOW_USE_UNSECURE_NODE_VERSION=true environment variable. For more information see: https://github.blog/changelog/2025-09-19-deprecation-of-node-20-on-github-actions-runners/
refusal-coverage	UNKNOWN STEP	2026-08-28T18:22:14.7451105Z ##[group]Run actions/checkout@v4
refusal-coverage	UNKNOWN STEP	2026-08-28T18:22:14.7451374Z with:
refusal-coverage	UNKNOWN STEP	2026-08-28T18:22:14.7451588Z   repository: egnaro9/model-drift
refusal-coverage	UNKNOWN STEP	2026-08-28T18:22:14.7451854Z   path: _issuers/model-drift
refusal-coverage	UNKNOWN STEP	2026-08-28T18:22:14.7454815Z   token: ***
refusal-coverage	UNKNOWN STEP	2026-08-28T18:22:14.7455036Z   ssh-strict: true
refusal-coverage	UNKNOWN STEP	2026-08-28T18:22:14.7455247Z   ssh-user: git
refusal-coverage	UNKNOWN STEP	2026-08-28T18:22:14.7455460Z   persist-credentials: true
refusal-coverage	UNKNOWN STEP	2026-08-28T18:22:14.7455707Z   clean: true
refusal-coverage	UNKNOWN STEP	2026-08-28T18:22:14.7455926Z   sparse-checkout-cone-mode: true
refusal-coverage	UNKNOWN STEP	2026-08-28T18:22:14.7456182Z   fetch-depth: 1
refusal-coverage	UNKNOWN STEP	2026-08-28T18:22:14.7456381Z   fetch-tags: false
refusal-coverage	UNKNOWN STEP	2026-08-28T18:22:14.7456592Z   show-progress: true
refusal-coverage	UNKNOWN STEP	2026-08-28T18:22:14.7456834Z   lfs: false
refusal-coverage	UNKNOWN STEP	2026-08-28T18:22:14.7457027Z   submodules: false
refusal-coverage	UNKNOWN STEP	2026-08-28T18:22:14.7457239Z   set-safe-directory: true
refusal-coverage	UNKNOWN STEP	2026-08-28T18:22:14.7457492Z   allow-unsafe-pr-checkout: false
refusal-coverage	UNKNOWN STEP	2026-08-28T18:22:14.7457744Z env:
refusal-coverage	UNKNOWN STEP	2026-08-28T18:22:14.7458000Z   pythonLocation: /opt/hostedtoolcache/Python/3.12.14/x64
refusal-coverage	UNKNOWN STEP	2026-08-28T18:22:14.7458435Z   PKG_CONFIG_PATH: /opt/hostedtoolcache/Python/3.12.14/x64/lib/pkgconfig
refusal-coverage	UNKNOWN STEP	2026-08-28T18:22:14.7459049Z   Python_ROOT_DIR: /opt/hostedtoolcache/Python/3.12.14/x64
refusal-coverage	UNKNOWN STEP	2026-08-28T18:22:14.7459444Z   Python2_ROOT_DIR: /opt/hostedtoolcache/Python/3.12.14/x64
refusal-coverage	UNKNOWN STEP	2026-08-28T18:22:14.7459835Z   Python3_ROOT_DIR: /opt/hostedtoolcache/Python/3.12.14/x64
refusal-coverage	UNKNOWN STEP	2026-08-28T18:22:14.7460224Z   LD_LIBRARY_PATH: /opt/hostedtoolcache/Python/3.12.14/x64/lib
refusal-coverage	UNKNOWN STEP	2026-08-28T18:22:14.7460559Z ##[endgroup]
refusal-coverage	UNKNOWN STEP	2026-08-28T18:22:14.8297359Z Syncing repository: egnaro9/model-drift
refusal-coverage	UNKNOWN STEP	2026-08-28T18:22:14.8298951Z ##[group]Getting Git version info
refusal-coverage	UNKNOWN STEP	2026-08-28T18:22:14.8300916Z Working directory is '/home/runner/work/vac-protocol/vac-protocol/_issuers/model-drift'
refusal-coverage	UNKNOWN STEP	2026-08-28T18:22:14.8348023Z [command]/usr/bin/git version
refusal-coverage	UNKNOWN STEP	2026-08-28T18:22:14.8393916Z git version 2.55.0
refusal-coverage	UNKNOWN STEP	2026-08-28T18:22:14.8448161Z ##[endgroup]
refusal-coverage	UNKNOWN STEP	2026-08-28T18:22:14.8462083Z Temporarily overriding HOME='/home/runner/work/_temp/bcf71088-c591-40b1-80cd-d081898bd349' before making global git config changes
refusal-coverage	UNKNOWN STEP	2026-08-28T18:22:14.8463382Z Adding repository directory to the temporary git global config as a safe directory
refusal-coverage	UNKNOWN STEP	2026-08-28T18:22:14.8469399Z [command]/usr/bin/git config --global --add safe.directory /home/runner/work/vac-protocol/vac-protocol/_issuers/model-drift
refusal-coverage	UNKNOWN STEP	2026-08-28T18:22:14.8505952Z ##[group]Initializing the repository
refusal-coverage	UNKNOWN STEP	2026-08-28T18:22:14.8511054Z [command]/usr/bin/git init /home/runner/work/vac-protocol/vac-protocol/_issuers/model-drift
refusal-coverage	UNKNOWN STEP	2026-08-28T18:22:14.8559208Z hint: Using 'master' as the name for the initial branch. This default branch name
refusal-coverage	UNKNOWN STEP	2026-08-28T18:22:14.8560228Z hint: will change to "main" in Git 3.0. To configure the initial branch name
refusal-coverage	UNKNOWN STEP	2026-08-28T18:22:14.8561435Z hint: to use in all of your new repositories, which will suppress this warning,
refusal-coverage	UNKNOWN STEP	2026-08-28T18:22:14.8562141Z hint: call:
refusal-coverage	UNKNOWN STEP	2026-08-28T18:22:14.8562457Z hint:
refusal-coverage	UNKNOWN STEP	2026-08-28T18:22:14.8562907Z hint: 	git config --global init.defaultBranch <name>
refusal-coverage	UNKNOWN STEP	2026-08-28T18:22:14.8563459Z hint:
refusal-coverage	UNKNOWN STEP	2026-08-28T18:22:14.8563989Z hint: Names commonly chosen instead of 'master' are 'main', 'trunk' and
refusal-coverage	UNKNOWN STEP	2026-08-28T18:22:14.8564900Z hint: 'development'. The just-created branch can be renamed via this command:
refusal-coverage	UNKNOWN STEP	2026-08-28T18:22:14.8565575Z hint:
refusal-coverage	UNKNOWN STEP	2026-08-28T18:22:14.8565914Z hint: 	git branch -m <name>
refusal-coverage	UNKNOWN STEP	2026-08-28T18:22:14.8566309Z hint:
refusal-coverage	UNKNOWN STEP	2026-08-28T18:22:14.8566862Z hint: Disable this message with "git config set advice.defaultBranchName false"
refusal-coverage	UNKNOWN STEP	2026-08-28T18:22:14.8567999Z Initialized empty Git repository in /home/runner/work/vac-protocol/vac-protocol/_issuers/model-drift/.git/
refusal-coverage	UNKNOWN STEP	2026-08-28T18:22:14.8569923Z [command]/usr/bin/git remote add origin https://github.com/egnaro9/model-drift
refusal-coverage	UNKNOWN STEP	2026-08-28T18:22:14.8608232Z ##[endgroup]
refusal-coverage	UNKNOWN STEP	2026-08-28T18:22:14.8608911Z ##[group]Disabling automatic garbage collection
refusal-coverage	UNKNOWN STEP	2026-08-28T18:22:14.8613178Z [command]/usr/bin/git config --local gc.auto 0
refusal-coverage	UNKNOWN STEP	2026-08-28T18:22:14.8645085Z ##[endgroup]
refusal-coverage	UNKNOWN STEP	2026-08-28T18:22:14.8645720Z ##[group]Setting up auth
refusal-coverage	UNKNOWN STEP	2026-08-28T18:22:14.8654213Z [command]/usr/bin/git config --local --name-only --get-regexp core\.sshCommand
refusal-coverage	UNKNOWN STEP	2026-08-28T18:22:14.8688638Z [command]/usr/bin/git submodule foreach --recursive sh -c "git config --local --name-only --get-regexp 'core\.sshCommand' && git config --local --unset-all 'core.sshCommand' || :"
refusal-coverage	UNKNOWN STEP	2026-08-28T18:22:14.8948570Z [command]/usr/bin/git config --local --name-only --get-regexp http\.https\:\/\/github\.com\/\.extraheader
refusal-coverage	UNKNOWN STEP	2026-08-28T18:22:14.8987514Z [command]/usr/bin/git submodule foreach --recursive sh -c "git config --local --name-only --get-regexp 'http\.https\:\/\/github\.com\/\.extraheader' && git config --local --unset-all 'http.https://github.com/.extraheader' || :"
refusal-coverage	UNKNOWN STEP	2026-08-28T18:22:14.9239323Z [command]/usr/bin/git config --local --name-only --get-regexp ^includeIf\.gitdir:
refusal-coverage	UNKNOWN STEP	2026-08-28T18:22:14.9283128Z [command]/usr/bin/git submodule foreach --recursive git config --local --show-origin --name-only --get-regexp remote.origin.url
refusal-coverage	UNKNOWN STEP	2026-08-28T18:22:14.9535793Z [command]/usr/bin/git config --local http.https://github.com/.extraheader AUTHORIZATION: basic ***
refusal-coverage	UNKNOWN STEP	2026-08-28T18:22:14.9577008Z ##[endgroup]
refusal-coverage	UNKNOWN STEP	2026-08-28T18:22:14.9577769Z ##[group]Determining the default branch
refusal-coverage	UNKNOWN STEP	2026-08-28T18:22:14.9582142Z Retrieving the default branch name
refusal-coverage	UNKNOWN STEP	2026-08-28T18:22:15.2678747Z Default branch 'main'
refusal-coverage	UNKNOWN STEP	2026-08-28T18:22:15.2679681Z ##[endgroup]
refusal-coverage	UNKNOWN STEP	2026-08-28T18:22:15.2680490Z ##[group]Fetching the repository
refusal-coverage	UNKNOWN STEP	2026-08-28T18:22:15.2688057Z [command]/usr/bin/git -c protocol.version=2 fetch --no-tags --prune --no-recurse-submodules --depth=1 origin +refs/heads/main:refs/remotes/origin/main
refusal-coverage	UNKNOWN STEP	2026-08-28T18:22:15.9487450Z From https://github.com/egnaro9/model-drift
refusal-coverage	UNKNOWN STEP	2026-08-28T18:22:15.9488232Z  * [new branch]      main       -> origin/main
refusal-coverage	UNKNOWN STEP	2026-08-28T18:22:15.9493085Z ##[endgroup]
refusal-coverage	UNKNOWN STEP	2026-08-28T18:22:15.9493632Z ##[group]Determining the checkout info
refusal-coverage	UNKNOWN STEP	2026-08-28T18:22:15.9496210Z ##[endgroup]
refusal-coverage	UNKNOWN STEP	2026-08-28T18:22:15.9501390Z [command]/usr/bin/git sparse-checkout disable
refusal-coverage	UNKNOWN STEP	2026-08-28T18:22:15.9546485Z [command]/usr/bin/git config --local --unset-all extensions.worktreeConfig
refusal-coverage	UNKNOWN STEP	2026-08-28T18:22:15.9579507Z ##[group]Checking out the ref
refusal-coverage	UNKNOWN STEP	2026-08-28T18:22:15.9583590Z [command]/usr/bin/git checkout --progress --force -B main refs/remotes/origin/main
refusal-coverage	UNKNOWN STEP	2026-08-28T18:22:15.9696847Z Switched to a new branch 'main'
refusal-coverage	UNKNOWN STEP	2026-08-28T18:22:15.9700229Z branch 'main' set up to track 'origin/main'.
refusal-coverage	UNKNOWN STEP	2026-08-28T18:22:15.9705240Z ##[endgroup]
refusal-coverage	UNKNOWN STEP	2026-08-28T18:22:15.9747866Z [command]/usr/bin/git log -1 --format=%H
refusal-coverage	UNKNOWN STEP	2026-08-28T18:22:15.9777560Z 931fa8f35be58869b94f5a9fc3b9d0db1aa6bc22
refusal-coverage	UNKNOWN STEP	2026-08-28T18:22:15.9931074Z ##[group]Run pip install -e ".[test]"
refusal-coverage	UNKNOWN STEP	2026-08-28T18:22:15.9931434Z ^[[36;1mpip install -e ".[test]"^[[0m
refusal-coverage	UNKNOWN STEP	2026-08-28T18:22:15.9978979Z shell: /usr/bin/bash -e {0}
refusal-coverage	UNKNOWN STEP	2026-08-28T18:22:15.9979237Z env:
refusal-coverage	UNKNOWN STEP	2026-08-28T18:22:15.9979522Z   pythonLocation: /opt/hostedtoolcache/Python/3.12.14/x64
refusal-coverage	UNKNOWN STEP	2026-08-28T18:22:15.9979963Z   PKG_CONFIG_PATH: /opt/hostedtoolcache/Python/3.12.14/x64/lib/pkgconfig
refusal-coverage	UNKNOWN STEP	2026-08-28T18:22:15.9980400Z   Python_ROOT_DIR: /opt/hostedtoolcache/Python/3.12.14/x64
refusal-coverage	UNKNOWN STEP	2026-08-28T18:22:15.9981131Z   Python2_ROOT_DIR: /opt/hostedtoolcache/Python/3.12.14/x64
refusal-coverage	UNKNOWN STEP	2026-08-28T18:22:15.9981546Z   Python3_ROOT_DIR: /opt/hostedtoolcache/Python/3.12.14/x64
refusal-coverage	UNKNOWN STEP	2026-08-28T18:22:15.9981955Z   LD_LIBRARY_PATH: /opt/hostedtoolcache/Python/3.12.14/x64/lib
refusal-coverage	UNKNOWN STEP	2026-08-28T18:22:15.9982285Z ##[endgroup]
refusal-coverage	UNKNOWN STEP	2026-08-28T18:22:17.2050182Z Obtaining file:///home/runner/work/vac-protocol/vac-protocol
refusal-coverage	UNKNOWN STEP	2026-08-28T18:22:17.2065864Z   Installing build dependencies: started
refusal-coverage	UNKNOWN STEP	2026-08-28T18:22:17.9987511Z   Installing build dependencies: finished with status 'done'
refusal-coverage	UNKNOWN STEP	2026-08-28T18:22:17.9993626Z   Checking if build backend supports build_editable: started
refusal-coverage	UNKNOWN STEP	2026-08-28T18:22:18.3155107Z   Checking if build backend supports build_editable: finished with status 'done'
refusal-coverage	UNKNOWN STEP	2026-08-28T18:22:18.3162552Z   Getting requirements to build editable: started
refusal-coverage	UNKNOWN STEP	2026-08-28T18:22:18.6595953Z   Getting requirements to build editable: finished with status 'done'
refusal-coverage	UNKNOWN STEP	2026-08-28T18:22:18.6605526Z   Preparing editable metadata (pyproject.toml): started
refusal-coverage	UNKNOWN STEP	2026-08-28T18:22:18.8536600Z   Preparing editable metadata (pyproject.toml): finished with status 'done'
refusal-coverage	UNKNOWN STEP	2026-08-28T18:22:18.9468743Z Collecting pytest (from vac-protocol==0.1.0)
refusal-coverage	UNKNOWN STEP	2026-08-28T18:22:18.9928184Z   Downloading pytest-9.1.1-py3-none-any.whl.metadata (7.6 kB)
refusal-coverage	UNKNOWN STEP	2026-08-28T18:22:19.0046604Z Collecting iniconfig>=1.0.1 (from pytest->vac-protocol==0.1.0)
refusal-coverage	UNKNOWN STEP	2026-08-28T18:22:19.0077567Z   Downloading iniconfig-2.3.0-py3-none-any.whl.metadata (2.5 kB)
refusal-coverage	UNKNOWN STEP	2026-08-28T18:22:19.0218104Z Collecting packaging>=22 (from pytest->vac-protocol==0.1.0)
refusal-coverage	UNKNOWN STEP	2026-08-28T18:22:19.0245622Z   Downloading packaging-26.3-py3-none-any.whl.metadata (3.5 kB)
refusal-coverage	UNKNOWN STEP	2026-08-28T18:22:19.0360642Z Collecting pluggy<2,>=1.5 (from pytest->vac-protocol==0.1.0)
refusal-coverage	UNKNOWN STEP	2026-08-28T18:22:19.0389245Z   Downloading pluggy-1.6.0-py3-none-any.whl.metadata (4.8 kB)
refusal-coverage	UNKNOWN STEP	2026-08-28T18:22:19.0567729Z Collecting pygments>=2.7.2 (from pytest->vac-protocol==0.1.0)
refusal-coverage	UNKNOWN STEP	2026-08-28T18:22:19.0596806Z   Downloading pygments-2.21.0-py3-none-any.whl.metadata (2.5 kB)
refusal-coverage	UNKNOWN STEP	2026-08-28T18:22:19.0675418Z Downloading pytest-9.1.1-py3-none-any.whl (386 kB)
refusal-coverage	UNKNOWN STEP	2026-08-28T18:22:19.0896158Z Downloading pluggy-1.6.0-py3-none-any.whl (20 kB)
refusal-coverage	UNKNOWN STEP	2026-08-28T18:22:19.0945225Z Downloading iniconfig-2.3.0-py3-none-any.whl (7.5 kB)
refusal-coverage	UNKNOWN STEP	2026-08-28T18:22:19.0994640Z Downloading packaging-26.3-py3-none-any.whl (129 kB)
refusal-coverage	UNKNOWN STEP	2026-08-28T18:22:19.1056362Z Downloading pygments-2.21.0-py3-none-any.whl (1.3 MB)
refusal-coverage	UNKNOWN STEP	2026-08-28T18:22:19.1206634Z    ━━━━━━━━━━━━━━━━━━━━━━━━━━━━━━━━━━━━━━━━ 1.3/1.3 MB 99.8 MB/s  0:00:00
refusal-coverage	UNKNOWN STEP	2026-08-28T18:22:19.1375112Z Building wheels for collected packages: vac-protocol
refusal-coverage	UNKNOWN STEP	2026-08-28T18:22:19.1383113Z   Building editable for vac-protocol (pyproject.toml): started
refusal-coverage	UNKNOWN STEP	2026-08-28T18:22:19.3550963Z   Building editable for vac-protocol (pyproject.toml): finished with status 'done'
refusal-coverage	UNKNOWN STEP	2026-08-28T18:22:19.3557606Z   Created wheel for vac-protocol: filename=vac_protocol-0.1.0-0.editable-py3-none-any.whl size=8850 sha256=a38cdf8332856368ca6f46f91fd9e4378adf11b07324c16075975ac468f68b05
refusal-coverage	UNKNOWN STEP	2026-08-28T18:22:19.3559050Z   Stored in directory: /tmp/pip-ephem-wheel-cache-ozznqib2/wheels/31/93/c0/4effb33ea68d4321a176d9cb097b94ea8b1be9d534ea861dec
refusal-coverage	UNKNOWN STEP	2026-08-28T18:22:19.3579592Z Successfully built vac-protocol
refusal-coverage	UNKNOWN STEP	2026-08-28T18:22:19.3785079Z Installing collected packages: vac-protocol, pygments, pluggy, packaging, iniconfig, pytest
refusal-coverage	UNKNOWN STEP	2026-08-28T18:22:20.5288461Z 
refusal-coverage	UNKNOWN STEP	2026-08-28T18:22:20.5302084Z Successfully installed iniconfig-2.3.0 packaging-26.3 pluggy-1.6.0 pygments-2.21.0 pytest-9.1.1 vac-protocol-0.1.0
refusal-coverage	UNKNOWN STEP	2026-08-28T18:22:20.5906398Z ##[group]Run python tools/mutation_sweep.py --floor 0.99
refusal-coverage	UNKNOWN STEP	2026-08-28T18:22:20.5906861Z ^[[36;1mpython tools/mutation_sweep.py --floor 0.99^[[0m
refusal-coverage	UNKNOWN STEP	2026-08-28T18:22:20.5945663Z shell: /usr/bin/bash -e {0}
refusal-coverage	UNKNOWN STEP	2026-08-28T18:22:20.5945920Z env:
refusal-coverage	UNKNOWN STEP	2026-08-28T18:22:20.5946193Z   pythonLocation: /opt/hostedtoolcache/Python/3.12.14/x64
refusal-coverage	UNKNOWN STEP	2026-08-28T18:22:20.5946662Z   PKG_CONFIG_PATH: /opt/hostedtoolcache/Python/3.12.14/x64/lib/pkgconfig
refusal-coverage	UNKNOWN STEP	2026-08-28T18:22:20.5947137Z   Python_ROOT_DIR: /opt/hostedtoolcache/Python/3.12.14/x64
refusal-coverage	UNKNOWN STEP	2026-08-28T18:22:20.5947544Z   Python2_ROOT_DIR: /opt/hostedtoolcache/Python/3.12.14/x64
refusal-coverage	UNKNOWN STEP	2026-08-28T18:22:20.5947947Z   Python3_ROOT_DIR: /opt/hostedtoolcache/Python/3.12.14/x64
refusal-coverage	UNKNOWN STEP	2026-08-28T18:22:20.5948375Z   LD_LIBRARY_PATH: /opt/hostedtoolcache/Python/3.12.14/x64/lib
refusal-coverage	UNKNOWN STEP	2026-08-28T18:22:20.5948761Z   VAC_CRASHKIT_CHECKOUT: _issuers/crashkit/vac
refusal-coverage	UNKNOWN STEP	2026-08-28T18:22:20.5949081Z   VAC_EVALMUT_CHECKOUT: _issuers/evalmut/vac
refusal-coverage	UNKNOWN STEP	2026-08-28T18:22:20.5949437Z   VAC_MODELDRIFT_CHECKOUT: _issuers/model-drift/vac
refusal-coverage	UNKNOWN STEP	2026-08-28T18:22:20.5949748Z ##[endgroup]
refusal-coverage	UNKNOWN STEP	2026-08-28T18:22:25.6836713Z baseline clean; 161 refusal sites (3 excluded, see EXCLUDE)
refusal-coverage	UNKNOWN STEP	2026-08-28T18:22:25.6837351Z   [1/161] L113 caught: tests
refusal-coverage	UNKNOWN STEP	2026-08-28T18:22:26.6799517Z   [2/161] L126 caught: tests
refusal-coverage	UNKNOWN STEP	2026-08-28T18:22:29.3419152Z   [3/161] L132 caught: tests
refusal-coverage	UNKNOWN STEP	2026-08-28T18:22:31.9786269Z   [4/161] L142 caught: tests
refusal-coverage	UNKNOWN STEP	2026-08-28T18:22:34.2578645Z   [5/161] L154 caught: tests
refusal-coverage	UNKNOWN STEP	2026-08-28T18:22:36.2240241Z   [6/161] L159 caught: tests
refusal-coverage	UNKNOWN STEP	2026-08-28T18:22:37.3321827Z   [7/161] L163 caught: tests
refusal-coverage	UNKNOWN STEP	2026-08-28T18:22:38.4428886Z   [8/161] L173 caught: tests
refusal-coverage	UNKNOWN STEP	2026-08-28T18:22:39.4883956Z   [9/161] L178 caught: tests
refusal-coverage	UNKNOWN STEP	2026-08-28T18:22:40.5389195Z   [10/161] L183 caught: tests
refusal-coverage	UNKNOWN STEP	2026-08-28T18:22:41.6028732Z   [11/161] L187 caught: tests
refusal-coverage	UNKNOWN STEP	2026-08-28T18:22:42.7293016Z   [12/161] L190 caught: tests
refusal-coverage	UNKNOWN STEP	2026-08-28T18:22:43.7914097Z   [13/161] L196 caught: tests
refusal-coverage	UNKNOWN STEP	2026-08-28T18:22:44.8679411Z   [14/161] L199 caught: tests
refusal-coverage	UNKNOWN STEP	2026-08-28T18:22:47.7234505Z   [15/161] L204 caught: tests
refusal-coverage	UNKNOWN STEP	2026-08-28T18:22:50.2856709Z   [16/161] L209 caught: tests
refusal-coverage	UNKNOWN STEP	2026-08-28T18:22:52.6088386Z   [17/161] L215 caught: tests
refusal-coverage	UNKNOWN STEP	2026-08-28T18:22:53.8222045Z   [18/161] L217 caught: tests
refusal-coverage	UNKNOWN STEP	2026-08-28T18:22:54.9678393Z   [19/161] L222 caught: tests
refusal-coverage	UNKNOWN STEP	2026-08-28T18:22:56.1137015Z   [20/161] L225 caught: tests
refusal-coverage	UNKNOWN STEP	2026-08-28T18:22:59.3597052Z   [21/161] L248 caught: tests
refusal-coverage	UNKNOWN STEP	2026-08-28T18:23:01.6483291Z   [22/161] L251 caught: tests
refusal-coverage	UNKNOWN STEP	2026-08-28T18:23:03.2295326Z   [23/161] L257 caught: tests
refusal-coverage	UNKNOWN STEP	2026-08-28T18:23:06.6371750Z   [24/161] L272 caught: tests
refusal-coverage	UNKNOWN STEP	2026-08-28T18:23:09.2504754Z   [25/161] L276 caught: tests
refusal-coverage	UNKNOWN STEP	2026-08-28T18:23:10.5298980Z   [26/161] L291 caught: tests
refusal-coverage	UNKNOWN STEP	2026-08-28T18:23:13.4032847Z   [27/161] L298 caught: tests
refusal-coverage	UNKNOWN STEP	2026-08-28T18:23:14.7220290Z   [28/161] L312 caught: tests
refusal-coverage	UNKNOWN STEP	2026-08-28T18:23:15.8325380Z   [29/161] L322 caught: tests
refusal-coverage	UNKNOWN STEP	2026-08-28T18:23:17.0991723Z   [30/161] L327 caught: tests
refusal-coverage	UNKNOWN STEP	2026-08-28T18:23:19.4538632Z   [31/161] L330 caught: tests
refusal-coverage	UNKNOWN STEP	2026-08-28T18:23:20.5929340Z   [32/161] L341 caught: tests
refusal-coverage	UNKNOWN STEP	2026-08-28T18:23:21.7644624Z   [33/161] L344 caught: tests
refusal-coverage	UNKNOWN STEP	2026-08-28T18:23:22.9869903Z   [34/161] L349 caught: tests
refusal-coverage	UNKNOWN STEP	2026-08-28T18:23:25.5751840Z   [35/161] L352 caught: tests
refusal-coverage	UNKNOWN STEP	2026-08-28T18:23:26.8512048Z   [36/161] L400 caught: tests
refusal-coverage	UNKNOWN STEP	2026-08-28T18:23:28.1417451Z   [37/161] L406 caught: tests
refusal-coverage	UNKNOWN STEP	2026-08-28T18:23:31.4373250Z   [38/161] L410 caught: tests
refusal-coverage	UNKNOWN STEP	2026-08-28T18:23:34.6998054Z   [39/161] L416 caught: tests
refusal-coverage	UNKNOWN STEP	2026-08-28T18:23:35.4561745Z   [40/161] L423 caught: tests
refusal-coverage	UNKNOWN STEP	2026-08-28T18:23:36.7523128Z   [41/161] L430 caught: tests
refusal-coverage	UNKNOWN STEP	2026-08-28T18:23:38.0447277Z   [42/161] L433 caught: tests
refusal-coverage	UNKNOWN STEP	2026-08-28T18:23:41.2417092Z   [43/161] L438 caught: tests
refusal-coverage	UNKNOWN STEP	2026-08-28T18:23:44.0810399Z   [44/161] L443 caught: tests
refusal-coverage	UNKNOWN STEP	2026-08-28T18:23:44.7937852Z   [45/161] L449 caught: tests
refusal-coverage	UNKNOWN STEP	2026-08-28T18:23:47.2233900Z   [46/161] L454 caught: tests
refusal-coverage	UNKNOWN STEP	2026-08-28T18:23:48.0095364Z   [47/161] L458 caught: tests
refusal-coverage	UNKNOWN STEP	2026-08-28T18:23:49.1556645Z   [48/161] L463 caught: tests
refusal-coverage	UNKNOWN STEP	2026-08-28T18:23:50.3969401Z   [49/161] L467 caught: tests
refusal-coverage	UNKNOWN STEP	2026-08-28T18:23:51.5421371Z   [50/161] L476 caught: tests
refusal-coverage	UNKNOWN STEP	2026-08-28T18:23:52.7168709Z   [51/161] L479 caught: tests
refusal-coverage	UNKNOWN STEP	2026-08-28T18:23:53.7016101Z   [52/161] L526 caught: tests
refusal-coverage	UNKNOWN STEP	2026-08-28T18:23:54.6872049Z   [53/161] L531 caught: tests
refusal-coverage	UNKNOWN STEP	2026-08-28T18:23:55.6599287Z   [54/161] L535 caught: tests
refusal-coverage	UNKNOWN STEP	2026-08-28T18:23:58.1734027Z   [55/161] L550 caught: tests
refusal-coverage	UNKNOWN STEP	2026-08-28T18:23:59.4496845Z   [56/161] L555 caught: tests
refusal-coverage	UNKNOWN STEP	2026-08-28T18:24:00.7418854Z   [57/161] L559 caught: tests
refusal-coverage	UNKNOWN STEP	2026-08-28T18:24:04.0469993Z   [58/161] L567 caught: tests
refusal-coverage	UNKNOWN STEP	2026-08-28T18:24:06.6582805Z   [59/161] L573 caught: tests
refusal-coverage	UNKNOWN STEP	2026-08-28T18:24:08.9820503Z   [60/161] L580 caught: tests
refusal-coverage	UNKNOWN STEP	2026-08-28T18:24:11.3541195Z   [61/161] L589 caught: tests
refusal-coverage	UNKNOWN STEP	2026-08-28T18:24:12.0459246Z   [62/161] L595 caught: tests
refusal-coverage	UNKNOWN STEP	2026-08-28T18:24:14.4071068Z   [63/161] L610 caught: tests
refusal-coverage	UNKNOWN STEP	2026-08-28T18:24:15.1094828Z   [64/161] L637 caught: tests
refusal-coverage	UNKNOWN STEP	2026-08-28T18:24:18.3497556Z   [65/161] L643 caught: tests
refusal-coverage	UNKNOWN STEP	2026-08-28T18:24:21.7324220Z   [66/161] L648 caught: tests
refusal-coverage	UNKNOWN STEP	2026-08-28T18:24:24.9861782Z   [67/161] L651 caught: tests
refusal-coverage	UNKNOWN STEP	2026-08-28T18:24:28.3890090Z   [68/161] L660 caught: tests
refusal-coverage	UNKNOWN STEP	2026-08-28T18:24:29.7949418Z   [69/161] L672 caught: tests
refusal-coverage	UNKNOWN STEP	2026-08-28T18:24:31.2138961Z   [70/161] L678 caught: tests
refusal-coverage	UNKNOWN STEP	2026-08-28T18:24:32.6233143Z   [71/161] L685 caught: tests
refusal-coverage	UNKNOWN STEP	2026-08-28T18:24:33.3589144Z   [72/161] L692 caught: tests
refusal-coverage	UNKNOWN STEP	2026-08-28T18:24:35.8890619Z   [73/161] L699 caught: tests
refusal-coverage	UNKNOWN STEP	2026-08-28T18:24:37.0382032Z   [74/161] L718 caught: tests
refusal-coverage	UNKNOWN STEP	2026-08-28T18:24:38.2317290Z   [75/161] L723 caught: tests
refusal-coverage	UNKNOWN STEP	2026-08-28T18:24:40.5936439Z   [76/161] L726 caught: tests
refusal-coverage	UNKNOWN STEP	2026-08-28T18:24:41.5615691Z   [77/161] L761 caught: tests
refusal-coverage	UNKNOWN STEP	2026-08-28T18:24:42.5528123Z   [78/161] L771 caught: tests
refusal-coverage	UNKNOWN STEP	2026-08-28T18:24:43.5806934Z   [79/161] L777 caught: tests
refusal-coverage	UNKNOWN STEP	2026-08-28T18:24:44.8949609Z   [80/161] L790 caught: tests
refusal-coverage	UNKNOWN STEP	2026-08-28T18:24:46.2248470Z   [81/161] L794 caught: tests
refusal-coverage	UNKNOWN STEP	2026-08-28T18:24:47.5610597Z   [82/161] L798 caught: tests
refusal-coverage	UNKNOWN STEP	2026-08-28T18:24:50.0303468Z   [83/161] L807 caught: tests
refusal-coverage	UNKNOWN STEP	2026-08-28T18:24:52.3030361Z   [84/161] L814 caught: tests
refusal-coverage	UNKNOWN STEP	2026-08-28T18:24:53.6650494Z   [85/161] L846 caught: tests
refusal-coverage	UNKNOWN STEP	2026-08-28T18:24:54.3598131Z   [86/161] L868 caught: tests
refusal-coverage	UNKNOWN STEP	2026-08-28T18:24:56.6786056Z   [87/161] L873 caught: tests
refusal-coverage	UNKNOWN STEP	2026-08-28T18:24:58.9494505Z   [88/161] L882 caught: tests
refusal-coverage	UNKNOWN STEP	2026-08-28T18:25:00.0368773Z   [89/161] L891 caught: tests
refusal-coverage	UNKNOWN STEP	2026-08-28T18:25:01.3554720Z   [90/161] L895 caught: tests
refusal-coverage	UNKNOWN STEP	2026-08-28T18:25:03.8909397Z   [91/161] L898 caught: tests
refusal-coverage	UNKNOWN STEP	2026-08-28T18:25:04.9976237Z   [92/161] L902 caught: tests
refusal-coverage	UNKNOWN STEP	2026-08-28T18:25:06.2339076Z   [93/161] L907 caught: tests
refusal-coverage	UNKNOWN STEP	2026-08-28T18:25:08.5495336Z   [94/161] L910 caught: tests
refusal-coverage	UNKNOWN STEP	2026-08-28T18:25:09.9033508Z   [95/161] L1109 caught: tests
refusal-coverage	UNKNOWN STEP	2026-08-28T18:25:11.2581503Z   [96/161] L1114 caught: tests
refusal-coverage	UNKNOWN STEP	2026-08-28T18:25:12.6613725Z   [97/161] L1118 caught: tests
refusal-coverage	UNKNOWN STEP	2026-08-28T18:25:14.0255245Z   [98/161] L1126 caught: tests
refusal-coverage	UNKNOWN STEP	2026-08-28T18:25:15.3936373Z   [99/161] L1139 caught: tests
refusal-coverage	UNKNOWN STEP	2026-08-28T18:25:16.7713601Z   [100/161] L1160 caught: tests
refusal-coverage	UNKNOWN STEP	2026-08-28T18:25:18.1450724Z   [101/161] L1164 caught: tests
refusal-coverage	UNKNOWN STEP	2026-08-28T18:25:19.5311584Z   [102/161] L1168 caught: tests
refusal-coverage	UNKNOWN STEP	2026-08-28T18:25:20.5422071Z   [103/161] L1232 caught: tests
refusal-coverage	UNKNOWN STEP	2026-08-28T18:25:21.5400182Z   [104/161] L1238 caught: tests
refusal-coverage	UNKNOWN STEP	2026-08-28T18:25:22.5461175Z   [105/161] L1244 caught: tests
refusal-coverage	UNKNOWN STEP	2026-08-28T18:25:23.5395932Z   [106/161] L1253 caught: tests
refusal-coverage	UNKNOWN STEP	2026-08-28T18:25:24.5209679Z   [107/161] L1257 caught: tests
refusal-coverage	UNKNOWN STEP	2026-08-28T18:25:25.5131634Z   [108/161] L1262 caught: tests
refusal-coverage	UNKNOWN STEP	2026-08-28T18:25:26.5099987Z   [109/161] L1267 caught: tests
refusal-coverage	UNKNOWN STEP	2026-08-28T18:25:27.4913860Z   [110/161] L1273 caught: tests
refusal-coverage	UNKNOWN STEP	2026-08-28T18:25:28.4791396Z   [111/161] L1278 caught: tests
refusal-coverage	UNKNOWN STEP	2026-08-28T18:25:29.4689831Z   [112/161] L1286 caught: tests
refusal-coverage	UNKNOWN STEP	2026-08-28T18:25:30.4518244Z   [113/161] L1291 caught: tests
refusal-coverage	UNKNOWN STEP	2026-08-28T18:25:31.4540956Z   [114/161] L1294 caught: tests
refusal-coverage	UNKNOWN STEP	2026-08-28T18:25:32.1864748Z   [115/161] L1318 caught: tests
refusal-coverage	UNKNOWN STEP	2026-08-28T18:25:32.9333570Z   [116/161] L1324 caught: tests
refusal-coverage	UNKNOWN STEP	2026-08-28T18:25:33.6835919Z   [117/161] L1332 caught: tests
refusal-coverage	UNKNOWN STEP	2026-08-28T18:25:34.4241263Z   [118/161] L1337 caught: tests
refusal-coverage	UNKNOWN STEP	2026-08-28T18:25:35.1765765Z   [119/161] L1342 caught: tests
refusal-coverage	UNKNOWN STEP	2026-08-28T18:25:35.9332667Z   [120/161] L1347 caught: tests
refusal-coverage	UNKNOWN STEP	2026-08-28T18:25:38.9302760Z   [121/161] L1362 caught: tests
refusal-coverage	UNKNOWN STEP	2026-08-28T18:25:39.6951101Z   [122/161] L1366 caught: tests
refusal-coverage	UNKNOWN STEP	2026-08-28T18:25:40.4676416Z   [123/161] L1372 caught: tests
refusal-coverage	UNKNOWN STEP	2026-08-28T18:25:41.3485728Z   [124/161] L1376 caught: tests
refusal-coverage	UNKNOWN STEP	2026-08-28T18:25:42.1418086Z   [125/161] L1380 caught: tests
refusal-coverage	UNKNOWN STEP	2026-08-28T18:25:42.9437099Z   [126/161] L1384 caught: tests
refusal-coverage	UNKNOWN STEP	2026-08-28T18:25:43.7668096Z   [127/161] L1387 caught: tests
refusal-coverage	UNKNOWN STEP	2026-08-28T18:25:46.6731228Z   [128/161] L1393 caught: tests
refusal-coverage	UNKNOWN STEP	2026-08-28T18:25:47.5107918Z   [129/161] L1398 caught: tests
refusal-coverage	UNKNOWN STEP	2026-08-28T18:25:48.3547260Z   [130/161] L1404 caught: tests
refusal-coverage	UNKNOWN STEP	2026-08-28T18:25:49.3031902Z   [131/161] L1407 caught: tests
refusal-coverage	UNKNOWN STEP	2026-08-28T18:25:50.1516762Z   [132/161] L1410 caught: tests
refusal-coverage	UNKNOWN STEP	2026-08-28T18:25:51.0178400Z   [133/161] L1418 caught: tests
refusal-coverage	UNKNOWN STEP	2026-08-28T18:25:51.8961215Z   [134/161] L1424 caught: tests
refusal-coverage	UNKNOWN STEP	2026-08-28T18:25:52.7727022Z   [135/161] L1428 caught: tests
refusal-coverage	UNKNOWN STEP	2026-08-28T18:25:55.2601532Z   [136/161] L1433 caught: tests
refusal-coverage	UNKNOWN STEP	2026-08-28T18:25:55.9080318Z   [137/161] L1448 caught: tests
refusal-coverage	UNKNOWN STEP	2026-08-28T18:25:56.8052453Z   [138/161] L1452 caught: tests
refusal-coverage	UNKNOWN STEP	2026-08-28T18:25:57.7843957Z   [139/161] L1456 caught: tests
refusal-coverage	UNKNOWN STEP	2026-08-28T18:26:00.0715452Z   [140/161] L1463 caught: tests
refusal-coverage	UNKNOWN STEP	2026-08-28T18:26:01.0305665Z   [141/161] L1468 caught: tests
refusal-coverage	UNKNOWN STEP	2026-08-28T18:26:01.7043681Z   [142/161] L1478 caught: tests
refusal-coverage	UNKNOWN STEP	2026-08-28T18:26:02.4375940Z   [143/161] L1484 caught: tests
refusal-coverage	UNKNOWN STEP	2026-08-28T18:26:03.3666118Z   [144/161] L1491 caught: tests
refusal-coverage	UNKNOWN STEP	2026-08-28T18:26:04.2971452Z   [145/161] L1496 caught: tests
refusal-coverage	UNKNOWN STEP	2026-08-28T18:26:05.2356070Z   [146/161] L1503 caught: tests
refusal-coverage	UNKNOWN STEP	2026-08-28T18:26:07.7342511Z   [147/161] L1507 caught: tests
refusal-coverage	UNKNOWN STEP	2026-08-28T18:26:08.6952229Z   [148/161] L1514 caught: tests
refusal-coverage	UNKNOWN STEP	2026-08-28T18:26:11.1862074Z   [149/161] L1520 caught: tests
refusal-coverage	UNKNOWN STEP	2026-08-28T18:26:12.3734260Z   [150/161] L1544 caught: tests
refusal-coverage	UNKNOWN STEP	2026-08-28T18:26:13.5999999Z   [151/161] L1549 caught: tests
refusal-coverage	UNKNOWN STEP	2026-08-28T18:26:15.9573873Z   [152/161] L1552 caught: tests
refusal-coverage	UNKNOWN STEP	2026-08-28T18:26:20.1383681Z   [153/161] L1635 caught: sweep:tamper-summary-string
refusal-coverage	UNKNOWN STEP	2026-08-28T18:26:22.4858247Z   [154/161] L1653 caught: tests
refusal-coverage	UNKNOWN STEP	2026-08-28T18:26:24.8231253Z   [155/161] L1656 caught: tests
refusal-coverage	UNKNOWN STEP	2026-08-28T18:26:26.1521500Z   [156/161] L1695 caught: tests
refusal-coverage	UNKNOWN STEP	2026-08-28T18:26:26.9366776Z   [157/161] L1707 caught: tests
refusal-coverage	UNKNOWN STEP	2026-08-28T18:26:30.3152056Z   [158/161] L1715 caught: tests
refusal-coverage	UNKNOWN STEP	2026-08-28T18:26:33.6498350Z   [159/161] L1721 caught: tests
refusal-coverage	UNKNOWN STEP	2026-08-28T18:26:34.7041806Z   [160/161] L1737 caught: tests
refusal-coverage	UNKNOWN STEP	2026-08-28T18:26:38.0674023Z   [161/161] L1776 caught: tests
refusal-coverage	UNKNOWN STEP	2026-08-28T18:26:38.0678448Z 
refusal-coverage	UNKNOWN STEP	2026-08-28T18:26:38.0678671Z MUTATION SCORE: 161/161 = 1.000
refusal-coverage	UNKNOWN STEP	2026-08-28T18:26:38.0828618Z Node 20 is being deprecated. This workflow is running with Node 24 by default. If you need to temporarily use Node 20, you can set the ACTIONS_ALLOW_USE_UNSECURE_NODE_VERSION=true environment variable. For more information see: https://github.blog/changelog/2025-09-19-deprecation-of-node-20-on-github-actions-runners/
refusal-coverage	UNKNOWN STEP	2026-08-28T18:26:38.0830056Z Post job cleanup.
refusal-coverage	UNKNOWN STEP	2026-08-28T18:26:38.1707278Z [command]/usr/bin/git version
refusal-coverage	UNKNOWN STEP	2026-08-28T18:26:38.1753496Z git version 2.55.0
refusal-coverage	UNKNOWN STEP	2026-08-28T18:26:38.1795135Z Temporarily overriding HOME='/home/runner/work/_temp/3c3fb0bd-99be-4926-b5cb-c30b35236ab8' before making global git config changes
refusal-coverage	UNKNOWN STEP	2026-08-28T18:26:38.1796540Z Adding repository directory to the temporary git global config as a safe directory
refusal-coverage	UNKNOWN STEP	2026-08-28T18:26:38.1803177Z [command]/usr/bin/git config --global --add safe.directory /home/runner/work/vac-protocol/vac-protocol/_issuers/model-drift
refusal-coverage	UNKNOWN STEP	2026-08-28T18:26:38.1845106Z [command]/usr/bin/git config --local --name-only --get-regexp core\.sshCommand
refusal-coverage	UNKNOWN STEP	2026-08-28T18:26:38.1881755Z [command]/usr/bin/git submodule foreach --recursive sh -c "git config --local --name-only --get-regexp 'core\.sshCommand' && git config --local --unset-all 'core.sshCommand' || :"
refusal-coverage	UNKNOWN STEP	2026-08-28T18:26:38.2133001Z [command]/usr/bin/git config --local --name-only --get-regexp http\.https\:\/\/github\.com\/\.extraheader
refusal-coverage	UNKNOWN STEP	2026-08-28T18:26:38.2158019Z http.https://github.com/.extraheader
refusal-coverage	UNKNOWN STEP	2026-08-28T18:26:38.2168317Z [command]/usr/bin/git config --local --unset-all http.https://github.com/.extraheader
refusal-coverage	UNKNOWN STEP	2026-08-28T18:26:38.2204238Z [command]/usr/bin/git submodule foreach --recursive sh -c "git config --local --name-only --get-regexp 'http\.https\:\/\/github\.com\/\.extraheader' && git config --local --unset-all 'http.https://github.com/.extraheader' || :"
refusal-coverage	UNKNOWN STEP	2026-08-28T18:26:38.2461569Z [command]/usr/bin/git config --local --name-only --get-regexp ^includeIf\.gitdir:
refusal-coverage	UNKNOWN STEP	2026-08-28T18:26:38.2512697Z [command]/usr/bin/git submodule foreach --recursive git config --local --show-origin --name-only --get-regexp remote.origin.url
refusal-coverage	UNKNOWN STEP	2026-08-28T18:26:38.2939480Z Node 20 is being deprecated. This workflow is running with Node 24 by default. If you need to temporarily use Node 20, you can set the ACTIONS_ALLOW_USE_UNSECURE_NODE_VERSION=true environment variable. For more information see: https://github.blog/changelog/2025-09-19-deprecation-of-node-20-on-github-actions-runners/
refusal-coverage	UNKNOWN STEP	2026-08-28T18:26:38.2941020Z Post job cleanup.
refusal-coverage	UNKNOWN STEP	2026-08-28T18:26:38.3805425Z [command]/usr/bin/git version
refusal-coverage	UNKNOWN STEP	2026-08-28T18:26:38.3851212Z git version 2.55.0
refusal-coverage	UNKNOWN STEP	2026-08-28T18:26:38.3895407Z Temporarily overriding HOME='/home/runner/work/_temp/78e3aa1d-dadb-4ab4-9597-feeff91f5673' before making global git config changes
refusal-coverage	UNKNOWN STEP	2026-08-28T18:26:38.3897008Z Adding repository directory to the temporary git global config as a safe directory
refusal-coverage	UNKNOWN STEP	2026-08-28T18:26:38.3901312Z [command]/usr/bin/git config --global --add safe.directory /home/runner/work/vac-protocol/vac-protocol/_issuers/evalmut
refusal-coverage	UNKNOWN STEP	2026-08-28T18:26:38.3942826Z [command]/usr/bin/git config --local --name-only --get-regexp core\.sshCommand
refusal-coverage	UNKNOWN STEP	2026-08-28T18:26:38.3978941Z [command]/usr/bin/git submodule foreach --recursive sh -c "git config --local --name-only --get-regexp 'core\.sshCommand' && git config --local --unset-all 'core.sshCommand' || :"
refusal-coverage	UNKNOWN STEP	2026-08-28T18:26:38.4236611Z [command]/usr/bin/git config --local --name-only --get-regexp http\.https\:\/\/github\.com\/\.extraheader
refusal-coverage	UNKNOWN STEP	2026-08-28T18:26:38.4265626Z http.https://github.com/.extraheader
refusal-coverage	UNKNOWN STEP	2026-08-28T18:26:38.4279208Z [command]/usr/bin/git config --local --unset-all http.https://github.com/.extraheader
refusal-coverage	UNKNOWN STEP	2026-08-28T18:26:38.4316924Z [command]/usr/bin/git submodule foreach --recursive sh -c "git config --local --name-only --get-regexp 'http\.https\:\/\/github\.com\/\.extraheader' && git config --local --unset-all 'http.https://github.com/.extraheader' || :"
refusal-coverage	UNKNOWN STEP	2026-08-28T18:26:38.4594389Z [command]/usr/bin/git config --local --name-only --get-regexp ^includeIf\.gitdir:
refusal-coverage	UNKNOWN STEP	2026-08-28T18:26:38.4634416Z [command]/usr/bin/git submodule foreach --recursive git config --local --show-origin --name-only --get-regexp remote.origin.url
refusal-coverage	UNKNOWN STEP	2026-08-28T18:26:38.5124281Z Node 20 is being deprecated. This workflow is running with Node 24 by default. If you need to temporarily use Node 20, you can set the ACTIONS_ALLOW_USE_UNSECURE_NODE_VERSION=true environment variable. For more information see: https://github.blog/changelog/2025-09-19-deprecation-of-node-20-on-github-actions-runners/
refusal-coverage	UNKNOWN STEP	2026-08-28T18:26:38.5126629Z Post job cleanup.
refusal-coverage	UNKNOWN STEP	2026-08-28T18:26:38.6022163Z [command]/usr/bin/git version
refusal-coverage	UNKNOWN STEP	2026-08-28T18:26:38.6067722Z git version 2.55.0
refusal-coverage	UNKNOWN STEP	2026-08-28T18:26:38.6107715Z Temporarily overriding HOME='/home/runner/work/_temp/360b10a5-4bc2-4679-b80d-4a5aabe66f5a' before making global git config changes
refusal-coverage	UNKNOWN STEP	2026-08-28T18:26:38.6109019Z Adding repository directory to the temporary git global config as a safe directory
refusal-coverage	UNKNOWN STEP	2026-08-28T18:26:38.6113652Z [command]/usr/bin/git config --global --add safe.directory /home/runner/work/vac-protocol/vac-protocol/_issuers/crashkit
refusal-coverage	UNKNOWN STEP	2026-08-28T18:26:38.6154925Z [command]/usr/bin/git config --local --name-only --get-regexp core\.sshCommand
refusal-coverage	UNKNOWN STEP	2026-08-28T18:26:38.6191773Z [command]/usr/bin/git submodule foreach --recursive sh -c "git config --local --name-only --get-regexp 'core\.sshCommand' && git config --local --unset-all 'core.sshCommand' || :"
refusal-coverage	UNKNOWN STEP	2026-08-28T18:26:38.6449310Z [command]/usr/bin/git config --local --name-only --get-regexp http\.https\:\/\/github\.com\/\.extraheader
refusal-coverage	UNKNOWN STEP	2026-08-28T18:26:38.6480396Z http.https://github.com/.extraheader
refusal-coverage	UNKNOWN STEP	2026-08-28T18:26:38.6488801Z [command]/usr/bin/git config --local --unset-all http.https://github.com/.extraheader
refusal-coverage	UNKNOWN STEP	2026-08-28T18:26:38.6527133Z [command]/usr/bin/git submodule foreach --recursive sh -c "git config --local --name-only --get-regexp 'http\.https\:\/\/github\.com\/\.extraheader' && git config --local --unset-all 'http.https://github.com/.extraheader' || :"
refusal-coverage	UNKNOWN STEP	2026-08-28T18:26:38.6824611Z [command]/usr/bin/git config --local --name-only --get-regexp ^includeIf\.gitdir:
refusal-coverage	UNKNOWN STEP	2026-08-28T18:26:38.6855551Z [command]/usr/bin/git submodule foreach --recursive git config --local --show-origin --name-only --get-regexp remote.origin.url
refusal-coverage	UNKNOWN STEP	2026-08-28T18:26:38.7262837Z Node 20 is being deprecated. This workflow is running with Node 24 by default. If you need to temporarily use Node 20, you can set the ACTIONS_ALLOW_USE_UNSECURE_NODE_VERSION=true environment variable. For more information see: https://github.blog/changelog/2025-09-19-deprecation-of-node-20-on-github-actions-runners/
refusal-coverage	UNKNOWN STEP	2026-08-28T18:26:38.7264182Z Post job cleanup.
refusal-coverage	UNKNOWN STEP	2026-08-28T18:26:38.8483906Z (node:34781) [DEP0040] DeprecationWarning: The `punycode` module is deprecated. Please use a userland alternative instead.
refusal-coverage	UNKNOWN STEP	2026-08-28T18:26:38.8485424Z (Use `node --trace-deprecation ...` to show where the warning was created)
refusal-coverage	UNKNOWN STEP	2026-08-28T18:26:38.8674069Z Node 20 is being deprecated. This workflow is running with Node 24 by default. If you need to temporarily use Node 20, you can set the ACTIONS_ALLOW_USE_UNSECURE_NODE_VERSION=true environment variable. For more information see: https://github.blog/changelog/2025-09-19-deprecation-of-node-20-on-github-actions-runners/
refusal-coverage	UNKNOWN STEP	2026-08-28T18:26:38.8675338Z Post job cleanup.
refusal-coverage	UNKNOWN STEP	2026-08-28T18:26:38.9665032Z [command]/usr/bin/git version
refusal-coverage	UNKNOWN STEP	2026-08-28T18:26:38.9726525Z git version 2.55.0
refusal-coverage	UNKNOWN STEP	2026-08-28T18:26:38.9768473Z Temporarily overriding HOME='/home/runner/work/_temp/5cbf2aeb-1bd2-4c2f-9da0-b6e57fd70615' before making global git config changes
refusal-coverage	UNKNOWN STEP	2026-08-28T18:26:38.9769777Z Adding repository directory to the temporary git global config as a safe directory
refusal-coverage	UNKNOWN STEP	2026-08-28T18:26:38.9775599Z [command]/usr/bin/git config --global --add safe.directory /home/runner/work/vac-protocol/vac-protocol
refusal-coverage	UNKNOWN STEP	2026-08-28T18:26:38.9823553Z [command]/usr/bin/git config --local --name-only --get-regexp core\.sshCommand
refusal-coverage	UNKNOWN STEP	2026-08-28T18:26:38.9869819Z [command]/usr/bin/git submodule foreach --recursive sh -c "git config --local --name-only --get-regexp 'core\.sshCommand' && git config --local --unset-all 'core.sshCommand' || :"
refusal-coverage	UNKNOWN STEP	2026-08-28T18:26:39.0121824Z [command]/usr/bin/git config --local --name-only --get-regexp http\.https\:\/\/github\.com\/\.extraheader
refusal-coverage	UNKNOWN STEP	2026-08-28T18:26:39.0162353Z http.https://github.com/.extraheader
refusal-coverage	UNKNOWN STEP	2026-08-28T18:26:39.0182716Z [command]/usr/bin/git config --local --unset-all http.https://github.com/.extraheader
refusal-coverage	UNKNOWN STEP	2026-08-28T18:26:39.0248373Z [command]/usr/bin/git submodule foreach --recursive sh -c "git config --local --name-only --get-regexp 'http\.https\:\/\/github\.com\/\.extraheader' && git config --local --unset-all 'http.https://github.com/.extraheader' || :"
refusal-coverage	UNKNOWN STEP	2026-08-28T18:26:39.0551053Z [command]/usr/bin/git config --local --name-only --get-regexp ^includeIf\.gitdir:
refusal-coverage	UNKNOWN STEP	2026-08-28T18:26:39.0606441Z [command]/usr/bin/git submodule foreach --recursive git config --local --show-origin --name-only --get-regexp remote.origin.url
refusal-coverage	UNKNOWN STEP	2026-08-28T18:26:39.1086642Z Cleaning up orphan processes
refusal-coverage	UNKNOWN STEP	2026-08-28T18:26:39.1386382Z ##[warning]Node.js 20 is deprecated. The following actions target Node.js 20 but are being forced to run on Node.js 24: actions/checkout@v4, actions/setup-python@v5. For more information see: https://github.blog/changelog/2025-09-19-deprecation-of-node-20-on-github-actions-runners/
